,Unnamed: 0,object id,district,street,year,month,hour of day,weekday,category,accident type,accident type 2,light situation,bike involved,car involved,pedestrian involved,motor bike involved,big track involved,other vehicle involved,road condition,district name,category name,accident detail,accident type detail,light condition,road condition detail,accident count by district,est. population
227,227,50038,4,Kranzallee,2019,1,19,7,3,5,2,2,1,1,0,0,0,0,1.0,Charlottenburg-Wilmersdorf,Accident with minor injuries,Collision with a turning/crossing vehicle,Turning accident,Dark,Wet/moist/slippery,1727,343592.0
228,228,50042,12,Letteplatz,2019,1,13,1,3,2,4,0,0,1,1,0,0,0,0.0,Reinickendorf,Accident with minor injuries,Collision with the vehicle in front/waiting vehicle,Pedestrian crossing accident,Daylight,Dry,867,266408.0
229,229,50044,3,Helmholtzplatz,2019,1,19,7,3,6,2,2,0,1,1,0,0,0,1.0,Pankow,Accident with minor injuries,Collision between vehicle and pedestrian,Turning accident,Dark,Wet/moist/slippery,1219,409335.0
230,230,50046,2,Askanischer Platz,2019,1,16,5,3,5,2,1,1,1,0,0,0,0,0.0,Friedrichshain-Kreuzberg,Accident with minor injuries,Collision with a turning/crossing vehicle,Turning accident,Twilight,Dry,1381,290386.0
231,231,50049,7,Rathausstraße,2019,2,9,6,3,5,2,0,1,1,0,0,0,0,0.0,Tempelhof-Schöneberg,Accident with minor injuries,Collision with a turning/crossing vehicle,Turning accident,Daylight,Dry,1241,350984.0
232,232,50054,7,Kaiser-Wilhelm-Platz,2019,1,18,7,3,2,6,2,0,1,0,0,0,0,1.0,Tempelhof-Schöneberg,Accident with minor injuries,Collision with the vehicle in front/waiting vehicle,Collision involving vehicles going in the same way,Dark,Wet/moist/slippery,1241,350984.0
233,233,50060,3,Komponistenviertel Weißensee,2019,2,16,1,2,6,4,1,0,1,1,0,0,0,0.0,Pankow,Accident with serious injuries,Collision between vehicle and pedestrian,Pedestrian crossing accident,Twilight,Dry,1219,409335.0
234,234,50062,7,Birnhornweg,2019,3,10,2,3,5,2,0,0,1,0,0,1,0,0.0,Tempelhof-Schöneberg,Accident with minor injuries,Collision with a turning/crossing vehicle,Turning accident,Daylight,Dry,1241,350984.0
235,235,50069,12,Hermsdorf,2019,1,17,2,3,2,6,2,0,1,0,0,0,0,1.0,Reinickendorf,Accident with minor injuries,Collision with the vehicle in front/waiting vehicle,Collision involving vehicles going in the same way,Dark,Wet/moist/slippery,867,266408.0
236,236,50075,4,Schloßstraße,2019,2,16,4,3,2,6,0,0,1,0,0,0,0,0.0,Charlottenburg-Wilmersdorf,Accident with minor injuries,Collision with the vehicle in front/waiting vehicle,Collision involving vehicles going in the same way,Daylight,Dry,1727,343592.0
237,237,50081,3,Conrad-Blenkle-Straße,2019,1,17,5,3,4,6,1,1,0,0,0,0,0,0.0,Pankow,Accident with minor injuries,Collision with oncoming vehicle,Collision involving vehicles going in the same way,Twilight,Dry,1219,409335.0
238,238,50084,10,Mahlsdorf Süd,2019,2,7,5,3,5,3,1,1,1,0,0,0,0,0.0,Marzahn-Hellersdorf,Accident with minor injuries,Collision with a turning/crossing vehicle,Turning/Crossing accident,Twilight,Dry,586,269967.0
239,239,50093,2,Samariterviertel,2019,1,8,4,3,5,3,1,0,1,0,0,0,0,1.0,Friedrichshain-Kreuzberg,Accident with minor injuries,Collision with a turning/crossing vehicle,Turning/Crossing accident,Twilight,Wet/moist/slippery,1381,290386.0
240,240,50096,4,Königin-Elisabeth-Straße,2019,2,12,6,2,5,3,0,0,1,0,0,1,0,0.0,Charlottenburg-Wilmersdorf,Accident with serious injuries,Collision with a turning/crossing vehicle,Turning/Crossing accident,Daylight,Dry,1727,343592.0
241,241,50106,12,Waidmannslust,2019,2,17,6,3,6,4,2,0,1,1,0,0,0,0.0,Reinickendorf,Accident with minor injuries,Collision between vehicle and pedestrian,Pedestrian crossing accident,Dark,Dry,867,266408.0
242,242,50108,4,Güterbahnhof Grunewald,2019,3,18,7,3,2,6,2,0,1,0,0,0,1,0.0,Charlottenburg-Wilmersdorf,Accident with minor injuries,Collision with the vehicle in front/waiting vehicle,Collision involving vehicles going in the same way,Dark,Dry,1727,343592.0
243,243,50112,4,Reichsstraße,2019,2,15,4,3,3,6,0,0,1,0,0,0,0,0.0,Charlottenburg-Wilmersdorf,Accident with minor injuries,Collision with a vehicle traveling laterally in the same direction,Collision involving vehicles going in the same way,Daylight,Dry,1727,343592.0
244,244,50116,12,Ziekowstraße/Freie Scholle,2019,1,2,1,3,9,1,2,0,1,0,0,0,0,1.0,Reinickendorf,Accident with minor injuries,Departure from the roadway to the left,Driving accident,Dark,Wet/moist/slippery,867,266408.0
245,245,50122,12,Waldidyll/Flughafensee,2019,2,13,3,3,2,6,0,0,1,0,0,0,1,0.0,Reinickendorf,Accident with minor injuries,Collision with the vehicle in front/waiting vehicle,Collision involving vehicles going in the same way,Daylight,Dry,867,266408.0
246,246,50127,3,Märchenland,2019,1,15,7,3,5,3,1,1,1,0,0,0,0,1.0,Pankow,Accident with minor injuries,Collision with a turning/crossing vehicle,Turning/Crossing accident,Twilight,Wet/moist/slippery,1219,409335.0
247,247,50132,2,Samariterviertel,2019,2,7,2,3,0,2,0,1,1,0,0,0,0,0.0,Friedrichshain-Kreuzberg,Accident with minor injuries,Others,Turning accident,Daylight,Dry,1381,290386.0
248,248,50135,12,Breitkopfbecken,2019,3,8,6,3,6,7,0,1,0,1,0,0,0,0.0,Reinickendorf,Accident with minor injuries,Collision between vehicle and pedestrian,Others,Daylight,Dry,867,266408.0
249,249,50142,12,Teichstraße,2019,1,15,4,3,2,6,0,0,1,0,0,0,0,0.0,Reinickendorf,Accident with minor injuries,Collision with the vehicle in front/waiting vehicle,Collision involving vehicles going in the same way,Daylight,Dry,867,266408.0
250,250,50147,3,Helmholtzplatz,2019,2,7,2,3,5,3,0,1,1,0,0,0,0,0.0,Pankow,Accident with minor injuries,Collision with a turning/crossing vehicle,Turning/Crossing accident,Daylight,Dry,1219,409335.0
251,251,50148,3,Schönholz,2019,1,16,6,3,0,6,2,0,1,0,0,0,1,1.0,Pankow,Accident with minor injuries,Others,Collision involving vehicles going in the same way,Dark,Wet/moist/slippery,1219,409335.0
252,252,50151,4,Brabanter Platz,2019,1,17,3,3,2,6,0,0,1,0,0,0,0,0.0,Charlottenburg-Wilmersdorf,Accident with minor injuries,Collision with the vehicle in front/waiting vehicle,Collision involving vehicles going in the same way,Daylight,Dry,1727,343592.0
253,253,50152,7,Dennewitzplatz,2019,10,16,3,2,6,4,0,0,1,1,0,0,0,1.0,Tempelhof-Schöneberg,Accident with serious injuries,Collision between vehicle and pedestrian,Pedestrian crossing accident,Daylight,Wet/moist/slippery,1241,350984.0
254,254,50153,1,Nördlicher Landwehrkanal,2019,6,18,5,3,2,6,0,0,1,0,0,0,0,0.0,Mitte,Accident with minor injuries,Collision with the vehicle in front/waiting vehicle,Collision involving vehicles going in the same way,Daylight,Dry,2215,385748.0
255,255,50154,11,Rüdigerstraße,2019,9,7,2,3,9,1,0,0,1,0,0,0,0,0.0,Lichtenberg,Accident with minor injuries,Departure from the roadway to the left,Driving accident,Daylight,Dry,679,294201.0
256,256,50155,4,Güterbahnhof Grunewald,2019,12,23,5,3,8,1,2,0,1,0,0,0,0,1.0,Charlottenburg-Wilmersdorf,Accident with minor injuries,Departure from the roadway to the right,Driving accident,Dark,Wet/moist/slippery,1727,343592.0
257,257,50156,7,Manteuffelstraße,2019,6,1,7,3,5,3,2,1,1,0,0,0,0,0.0,Tempelhof-Schöneberg,Accident with minor injuries,Collision with a turning/crossing vehicle,Turning/Crossing accident,Dark,Dry,1241,350984.0
258,258,50157,1,Reinickendorfer Straße,2019,5,17,4,3,2,7,0,0,1,0,0,0,0,0.0,Mitte,Accident with minor injuries,Collision with the vehicle in front/waiting vehicle,Others,Daylight,Dry,2215,385748.0
259,259,50158,4,Paul-Hertz-Siedlung,2019,11,2,1,3,9,1,2,0,1,0,0,0,0,1.0,Charlottenburg-Wilmersdorf,Accident with minor injuries,Departure from the roadway to the left,Driving accident,Dark,Wet/moist/slippery,1727,343592.0
260,260,50159,3,Erich-Weinert-Straße,2019,6,8,6,3,6,4,0,1,0,1,0,0,0,0.0,Pankow,Accident with minor injuries,Collision between vehicle and pedestrian,Pedestrian crossing accident,Daylight,Dry,1219,409335.0
261,261,50160,7,Volkspark (Rudolf-Wilde-Park),2019,11,14,5,2,5,2,0,1,1,0,0,0,0,0.0,Tempelhof-Schöneberg,Accident with serious injuries,Collision with a turning/crossing vehicle,Turning accident,Daylight,Dry,1241,350984.0
262,262,50161,2,Samariterviertel,2019,8,16,5,3,4,6,0,1,0,0,0,0,1,0.0,Friedrichshain-Kreuzberg,Accident with minor injuries,Collision with oncoming vehicle,Collision involving vehicles going in the same way,Daylight,Dry,1381,290386.0
263,263,50162,6,Wannsee,2019,5,13,4,2,0,7,0,0,1,0,0,0,0,0.0,Steglitz-Zehlendorf,Accident with serious injuries,Others,Others,Daylight,Dry,851,310071.0
264,264,50163,4,Königin-Elisabeth-Straße,2019,10,8,1,2,1,1,0,0,1,0,0,0,0,0.0,Charlottenburg-Wilmersdorf,Accident with serious injuries,Collision with a moving/standing/parked vehicle,Driving accident,Daylight,Dry,1727,343592.0
265,265,50164,4,Ernst-Reuter-Platz,2019,9,16,2,3,5,2,0,0,1,0,1,0,0,0.0,Charlottenburg-Wilmersdorf,Accident with minor injuries,Collision with a turning/crossing vehicle,Turning accident,Daylight,Dry,1727,343592.0
266,266,50166,4,Königin-Elisabeth-Straße,2019,6,14,6,2,6,7,0,0,1,1,0,0,0,0.0,Charlottenburg-Wilmersdorf,Accident with serious injuries,Collision between vehicle and pedestrian,Others,Daylight,Dry,1727,343592.0
267,267,50167,2,Gleisdreieck/Entwicklungsgebiet,2019,8,16,5,3,3,6,0,0,0,0,0,0,1,0.0,Friedrichshain-Kreuzberg,Accident with minor injuries,Collision with a vehicle traveling laterally in the same direction,Collision involving vehicles going in the same way,Daylight,Dry,1381,290386.0
268,268,50168,4,Schloßstraße,2019,5,13,4,3,2,6,0,0,1,0,0,0,0,0.0,Charlottenburg-Wilmersdorf,Accident with minor injuries,Collision with the vehicle in front/waiting vehicle,Collision involving vehicles going in the same way,Daylight,Dry,1727,343592.0
269,269,50169,7,Rathaus Tempelhof,2019,6,16,7,3,5,3,0,0,1,0,0,0,0,0.0,Tempelhof-Schöneberg,Accident with minor injuries,Collision with a turning/crossing vehicle,Turning/Crossing accident,Daylight,Dry,1241,350984.0
270,270,50170,7,Fritz-Werner-Straße,2019,9,10,2,2,5,2,0,0,1,0,1,0,0,0.0,Tempelhof-Schöneberg,Accident with serious injuries,Collision with a turning/crossing vehicle,Turning accident,Daylight,Dry,1241,350984.0
271,271,50171,6,Botanischer Garten,2019,12,16,1,3,5,3,2,0,1,0,0,0,0,1.0,Steglitz-Zehlendorf,Accident with minor injuries,Collision with a turning/crossing vehicle,Turning/Crossing accident,Dark,Wet/moist/slippery,851,310071.0
272,272,50172,5,Weinmeisterhornweg,2019,6,13,6,3,2,6,0,0,0,0,1,1,0,0.0,Spandau,Accident with minor injuries,Collision with the vehicle in front/waiting vehicle,Collision involving vehicles going in the same way,Daylight,Dry,798,245197.0
273,273,50173,6,Nikolassee,2019,8,15,5,3,0,3,0,1,1,0,0,0,0,0.0,Steglitz-Zehlendorf,Accident with minor injuries,Others,Turning/Crossing accident,Daylight,Dry,851,310071.0
274,274,50174,3,Greifswalder Straße,2019,11,16,2,3,5,2,0,0,1,0,0,0,0,0.0,Pankow,Accident with minor injuries,Collision with a turning/crossing vehicle,Turning accident,Daylight,Dry,1219,409335.0
275,275,50175,4,Schloßstraße,2019,8,16,5,3,0,3,0,1,1,0,0,0,0,0.0,Charlottenburg-Wilmersdorf,Accident with minor injuries,Others,Turning/Crossing accident,Daylight,Dry,1727,343592.0
276,276,50176,4,Ernst-Reuter-Platz,2019,5,12,4,3,2,6,0,0,1,0,1,0,0,0.0,Charlottenburg-Wilmersdorf,Accident with minor injuries,Collision with the vehicle in front/waiting vehicle,Collision involving vehicles going in the same way,Daylight,Dry,1727,343592.0
277,277,50177,11,Rüdigerstraße,2019,10,13,1,3,3,6,0,0,1,0,1,0,0,0.0,Lichtenberg,Accident with minor injuries,Collision with a vehicle traveling laterally in the same direction,Collision involving vehicles going in the same way,Daylight,Dry,679,294201.0
278,278,50178,7,Dennewitzplatz,2019,9,17,7,3,3,6,0,0,1,0,0,0,0,0.0,Tempelhof-Schöneberg,Accident with minor injuries,Collision with a vehicle traveling laterally in the same direction,Collision involving vehicles going in the same way,Daylight,Dry,1241,350984.0
279,279,50180,12,Waldidyll/Flughafensee,2019,6,14,6,3,2,6,0,0,1,0,0,0,1,0.0,Reinickendorf,Accident with minor injuries,Collision with the vehicle in front/waiting vehicle,Collision involving vehicles going in the same way,Daylight,Dry,867,266408.0
280,280,50181,2,Samariterviertel,2019,8,14,5,3,0,1,0,1,1,0,0,0,0,0.0,Friedrichshain-Kreuzberg,Accident with minor injuries,Others,Driving accident,Daylight,Dry,1381,290386.0
281,281,50182,2,Hausburgviertel,2019,5,11,4,3,0,6,0,0,1,0,1,0,0,0.0,Friedrichshain-Kreuzberg,Accident with minor injuries,Others,Collision involving vehicles going in the same way,Daylight,Dry,1381,290386.0
282,282,50183,4,Schloßstraße,2019,11,15,3,3,3,6,0,0,1,0,0,1,0,0.0,Charlottenburg-Wilmersdorf,Accident with minor injuries,Collision with a vehicle traveling laterally in the same direction,Collision involving vehicles going in the same way,Daylight,Dry,1727,343592.0
283,283,50184,7,Kettinger Straße/Schillerstraße,2019,6,9,4,3,2,6,0,0,1,0,0,0,0,0.0,Tempelhof-Schöneberg,Accident with minor injuries,Collision with the vehicle in front/waiting vehicle,Collision involving vehicles going in the same way,Daylight,Dry,1241,350984.0
284,284,50185,4,Kranzallee,2019,9,17,7,3,0,1,0,1,0,0,0,0,0,0.0,Charlottenburg-Wilmersdorf,Accident with minor injuries,Others,Driving accident,Daylight,Dry,1727,343592.0
285,285,50186,5,Weinmeisterhornweg,2019,12,23,7,3,5,2,2,0,1,0,0,0,0,1.0,Spandau,Accident with minor injuries,Collision with a turning/crossing vehicle,Turning accident,Dark,Wet/moist/slippery,798,245197.0
286,286,50187,4,Schloßstraße,2019,8,12,5,3,2,6,0,0,1,0,0,0,1,0.0,Charlottenburg-Wilmersdorf,Accident with minor injuries,Collision with the vehicle in front/waiting vehicle,Collision involving vehicles going in the same way,Daylight,Dry,1727,343592.0
287,287,50188,3,Arnimplatz,2019,10,17,3,3,2,6,2,0,1,0,0,0,0,0.0,Pankow,Accident with minor injuries,Collision with the vehicle in front/waiting vehicle,Collision involving vehicles going in the same way,Dark,Dry,1219,409335.0
288,288,50189,2,Wriezener Bahnhof/Entwicklungsgebiet,2019,9,19,7,2,0,7,2,1,0,0,0,0,0,0.0,Friedrichshain-Kreuzberg,Accident with serious injuries,Others,Others,Dark,Dry,1381,290386.0
289,289,50190,6,Berlepschstraße,2019,8,9,5,3,0,7,0,1,0,0,0,0,0,0.0,Steglitz-Zehlendorf,Accident with minor injuries,Others,Others,Daylight,Dry,851,310071.0
290,290,50191,7,Neu-Tempelhof,2019,5,9,4,3,2,6,0,0,1,0,1,0,0,0.0,Tempelhof-Schöneberg,Accident with minor injuries,Collision with the vehicle in front/waiting vehicle,Collision involving vehicles going in the same way,Daylight,Dry,1241,350984.0
291,291,50192,1,Alexanderplatzviertel,2019,10,13,2,2,6,7,0,0,0,1,0,0,1,0.0,Mitte,Accident with serious injuries,Collision between vehicle and pedestrian,Others,Daylight,Dry,2215,385748.0
292,292,50193,3,Niederschönhausen,2019,6,11,2,3,5,3,0,1,1,0,0,0,0,0.0,Pankow,Accident with minor injuries,Collision with a turning/crossing vehicle,Turning/Crossing accident,Daylight,Dry,1219,409335.0
293,293,50194,3,Anton-Saefkow-Park,2019,9,9,7,3,5,3,0,1,1,0,0,0,0,0.0,Pankow,Accident with minor injuries,Collision with a turning/crossing vehicle,Turning/Crossing accident,Daylight,Dry,1219,409335.0
294,294,50196,2,Gleisdreieck/Entwicklungsgebiet,2019,6,16,6,3,5,3,0,1,1,0,0,0,0,0.0,Friedrichshain-Kreuzberg,Accident with minor injuries,Collision with a turning/crossing vehicle,Turning/Crossing accident,Daylight,Dry,1381,290386.0
295,295,50197,4,Richard-Wagner-Straße,2019,8,19,4,2,5,2,0,0,1,0,1,0,0,0.0,Charlottenburg-Wilmersdorf,Accident with serious injuries,Collision with a turning/crossing vehicle,Turning accident,Daylight,Dry,1727,343592.0
296,296,50198,3,Niederschönhausen,2019,5,8,4,2,0,5,0,0,0,0,1,0,1,0.0,Pankow,Accident with serious injuries,Others,Accident involving parked vehicles,Daylight,Dry,1219,409335.0
297,297,50199,4,Stadion Wilmersdorf,2019,11,8,5,3,2,6,0,0,1,0,0,0,0,0.0,Charlottenburg-Wilmersdorf,Accident with minor injuries,Collision with the vehicle in front/waiting vehicle,Collision involving vehicles going in the same way,Daylight,Dry,1727,343592.0
298,298,50200,1,Leopoldplatz,2019,6,7,6,3,1,5,0,1,1,0,0,0,0,0.0,Mitte,Accident with minor injuries,Collision with a moving/standing/parked vehicle,Accident involving parked vehicles,Daylight,Dry,2215,385748.0
299,299,50201,12,Waldidyll/Flughafensee,2019,12,13,3,3,2,6,0,0,1,0,0,0,1,1.0,Reinickendorf,Accident with minor injuries,Collision with the vehicle in front/waiting vehicle,Collision involving vehicles going in the same way,Daylight,Wet/moist/slippery,867,266408.0
300,300,50202,1,Alexanderplatzviertel,2019,8,21,4,3,0,1,2,1,0,0,0,0,0,0.0,Mitte,Accident with minor injuries,Others,Driving accident,Dark,Dry,2215,385748.0
301,301,50203,12,Waidmannslust,2019,5,7,4,3,5,2,0,0,1,0,0,0,0,0.0,Reinickendorf,Accident with minor injuries,Collision with a turning/crossing vehicle,Turning accident,Daylight,Dry,867,266408.0
302,302,50204,1,Körnerstraße,2019,10,8,5,3,2,6,0,0,1,0,0,0,0,1.0,Mitte,Accident with minor injuries,Collision with the vehicle in front/waiting vehicle,Collision involving vehicles going in the same way,Daylight,Wet/moist/slippery,2215,385748.0
303,303,50205,2,Samariterviertel,2019,9,8,7,3,8,1,0,1,1,0,0,0,0,0.0,Friedrichshain-Kreuzberg,Accident with minor injuries,Departure from the roadway to the right,Driving accident,Daylight,Dry,1381,290386.0
304,304,50207,4,Güterbahnhof Grunewald,2019,8,15,4,3,2,6,0,0,1,0,0,0,0,0.0,Charlottenburg-Wilmersdorf,Accident with minor injuries,Collision with the vehicle in front/waiting vehicle,Collision involving vehicles going in the same way,Daylight,Dry,1727,343592.0
305,305,50208,2,Andreasviertel,2019,5,16,3,2,0,1,0,1,0,0,0,0,0,0.0,Friedrichshain-Kreuzberg,Accident with serious injuries,Others,Driving accident,Daylight,Dry,1381,290386.0
306,306,50209,2,Gleisdreieck/Entwicklungsgebiet,2019,9,6,2,2,0,2,1,0,1,0,1,0,0,1.0,Friedrichshain-Kreuzberg,Accident with serious injuries,Others,Turning accident,Twilight,Wet/moist/slippery,1381,290386.0
307,307,50210,1,Großer Tiergarten,2019,6,0,4,3,0,7,2,1,0,0,0,0,0,0.0,Mitte,Accident with minor injuries,Others,Others,Dark,Dry,2215,385748.0
308,308,50211,1,Großer Tiergarten,2019,9,16,7,3,6,7,0,1,0,1,0,0,0,0.0,Mitte,Accident with minor injuries,Collision between vehicle and pedestrian,Others,Daylight,Dry,2215,385748.0
309,309,50212,7,Dennewitzplatz,2019,12,19,6,2,6,4,2,0,1,1,0,0,0,1.0,Tempelhof-Schöneberg,Accident with serious injuries,Collision between vehicle and pedestrian,Pedestrian crossing accident,Dark,Wet/moist/slippery,1241,350984.0
310,310,50213,4,Jungfernheide,2019,6,14,6,3,2,6,0,0,1,0,0,0,0,0.0,Charlottenburg-Wilmersdorf,Accident with minor injuries,Collision with the vehicle in front/waiting vehicle,Collision involving vehicles going in the same way,Daylight,Dry,1727,343592.0
311,311,50214,2,Andreasviertel,2019,8,15,4,3,2,6,0,0,1,0,0,1,0,0.0,Friedrichshain-Kreuzberg,Accident with minor injuries,Collision with the vehicle in front/waiting vehicle,Collision involving vehicles going in the same way,Daylight,Dry,1381,290386.0
312,312,50215,11,Rosenfelder Ring,2019,5,18,3,3,3,2,0,1,0,0,0,0,1,0.0,Lichtenberg,Accident with minor injuries,Collision with a vehicle traveling laterally in the same direction,Turning accident,Daylight,Dry,679,294201.0
313,313,50216,12,Teichstraße,2019,11,13,6,2,2,2,0,0,1,0,0,1,0,0.0,Reinickendorf,Accident with serious injuries,Collision with the vehicle in front/waiting vehicle,Turning accident,Daylight,Dry,867,266408.0
314,314,50217,1,Großer Tiergarten,2019,9,1,7,3,0,1,2,0,1,0,0,0,0,0.0,Mitte,Accident with minor injuries,Others,Driving accident,Dark,Dry,2215,385748.0
315,315,50218,1,Humboldthain Nordwest,2019,11,16,3,3,5,3,1,0,1,0,1,0,0,0.0,Mitte,Accident with minor injuries,Collision with a turning/crossing vehicle,Turning/Crossing accident,Twilight,Dry,2215,385748.0
316,316,50219,7,Dennewitzplatz,2019,8,10,4,3,3,6,0,0,1,0,0,0,0,0.0,Tempelhof-Schöneberg,Accident with minor injuries,Collision with a vehicle traveling laterally in the same direction,Collision involving vehicles going in the same way,Daylight,Dry,1241,350984.0
317,317,50220,1,Körnerstraße,2019,5,21,3,3,0,3,2,1,0,0,1,0,0,0.0,Mitte,Accident with minor injuries,Others,Turning/Crossing accident,Dark,Dry,2215,385748.0
318,318,50221,9,Köpenicker Landstraße,2019,10,16,5,3,3,6,0,0,0,0,0,1,1,0.0,Treptow-Köpenick,Accident with minor injuries,Collision with a vehicle traveling laterally in the same direction,Collision involving vehicles going in the same way,Daylight,Dry,892,273689.0
319,319,50222,7,Fritz-Werner-Straße,2019,9,16,6,3,5,2,0,1,0,0,0,0,1,0.0,Tempelhof-Schöneberg,Accident with minor injuries,Collision with a turning/crossing vehicle,Turning accident,Daylight,Dry,1241,350984.0
320,320,50224,7,Rathaus Tempelhof,2019,6,0,6,2,3,6,2,0,1,0,0,0,0,0.0,Tempelhof-Schöneberg,Accident with serious injuries,Collision with a vehicle traveling laterally in the same direction,Collision involving vehicles going in the same way,Dark,Dry,1241,350984.0
321,321,50225,7,Grazer Platz,2019,8,9,4,3,0,2,0,0,1,0,0,0,1,0.0,Tempelhof-Schöneberg,Accident with minor injuries,Others,Turning accident,Daylight,Dry,1241,350984.0
322,322,50226,3,Falkplatz,2019,5,16,3,3,1,5,0,1,0,0,0,0,1,0.0,Pankow,Accident with minor injuries,Collision with a moving/standing/parked vehicle,Accident involving parked vehicles,Daylight,Dry,1219,409335.0
323,323,50227,1,Alexanderplatzviertel,2019,6,20,6,3,2,6,0,0,1,0,1,0,0,0.0,Mitte,Accident with minor injuries,Collision with the vehicle in front/waiting vehicle,Collision involving vehicles going in the same way,Daylight,Dry,2215,385748.0
324,324,50228,1,Alexanderplatzviertel,2019,9,15,6,3,2,6,0,0,1,0,1,0,0,0.0,Mitte,Accident with minor injuries,Collision with the vehicle in front/waiting vehicle,Collision involving vehicles going in the same way,Daylight,Dry,2215,385748.0
325,325,50229,1,Großer Tiergarten,2019,12,12,6,3,2,6,0,0,1,0,0,0,0,0.0,Mitte,Accident with minor injuries,Collision with the vehicle in front/waiting vehicle,Collision involving vehicles going in the same way,Daylight,Dry,2215,385748.0
326,326,50230,7,Fritz-Werner-Straße,2019,6,13,6,3,2,6,0,0,1,0,0,0,0,0.0,Tempelhof-Schöneberg,Accident with minor injuries,Collision with the vehicle in front/waiting vehicle,Collision involving vehicles going in the same way,Daylight,Dry,1241,350984.0
327,327,50231,4,Bismarckallee,2019,8,14,4,3,2,6,0,0,1,0,0,0,0,0.0,Charlottenburg-Wilmersdorf,Accident with minor injuries,Collision with the vehicle in front/waiting vehicle,Collision involving vehicles going in the same way,Daylight,Dry,1727,343592.0
328,328,50232,1,Alexanderplatzviertel,2019,11,17,7,3,5,2,2,0,1,0,0,0,0,1.0,Mitte,Accident with minor injuries,Collision with a turning/crossing vehicle,Turning accident,Dark,Wet/moist/slippery,2215,385748.0
329,329,50233,1,Alexanderplatzviertel,2019,8,12,4,3,0,1,0,0,1,0,1,0,0,0.0,Mitte,Accident with minor injuries,Others,Driving accident,Daylight,Dry,2215,385748.0
330,330,50234,5,Börnicker Straße,2019,5,17,3,3,2,6,0,0,1,0,0,0,0,0.0,Spandau,Accident with minor injuries,Collision with the vehicle in front/waiting vehicle,Collision involving vehicles going in the same way,Daylight,Dry,798,245197.0
331,331,50235,2,Boxhagener Platz,2019,10,17,6,3,3,6,0,1,1,0,0,0,0,1.0,Friedrichshain-Kreuzberg,Accident with minor injuries,Collision with a vehicle traveling laterally in the same direction,Collision involving vehicles going in the same way,Daylight,Wet/moist/slippery,1381,290386.0
332,332,50236,9,Elsenstraße,2019,9,14,6,3,2,6,0,0,1,0,0,0,0,0.0,Treptow-Köpenick,Accident with minor injuries,Collision with the vehicle in front/waiting vehicle,Collision involving vehicles going in the same way,Daylight,Dry,892,273689.0
333,333,50238,12,Waldidyll/Flughafensee,2019,6,15,6,3,2,6,0,0,1,0,0,0,0,0.0,Reinickendorf,Accident with minor injuries,Collision with the vehicle in front/waiting vehicle,Collision involving vehicles going in the same way,Daylight,Dry,867,266408.0
334,334,50239,7,Fritz-Werner-Straße,2019,8,7,4,3,6,4,0,0,1,1,0,0,0,0.0,Tempelhof-Schöneberg,Accident with minor injuries,Collision between vehicle and pedestrian,Pedestrian crossing accident,Daylight,Dry,1241,350984.0
335,335,50240,7,Fritz-Werner-Straße,2019,5,17,3,3,2,6,0,0,1,0,0,0,1,0.0,Tempelhof-Schöneberg,Accident with minor injuries,Collision with the vehicle in front/waiting vehicle,Collision involving vehicles going in the same way,Daylight,Dry,1241,350984.0
336,336,50241,2,Samariterviertel,2019,11,23,2,3,0,1,2,0,0,0,1,0,0,1.0,Friedrichshain-Kreuzberg,Accident with minor injuries,Others,Driving accident,Dark,Wet/moist/slippery,1381,290386.0
337,337,50242,3,Bötzowstraße,2019,6,16,2,2,2,7,0,1,1,0,0,0,0,0.0,Pankow,Accident with serious injuries,Collision with the vehicle in front/waiting vehicle,Others,Daylight,Dry,1219,409335.0
338,338,50243,3,Anton-Saefkow-Park,2019,9,13,6,2,5,2,0,0,1,0,0,0,0,0.0,Pankow,Accident with serious injuries,Collision with a turning/crossing vehicle,Turning accident,Daylight,Dry,1219,409335.0
339,339,50244,11,Dorf Malchow,2019,12,15,6,2,5,3,1,0,1,0,0,0,0,1.0,Lichtenberg,Accident with serious injuries,Collision with a turning/crossing vehicle,Turning/Crossing accident,Twilight,Wet/moist/slippery,679,294201.0
340,340,50245,4,Richard-Wagner-Straße,2019,8,18,3,3,6,6,0,1,0,1,0,0,0,0.0,Charlottenburg-Wilmersdorf,Accident with minor injuries,Collision between vehicle and pedestrian,Collision involving vehicles going in the same way,Daylight,Dry,1727,343592.0
341,341,50246,7,Fritz-Werner-Straße,2019,5,15,3,3,5,2,0,0,1,0,1,0,0,0.0,Tempelhof-Schöneberg,Accident with minor injuries,Collision with a turning/crossing vehicle,Turning accident,Daylight,Dry,1241,350984.0
342,342,50247,12,Ziekowstraße/Freie Scholle,2019,10,11,2,3,2,6,1,0,1,0,0,0,1,0.0,Reinickendorf,Accident with minor injuries,Collision with the vehicle in front/waiting vehicle,Collision involving vehicles going in the same way,Twilight,Dry,867,266408.0