,Unnamed: 0,object id,district,street,year,month,hour of day,weekday,category,accident type,accident type 2,light situation,bike involved,car involved,pedestrian involved,motor bike involved,big track involved,other vehicle involved,road condition,district name,category name,accident detail,accident type detail,light condition,road condition detail,accident count by district,est. population
343,343,50248,2,Samariterviertel,2019,9,7,6,3,3,6,0,1,0,0,0,0,0,0.0,Friedrichshain-Kreuzberg,Accident with minor injuries,Collision with a vehicle traveling laterally in the same direction,Collision involving vehicles going in the same way,Daylight,Dry,1381,290386.0
344,344,50249,3,Conrad-Blenkle-Straße,2019,8,10,3,3,5,3,0,1,0,0,0,0,0,0.0,Pankow,Accident with minor injuries,Collision with a turning/crossing vehicle,Turning/Crossing accident,Daylight,Dry,1219,409335.0
345,345,50250,3,Pankow Süd,2019,5,9,3,3,2,6,0,0,1,0,1,0,0,0.0,Pankow,Accident with minor injuries,Collision with the vehicle in front/waiting vehicle,Collision involving vehicles going in the same way,Daylight,Dry,1219,409335.0
346,346,50251,3,Anton-Saefkow-Park,2019,10,17,7,3,0,3,0,1,1,0,0,0,0,0.0,Pankow,Accident with minor injuries,Others,Turning/Crossing accident,Daylight,Dry,1219,409335.0
347,347,50252,3,Conrad-Blenkle-Straße,2019,6,19,6,3,0,1,0,1,0,0,0,0,0,0.0,Pankow,Accident with minor injuries,Others,Driving accident,Daylight,Dry,1219,409335.0
348,348,50253,1,Alexanderplatzviertel,2019,9,12,6,3,5,2,0,1,0,0,0,0,1,0.0,Mitte,Accident with minor injuries,Collision with a turning/crossing vehicle,Turning accident,Daylight,Dry,2215,385748.0
349,349,50255,2,Samariterviertel,2019,6,11,6,3,5,2,0,1,0,0,0,0,0,0.0,Friedrichshain-Kreuzberg,Accident with minor injuries,Collision with a turning/crossing vehicle,Turning accident,Daylight,Dry,1381,290386.0
350,350,50256,2,Samariterviertel,2019,8,14,3,3,5,3,0,1,1,0,0,0,0,0.0,Friedrichshain-Kreuzberg,Accident with minor injuries,Collision with a turning/crossing vehicle,Turning/Crossing accident,Daylight,Dry,1381,290386.0
351,351,50257,9,Am Treptower Park Süd,2019,5,8,3,3,3,6,0,0,1,0,1,0,0,0.0,Treptow-Köpenick,Accident with minor injuries,Collision with a vehicle traveling laterally in the same direction,Collision involving vehicles going in the same way,Daylight,Dry,892,273689.0
352,352,50258,10,Wuhletalstraße,2019,10,7,7,3,5,3,0,0,1,0,0,0,0,0.0,Marzahn-Hellersdorf,Accident with minor injuries,Collision with a turning/crossing vehicle,Turning/Crossing accident,Daylight,Dry,586,269967.0
353,353,50259,3,Arnimplatz,2019,9,13,6,3,2,6,0,0,1,0,1,0,0,0.0,Pankow,Accident with minor injuries,Collision with the vehicle in front/waiting vehicle,Collision involving vehicles going in the same way,Daylight,Dry,1219,409335.0
354,354,50261,4,Güterbahnhof Grunewald,2019,6,11,6,2,3,6,0,0,1,0,0,0,1,0.0,Charlottenburg-Wilmersdorf,Accident with serious injuries,Collision with a vehicle traveling laterally in the same direction,Collision involving vehicles going in the same way,Daylight,Dry,1727,343592.0
355,355,50262,2,Andreasviertel,2019,8,7,3,3,5,2,0,1,1,0,0,0,0,0.0,Friedrichshain-Kreuzberg,Accident with minor injuries,Collision with a turning/crossing vehicle,Turning accident,Daylight,Dry,1381,290386.0
356,356,50263,4,Spreestadt,2019,5,8,3,3,3,6,0,1,1,0,0,0,0,0.0,Charlottenburg-Wilmersdorf,Accident with minor injuries,Collision with a vehicle traveling laterally in the same direction,Collision involving vehicles going in the same way,Daylight,Dry,1727,343592.0
357,357,50264,3,Helmholtzplatz,2019,11,18,2,3,6,2,2,0,1,1,0,0,0,0.0,Pankow,Accident with minor injuries,Collision between vehicle and pedestrian,Turning accident,Dark,Dry,1219,409335.0
358,358,50265,7,Rathausstraße,2019,6,11,3,3,5,3,0,1,1,0,0,0,0,0.0,Tempelhof-Schöneberg,Accident with minor injuries,Collision with a turning/crossing vehicle,Turning/Crossing accident,Daylight,Dry,1241,350984.0
359,359,50266,7,Rathaus Tempelhof,2019,9,9,6,3,2,6,0,0,1,0,0,0,0,0.0,Tempelhof-Schöneberg,Accident with minor injuries,Collision with the vehicle in front/waiting vehicle,Collision involving vehicles going in the same way,Daylight,Dry,1241,350984.0
360,360,50267,1,Alexanderplatzviertel,2019,12,17,6,3,5,3,2,1,1,0,0,0,0,1.0,Mitte,Accident with minor injuries,Collision with a turning/crossing vehicle,Turning/Crossing accident,Dark,Wet/moist/slippery,2215,385748.0
361,361,50268,3,Niederschönhausen,2019,8,6,3,3,5,3,0,1,1,0,0,0,0,0.0,Pankow,Accident with minor injuries,Collision with a turning/crossing vehicle,Turning/Crossing accident,Daylight,Dry,1219,409335.0
362,362,50269,3,Komponistenviertel Weißensee,2019,10,8,3,3,5,2,0,1,1,0,0,0,0,0.0,Pankow,Accident with minor injuries,Collision with a turning/crossing vehicle,Turning accident,Daylight,Dry,1219,409335.0
363,363,50270,11,Rüdigerstraße,2019,9,17,5,2,5,3,0,1,1,0,0,0,0,0.0,Lichtenberg,Accident with serious injuries,Collision with a turning/crossing vehicle,Turning/Crossing accident,Daylight,Dry,679,294201.0
364,364,50271,4,Stadion Wilmersdorf,2019,8,9,3,3,2,6,0,0,1,0,0,0,0,0.0,Charlottenburg-Wilmersdorf,Accident with minor injuries,Collision with the vehicle in front/waiting vehicle,Collision involving vehicles going in the same way,Daylight,Dry,1727,343592.0
365,365,50272,3,Falkplatz,2019,5,16,2,3,5,3,0,1,0,0,0,0,1,0.0,Pankow,Accident with minor injuries,Collision with a turning/crossing vehicle,Turning/Crossing accident,Daylight,Dry,1219,409335.0
366,366,50273,10,Wuhletalstraße,2019,10,10,1,3,9,1,0,0,1,0,0,0,0,0.0,Marzahn-Hellersdorf,Accident with minor injuries,Departure from the roadway to the left,Driving accident,Daylight,Dry,586,269967.0
367,367,50274,3,Niederschönhausen,2019,6,12,1,3,4,6,0,0,1,0,0,0,0,0.0,Pankow,Accident with minor injuries,Collision with oncoming vehicle,Collision involving vehicles going in the same way,Daylight,Dry,1219,409335.0
368,368,50275,4,Flinsberger Platz,2019,9,16,5,3,2,6,0,0,1,0,0,0,0,0.0,Charlottenburg-Wilmersdorf,Accident with minor injuries,Collision with the vehicle in front/waiting vehicle,Collision involving vehicles going in the same way,Daylight,Dry,1727,343592.0
369,369,50277,1,Karl-Marx-Allee,2019,6,15,6,2,0,6,0,1,0,0,0,0,0,0.0,Mitte,Accident with serious injuries,Others,Collision involving vehicles going in the same way,Daylight,Dry,2215,385748.0
370,370,50278,1,Großer Tiergarten,2019,5,22,2,3,5,2,2,0,1,0,0,0,0,0.0,Mitte,Accident with minor injuries,Collision with a turning/crossing vehicle,Turning accident,Dark,Dry,2215,385748.0
371,371,50279,7,Lindenhofsiedlung,2019,11,17,4,3,2,6,2,0,1,0,0,0,0,0.0,Tempelhof-Schöneberg,Accident with minor injuries,Collision with the vehicle in front/waiting vehicle,Collision involving vehicles going in the same way,Dark,Dry,1241,350984.0
372,372,50280,2,Samariterviertel,2019,6,15,6,3,0,7,0,0,0,0,1,0,1,1.0,Friedrichshain-Kreuzberg,Accident with minor injuries,Others,Others,Daylight,Wet/moist/slippery,1381,290386.0
373,373,50281,7,Fritz-Werner-Straße,2019,12,11,2,2,6,7,0,0,1,1,0,0,0,1.0,Tempelhof-Schöneberg,Accident with serious injuries,Collision between vehicle and pedestrian,Others,Daylight,Wet/moist/slippery,1241,350984.0
374,374,50282,6,Zehlendorf Mitte,2019,8,8,3,3,6,2,0,0,1,1,0,0,0,0.0,Steglitz-Zehlendorf,Accident with minor injuries,Collision between vehicle and pedestrian,Turning accident,Daylight,Dry,851,310071.0
375,375,50283,7,Volkspark (Rudolf-Wilde-Park),2019,5,18,2,3,2,6,0,0,1,0,0,0,0,1.0,Tempelhof-Schöneberg,Accident with minor injuries,Collision with the vehicle in front/waiting vehicle,Collision involving vehicles going in the same way,Daylight,Wet/moist/slippery,1241,350984.0
376,376,50284,1,Alexanderplatzviertel,2019,10,8,3,3,5,2,0,0,0,0,0,1,0,0.0,Mitte,Accident with minor injuries,Collision with a turning/crossing vehicle,Turning accident,Daylight,Dry,2215,385748.0
377,377,50285,3,Niederschönhausen,2019,9,9,5,3,0,1,0,1,0,0,0,0,0,0.0,Pankow,Accident with minor injuries,Others,Driving accident,Daylight,Dry,1219,409335.0
378,378,50287,10,Marzahner Chaussee,2019,8,17,2,3,5,3,0,1,0,0,0,0,0,0.0,Marzahn-Hellersdorf,Accident with minor injuries,Collision with a turning/crossing vehicle,Turning/Crossing accident,Daylight,Dry,586,269967.0
379,379,50288,11,Rüdigerstraße,2019,5,7,2,3,5,2,0,1,1,0,0,0,0,0.0,Lichtenberg,Accident with minor injuries,Collision with a turning/crossing vehicle,Turning accident,Daylight,Dry,679,294201.0
380,380,50289,7,Grazer Platz,2019,9,16,7,3,2,6,1,0,1,0,0,0,0,1.0,Tempelhof-Schöneberg,Accident with minor injuries,Collision with the vehicle in front/waiting vehicle,Collision involving vehicles going in the same way,Twilight,Wet/moist/slippery,1241,350984.0
381,381,50290,2,Askanischer Platz,2019,6,11,3,3,5,3,0,1,1,0,0,0,0,0.0,Friedrichshain-Kreuzberg,Accident with minor injuries,Collision with a turning/crossing vehicle,Turning/Crossing accident,Daylight,Dry,1381,290386.0
382,382,50291,2,Boxhagener Platz,2019,9,17,5,3,3,7,0,1,1,0,0,0,0,0.0,Friedrichshain-Kreuzberg,Accident with minor injuries,Collision with a vehicle traveling laterally in the same direction,Others,Daylight,Dry,1381,290386.0
383,383,50292,10,Alt-Biesdorf,2019,12,7,6,3,3,6,2,0,1,0,0,0,0,1.0,Marzahn-Hellersdorf,Accident with minor injuries,Collision with a vehicle traveling laterally in the same direction,Collision involving vehicles going in the same way,Dark,Wet/moist/slippery,586,269967.0
384,384,50293,9,Am Treptower Park Süd,2019,6,14,6,3,6,4,0,0,1,1,0,0,0,0.0,Treptow-Köpenick,Accident with minor injuries,Collision between vehicle and pedestrian,Pedestrian crossing accident,Daylight,Dry,892,273689.0
385,385,50294,11,Rüdigerstraße,2019,8,12,2,3,2,6,0,0,1,0,1,0,0,0.0,Lichtenberg,Accident with minor injuries,Collision with the vehicle in front/waiting vehicle,Collision involving vehicles going in the same way,Daylight,Dry,679,294201.0
386,386,50295,1,Reinickendorfer Straße,2019,5,10,2,3,3,6,0,1,0,0,0,0,0,0.0,Mitte,Accident with minor injuries,Collision with a vehicle traveling laterally in the same direction,Collision involving vehicles going in the same way,Daylight,Dry,2215,385748.0
387,387,50296,6,Zehlendorf Mitte,2019,11,17,5,3,2,6,2,0,1,0,0,0,0,0.0,Steglitz-Zehlendorf,Accident with minor injuries,Collision with the vehicle in front/waiting vehicle,Collision involving vehicles going in the same way,Dark,Dry,851,310071.0
388,388,50297,7,Marienfelde Nordost,2019,11,14,2,3,6,4,0,0,1,1,0,0,0,0.0,Tempelhof-Schöneberg,Accident with minor injuries,Collision between vehicle and pedestrian,Pedestrian crossing accident,Daylight,Dry,1241,350984.0
389,389,50298,4,Stadion Wilmersdorf,2019,8,13,1,3,2,6,0,0,1,0,0,0,0,0.0,Charlottenburg-Wilmersdorf,Accident with minor injuries,Collision with the vehicle in front/waiting vehicle,Collision involving vehicles going in the same way,Daylight,Dry,1727,343592.0
390,390,50299,7,Manteuffelstraße,2019,5,14,1,3,0,7,0,0,1,0,1,0,0,0.0,Tempelhof-Schöneberg,Accident with minor injuries,Others,Others,Daylight,Dry,1241,350984.0
391,391,50300,1,Großer Tiergarten,2019,10,15,4,3,4,6,0,1,0,0,0,0,1,1.0,Mitte,Accident with minor injuries,Collision with oncoming vehicle,Collision involving vehicles going in the same way,Daylight,Wet/moist/slippery,2215,385748.0
392,392,50301,7,Dennewitzplatz,2019,9,17,5,2,6,4,0,0,1,1,0,0,0,0.0,Tempelhof-Schöneberg,Accident with serious injuries,Collision between vehicle and pedestrian,Pedestrian crossing accident,Daylight,Dry,1241,350984.0
393,393,50303,3,Greifswalder Straße,2019,6,14,6,2,6,4,0,0,1,1,0,0,0,0.0,Pankow,Accident with serious injuries,Collision between vehicle and pedestrian,Pedestrian crossing accident,Daylight,Dry,1219,409335.0
394,394,50304,4,Park Ruhwald,2019,8,13,1,3,2,6,0,0,1,0,0,0,0,0.0,Charlottenburg-Wilmersdorf,Accident with minor injuries,Collision with the vehicle in front/waiting vehicle,Collision involving vehicles going in the same way,Daylight,Dry,1727,343592.0
395,395,50305,12,Schäfersee,2019,5,19,1,3,1,5,0,0,1,0,0,0,0,0.0,Reinickendorf,Accident with minor injuries,Collision with a moving/standing/parked vehicle,Accident involving parked vehicles,Daylight,Dry,867,266408.0
396,396,50306,5,Börnicker Straße,2019,6,5,5,3,2,6,0,0,1,0,0,0,0,0.0,Spandau,Accident with minor injuries,Collision with the vehicle in front/waiting vehicle,Collision involving vehicles going in the same way,Daylight,Dry,798,245197.0
397,397,50307,11,Dorf Malchow,2019,9,17,5,3,0,2,0,1,1,0,0,0,0,0.0,Lichtenberg,Accident with minor injuries,Others,Turning accident,Daylight,Dry,679,294201.0
398,398,50308,7,Manteuffelstraße,2019,12,7,5,3,2,6,1,0,1,0,0,0,0,1.0,Tempelhof-Schöneberg,Accident with minor injuries,Collision with the vehicle in front/waiting vehicle,Collision involving vehicles going in the same way,Twilight,Wet/moist/slippery,1241,350984.0
399,399,50309,12,Schäfersee,2019,6,7,5,3,3,6,0,1,0,0,0,1,0,0.0,Reinickendorf,Accident with minor injuries,Collision with a vehicle traveling laterally in the same direction,Collision involving vehicles going in the same way,Daylight,Dry,867,266408.0
400,400,50310,2,Samariterviertel,2019,8,9,7,3,2,6,0,0,1,0,0,0,0,0.0,Friedrichshain-Kreuzberg,Accident with minor injuries,Collision with the vehicle in front/waiting vehicle,Collision involving vehicles going in the same way,Daylight,Dry,1381,290386.0
401,401,50311,2,Rathaus Yorckstraße,2019,11,15,6,3,2,6,0,1,0,0,0,0,0,0.0,Friedrichshain-Kreuzberg,Accident with minor injuries,Collision with the vehicle in front/waiting vehicle,Collision involving vehicles going in the same way,Daylight,Dry,1381,290386.0
402,402,50312,1,Humboldthain Nordwest,2019,8,17,7,3,5,2,0,0,1,0,0,0,0,0.0,Mitte,Accident with minor injuries,Collision with a turning/crossing vehicle,Turning accident,Daylight,Dry,2215,385748.0
403,403,50313,7,Grazer Platz,2019,9,8,6,3,0,1,0,1,0,0,0,0,0,1.0,Tempelhof-Schöneberg,Accident with minor injuries,Others,Driving accident,Daylight,Wet/moist/slippery,1241,350984.0
404,404,50314,12,Breitkopfbecken,2019,5,8,1,2,5,2,0,0,1,0,0,0,0,0.0,Reinickendorf,Accident with serious injuries,Collision with a turning/crossing vehicle,Turning accident,Daylight,Dry,867,266408.0
405,405,50315,9,Elsenstraße,2019,10,17,5,3,2,6,0,0,1,0,0,0,0,1.0,Treptow-Köpenick,Accident with minor injuries,Collision with the vehicle in front/waiting vehicle,Collision involving vehicles going in the same way,Daylight,Wet/moist/slippery,892,273689.0
406,406,50316,1,Leipziger Straße,2019,9,19,5,3,3,6,2,0,1,0,1,0,0,0.0,Mitte,Accident with minor injuries,Collision with a vehicle traveling laterally in the same direction,Collision involving vehicles going in the same way,Dark,Dry,2215,385748.0
407,407,50318,4,Kranzallee,2019,6,19,5,3,5,7,1,0,1,0,0,0,0,1.0,Charlottenburg-Wilmersdorf,Accident with minor injuries,Collision with a turning/crossing vehicle,Others,Twilight,Wet/moist/slippery,1727,343592.0
408,408,50319,12,Alt-Tegel,2019,8,14,7,3,2,6,0,0,1,0,0,0,0,0.0,Reinickendorf,Accident with minor injuries,Collision with the vehicle in front/waiting vehicle,Collision involving vehicles going in the same way,Daylight,Dry,867,266408.0
409,409,50320,7,Kaiser-Wilhelm-Platz,2019,5,16,1,3,2,6,0,1,1,0,0,0,1,0.0,Tempelhof-Schöneberg,Accident with minor injuries,Collision with the vehicle in front/waiting vehicle,Collision involving vehicles going in the same way,Daylight,Dry,1241,350984.0
410,410,50321,7,Birnhornweg,2019,11,8,2,3,6,4,0,0,1,1,0,0,0,1.0,Tempelhof-Schöneberg,Accident with minor injuries,Collision between vehicle and pedestrian,Pedestrian crossing accident,Daylight,Wet/moist/slippery,1241,350984.0
411,411,50322,12,Teichstraße,2019,6,15,7,3,5,2,0,0,1,0,0,0,0,0.0,Reinickendorf,Accident with minor injuries,Collision with a turning/crossing vehicle,Turning accident,Daylight,Dry,867,266408.0
412,412,50323,3,Falkplatz,2019,9,9,5,3,4,6,0,1,0,0,0,0,0,0.0,Pankow,Accident with minor injuries,Collision with oncoming vehicle,Collision involving vehicles going in the same way,Daylight,Dry,1219,409335.0
413,413,50324,2,Stralauer Kiez,2019,12,21,5,3,2,6,2,0,1,0,0,0,0,0.0,Friedrichshain-Kreuzberg,Accident with minor injuries,Collision with the vehicle in front/waiting vehicle,Collision involving vehicles going in the same way,Dark,Dry,1381,290386.0
414,414,50325,4,Königin-Elisabeth-Straße,2019,8,14,7,3,2,6,0,0,1,0,1,0,0,0.0,Charlottenburg-Wilmersdorf,Accident with minor injuries,Collision with the vehicle in front/waiting vehicle,Collision involving vehicles going in the same way,Daylight,Dry,1727,343592.0
415,415,50326,7,Fritz-Werner-Straße,2019,9,14,5,3,2,6,0,0,1,0,0,0,0,0.0,Tempelhof-Schöneberg,Accident with minor injuries,Collision with the vehicle in front/waiting vehicle,Collision involving vehicles going in the same way,Daylight,Dry,1241,350984.0
416,416,50327,12,Waldidyll/Flughafensee,2019,5,15,7,3,0,1,2,0,1,0,0,0,0,0.0,Reinickendorf,Accident with minor injuries,Others,Driving accident,Dark,Dry,867,266408.0
417,417,50328,7,Neu-Tempelhof,2019,10,9,7,3,5,3,0,0,1,0,0,0,0,0.0,Tempelhof-Schöneberg,Accident with minor injuries,Collision with a turning/crossing vehicle,Turning/Crossing accident,Daylight,Dry,1241,350984.0
418,418,50329,4,Jungfernheide,2019,9,19,5,3,2,6,1,0,1,0,0,0,0,0.0,Charlottenburg-Wilmersdorf,Accident with minor injuries,Collision with the vehicle in front/waiting vehicle,Collision involving vehicles going in the same way,Twilight,Dry,1727,343592.0
419,419,50330,1,Großer Tiergarten,2019,8,22,7,3,6,7,2,1,0,1,0,0,0,0.0,Mitte,Accident with minor injuries,Collision between vehicle and pedestrian,Others,Dark,Dry,2215,385748.0
420,420,50331,1,Reinickendorfer Straße,2019,5,17,6,3,5,2,0,0,1,0,0,0,0,0.0,Mitte,Accident with minor injuries,Collision with a turning/crossing vehicle,Turning accident,Daylight,Dry,2215,385748.0
421,421,50332,4,Jungfernheide,2019,10,15,5,2,9,1,0,0,0,0,1,0,0,0.0,Charlottenburg-Wilmersdorf,Accident with serious injuries,Departure from the roadway to the left,Driving accident,Daylight,Dry,1727,343592.0
422,422,50333,3,Bucher Forst,2019,6,11,6,3,8,1,0,0,1,0,0,0,0,0.0,Pankow,Accident with minor injuries,Departure from the roadway to the right,Driving accident,Daylight,Dry,1219,409335.0
423,423,50334,7,Fritz-Werner-Straße,2019,9,7,5,3,5,3,0,1,1,0,0,0,0,0.0,Tempelhof-Schöneberg,Accident with minor injuries,Collision with a turning/crossing vehicle,Turning/Crossing accident,Daylight,Dry,1241,350984.0
424,424,50335,6,Nikolassee,2019,12,13,3,3,5,3,0,0,1,0,0,0,0,0.0,Steglitz-Zehlendorf,Accident with minor injuries,Collision with a turning/crossing vehicle,Turning/Crossing accident,Daylight,Dry,851,310071.0
425,425,50336,7,Volkspark (Rudolf-Wilde-Park),2019,6,21,5,3,6,4,1,0,1,1,0,0,0,1.0,Tempelhof-Schöneberg,Accident with minor injuries,Collision between vehicle and pedestrian,Pedestrian crossing accident,Twilight,Wet/moist/slippery,1241,350984.0
426,426,50337,10,Alt-Biesdorf,2019,5,7,6,3,2,6,0,0,1,0,0,0,0,0.0,Marzahn-Hellersdorf,Accident with minor injuries,Collision with the vehicle in front/waiting vehicle,Collision involving vehicles going in the same way,Daylight,Dry,586,269967.0
427,427,50338,11,Rüdigerstraße,2019,11,15,2,3,2,6,0,0,1,0,0,0,1,0.0,Lichtenberg,Accident with minor injuries,Collision with the vehicle in front/waiting vehicle,Collision involving vehicles going in the same way,Daylight,Dry,679,294201.0
428,428,50339,9,Elsenstraße,2019,6,16,5,3,5,2,0,1,1,0,0,0,0,1.0,Treptow-Köpenick,Accident with minor injuries,Collision with a turning/crossing vehicle,Turning accident,Daylight,Wet/moist/slippery,892,273689.0
429,429,50340,7,Neu-Tempelhof,2019,11,21,7,3,1,5,2,0,1,0,0,0,0,0.0,Tempelhof-Schöneberg,Accident with minor injuries,Collision with a moving/standing/parked vehicle,Accident involving parked vehicles,Dark,Dry,1241,350984.0
430,430,50341,7,Neu-Tempelhof,2019,8,20,6,2,0,1,2,1,0,0,0,0,0,0.0,Tempelhof-Schöneberg,Accident with serious injuries,Others,Driving accident,Dark,Dry,1241,350984.0
431,431,50342,7,Grazer Platz,2019,5,2,6,2,9,1,2,0,1,0,0,0,0,0.0,Tempelhof-Schöneberg,Accident with serious injuries,Departure from the roadway to the left,Driving accident,Dark,Dry,1241,350984.0
432,432,50343,3,Falkplatz,2019,10,17,2,3,2,6,1,0,1,0,0,0,1,0.0,Pankow,Accident with minor injuries,Collision with the vehicle in front/waiting vehicle,Collision involving vehicles going in the same way,Twilight,Dry,1219,409335.0
433,433,50344,1,Humboldthain Nordwest,2019,9,6,5,3,5,2,0,1,1,0,0,0,0,0.0,Mitte,Accident with minor injuries,Collision with a turning/crossing vehicle,Turning accident,Daylight,Dry,2215,385748.0
434,434,50346,7,Kaiser-Wilhelm-Platz,2019,6,11,5,3,1,5,0,0,1,0,0,0,1,0.0,Tempelhof-Schöneberg,Accident with minor injuries,Collision with a moving/standing/parked vehicle,Accident involving parked vehicles,Daylight,Dry,1241,350984.0
435,435,50347,6,Wannsee,2019,8,19,6,2,0,1,0,1,0,0,0,0,0,0.0,Steglitz-Zehlendorf,Accident with serious injuries,Others,Driving accident,Daylight,Dry,851,310071.0
436,436,50348,9,Elsenstraße,2019,5,8,6,3,0,2,0,0,1,0,0,0,1,0.0,Treptow-Köpenick,Accident with minor injuries,Others,Turning accident,Daylight,Dry,892,273689.0
437,437,50349,2,Samariterviertel,2019,6,9,2,3,5,2,0,1,1,0,0,0,0,0.0,Friedrichshain-Kreuzberg,Accident with minor injuries,Collision with a turning/crossing vehicle,Turning accident,Daylight,Dry,1381,290386.0
438,438,50350,7,Fritz-Werner-Straße,2019,9,16,4,3,5,2,0,1,1,0,0,0,0,0.0,Tempelhof-Schöneberg,Accident with minor injuries,Collision with a turning/crossing vehicle,Turning accident,Daylight,Dry,1241,350984.0
439,439,50351,7,Grazer Platz,2019,12,7,3,3,2,6,0,0,1,0,0,0,0,1.0,Tempelhof-Schöneberg,Accident with minor injuries,Collision with the vehicle in front/waiting vehicle,Collision involving vehicles going in the same way,Daylight,Wet/moist/slippery,1241,350984.0
440,440,50352,1,Humboldthain Nordwest,2019,6,16,5,3,5,2,0,0,1,0,0,0,0,1.0,Mitte,Accident with minor injuries,Collision with a turning/crossing vehicle,Turning accident,Daylight,Wet/moist/slippery,2215,385748.0
441,441,50353,1,Reinickendorfer Straße,2019,8,20,6,3,2,6,0,0,1,0,0,0,0,0.0,Mitte,Accident with minor injuries,Collision with the vehicle in front/waiting vehicle,Collision involving vehicles going in the same way,Daylight,Dry,2215,385748.0
442,442,50354,6,Botanischer Garten,2019,5,13,5,3,2,6,0,0,1,0,0,0,0,0.0,Steglitz-Zehlendorf,Accident with minor injuries,Collision with the vehicle in front/waiting vehicle,Collision involving vehicles going in the same way,Daylight,Dry,851,310071.0
443,443,50355,3,Bötzowstraße,2019,11,18,3,3,3,6,2,0,1,0,1,0,0,1.0,Pankow,Accident with minor injuries,Collision with a vehicle traveling laterally in the same direction,Collision involving vehicles going in the same way,Dark,Wet/moist/slippery,1219,409335.0
444,444,50356,3,Helmholtzplatz,2019,11,3,7,3,5,3,2,1,1,0,0,0,0,0.0,Pankow,Accident with minor injuries,Collision with a turning/crossing vehicle,Turning/Crossing accident,Dark,Dry,1219,409335.0
445,445,50357,7,Grazer Platz,2019,8,20,6,3,0,1,0,0,0,0,1,0,0,0.0,Tempelhof-Schöneberg,Accident with minor injuries,Others,Driving accident,Daylight,Dry,1241,350984.0
446,446,50358,7,Grazer Platz,2019,5,13,5,3,5,2,0,0,1,0,0,0,1,0.0,Tempelhof-Schöneberg,Accident with minor injuries,Collision with a turning/crossing vehicle,Turning accident,Daylight,Dry,1241,350984.0
447,447,50359,7,Fritz-Werner-Straße,2019,5,13,5,2,3,6,0,0,1,0,0,1,0,0.0,Tempelhof-Schöneberg,Accident with serious injuries,Collision with a vehicle traveling laterally in the same direction,Collision involving vehicles going in the same way,Daylight,Dry,1241,350984.0
448,448,50360,7,Kettinger Straße/Schillerstraße,2019,11,17,3,2,2,6,2,0,1,0,0,0,1,0.0,Tempelhof-Schöneberg,Accident with serious injuries,Collision with the vehicle in front/waiting vehicle,Collision involving vehicles going in the same way,Dark,Dry,1241,350984.0
449,449,50361,6,Nikolassee,2019,6,14,4,3,2,6,0,0,1,0,0,0,0,0.0,Steglitz-Zehlendorf,Accident with minor injuries,Collision with the vehicle in front/waiting vehicle,Collision involving vehicles going in the same way,Daylight,Dry,851,310071.0
450,450,50362,1,Alexanderplatzviertel,2019,12,1,1,2,0,1,2,0,0,0,0,0,1,0.0,Mitte,Accident with serious injuries,Others,Driving accident,Dark,Dry,2215,385748.0
451,451,50363,2,Viktoriapark,2019,8,23,6,3,0,7,2,1,0,0,0,0,0,0.0,Friedrichshain-Kreuzberg,Accident with minor injuries,Others,Others,Dark,Dry,1381,290386.0
452,452,50364,6,Nikolassee,2019,5,16,5,2,2,6,0,0,1,0,0,0,1,0.0,Steglitz-Zehlendorf,Accident with serious injuries,Collision with the vehicle in front/waiting vehicle,Collision involving vehicles going in the same way,Daylight,Dry,851,310071.0
453,453,50365,3,Pankow Süd,2019,10,17,3,2,5,3,0,1,1,0,0,0,0,0.0,Pankow,Accident with serious injuries,Collision with a turning/crossing vehicle,Turning/Crossing accident,Daylight,Dry,1219,409335.0
454,454,50366,12,Breitkopfbecken,2019,9,13,4,3,2,6,0,0,1,0,0,0,0,0.0,Reinickendorf,Accident with minor injuries,Collision with the vehicle in front/waiting vehicle,Collision involving vehicles going in the same way,Daylight,Dry,867,266408.0
455,455,50368,7,Fritz-Werner-Straße,2019,8,12,6,3,0,7,0,0,1,0,0,0,0,0.0,Tempelhof-Schöneberg,Accident with minor injuries,Others,Others,Daylight,Dry,1241,350984.0
456,456,50369,3,Niederschönhausen,2019,5,11,5,3,0,7,0,1,0,0,0,0,0,0.0,Pankow,Accident with minor injuries,Others,Others,Daylight,Dry,1219,409335.0
457,457,50370,4,Schloßstraße,2019,9,14,7,3,5,2,0,1,1,0,0,0,0,1.0,Charlottenburg-Wilmersdorf,Accident with minor injuries,Collision with a turning/crossing vehicle,Turning accident,Daylight,Wet/moist/slippery,1727,343592.0
458,458,50371,1,Humboldthain Nordwest,2019,6,7,3,3,5,2,0,1,1,0,0,0,0,0.0,Mitte,Accident with minor injuries,Collision with a turning/crossing vehicle,Turning accident,Daylight,Dry,2215,385748.0
459,459,50372,3,Erich-Weinert-Straße,2019,9,10,3,3,6,6,0,1,0,1,0,0,0,0.0,Pankow,Accident with minor injuries,Collision between vehicle and pedestrian,Collision involving vehicles going in the same way,Daylight,Dry,1219,409335.0