,Unnamed: 0,object id,district,street,year,month,hour of day,weekday,category,accident type,accident type 2,light situation,bike involved,car involved,pedestrian involved,motor bike involved,big track involved,other vehicle involved,road condition,district name,category name,accident detail,accident type detail,light condition,road condition detail,accident count by district,est. population
460,460,50373,2,Rathaus Yorckstraße,2019,12,18,4,3,3,6,2,0,1,0,1,0,0,0.0,Friedrichshain-Kreuzberg,Accident with minor injuries,Collision with a vehicle traveling laterally in the same direction,Collision involving vehicles going in the same way,Dark,Dry,1381,290386.0
461,461,50374,4,Park Ruhwald,2019,6,9,4,3,3,6,0,0,1,0,0,0,0,0.0,Charlottenburg-Wilmersdorf,Accident with minor injuries,Collision with a vehicle traveling laterally in the same direction,Collision involving vehicles going in the same way,Daylight,Dry,1727,343592.0
462,462,50375,5,Weinmeisterhornweg,2019,8,9,6,3,6,4,0,0,1,1,0,0,0,0.0,Spandau,Accident with minor injuries,Collision between vehicle and pedestrian,Pedestrian crossing accident,Daylight,Dry,798,245197.0
463,463,50376,12,Letteplatz,2019,5,12,5,3,5,3,0,1,1,0,0,0,0,0.0,Reinickendorf,Accident with minor injuries,Collision with a turning/crossing vehicle,Turning/Crossing accident,Daylight,Dry,867,266408.0
464,464,50377,1,Leipziger Straße,2019,11,18,4,2,6,4,2,0,1,1,0,0,0,1.0,Mitte,Accident with serious injuries,Collision between vehicle and pedestrian,Pedestrian crossing accident,Dark,Wet/moist/slippery,2215,385748.0
465,465,50378,8,Gewerbegebiet Köllnische Heide,2019,11,13,7,3,2,2,0,0,1,0,0,0,0,0.0,Neukölln,Accident with minor injuries,Collision with the vehicle in front/waiting vehicle,Turning accident,Daylight,Dry,934,329917.0
466,466,50379,4,Schloßstraße,2019,8,8,6,3,6,4,0,0,1,1,0,0,0,0.0,Charlottenburg-Wilmersdorf,Accident with minor injuries,Collision between vehicle and pedestrian,Pedestrian crossing accident,Daylight,Dry,1727,343592.0
467,467,50380,7,Grazer Platz,2019,5,12,5,3,5,2,0,0,1,0,1,0,0,0.0,Tempelhof-Schöneberg,Accident with minor injuries,Collision with a turning/crossing vehicle,Turning accident,Daylight,Dry,1241,350984.0
468,468,50381,2,Samariterviertel,2019,10,10,4,3,6,4,0,0,1,1,0,0,0,1.0,Friedrichshain-Kreuzberg,Accident with minor injuries,Collision between vehicle and pedestrian,Pedestrian crossing accident,Daylight,Wet/moist/slippery,1381,290386.0
469,469,50382,1,Alexanderplatzviertel,2019,9,9,3,3,6,4,0,0,1,1,0,0,0,1.0,Mitte,Accident with minor injuries,Collision between vehicle and pedestrian,Pedestrian crossing accident,Daylight,Wet/moist/slippery,2215,385748.0
470,470,50384,1,Reinickendorfer Straße,2019,6,15,4,3,1,5,0,1,0,0,0,0,1,0.0,Mitte,Accident with minor injuries,Collision with a moving/standing/parked vehicle,Accident involving parked vehicles,Daylight,Dry,2215,385748.0
471,471,50385,4,Kranzallee,2019,8,15,6,2,5,3,0,1,1,0,0,0,0,0.0,Charlottenburg-Wilmersdorf,Accident with serious injuries,Collision with a turning/crossing vehicle,Turning/Crossing accident,Daylight,Dry,1727,343592.0
472,472,50386,3,Komponistenviertel Weißensee,2019,5,10,5,3,0,1,0,1,0,0,0,0,0,0.0,Pankow,Accident with minor injuries,Others,Driving accident,Daylight,Dry,1219,409335.0
473,473,50387,12,Teichstraße,2019,11,12,6,3,5,2,0,1,1,0,0,0,0,0.0,Reinickendorf,Accident with minor injuries,Collision with a turning/crossing vehicle,Turning accident,Daylight,Dry,867,266408.0
474,474,50388,7,Rathaus Tempelhof,2019,6,5,5,3,2,6,0,0,1,0,0,0,0,0.0,Tempelhof-Schöneberg,Accident with minor injuries,Collision with the vehicle in front/waiting vehicle,Collision involving vehicles going in the same way,Daylight,Dry,1241,350984.0
475,475,50389,9,Elsenstraße,2019,9,18,3,2,6,4,0,1,0,1,0,0,0,1.0,Treptow-Köpenick,Accident with serious injuries,Collision between vehicle and pedestrian,Pedestrian crossing accident,Daylight,Wet/moist/slippery,892,273689.0
476,476,50390,9,Elsenstraße,2019,12,12,3,3,2,6,0,0,1,0,0,1,0,0.0,Treptow-Köpenick,Accident with minor injuries,Collision with the vehicle in front/waiting vehicle,Collision involving vehicles going in the same way,Daylight,Dry,892,273689.0
477,477,50391,11,Rüdigerstraße,2019,6,16,3,3,3,6,0,0,1,0,0,0,0,0.0,Lichtenberg,Accident with minor injuries,Collision with a vehicle traveling laterally in the same direction,Collision involving vehicles going in the same way,Daylight,Dry,679,294201.0
478,478,50392,7,Manteuffelstraße,2019,8,14,6,3,2,6,0,0,1,0,0,0,0,0.0,Tempelhof-Schöneberg,Accident with minor injuries,Collision with the vehicle in front/waiting vehicle,Collision involving vehicles going in the same way,Daylight,Dry,1241,350984.0
479,479,50393,4,Kranzallee,2019,10,16,5,3,2,6,2,0,1,0,0,0,0,0.0,Charlottenburg-Wilmersdorf,Accident with minor injuries,Collision with the vehicle in front/waiting vehicle,Collision involving vehicles going in the same way,Dark,Dry,1727,343592.0
480,480,50394,3,Niederschönhausen,2019,8,13,6,3,2,6,0,0,1,0,0,0,0,0.0,Pankow,Accident with minor injuries,Collision with the vehicle in front/waiting vehicle,Collision involving vehicles going in the same way,Daylight,Dry,1219,409335.0
481,481,50395,7,Kaiser-Wilhelm-Platz,2019,9,13,6,3,0,2,0,0,1,0,0,0,1,1.0,Tempelhof-Schöneberg,Accident with minor injuries,Others,Turning accident,Daylight,Wet/moist/slippery,1241,350984.0
482,482,50396,1,Alexanderplatzviertel,2019,5,8,5,3,1,5,0,1,0,0,0,0,1,0.0,Mitte,Accident with minor injuries,Collision with a moving/standing/parked vehicle,Accident involving parked vehicles,Daylight,Dry,2215,385748.0
483,483,50397,4,Bismarckallee,2019,10,22,4,3,3,6,2,0,1,0,0,0,1,1.0,Charlottenburg-Wilmersdorf,Accident with minor injuries,Collision with a vehicle traveling laterally in the same direction,Collision involving vehicles going in the same way,Dark,Wet/moist/slippery,1727,343592.0
484,484,50398,2,Samariterviertel,2019,9,14,3,3,6,4,0,0,1,1,0,0,0,1.0,Friedrichshain-Kreuzberg,Accident with minor injuries,Collision between vehicle and pedestrian,Pedestrian crossing accident,Daylight,Wet/moist/slippery,1381,290386.0
485,485,50400,7,Manteuffelstraße,2019,6,10,3,3,6,7,0,0,0,1,0,0,1,0.0,Tempelhof-Schöneberg,Accident with minor injuries,Collision between vehicle and pedestrian,Others,Daylight,Dry,1241,350984.0
486,486,50401,2,Rathaus Yorckstraße,2019,8,17,5,3,5,2,0,1,1,0,0,0,0,0.0,Friedrichshain-Kreuzberg,Accident with minor injuries,Collision with a turning/crossing vehicle,Turning accident,Daylight,Dry,1381,290386.0
487,487,50402,2,Samariterviertel,2019,5,22,4,3,0,6,2,1,0,1,0,0,0,0.0,Friedrichshain-Kreuzberg,Accident with minor injuries,Others,Collision involving vehicles going in the same way,Dark,Dry,1381,290386.0
488,488,50403,6,Zehlendorf Mitte,2019,11,17,7,3,6,2,2,0,1,1,0,0,0,0.0,Steglitz-Zehlendorf,Accident with minor injuries,Collision between vehicle and pedestrian,Turning accident,Dark,Dry,851,310071.0
489,489,50404,3,Niederschönhausen,2019,6,19,7,2,5,3,0,0,1,0,1,0,0,0.0,Pankow,Accident with serious injuries,Collision with a turning/crossing vehicle,Turning/Crossing accident,Daylight,Dry,1219,409335.0
490,490,50405,3,Thälmannpark,2019,12,8,4,3,0,4,0,0,0,1,0,0,1,0.0,Pankow,Accident with minor injuries,Others,Pedestrian crossing accident,Daylight,Dry,1219,409335.0
491,491,50406,3,Arnimplatz,2019,8,17,5,3,5,2,0,1,0,0,0,0,1,0.0,Pankow,Accident with minor injuries,Collision with a turning/crossing vehicle,Turning accident,Daylight,Dry,1219,409335.0
492,492,50407,3,Pankow Süd,2019,5,18,4,2,5,3,0,1,1,0,0,0,0,0.0,Pankow,Accident with serious injuries,Collision with a turning/crossing vehicle,Turning/Crossing accident,Daylight,Dry,1219,409335.0
493,493,50408,1,Alexanderplatzviertel,2019,10,13,7,3,3,6,0,1,0,0,0,0,0,0.0,Mitte,Accident with minor injuries,Collision with a vehicle traveling laterally in the same direction,Collision involving vehicles going in the same way,Daylight,Dry,2215,385748.0
494,494,50409,11,Rüdigerstraße,2019,9,14,3,3,5,3,0,1,1,0,0,0,0,1.0,Lichtenberg,Accident with minor injuries,Collision with a turning/crossing vehicle,Turning/Crossing accident,Daylight,Wet/moist/slippery,679,294201.0
495,495,50410,3,Blankenfelde,2019,8,16,5,3,5,2,0,1,1,0,0,0,0,0.0,Pankow,Accident with minor injuries,Collision with a turning/crossing vehicle,Turning accident,Daylight,Dry,1219,409335.0
496,496,50411,4,Schloßstraße,2019,5,17,4,3,2,7,0,1,1,0,0,0,0,0.0,Charlottenburg-Wilmersdorf,Accident with minor injuries,Collision with the vehicle in front/waiting vehicle,Others,Daylight,Dry,1727,343592.0
497,497,50412,4,Flinsberger Platz,2019,10,10,4,3,2,6,0,0,1,0,0,0,0,1.0,Charlottenburg-Wilmersdorf,Accident with minor injuries,Collision with the vehicle in front/waiting vehicle,Collision involving vehicles going in the same way,Daylight,Wet/moist/slippery,1727,343592.0
498,498,50413,4,Park Ruhwald,2019,6,7,5,3,3,6,0,0,1,0,0,1,0,1.0,Charlottenburg-Wilmersdorf,Accident with minor injuries,Collision with a vehicle traveling laterally in the same direction,Collision involving vehicles going in the same way,Daylight,Wet/moist/slippery,1727,343592.0
499,499,50414,4,Stadion Wilmersdorf,2019,9,9,3,3,2,6,0,0,1,0,0,0,0,0.0,Charlottenburg-Wilmersdorf,Accident with minor injuries,Collision with the vehicle in front/waiting vehicle,Collision involving vehicles going in the same way,Daylight,Dry,1727,343592.0
500,500,50415,6,Berlepschstraße,2019,12,8,6,3,5,3,0,1,1,0,0,0,0,0.0,Steglitz-Zehlendorf,Accident with minor injuries,Collision with a turning/crossing vehicle,Turning/Crossing accident,Daylight,Dry,851,310071.0
501,501,50416,2,Samariterviertel,2019,6,15,3,3,5,2,0,1,1,0,0,0,0,0.0,Friedrichshain-Kreuzberg,Accident with minor injuries,Collision with a turning/crossing vehicle,Turning accident,Daylight,Dry,1381,290386.0
502,502,50417,1,Alexanderplatzviertel,2019,5,5,4,3,0,1,1,0,1,0,0,0,1,1.0,Mitte,Accident with minor injuries,Others,Driving accident,Twilight,Wet/moist/slippery,2215,385748.0
503,503,50418,1,Unter den Linden Nord,2019,11,10,1,3,0,6,0,1,0,0,0,0,1,0.0,Mitte,Accident with minor injuries,Others,Collision involving vehicles going in the same way,Daylight,Dry,2215,385748.0
504,504,50419,4,Eichkamp,2019,6,16,3,3,2,6,0,0,1,0,0,0,0,0.0,Charlottenburg-Wilmersdorf,Accident with minor injuries,Collision with the vehicle in front/waiting vehicle,Collision involving vehicles going in the same way,Daylight,Dry,1727,343592.0
505,505,50420,12,Rollbergesiedlung,2019,11,19,5,3,5,3,2,0,1,0,0,0,1,1.0,Reinickendorf,Accident with minor injuries,Collision with a turning/crossing vehicle,Turning/Crossing accident,Dark,Wet/moist/slippery,867,266408.0
506,506,50421,12,Waldidyll/Flughafensee,2019,8,15,5,3,2,6,0,0,1,0,0,0,0,0.0,Reinickendorf,Accident with minor injuries,Collision with the vehicle in front/waiting vehicle,Collision involving vehicles going in the same way,Daylight,Dry,867,266408.0
507,507,50422,4,Reichsstraße,2019,5,15,4,3,2,6,0,0,1,0,0,0,0,0.0,Charlottenburg-Wilmersdorf,Accident with minor injuries,Collision with the vehicle in front/waiting vehicle,Collision involving vehicles going in the same way,Daylight,Dry,1727,343592.0
508,508,50423,1,Leopoldplatz,2019,10,20,1,3,2,6,2,0,1,0,0,0,0,0.0,Mitte,Accident with minor injuries,Collision with the vehicle in front/waiting vehicle,Collision involving vehicles going in the same way,Dark,Dry,2215,385748.0
509,509,50424,11,Rüdigerstraße,2019,9,7,3,3,5,2,0,1,1,0,1,0,0,0.0,Lichtenberg,Accident with minor injuries,Collision with a turning/crossing vehicle,Turning accident,Daylight,Dry,679,294201.0
510,510,50426,2,Richard-Sorge-Viertel,2019,6,8,3,2,3,6,0,1,0,0,0,0,0,0.0,Friedrichshain-Kreuzberg,Accident with serious injuries,Collision with a vehicle traveling laterally in the same direction,Collision involving vehicles going in the same way,Daylight,Dry,1381,290386.0
511,511,50427,3,Weißenseer Spitze,2019,8,15,5,3,2,6,0,0,1,0,1,0,0,0.0,Pankow,Accident with minor injuries,Collision with the vehicle in front/waiting vehicle,Collision involving vehicles going in the same way,Daylight,Dry,1219,409335.0
512,512,50428,7,Neu-Tempelhof,2019,5,15,4,3,3,6,0,0,1,0,1,0,0,0.0,Tempelhof-Schöneberg,Accident with minor injuries,Collision with a vehicle traveling laterally in the same direction,Collision involving vehicles going in the same way,Daylight,Dry,1241,350984.0
513,513,50429,4,Richard-Wagner-Straße,2019,6,18,1,3,6,2,0,0,1,1,0,0,0,0.0,Charlottenburg-Wilmersdorf,Accident with minor injuries,Collision between vehicle and pedestrian,Turning accident,Daylight,Dry,1727,343592.0
514,514,50430,4,Schloßstraße,2019,9,15,3,3,6,4,0,0,1,1,0,0,0,1.0,Charlottenburg-Wilmersdorf,Accident with minor injuries,Collision between vehicle and pedestrian,Pedestrian crossing accident,Daylight,Wet/moist/slippery,1727,343592.0
515,515,50431,7,Fritz-Werner-Straße,2019,12,17,2,3,5,2,2,0,1,0,0,0,0,1.0,Tempelhof-Schöneberg,Accident with minor injuries,Collision with a turning/crossing vehicle,Turning accident,Dark,Wet/moist/slippery,1241,350984.0
516,516,50432,7,Kettinger Straße/Schillerstraße,2019,6,9,3,2,1,5,0,0,1,0,0,0,0,0.0,Tempelhof-Schöneberg,Accident with serious injuries,Collision with a moving/standing/parked vehicle,Accident involving parked vehicles,Daylight,Dry,1241,350984.0
517,517,50433,1,Nördlicher Landwehrkanal,2019,8,15,5,3,5,2,0,1,1,0,0,0,0,0.0,Mitte,Accident with minor injuries,Collision with a turning/crossing vehicle,Turning accident,Daylight,Dry,2215,385748.0
518,518,50434,1,Nördlicher Landwehrkanal,2019,4,18,3,3,2,6,0,0,1,0,0,0,0,0.0,Mitte,Accident with minor injuries,Collision with the vehicle in front/waiting vehicle,Collision involving vehicles going in the same way,Daylight,Dry,2215,385748.0
519,519,50435,1,Leipziger Straße,2019,11,15,2,3,0,6,0,1,0,0,0,1,1,1.0,Mitte,Accident with minor injuries,Others,Collision involving vehicles going in the same way,Daylight,Wet/moist/slippery,2215,385748.0
520,520,50436,7,Dennewitzplatz,2019,8,11,5,3,3,6,0,0,1,0,1,0,0,0.0,Tempelhof-Schöneberg,Accident with minor injuries,Collision with a vehicle traveling laterally in the same direction,Collision involving vehicles going in the same way,Daylight,Dry,1241,350984.0
521,521,50437,9,Köpenicker Landstraße,2019,4,13,3,3,5,3,0,1,1,0,0,0,0,0.0,Treptow-Köpenick,Accident with minor injuries,Collision with a turning/crossing vehicle,Turning/Crossing accident,Daylight,Dry,892,273689.0
522,522,50438,6,Nikolassee,2019,10,3,2,3,0,7,2,0,1,0,0,0,0,0.0,Steglitz-Zehlendorf,Accident with minor injuries,Others,Others,Dark,Dry,851,310071.0
523,523,50439,12,Ziekowstraße/Freie Scholle,2019,9,8,2,3,2,6,0,0,1,0,0,0,0,0.0,Reinickendorf,Accident with minor injuries,Collision with the vehicle in front/waiting vehicle,Collision involving vehicles going in the same way,Daylight,Dry,867,266408.0
524,524,50441,2,Samariterviertel,2019,6,8,3,3,5,2,0,1,0,0,0,0,1,0.0,Friedrichshain-Kreuzberg,Accident with minor injuries,Collision with a turning/crossing vehicle,Turning accident,Daylight,Dry,1381,290386.0
525,525,50442,4,Park Ruhwald,2019,8,10,5,3,2,6,0,0,1,0,0,0,0,0.0,Charlottenburg-Wilmersdorf,Accident with minor injuries,Collision with the vehicle in front/waiting vehicle,Collision involving vehicles going in the same way,Daylight,Dry,1727,343592.0
526,526,50443,4,Plötzensee,2019,4,7,3,3,2,6,0,0,1,0,0,0,0,0.0,Charlottenburg-Wilmersdorf,Accident with minor injuries,Collision with the vehicle in front/waiting vehicle,Collision involving vehicles going in the same way,Daylight,Dry,1727,343592.0
527,527,50444,2,Samariterviertel,2019,11,15,4,3,5,2,1,1,1,0,0,0,1,1.0,Friedrichshain-Kreuzberg,Accident with minor injuries,Collision with a turning/crossing vehicle,Turning accident,Twilight,Wet/moist/slippery,1381,290386.0
528,528,50445,11,Rüdigerstraße,2019,6,15,4,2,5,2,0,1,0,0,0,1,0,0.0,Lichtenberg,Accident with serious injuries,Collision with a turning/crossing vehicle,Turning accident,Daylight,Dry,679,294201.0
529,529,50446,12,Schäfersee,2019,9,21,2,2,6,4,2,0,1,1,0,0,0,0.0,Reinickendorf,Accident with serious injuries,Collision between vehicle and pedestrian,Pedestrian crossing accident,Dark,Dry,867,266408.0
530,530,50447,7,Volkspark (Rudolf-Wilde-Park),2019,12,8,2,3,2,6,0,0,1,0,0,1,1,0.0,Tempelhof-Schöneberg,Accident with minor injuries,Collision with the vehicle in front/waiting vehicle,Collision involving vehicles going in the same way,Daylight,Dry,1241,350984.0
531,531,50448,12,Breitkopfbecken,2019,8,8,5,3,5,2,0,0,1,0,1,0,0,0.0,Reinickendorf,Accident with minor injuries,Collision with a turning/crossing vehicle,Turning accident,Daylight,Dry,867,266408.0
532,532,50449,6,Botanischer Garten,2019,10,12,4,3,2,6,0,0,1,0,0,0,0,0.0,Steglitz-Zehlendorf,Accident with minor injuries,Collision with the vehicle in front/waiting vehicle,Collision involving vehicles going in the same way,Daylight,Dry,851,310071.0
533,533,50450,11,Rüdigerstraße,2019,9,20,2,2,0,1,2,0,0,0,1,0,0,0.0,Lichtenberg,Accident with serious injuries,Others,Driving accident,Dark,Dry,679,294201.0
534,534,50451,2,Samariterviertel,2019,8,7,5,3,5,3,0,1,1,0,0,0,0,0.0,Friedrichshain-Kreuzberg,Accident with minor injuries,Collision with a turning/crossing vehicle,Turning/Crossing accident,Daylight,Dry,1381,290386.0
535,535,50452,2,Viktoriapark,2019,4,7,3,3,0,2,0,1,1,0,0,0,0,0.0,Friedrichshain-Kreuzberg,Accident with minor injuries,Others,Turning accident,Daylight,Dry,1381,290386.0
536,536,50453,6,Botanischer Garten,2019,10,13,3,3,2,6,0,0,1,0,0,1,0,1.0,Steglitz-Zehlendorf,Accident with minor injuries,Collision with the vehicle in front/waiting vehicle,Collision involving vehicles going in the same way,Daylight,Wet/moist/slippery,851,310071.0
537,537,50454,3,Barnimkiez,2019,9,16,2,3,3,6,0,1,1,0,0,0,0,0.0,Pankow,Accident with minor injuries,Collision with a vehicle traveling laterally in the same direction,Collision involving vehicles going in the same way,Daylight,Dry,1219,409335.0
538,538,50456,12,Teichstraße,2019,6,19,3,3,5,3,1,0,1,0,0,0,0,0.0,Reinickendorf,Accident with minor injuries,Collision with a turning/crossing vehicle,Turning/Crossing accident,Twilight,Dry,867,266408.0
539,539,50457,3,Helmholtzplatz,2019,8,19,4,2,6,4,0,1,0,1,0,0,0,0.0,Pankow,Accident with serious injuries,Collision between vehicle and pedestrian,Pedestrian crossing accident,Daylight,Dry,1219,409335.0
540,540,50458,3,Conrad-Blenkle-Straße,2019,4,17,3,3,5,2,0,1,1,0,0,0,0,0.0,Pankow,Accident with minor injuries,Collision with a turning/crossing vehicle,Turning accident,Daylight,Dry,1219,409335.0
541,541,50459,10,Wuhletalstraße,2019,11,5,6,2,5,3,2,0,1,0,0,0,0,0.0,Marzahn-Hellersdorf,Accident with serious injuries,Collision with a turning/crossing vehicle,Turning/Crossing accident,Dark,Dry,586,269967.0
542,542,50460,4,Bismarckallee,2019,10,11,3,2,0,1,0,0,0,0,1,0,0,0.0,Charlottenburg-Wilmersdorf,Accident with serious injuries,Others,Driving accident,Daylight,Dry,1727,343592.0
543,543,50461,7,Kettinger Straße/Schillerstraße,2019,9,16,2,2,5,3,0,0,1,0,1,0,0,1.0,Tempelhof-Schöneberg,Accident with serious injuries,Collision with a turning/crossing vehicle,Turning/Crossing accident,Daylight,Wet/moist/slippery,1241,350984.0
544,544,50463,4,Kranzallee,2019,6,7,2,3,2,6,0,0,1,0,0,0,0,0.0,Charlottenburg-Wilmersdorf,Accident with minor injuries,Collision with the vehicle in front/waiting vehicle,Collision involving vehicles going in the same way,Daylight,Dry,1727,343592.0
545,545,50464,7,Kettinger Straße/Schillerstraße,2019,8,14,4,3,2,6,0,0,1,0,0,0,0,1.0,Tempelhof-Schöneberg,Accident with minor injuries,Collision with the vehicle in front/waiting vehicle,Collision involving vehicles going in the same way,Daylight,Wet/moist/slippery,1241,350984.0
546,546,50465,5,Graetschelsteig,2019,4,19,3,3,2,7,0,1,1,0,0,0,0,0.0,Spandau,Accident with minor injuries,Collision with the vehicle in front/waiting vehicle,Others,Daylight,Dry,798,245197.0
547,547,50466,2,Samariterviertel,2019,11,17,4,3,6,4,2,0,1,1,0,0,0,1.0,Friedrichshain-Kreuzberg,Accident with minor injuries,Collision between vehicle and pedestrian,Pedestrian crossing accident,Dark,Wet/moist/slippery,1381,290386.0
548,548,50467,1,Heidestraße,2019,6,9,5,3,2,1,0,0,1,0,0,0,0,0.0,Mitte,Accident with minor injuries,Collision with the vehicle in front/waiting vehicle,Driving accident,Daylight,Dry,2215,385748.0
549,549,50468,4,Königin-Elisabeth-Straße,2019,9,10,2,3,5,2,0,1,0,0,0,1,0,0.0,Charlottenburg-Wilmersdorf,Accident with minor injuries,Collision with a turning/crossing vehicle,Turning accident,Daylight,Dry,1727,343592.0
550,550,50469,7,Kaiser-Wilhelm-Platz,2019,12,18,2,3,5,3,2,1,1,0,0,0,0,1.0,Tempelhof-Schöneberg,Accident with minor injuries,Collision with a turning/crossing vehicle,Turning/Crossing accident,Dark,Wet/moist/slippery,1241,350984.0
551,551,50470,1,Unter den Linden Nord,2019,8,9,4,3,3,2,0,0,1,0,1,0,0,0.0,Mitte,Accident with minor injuries,Collision with a vehicle traveling laterally in the same direction,Turning accident,Daylight,Dry,2215,385748.0
552,552,50471,10,Marzahner Promenade,2019,10,19,4,3,2,7,2,0,1,0,0,0,0,0.0,Marzahn-Hellersdorf,Accident with minor injuries,Collision with the vehicle in front/waiting vehicle,Others,Dark,Dry,586,269967.0
553,553,50472,8,Buschkrugallee Nord,2019,8,6,4,3,3,6,1,0,1,0,1,0,0,0.0,Neukölln,Accident with minor injuries,Collision with a vehicle traveling laterally in the same direction,Collision involving vehicles going in the same way,Twilight,Dry,934,329917.0
554,554,50473,3,Helmholtzplatz,2019,9,18,6,3,2,6,0,0,1,0,0,0,0,1.0,Pankow,Accident with minor injuries,Collision with the vehicle in front/waiting vehicle,Collision involving vehicles going in the same way,Daylight,Wet/moist/slippery,1219,409335.0
555,555,50474,7,Grazer Platz,2019,4,20,2,3,3,6,1,0,1,0,0,0,0,0.0,Tempelhof-Schöneberg,Accident with minor injuries,Collision with a vehicle traveling laterally in the same direction,Collision involving vehicles going in the same way,Twilight,Dry,1241,350984.0
556,556,50475,11,Rüdigerstraße,2019,10,17,3,3,3,6,1,0,1,0,0,1,0,1.0,Lichtenberg,Accident with minor injuries,Collision with a vehicle traveling laterally in the same direction,Collision involving vehicles going in the same way,Twilight,Wet/moist/slippery,679,294201.0
557,557,50476,4,Jungfernheide,2019,9,13,2,3,8,1,0,0,1,0,0,0,0,0.0,Charlottenburg-Wilmersdorf,Accident with minor injuries,Departure from the roadway to the right,Driving accident,Daylight,Dry,1727,343592.0
558,558,50478,1,Körnerstraße,2019,6,21,2,3,0,1,2,1,0,0,0,0,0,0.0,Mitte,Accident with minor injuries,Others,Driving accident,Dark,Dry,2215,385748.0
559,559,50479,1,Nördlicher Landwehrkanal,2019,8,15,4,3,5,2,0,1,1,0,0,0,0,0.0,Mitte,Accident with minor injuries,Collision with a turning/crossing vehicle,Turning accident,Daylight,Dry,2215,385748.0
560,560,50480,3,Weißenseer Spitze,2019,4,18,2,3,6,4,0,1,0,1,0,0,0,0.0,Pankow,Accident with minor injuries,Collision between vehicle and pedestrian,Pedestrian crossing accident,Daylight,Dry,1219,409335.0
561,561,50481,2,Samariterviertel,2019,11,1,7,3,5,3,2,0,1,0,0,0,0,0.0,Friedrichshain-Kreuzberg,Accident with minor injuries,Collision with a turning/crossing vehicle,Turning/Crossing accident,Dark,Dry,1381,290386.0
562,562,50482,5,Weinmeisterhornweg,2019,6,19,2,3,2,6,0,0,1,0,0,0,0,0.0,Spandau,Accident with minor injuries,Collision with the vehicle in front/waiting vehicle,Collision involving vehicles going in the same way,Daylight,Dry,798,245197.0
563,563,50483,1,Großer Tiergarten,2019,9,9,2,2,5,2,0,1,1,0,0,0,0,1.0,Mitte,Accident with serious injuries,Collision with a turning/crossing vehicle,Turning accident,Daylight,Wet/moist/slippery,2215,385748.0
564,564,50484,4,Plötzensee,2019,12,15,4,3,2,6,0,0,1,0,0,0,0,0.0,Charlottenburg-Wilmersdorf,Accident with minor injuries,Collision with the vehicle in front/waiting vehicle,Collision involving vehicles going in the same way,Daylight,Dry,1727,343592.0
565,565,50485,7,Neu-Tempelhof,2019,8,12,3,3,2,6,0,0,1,0,0,0,1,0.0,Tempelhof-Schöneberg,Accident with minor injuries,Collision with the vehicle in front/waiting vehicle,Collision involving vehicles going in the same way,Daylight,Dry,1241,350984.0
566,566,50486,3,Helmholtzplatz,2019,4,9,2,3,0,2,0,0,1,0,0,0,1,1.0,Pankow,Accident with minor injuries,Others,Turning accident,Daylight,Wet/moist/slippery,1219,409335.0
567,567,50487,7,Lindenhofsiedlung,2019,10,19,6,3,2,6,2,0,1,0,0,0,0,0.0,Tempelhof-Schöneberg,Accident with minor injuries,Collision with the vehicle in front/waiting vehicle,Collision involving vehicles going in the same way,Dark,Dry,1241,350984.0
568,568,50488,10,Springpfuhl,2019,9,11,1,3,3,6,0,1,1,0,0,0,0,0.0,Marzahn-Hellersdorf,Accident with minor injuries,Collision with a vehicle traveling laterally in the same direction,Collision involving vehicles going in the same way,Daylight,Dry,586,269967.0
569,569,50489,2,Andreasviertel,2019,8,9,3,3,3,2,0,0,0,0,1,1,0,0.0,Friedrichshain-Kreuzberg,Accident with minor injuries,Collision with a vehicle traveling laterally in the same direction,Turning accident,Daylight,Dry,1381,290386.0
570,570,50490,1,Alexanderplatzviertel,2019,4,11,2,3,5,3,0,1,0,0,0,1,0,1.0,Mitte,Accident with minor injuries,Collision with a turning/crossing vehicle,Turning/Crossing accident,Daylight,Wet/moist/slippery,2215,385748.0
571,571,50491,7,Grazer Platz,2019,10,13,3,3,5,7,0,0,1,0,0,0,0,1.0,Tempelhof-Schöneberg,Accident with minor injuries,Collision with a turning/crossing vehicle,Others,Daylight,Wet/moist/slippery,1241,350984.0
572,572,50492,2,Samariterviertel,2019,6,17,4,2,3,6,0,1,0,0,0,0,0,0.0,Friedrichshain-Kreuzberg,Accident with serious injuries,Collision with a vehicle traveling laterally in the same direction,Collision involving vehicles going in the same way,Daylight,Dry,1381,290386.0
573,573,50493,4,Eichkamp,2019,9,16,1,3,2,6,0,0,1,0,0,0,0,0.0,Charlottenburg-Wilmersdorf,Accident with minor injuries,Collision with the vehicle in front/waiting vehicle,Collision involving vehicles going in the same way,Daylight,Dry,1727,343592.0