,Unnamed: 0,object id,district,street,year,month,hour of day,weekday,category,accident type,accident type 2,light situation,bike involved,car involved,pedestrian involved,motor bike involved,big track involved,other vehicle involved,road condition,district name,category name,accident detail,accident type detail,light condition,road condition detail,accident count by district,est. population
574,574,50494,1,Humboldthain Nordwest,2019,12,22,4,3,6,4,2,0,1,1,0,0,0,0.0,Mitte,Accident with minor injuries,Collision between vehicle and pedestrian,Pedestrian crossing accident,Dark,Dry,2215,385748.0
575,575,50495,3,Greifswalder Straße,2019,6,23,2,3,5,3,2,1,1,0,0,0,0,1.0,Pankow,Accident with minor injuries,Collision with a turning/crossing vehicle,Turning/Crossing accident,Dark,Wet/moist/slippery,1219,409335.0
576,576,50496,8,Buschkrugallee Nord,2019,4,11,2,3,3,6,0,0,1,0,0,0,1,1.0,Neukölln,Accident with minor injuries,Collision with a vehicle traveling laterally in the same direction,Collision involving vehicles going in the same way,Daylight,Wet/moist/slippery,934,329917.0
577,577,50497,2,Rathaus Yorckstraße,2019,11,15,7,3,3,6,0,0,1,0,1,0,0,1.0,Friedrichshain-Kreuzberg,Accident with minor injuries,Collision with a vehicle traveling laterally in the same direction,Collision involving vehicles going in the same way,Daylight,Wet/moist/slippery,1381,290386.0
578,578,50498,2,Samariterviertel,2019,6,13,2,2,6,4,0,1,0,1,0,0,0,0.0,Friedrichshain-Kreuzberg,Accident with serious injuries,Collision between vehicle and pedestrian,Pedestrian crossing accident,Daylight,Dry,1381,290386.0
579,579,50499,1,Großer Tiergarten,2019,11,18,4,3,5,3,2,1,0,0,1,0,0,1.0,Mitte,Accident with minor injuries,Collision with a turning/crossing vehicle,Turning/Crossing accident,Dark,Wet/moist/slippery,2215,385748.0
580,580,50500,7,Marienfelder Allee Nordwest,2019,8,7,3,3,5,3,0,1,1,0,0,0,0,0.0,Tempelhof-Schöneberg,Accident with minor injuries,Collision with a turning/crossing vehicle,Turning/Crossing accident,Daylight,Dry,1241,350984.0
581,581,50501,12,Teichstraße,2019,4,22,7,2,5,2,2,0,1,0,1,0,0,0.0,Reinickendorf,Accident with serious injuries,Collision with a turning/crossing vehicle,Turning accident,Dark,Dry,867,266408.0
582,582,50502,3,Arnimplatz,2019,10,18,7,2,5,2,2,0,1,0,1,0,0,0.0,Pankow,Accident with serious injuries,Collision with a turning/crossing vehicle,Turning accident,Dark,Dry,1219,409335.0
583,583,50503,7,Neu-Tempelhof,2019,9,14,1,3,3,6,0,0,1,0,0,0,0,0.0,Tempelhof-Schöneberg,Accident with minor injuries,Collision with a vehicle traveling laterally in the same direction,Collision involving vehicles going in the same way,Daylight,Dry,1241,350984.0
584,584,50505,12,Breitkopfbecken,2019,6,16,2,3,1,5,0,1,1,0,0,0,1,0.0,Reinickendorf,Accident with minor injuries,Collision with a moving/standing/parked vehicle,Accident involving parked vehicles,Daylight,Dry,867,266408.0
585,585,50506,3,Greifswalder Straße,2019,8,15,3,3,5,3,0,1,1,0,0,0,0,0.0,Pankow,Accident with minor injuries,Collision with a turning/crossing vehicle,Turning/Crossing accident,Daylight,Dry,1219,409335.0
586,586,50507,7,Kettinger Straße/Schillerstraße,2019,4,17,7,3,2,6,0,0,1,0,0,0,0,0.0,Tempelhof-Schöneberg,Accident with minor injuries,Collision with the vehicle in front/waiting vehicle,Collision involving vehicles going in the same way,Daylight,Dry,1241,350984.0
587,587,50508,3,Falkplatz,2019,6,15,7,3,0,1,0,1,0,0,0,0,0,0.0,Pankow,Accident with minor injuries,Others,Driving accident,Daylight,Dry,1219,409335.0
588,588,50509,1,Karl-Marx-Allee,2019,9,23,1,3,6,4,2,0,1,1,0,0,0,1.0,Mitte,Accident with minor injuries,Collision between vehicle and pedestrian,Pedestrian crossing accident,Dark,Wet/moist/slippery,2215,385748.0
589,589,50510,4,Jungfernheide,2019,12,12,1,2,2,6,0,0,1,0,0,0,0,1.0,Charlottenburg-Wilmersdorf,Accident with serious injuries,Collision with the vehicle in front/waiting vehicle,Collision involving vehicles going in the same way,Daylight,Wet/moist/slippery,1727,343592.0
590,590,50511,4,Reichsstraße,2019,6,9,2,2,5,3,0,1,0,0,0,1,0,0.0,Charlottenburg-Wilmersdorf,Accident with serious injuries,Collision with a turning/crossing vehicle,Turning/Crossing accident,Daylight,Dry,1727,343592.0
591,591,50512,4,Königin-Elisabeth-Straße,2019,8,15,3,3,5,2,0,0,1,0,0,0,0,0.0,Charlottenburg-Wilmersdorf,Accident with minor injuries,Collision with a turning/crossing vehicle,Turning accident,Daylight,Dry,1727,343592.0
592,592,50513,4,Richard-Wagner-Straße,2019,11,10,2,3,6,7,0,0,1,1,0,0,0,1.0,Charlottenburg-Wilmersdorf,Accident with minor injuries,Collision between vehicle and pedestrian,Others,Daylight,Wet/moist/slippery,1727,343592.0
593,593,50514,11,Rüdigerstraße,2019,8,15,3,3,5,2,0,1,0,0,0,1,0,0.0,Lichtenberg,Accident with minor injuries,Collision with a turning/crossing vehicle,Turning accident,Daylight,Dry,679,294201.0
594,594,50515,3,Pankow Süd,2019,4,11,6,3,5,3,0,1,1,0,0,0,0,0.0,Pankow,Accident with minor injuries,Collision with a turning/crossing vehicle,Turning/Crossing accident,Daylight,Dry,1219,409335.0
595,595,50516,10,Wuhletalstraße,2019,10,11,1,2,5,3,0,0,1,0,0,0,1,0.0,Marzahn-Hellersdorf,Accident with serious injuries,Collision with a turning/crossing vehicle,Turning/Crossing accident,Daylight,Dry,586,269967.0
596,596,50517,4,Park Ruhwald,2019,9,14,7,3,2,6,0,0,1,0,0,0,0,0.0,Charlottenburg-Wilmersdorf,Accident with minor injuries,Collision with the vehicle in front/waiting vehicle,Collision involving vehicles going in the same way,Daylight,Dry,1727,343592.0
597,597,50519,2,Hausburgviertel,2019,6,8,2,3,5,2,0,1,0,0,0,1,0,0.0,Friedrichshain-Kreuzberg,Accident with minor injuries,Collision with a turning/crossing vehicle,Turning accident,Daylight,Dry,1381,290386.0
598,598,50520,7,Neu-Tempelhof,2019,8,15,2,3,0,7,0,1,0,0,0,0,0,0.0,Tempelhof-Schöneberg,Accident with minor injuries,Others,Others,Daylight,Dry,1241,350984.0
599,599,50521,4,Reichsstraße,2019,4,19,6,2,6,4,0,1,0,1,0,0,0,0.0,Charlottenburg-Wilmersdorf,Accident with serious injuries,Collision between vehicle and pedestrian,Pedestrian crossing accident,Daylight,Dry,1727,343592.0
600,600,50522,2,Samariterviertel,2019,11,10,3,3,5,2,0,1,1,0,0,0,0,0.0,Friedrichshain-Kreuzberg,Accident with minor injuries,Collision with a turning/crossing vehicle,Turning accident,Daylight,Dry,1381,290386.0
601,601,50523,1,Unter den Linden Nord,2019,6,18,3,3,0,6,0,1,0,0,0,0,1,0.0,Mitte,Accident with minor injuries,Others,Collision involving vehicles going in the same way,Daylight,Dry,2215,385748.0
602,602,50524,3,Bötzowstraße,2019,9,12,7,3,2,6,0,0,1,0,0,0,1,0.0,Pankow,Accident with minor injuries,Collision with the vehicle in front/waiting vehicle,Collision involving vehicles going in the same way,Daylight,Dry,1219,409335.0
603,603,50525,2,Askanischer Platz,2019,12,1,7,3,2,6,2,0,1,0,0,0,0,1.0,Friedrichshain-Kreuzberg,Accident with minor injuries,Collision with the vehicle in front/waiting vehicle,Collision involving vehicles going in the same way,Dark,Wet/moist/slippery,1381,290386.0
604,604,50526,7,Kaiser-Wilhelm-Platz,2019,8,19,2,3,0,6,0,0,1,0,1,0,0,0.0,Tempelhof-Schöneberg,Accident with minor injuries,Others,Collision involving vehicles going in the same way,Daylight,Dry,1241,350984.0
605,605,50527,2,Rathaus Yorckstraße,2019,10,10,3,3,2,2,0,1,0,0,0,0,1,0.0,Friedrichshain-Kreuzberg,Accident with minor injuries,Collision with the vehicle in front/waiting vehicle,Turning accident,Daylight,Dry,1381,290386.0
606,606,50528,4,Park Ruhwald,2019,9,12,7,2,2,6,0,0,1,0,0,0,0,0.0,Charlottenburg-Wilmersdorf,Accident with serious injuries,Collision with the vehicle in front/waiting vehicle,Collision involving vehicles going in the same way,Daylight,Dry,1727,343592.0
607,607,50529,1,Humboldthain Nordwest,2019,8,15,2,3,5,2,0,1,1,0,0,0,0,0.0,Mitte,Accident with minor injuries,Collision with a turning/crossing vehicle,Turning accident,Daylight,Dry,2215,385748.0
608,608,50530,2,Rathaus Yorckstraße,2019,4,20,6,3,3,6,1,0,1,0,0,0,0,0.0,Friedrichshain-Kreuzberg,Accident with minor injuries,Collision with a vehicle traveling laterally in the same direction,Collision involving vehicles going in the same way,Twilight,Dry,1381,290386.0
609,609,50531,4,Güterbahnhof Grunewald,2019,10,12,2,3,2,6,0,0,1,0,0,0,1,0.0,Charlottenburg-Wilmersdorf,Accident with minor injuries,Collision with the vehicle in front/waiting vehicle,Collision involving vehicles going in the same way,Daylight,Dry,1727,343592.0
610,610,50532,3,Bötzowstraße,2019,6,22,1,3,0,7,2,1,0,0,0,0,0,0.0,Pankow,Accident with minor injuries,Others,Others,Dark,Dry,1219,409335.0
611,611,50533,3,Helmholtzplatz,2019,9,20,7,3,0,6,1,0,1,0,1,0,0,0.0,Pankow,Accident with minor injuries,Others,Collision involving vehicles going in the same way,Twilight,Dry,1219,409335.0
612,612,50535,10,Mahlsdorf Süd,2019,6,13,2,3,5,3,0,1,1,0,0,0,0,0.0,Marzahn-Hellersdorf,Accident with minor injuries,Collision with a turning/crossing vehicle,Turning/Crossing accident,Daylight,Dry,586,269967.0
613,613,50536,6,Wannsee,2019,4,12,6,3,0,5,0,1,1,0,0,0,0,0.0,Steglitz-Zehlendorf,Accident with minor injuries,Others,Accident involving parked vehicles,Daylight,Dry,851,310071.0
614,614,50537,4,Park Ruhwald,2019,11,13,5,2,2,6,0,0,1,0,0,0,0,0.0,Charlottenburg-Wilmersdorf,Accident with serious injuries,Collision with the vehicle in front/waiting vehicle,Collision involving vehicles going in the same way,Daylight,Dry,1727,343592.0
615,615,50538,9,Elsenstraße,2019,6,12,1,3,5,2,0,1,1,0,0,0,0,0.0,Treptow-Köpenick,Accident with minor injuries,Collision with a turning/crossing vehicle,Turning accident,Daylight,Dry,892,273689.0
616,616,50539,4,Jungfernheide,2019,12,15,2,3,2,6,1,0,1,0,0,1,0,1.0,Charlottenburg-Wilmersdorf,Accident with minor injuries,Collision with the vehicle in front/waiting vehicle,Collision involving vehicles going in the same way,Twilight,Wet/moist/slippery,1727,343592.0
617,617,50540,10,Wuhletalstraße,2019,8,12,2,3,5,3,0,0,1,0,0,0,0,0.0,Marzahn-Hellersdorf,Accident with minor injuries,Collision with a turning/crossing vehicle,Turning/Crossing accident,Daylight,Dry,586,269967.0
618,618,50541,1,Großer Tiergarten,2019,4,10,5,2,5,2,0,1,0,0,1,0,0,0.0,Mitte,Accident with serious injuries,Collision with a turning/crossing vehicle,Turning accident,Daylight,Dry,2215,385748.0
619,619,50542,7,Feuerbachstraße,2019,10,14,4,2,0,6,0,0,1,0,0,0,0,0.0,Tempelhof-Schöneberg,Accident with serious injuries,Others,Collision involving vehicles going in the same way,Daylight,Dry,1241,350984.0
620,620,50543,10,Alt-Biesdorf,2019,9,12,7,3,2,6,0,0,1,0,0,0,0,0.0,Marzahn-Hellersdorf,Accident with minor injuries,Collision with the vehicle in front/waiting vehicle,Collision involving vehicles going in the same way,Daylight,Dry,586,269967.0
621,621,50545,7,Fritz-Werner-Straße,2019,8,12,2,3,3,6,0,0,1,0,0,1,0,0.0,Tempelhof-Schöneberg,Accident with minor injuries,Collision with a vehicle traveling laterally in the same direction,Collision involving vehicles going in the same way,Daylight,Dry,1241,350984.0
622,622,50546,4,Brabanter Platz,2019,4,18,5,3,3,6,0,0,1,0,0,1,0,0.0,Charlottenburg-Wilmersdorf,Accident with minor injuries,Collision with a vehicle traveling laterally in the same direction,Collision involving vehicles going in the same way,Daylight,Dry,1727,343592.0
623,623,50547,1,Alexanderplatzviertel,2019,9,4,1,3,5,3,2,0,1,0,0,0,1,1.0,Mitte,Accident with minor injuries,Collision with a turning/crossing vehicle,Turning/Crossing accident,Dark,Wet/moist/slippery,2215,385748.0
624,624,50548,1,Unter den Linden Nord,2019,6,9,4,3,3,2,0,0,1,0,1,1,0,0.0,Mitte,Accident with minor injuries,Collision with a vehicle traveling laterally in the same direction,Turning accident,Daylight,Dry,2215,385748.0
625,625,50549,7,Neu-Tempelhof,2019,9,0,7,3,0,7,2,0,0,0,0,0,1,0.0,Tempelhof-Schöneberg,Accident with minor injuries,Others,Others,Dark,Dry,1241,350984.0
626,626,50550,3,Pankow Zentrum,2019,12,9,6,3,1,5,0,0,1,0,0,1,0,0.0,Pankow,Accident with minor injuries,Collision with a moving/standing/parked vehicle,Accident involving parked vehicles,Daylight,Dry,1219,409335.0
627,627,50551,6,Wannsee,2019,6,15,1,3,1,5,0,1,1,0,0,0,0,0.0,Steglitz-Zehlendorf,Accident with minor injuries,Collision with a moving/standing/parked vehicle,Accident involving parked vehicles,Daylight,Dry,851,310071.0
628,628,50552,1,Alexanderplatzviertel,2019,8,11,1,3,1,5,0,1,1,0,0,0,0,0.0,Mitte,Accident with minor injuries,Collision with a moving/standing/parked vehicle,Accident involving parked vehicles,Daylight,Dry,2215,385748.0
629,629,50553,3,Komponistenviertel Weißensee,2019,4,17,5,3,1,5,0,1,1,0,0,0,0,0.0,Pankow,Accident with minor injuries,Collision with a moving/standing/parked vehicle,Accident involving parked vehicles,Daylight,Dry,1219,409335.0
630,630,50554,1,Alexanderplatzviertel,2019,11,23,6,3,5,7,2,0,1,0,0,0,1,1.0,Mitte,Accident with minor injuries,Collision with a turning/crossing vehicle,Others,Dark,Wet/moist/slippery,2215,385748.0
631,631,50555,3,Pankow Süd,2019,9,19,7,3,5,3,1,1,1,0,0,0,0,0.0,Pankow,Accident with minor injuries,Collision with a turning/crossing vehicle,Turning/Crossing accident,Twilight,Dry,1219,409335.0
632,632,50556,7,Marienfelder Allee Nordwest,2019,11,12,3,3,2,2,0,0,1,0,0,0,0,0.0,Tempelhof-Schöneberg,Accident with minor injuries,Collision with the vehicle in front/waiting vehicle,Turning accident,Daylight,Dry,1241,350984.0
633,633,50557,1,Reinickendorfer Straße,2019,8,15,7,3,5,2,0,0,1,0,0,0,0,0.0,Mitte,Accident with minor injuries,Collision with a turning/crossing vehicle,Turning accident,Daylight,Dry,2215,385748.0
634,634,50558,1,Nördlicher Landwehrkanal,2019,4,17,5,3,5,2,0,0,1,0,1,0,0,0.0,Mitte,Accident with minor injuries,Collision with a turning/crossing vehicle,Turning accident,Daylight,Dry,2215,385748.0
635,635,50559,11,Weitlingstraße,2019,10,7,5,3,0,7,1,1,1,0,0,0,0,1.0,Lichtenberg,Accident with minor injuries,Others,Others,Twilight,Wet/moist/slippery,679,294201.0
636,636,50560,4,Richard-Wagner-Straße,2019,9,16,7,3,5,2,0,0,1,0,0,0,1,0.0,Charlottenburg-Wilmersdorf,Accident with minor injuries,Collision with a turning/crossing vehicle,Turning accident,Daylight,Dry,1727,343592.0
637,637,50562,4,Ernst-Reuter-Platz,2019,6,15,1,2,3,6,0,0,1,0,1,0,0,0.0,Charlottenburg-Wilmersdorf,Accident with serious injuries,Collision with a vehicle traveling laterally in the same direction,Collision involving vehicles going in the same way,Daylight,Dry,1727,343592.0
638,638,50563,4,Schloßstraße,2019,6,14,1,3,3,6,0,1,0,0,0,0,0,0.0,Charlottenburg-Wilmersdorf,Accident with minor injuries,Collision with a vehicle traveling laterally in the same direction,Collision involving vehicles going in the same way,Daylight,Dry,1727,343592.0
639,639,50564,7,Grazer Platz,2019,12,20,3,3,2,6,2,0,1,0,0,0,0,1.0,Tempelhof-Schöneberg,Accident with minor injuries,Collision with the vehicle in front/waiting vehicle,Collision involving vehicles going in the same way,Dark,Wet/moist/slippery,1241,350984.0
640,640,50565,3,Bötzowstraße,2019,8,21,7,3,0,7,1,0,0,0,1,0,0,1.0,Pankow,Accident with minor injuries,Others,Others,Twilight,Wet/moist/slippery,1219,409335.0
641,641,50566,2,Rathaus Yorckstraße,2019,4,15,5,3,5,2,0,1,1,0,0,0,0,0.0,Friedrichshain-Kreuzberg,Accident with minor injuries,Collision with a turning/crossing vehicle,Turning accident,Daylight,Dry,1381,290386.0
642,642,50567,7,Kettinger Straße/Schillerstraße,2019,10,17,5,2,6,7,0,0,1,1,0,0,0,0.0,Tempelhof-Schöneberg,Accident with serious injuries,Collision between vehicle and pedestrian,Others,Daylight,Dry,1241,350984.0
643,643,50568,4,Schloßstraße,2019,9,15,7,3,6,4,0,1,0,1,0,0,0,0.0,Charlottenburg-Wilmersdorf,Accident with minor injuries,Collision between vehicle and pedestrian,Pedestrian crossing accident,Daylight,Dry,1727,343592.0
644,644,50570,2,Wriezener Bahnhof/Entwicklungsgebiet,2019,8,3,7,2,0,4,2,0,0,1,1,0,0,1.0,Friedrichshain-Kreuzberg,Accident with serious injuries,Others,Pedestrian crossing accident,Dark,Wet/moist/slippery,1381,290386.0
645,645,50571,4,Richard-Wagner-Straße,2019,4,16,5,2,5,2,0,1,1,0,0,0,0,0.0,Charlottenburg-Wilmersdorf,Accident with serious injuries,Collision with a turning/crossing vehicle,Turning accident,Daylight,Dry,1727,343592.0
646,646,50572,2,Boxhagener Platz,2019,9,18,2,3,3,6,1,1,0,0,0,0,0,0.0,Friedrichshain-Kreuzberg,Accident with minor injuries,Collision with a vehicle traveling laterally in the same direction,Collision involving vehicles going in the same way,Twilight,Dry,1381,290386.0
647,647,50573,1,Nördlicher Landwehrkanal,2019,6,9,4,3,5,3,0,1,1,0,0,0,0,0.0,Mitte,Accident with minor injuries,Collision with a turning/crossing vehicle,Turning/Crossing accident,Daylight,Dry,2215,385748.0
648,648,50574,6,Zehlendorf Mitte,2019,9,16,6,3,0,2,0,1,1,0,0,0,0,0.0,Steglitz-Zehlendorf,Accident with minor injuries,Others,Turning accident,Daylight,Dry,851,310071.0
649,649,50575,3,Pankow Süd,2019,12,12,7,3,3,6,0,0,0,0,0,1,1,0.0,Pankow,Accident with minor injuries,Collision with a vehicle traveling laterally in the same direction,Collision involving vehicles going in the same way,Daylight,Dry,1219,409335.0
650,650,50576,6,Zehlendorf Mitte,2019,6,0,1,3,1,1,2,0,1,0,0,0,0,0.0,Steglitz-Zehlendorf,Accident with minor injuries,Collision with a moving/standing/parked vehicle,Driving accident,Dark,Dry,851,310071.0
651,651,50577,3,Falkplatz,2019,4,15,5,3,6,4,0,1,0,1,0,0,0,0.0,Pankow,Accident with minor injuries,Collision between vehicle and pedestrian,Pedestrian crossing accident,Daylight,Dry,1219,409335.0
652,652,50578,2,Samariterviertel,2019,11,23,6,3,5,2,2,1,1,0,0,0,0,1.0,Friedrichshain-Kreuzberg,Accident with minor injuries,Collision with a turning/crossing vehicle,Turning accident,Dark,Wet/moist/slippery,1381,290386.0
653,653,50579,3,Bötzowstraße,2019,11,17,3,3,2,6,2,0,1,0,0,0,0,0.0,Pankow,Accident with minor injuries,Collision with the vehicle in front/waiting vehicle,Collision involving vehicles going in the same way,Dark,Dry,1219,409335.0
654,654,50580,7,Grazer Platz,2019,8,15,6,3,5,2,0,0,1,0,0,0,0,0.0,Tempelhof-Schöneberg,Accident with minor injuries,Collision with a turning/crossing vehicle,Turning accident,Daylight,Dry,1241,350984.0
655,655,50581,10,Marzahner Promenade,2019,4,9,5,3,6,4,0,0,1,1,0,0,0,0.0,Marzahn-Hellersdorf,Accident with minor injuries,Collision between vehicle and pedestrian,Pedestrian crossing accident,Daylight,Dry,586,269967.0
656,656,50582,1,Unter den Linden Nord,2019,10,16,5,3,4,7,0,1,0,0,0,0,1,0.0,Mitte,Accident with minor injuries,Collision with oncoming vehicle,Others,Daylight,Dry,2215,385748.0
657,657,50583,4,Schloßstraße,2019,9,14,6,3,5,3,0,0,1,0,0,0,0,0.0,Charlottenburg-Wilmersdorf,Accident with minor injuries,Collision with a turning/crossing vehicle,Turning/Crossing accident,Daylight,Dry,1727,343592.0
658,658,50585,3,Thälmannpark,2019,6,12,1,2,5,7,0,0,1,0,0,0,1,0.0,Pankow,Accident with serious injuries,Collision with a turning/crossing vehicle,Others,Daylight,Dry,1219,409335.0
659,659,50586,11,Rüdigerstraße,2019,8,18,5,3,6,4,0,0,1,1,0,0,0,0.0,Lichtenberg,Accident with minor injuries,Collision between vehicle and pedestrian,Pedestrian crossing accident,Daylight,Dry,679,294201.0
660,660,50587,2,Askanischer Platz,2019,4,14,4,3,0,2,0,0,1,1,0,0,0,0.0,Friedrichshain-Kreuzberg,Accident with minor injuries,Others,Turning accident,Daylight,Dry,1381,290386.0
661,661,50588,4,Ernst-Reuter-Platz,2019,6,12,6,3,6,7,0,0,1,1,0,0,0,0.0,Charlottenburg-Wilmersdorf,Accident with minor injuries,Collision between vehicle and pedestrian,Others,Daylight,Dry,1727,343592.0
662,662,50589,5,Börnicker Straße,2019,9,14,6,3,2,6,0,0,1,0,0,0,1,0.0,Spandau,Accident with minor injuries,Collision with the vehicle in front/waiting vehicle,Collision involving vehicles going in the same way,Daylight,Dry,798,245197.0
663,663,50590,11,Rüdigerstraße,2019,12,21,7,3,2,6,2,0,1,0,0,0,0,1.0,Lichtenberg,Accident with minor injuries,Collision with the vehicle in front/waiting vehicle,Collision involving vehicles going in the same way,Dark,Wet/moist/slippery,679,294201.0
664,664,50591,7,Kaiser-Wilhelm-Platz,2019,6,19,7,3,1,5,0,1,0,0,0,0,1,0.0,Tempelhof-Schöneberg,Accident with minor injuries,Collision with a moving/standing/parked vehicle,Accident involving parked vehicles,Daylight,Dry,1241,350984.0
665,665,50592,7,Manteuffelstraße,2019,8,17,5,3,0,6,0,0,1,0,0,0,1,0.0,Tempelhof-Schöneberg,Accident with minor injuries,Others,Collision involving vehicles going in the same way,Daylight,Dry,1241,350984.0
666,666,50593,2,Hausburgviertel,2019,4,18,4,3,5,3,0,1,1,0,0,0,0,0.0,Friedrichshain-Kreuzberg,Accident with minor injuries,Collision with a turning/crossing vehicle,Turning/Crossing accident,Daylight,Dry,1381,290386.0
667,667,50594,4,Richard-Wagner-Straße,2019,11,13,1,3,2,6,0,0,1,0,0,0,1,1.0,Charlottenburg-Wilmersdorf,Accident with minor injuries,Collision with the vehicle in front/waiting vehicle,Collision involving vehicles going in the same way,Daylight,Wet/moist/slippery,1727,343592.0
668,668,50595,2,Wriezener Bahnhof/Entwicklungsgebiet,2019,8,15,5,3,0,6,0,1,0,1,0,0,0,0.0,Friedrichshain-Kreuzberg,Accident with minor injuries,Others,Collision involving vehicles going in the same way,Daylight,Dry,1381,290386.0
669,669,50596,6,Nikolassee,2019,4,18,4,3,5,3,0,1,1,0,0,0,0,0.0,Steglitz-Zehlendorf,Accident with minor injuries,Collision with a turning/crossing vehicle,Turning/Crossing accident,Daylight,Dry,851,310071.0
670,670,50597,4,Bismarckallee,2019,10,11,6,3,2,6,0,0,1,0,0,0,1,0.0,Charlottenburg-Wilmersdorf,Accident with minor injuries,Collision with the vehicle in front/waiting vehicle,Collision involving vehicles going in the same way,Daylight,Dry,1727,343592.0
671,671,50598,12,Hermsdorf,2019,9,8,6,3,5,3,0,1,1,0,0,0,0,0.0,Reinickendorf,Accident with minor injuries,Collision with a turning/crossing vehicle,Turning/Crossing accident,Daylight,Dry,867,266408.0
672,672,50600,7,Neu-Tempelhof,2019,6,13,7,3,2,6,0,0,1,0,0,0,0,0.0,Tempelhof-Schöneberg,Accident with minor injuries,Collision with the vehicle in front/waiting vehicle,Collision involving vehicles going in the same way,Daylight,Dry,1241,350984.0
673,673,50601,1,Nördlicher Landwehrkanal,2019,8,15,5,3,5,3,0,1,1,0,0,0,0,0.0,Mitte,Accident with minor injuries,Collision with a turning/crossing vehicle,Turning/Crossing accident,Daylight,Dry,2215,385748.0
674,674,50602,3,Lietzengraben,2019,4,17,4,3,2,6,0,0,1,0,0,0,0,0.0,Pankow,Accident with minor injuries,Collision with the vehicle in front/waiting vehicle,Collision involving vehicles going in the same way,Daylight,Dry,1219,409335.0
675,675,50603,10,Springpfuhl,2019,11,15,2,3,1,5,1,0,1,0,1,0,0,1.0,Marzahn-Hellersdorf,Accident with minor injuries,Collision with a moving/standing/parked vehicle,Accident involving parked vehicles,Twilight,Wet/moist/slippery,586,269967.0
676,676,50604,7,Neu-Tempelhof,2019,6,20,3,3,1,5,0,1,1,0,0,0,0,0.0,Tempelhof-Schöneberg,Accident with minor injuries,Collision with a moving/standing/parked vehicle,Accident involving parked vehicles,Daylight,Dry,1241,350984.0
677,677,50605,11,Tierpark,2019,9,16,6,3,3,6,0,0,1,0,1,0,0,0.0,Lichtenberg,Accident with minor injuries,Collision with a vehicle traveling laterally in the same direction,Collision involving vehicles going in the same way,Daylight,Dry,679,294201.0
678,678,50606,12,Schäfersee,2019,12,19,6,3,6,2,2,0,1,1,0,0,0,1.0,Reinickendorf,Accident with minor injuries,Collision between vehicle and pedestrian,Turning accident,Dark,Wet/moist/slippery,867,266408.0
679,679,50607,1,Humboldthain Nordwest,2019,8,8,5,3,2,2,0,0,1,0,0,0,0,0.0,Mitte,Accident with minor injuries,Collision with the vehicle in front/waiting vehicle,Turning accident,Daylight,Dry,2215,385748.0
680,680,50608,7,Manteuffelstraße,2019,4,14,4,3,6,4,0,0,1,1,0,0,0,0.0,Tempelhof-Schöneberg,Accident with minor injuries,Collision between vehicle and pedestrian,Pedestrian crossing accident,Daylight,Dry,1241,350984.0
681,681,50609,2,Samariterviertel,2019,10,17,2,3,6,4,2,0,1,1,0,0,0,1.0,Friedrichshain-Kreuzberg,Accident with minor injuries,Collision between vehicle and pedestrian,Pedestrian crossing accident,Dark,Wet/moist/slippery,1381,290386.0
682,682,50610,7,Germaniagarten,2019,9,6,5,3,3,6,2,0,1,0,0,1,0,0.0,Tempelhof-Schöneberg,Accident with minor injuries,Collision with a vehicle traveling laterally in the same direction,Collision involving vehicles going in the same way,Dark,Dry,1241,350984.0
683,683,50611,7,Fritz-Werner-Straße,2019,8,10,5,3,5,3,0,1,1,0,0,0,0,0.0,Tempelhof-Schöneberg,Accident with minor injuries,Collision with a turning/crossing vehicle,Turning/Crossing accident,Daylight,Dry,1241,350984.0
684,684,50612,10,Havemannstraße,2019,4,15,4,2,6,4,0,0,1,1,0,0,0,0.0,Marzahn-Hellersdorf,Accident with serious injuries,Collision between vehicle and pedestrian,Pedestrian crossing accident,Daylight,Dry,586,269967.0
685,685,50613,6,Botanischer Garten,2019,10,18,7,3,2,6,1,0,1,0,0,0,0,0.0,Steglitz-Zehlendorf,Accident with minor injuries,Collision with the vehicle in front/waiting vehicle,Collision involving vehicles going in the same way,Twilight,Dry,851,310071.0
686,686,50614,7,Rathaus Tempelhof,2019,6,23,7,3,3,6,2,0,1,0,0,0,0,0.0,Tempelhof-Schöneberg,Accident with minor injuries,Collision with a vehicle traveling laterally in the same direction,Collision involving vehicles going in the same way,Dark,Dry,1241,350984.0
687,687,50615,7,Volkspark (Rudolf-Wilde-Park),2019,9,16,5,3,2,6,0,0,1,0,0,0,0,0.0,Tempelhof-Schöneberg,Accident with minor injuries,Collision with the vehicle in front/waiting vehicle,Collision involving vehicles going in the same way,Daylight,Dry,1241,350984.0
688,688,50617,1,Heidestraße,2019,6,21,7,3,2,6,1,0,1,0,0,0,0,0.0,Mitte,Accident with minor injuries,Collision with the vehicle in front/waiting vehicle,Collision involving vehicles going in the same way,Twilight,Dry,2215,385748.0