,Unnamed: 0,object id,district,street,year,month,hour of day,weekday,category,accident type,accident type 2,light situation,bike involved,car involved,pedestrian involved,motor bike involved,big track involved,other vehicle involved,road condition,district name,category name,accident detail,accident type detail,light condition,road condition detail,accident count by district,est. population
689,689,50618,6,Wannsee,2019,4,9,4,3,5,2,0,0,1,0,0,0,0,0.0,Steglitz-Zehlendorf,Accident with minor injuries,Collision with a turning/crossing vehicle,Turning accident,Daylight,Dry,851,310071.0
690,690,50619,1,Heidestraße,2019,11,7,4,3,2,6,0,0,1,0,0,0,0,0.0,Mitte,Accident with minor injuries,Collision with the vehicle in front/waiting vehicle,Collision involving vehicles going in the same way,Daylight,Dry,2215,385748.0
691,691,50620,12,Waldidyll/Flughafensee,2019,6,12,7,3,0,7,0,0,1,0,0,0,0,0.0,Reinickendorf,Accident with minor injuries,Others,Others,Daylight,Dry,867,266408.0
692,692,50621,4,Park Ruhwald,2019,12,18,1,3,3,6,2,0,1,0,0,1,0,0.0,Charlottenburg-Wilmersdorf,Accident with minor injuries,Collision with a vehicle traveling laterally in the same direction,Collision involving vehicles going in the same way,Dark,Dry,1727,343592.0
693,693,50622,2,Andreasviertel,2019,8,7,5,3,1,6,0,0,1,0,0,0,0,0.0,Friedrichshain-Kreuzberg,Accident with minor injuries,Collision with a moving/standing/parked vehicle,Collision involving vehicles going in the same way,Daylight,Dry,1381,290386.0
694,694,50623,2,Samariterviertel,2019,4,8,4,2,0,2,0,1,1,0,0,0,0,0.0,Friedrichshain-Kreuzberg,Accident with serious injuries,Others,Turning accident,Daylight,Dry,1381,290386.0
695,695,50624,7,Grazer Platz,2019,10,8,3,3,2,6,0,0,1,0,1,0,0,0.0,Tempelhof-Schöneberg,Accident with minor injuries,Collision with the vehicle in front/waiting vehicle,Collision involving vehicles going in the same way,Daylight,Dry,1241,350984.0
696,696,50625,1,Alexanderplatzviertel,2019,9,15,5,3,3,6,0,0,1,0,0,0,0,0.0,Mitte,Accident with minor injuries,Collision with a vehicle traveling laterally in the same direction,Collision involving vehicles going in the same way,Daylight,Dry,2215,385748.0
697,697,50627,2,Friedenstraße,2019,7,11,4,2,0,7,0,1,0,0,0,0,0,0.0,Friedrichshain-Kreuzberg,Accident with serious injuries,Others,Others,Daylight,Dry,1381,290386.0
698,698,50628,7,Grazer Platz,2019,4,11,3,2,2,6,0,0,1,0,0,1,0,0.0,Tempelhof-Schöneberg,Accident with serious injuries,Collision with the vehicle in front/waiting vehicle,Collision involving vehicles going in the same way,Daylight,Dry,1241,350984.0
699,699,50629,4,Brabanter Platz,2019,9,14,7,3,2,6,0,0,1,0,0,0,0,1.0,Charlottenburg-Wilmersdorf,Accident with minor injuries,Collision with the vehicle in front/waiting vehicle,Collision involving vehicles going in the same way,Daylight,Wet/moist/slippery,1727,343592.0
700,700,50630,3,Komponistenviertel Weißensee,2019,6,9,3,3,3,6,0,1,0,0,0,0,1,0.0,Pankow,Accident with minor injuries,Collision with a vehicle traveling laterally in the same direction,Collision involving vehicles going in the same way,Daylight,Dry,1219,409335.0
701,701,50631,6,Botanischer Garten,2019,9,13,5,2,0,7,0,1,0,0,0,0,0,0.0,Steglitz-Zehlendorf,Accident with serious injuries,Others,Others,Daylight,Dry,851,310071.0
702,702,50632,9,Baumschulenstraße,2019,12,14,6,3,3,6,0,0,1,0,0,0,1,1.0,Treptow-Köpenick,Accident with minor injuries,Collision with a vehicle traveling laterally in the same direction,Collision involving vehicles going in the same way,Daylight,Wet/moist/slippery,892,273689.0
703,703,50633,1,Leipziger Straße,2019,6,1,7,3,2,6,2,0,1,0,0,0,0,0.0,Mitte,Accident with minor injuries,Collision with the vehicle in front/waiting vehicle,Collision involving vehicles going in the same way,Dark,Dry,2215,385748.0
704,704,50634,1,Nördlicher Landwehrkanal,2019,7,22,4,3,5,2,2,1,1,0,0,0,0,1.0,Mitte,Accident with minor injuries,Collision with a turning/crossing vehicle,Turning accident,Dark,Wet/moist/slippery,2215,385748.0
705,705,50635,4,Stadion Wilmersdorf,2019,4,10,3,3,2,6,0,0,1,0,0,0,0,0.0,Charlottenburg-Wilmersdorf,Accident with minor injuries,Collision with the vehicle in front/waiting vehicle,Collision involving vehicles going in the same way,Daylight,Dry,1727,343592.0
706,706,50636,11,Rüdigerstraße,2019,11,7,4,2,5,2,0,1,1,0,0,0,0,1.0,Lichtenberg,Accident with serious injuries,Collision with a turning/crossing vehicle,Turning accident,Daylight,Wet/moist/slippery,679,294201.0
707,707,50637,5,Weinmeisterhornweg,2019,11,14,1,3,5,3,0,0,1,0,1,0,0,0.0,Spandau,Accident with minor injuries,Collision with a turning/crossing vehicle,Turning/Crossing accident,Daylight,Dry,798,245197.0
708,708,50638,2,Samariterviertel,2019,7,14,4,3,0,6,0,1,0,0,0,0,0,0.0,Friedrichshain-Kreuzberg,Accident with minor injuries,Others,Collision involving vehicles going in the same way,Daylight,Dry,1381,290386.0
709,709,50639,3,Barnimkiez,2019,4,5,3,2,6,7,0,0,1,0,0,0,1,0.0,Pankow,Accident with serious injuries,Collision between vehicle and pedestrian,Others,Daylight,Dry,1219,409335.0
710,710,50640,2,Samariterviertel,2019,10,10,4,3,6,7,0,0,0,1,0,0,1,1.0,Friedrichshain-Kreuzberg,Accident with minor injuries,Collision between vehicle and pedestrian,Others,Daylight,Wet/moist/slippery,1381,290386.0
711,711,50641,2,Richard-Sorge-Viertel,2019,9,9,5,3,3,6,0,1,0,0,0,0,0,0.0,Friedrichshain-Kreuzberg,Accident with minor injuries,Collision with a vehicle traveling laterally in the same direction,Collision involving vehicles going in the same way,Daylight,Dry,1381,290386.0
712,712,50643,7,Fritz-Werner-Straße,2019,5,6,6,3,5,3,0,0,1,0,0,0,0,0.0,Tempelhof-Schöneberg,Accident with minor injuries,Collision with a turning/crossing vehicle,Turning/Crossing accident,Daylight,Dry,1241,350984.0
713,713,50644,4,Königin-Elisabeth-Straße,2019,7,13,4,3,5,2,0,1,0,0,0,1,0,0.0,Charlottenburg-Wilmersdorf,Accident with minor injuries,Collision with a turning/crossing vehicle,Turning accident,Daylight,Dry,1727,343592.0
714,714,50645,6,Zehlendorf Mitte,2019,4,11,3,3,5,7,0,1,1,0,0,0,0,0.0,Steglitz-Zehlendorf,Accident with minor injuries,Collision with a turning/crossing vehicle,Others,Daylight,Dry,851,310071.0
715,715,50646,9,Elsenstraße,2019,6,20,5,3,6,4,0,1,0,1,0,0,0,0.0,Treptow-Köpenick,Accident with minor injuries,Collision between vehicle and pedestrian,Pedestrian crossing accident,Daylight,Dry,892,273689.0
716,716,50647,7,Germaniagarten,2019,9,6,5,3,2,6,0,0,1,0,0,0,1,1.0,Tempelhof-Schöneberg,Accident with minor injuries,Collision with the vehicle in front/waiting vehicle,Collision involving vehicles going in the same way,Daylight,Wet/moist/slippery,1241,350984.0
717,717,50648,3,Bötzowstraße,2019,12,7,4,3,6,2,0,0,1,1,0,0,0,0.0,Pankow,Accident with minor injuries,Collision between vehicle and pedestrian,Turning accident,Daylight,Dry,1219,409335.0
718,718,50649,4,Richard-Wagner-Straße,2019,5,13,6,3,5,2,0,1,1,0,0,0,0,0.0,Charlottenburg-Wilmersdorf,Accident with minor injuries,Collision with a turning/crossing vehicle,Turning accident,Daylight,Dry,1727,343592.0
719,719,50650,1,Alexanderplatzviertel,2019,7,18,3,3,6,6,0,0,0,1,0,0,1,0.0,Mitte,Accident with minor injuries,Collision between vehicle and pedestrian,Collision involving vehicles going in the same way,Daylight,Dry,2215,385748.0
720,720,50651,4,Brabanter Platz,2019,11,5,6,3,5,2,2,0,1,0,0,0,0,0.0,Charlottenburg-Wilmersdorf,Accident with minor injuries,Collision with a turning/crossing vehicle,Turning accident,Dark,Dry,1727,343592.0
721,721,50652,1,Nördlicher Landwehrkanal,2019,7,23,3,3,5,3,2,1,0,0,0,0,1,0.0,Mitte,Accident with minor injuries,Collision with a turning/crossing vehicle,Turning/Crossing accident,Dark,Dry,2215,385748.0
722,722,50653,1,Leopoldplatz,2019,9,17,6,3,2,6,0,0,1,0,0,0,0,1.0,Mitte,Accident with minor injuries,Collision with the vehicle in front/waiting vehicle,Collision involving vehicles going in the same way,Daylight,Wet/moist/slippery,2215,385748.0
723,723,50654,1,Nördlicher Landwehrkanal,2019,4,11,3,3,2,6,0,0,1,0,1,0,0,0.0,Mitte,Accident with minor injuries,Collision with the vehicle in front/waiting vehicle,Collision involving vehicles going in the same way,Daylight,Dry,2215,385748.0
724,724,50655,4,Schloßstraße,2019,10,0,5,3,5,3,2,0,1,0,0,0,0,1.0,Charlottenburg-Wilmersdorf,Accident with minor injuries,Collision with a turning/crossing vehicle,Turning/Crossing accident,Dark,Wet/moist/slippery,1727,343592.0
725,725,50656,11,Rosenfelder Ring,2019,9,5,5,3,2,6,2,0,1,0,0,1,0,1.0,Lichtenberg,Accident with minor injuries,Collision with the vehicle in front/waiting vehicle,Collision involving vehicles going in the same way,Dark,Wet/moist/slippery,679,294201.0
726,726,50658,3,Pankow Süd,2019,5,19,6,2,1,5,1,1,1,0,0,0,0,1.0,Pankow,Accident with serious injuries,Collision with a moving/standing/parked vehicle,Accident involving parked vehicles,Twilight,Wet/moist/slippery,1219,409335.0
727,727,50659,3,Pankow Zentrum,2019,7,22,3,3,3,2,2,0,1,0,1,0,0,0.0,Pankow,Accident with minor injuries,Collision with a vehicle traveling laterally in the same direction,Turning accident,Dark,Dry,1219,409335.0
728,728,50660,1,Heidestraße,2019,4,14,3,3,2,6,0,0,1,0,0,0,1,0.0,Mitte,Accident with minor injuries,Collision with the vehicle in front/waiting vehicle,Collision involving vehicles going in the same way,Daylight,Dry,2215,385748.0
729,729,50661,7,Manteuffelstraße,2019,11,11,1,3,2,2,0,0,1,0,0,0,0,1.0,Tempelhof-Schöneberg,Accident with minor injuries,Collision with the vehicle in front/waiting vehicle,Turning accident,Daylight,Wet/moist/slippery,1241,350984.0
730,730,50662,12,Teichstraße,2019,6,23,7,3,2,7,2,0,0,0,0,0,1,0.0,Reinickendorf,Accident with minor injuries,Collision with the vehicle in front/waiting vehicle,Others,Dark,Dry,867,266408.0
731,731,50663,7,Rathausstraße,2019,9,11,4,3,2,7,0,0,1,0,1,0,0,0.0,Tempelhof-Schöneberg,Accident with minor injuries,Collision with the vehicle in front/waiting vehicle,Others,Daylight,Dry,1241,350984.0
732,732,50664,1,Reinickendorfer Straße,2019,12,17,5,3,2,6,2,0,1,0,0,0,1,0.0,Mitte,Accident with minor injuries,Collision with the vehicle in front/waiting vehicle,Collision involving vehicles going in the same way,Dark,Dry,2215,385748.0
733,733,50665,3,Falkplatz,2019,7,10,3,3,5,2,0,1,1,0,0,0,0,0.0,Pankow,Accident with minor injuries,Collision with a turning/crossing vehicle,Turning accident,Daylight,Dry,1219,409335.0
734,734,50666,3,Niederschönhausen,2019,4,15,3,3,5,2,0,1,1,0,0,0,0,0.0,Pankow,Accident with minor injuries,Collision with a turning/crossing vehicle,Turning accident,Daylight,Dry,1219,409335.0
735,735,50667,12,Breitkopfbecken,2019,7,12,3,3,9,1,0,0,1,0,0,0,0,0.0,Reinickendorf,Accident with minor injuries,Departure from the roadway to the left,Driving accident,Daylight,Dry,867,266408.0
736,736,50668,7,Kettinger Straße/Schillerstraße,2019,4,16,3,3,6,4,0,0,1,1,0,0,0,0.0,Tempelhof-Schöneberg,Accident with minor injuries,Collision between vehicle and pedestrian,Pedestrian crossing accident,Daylight,Dry,1241,350984.0
737,737,50669,1,Großer Tiergarten,2019,6,16,5,3,2,6,0,0,1,0,1,0,0,0.0,Mitte,Accident with minor injuries,Collision with the vehicle in front/waiting vehicle,Collision involving vehicles going in the same way,Daylight,Dry,2215,385748.0
738,738,50670,7,Rathausstraße,2019,9,9,4,3,3,6,0,0,1,0,0,1,0,0.0,Tempelhof-Schöneberg,Accident with minor injuries,Collision with a vehicle traveling laterally in the same direction,Collision involving vehicles going in the same way,Daylight,Dry,1241,350984.0
739,739,50671,2,Andreasviertel,2019,12,6,6,3,2,2,2,1,1,0,0,0,0,2.0,Friedrichshain-Kreuzberg,Accident with minor injuries,Collision with the vehicle in front/waiting vehicle,Turning accident,Dark,Snowy,1381,290386.0
740,740,50672,12,Breitkopfbecken,2019,5,19,6,2,9,1,0,0,1,0,0,0,0,1.0,Reinickendorf,Accident with serious injuries,Departure from the roadway to the left,Driving accident,Daylight,Wet/moist/slippery,867,266408.0
741,741,50673,3,Komponistenviertel Weißensee,2019,7,22,2,3,1,5,2,1,1,0,0,0,0,1.0,Pankow,Accident with minor injuries,Collision with a moving/standing/parked vehicle,Accident involving parked vehicles,Dark,Wet/moist/slippery,1219,409335.0
742,742,50674,9,Späthsfelde,2019,11,19,6,2,3,6,2,0,1,0,0,1,0,1.0,Treptow-Köpenick,Accident with serious injuries,Collision with a vehicle traveling laterally in the same direction,Collision involving vehicles going in the same way,Dark,Wet/moist/slippery,892,273689.0
743,743,50675,1,Alexanderplatzviertel,2019,7,19,2,3,0,6,0,1,1,0,0,0,0,1.0,Mitte,Accident with minor injuries,Others,Collision involving vehicles going in the same way,Daylight,Wet/moist/slippery,2215,385748.0
744,744,50676,4,Jungfernheide,2019,4,16,3,3,2,6,0,0,1,0,0,0,0,0.0,Charlottenburg-Wilmersdorf,Accident with minor injuries,Collision with the vehicle in front/waiting vehicle,Collision involving vehicles going in the same way,Daylight,Dry,1727,343592.0
745,745,50677,7,Fritz-Werner-Straße,2019,10,1,6,2,5,3,2,0,1,0,0,0,0,1.0,Tempelhof-Schöneberg,Accident with serious injuries,Collision with a turning/crossing vehicle,Turning/Crossing accident,Dark,Wet/moist/slippery,1241,350984.0
746,746,50678,7,Lindenhofsiedlung,2019,9,8,4,3,2,6,0,0,1,0,0,0,0,0.0,Tempelhof-Schöneberg,Accident with minor injuries,Collision with the vehicle in front/waiting vehicle,Collision involving vehicles going in the same way,Daylight,Dry,1241,350984.0
747,747,50680,2,Samariterviertel,2019,5,12,6,3,5,2,0,1,1,0,0,0,0,0.0,Friedrichshain-Kreuzberg,Accident with minor injuries,Collision with a turning/crossing vehicle,Turning accident,Daylight,Dry,1381,290386.0
748,748,50681,1,Humboldthain Nordwest,2019,7,19,2,3,5,2,0,1,1,0,0,0,0,1.0,Mitte,Accident with minor injuries,Collision with a turning/crossing vehicle,Turning accident,Daylight,Wet/moist/slippery,2215,385748.0
749,749,50682,9,Johannisthal Ost,2019,4,3,2,3,9,1,2,0,1,0,0,0,0,0.0,Treptow-Köpenick,Accident with minor injuries,Departure from the roadway to the left,Driving accident,Dark,Dry,892,273689.0
750,750,50683,7,Rathaus Tempelhof,2019,11,18,2,3,2,6,2,0,1,0,0,0,0,1.0,Tempelhof-Schöneberg,Accident with minor injuries,Collision with the vehicle in front/waiting vehicle,Collision involving vehicles going in the same way,Dark,Wet/moist/slippery,1241,350984.0
751,751,50684,9,Schnellerstraße,2019,6,16,1,3,2,6,0,0,0,0,1,0,0,0.0,Treptow-Köpenick,Accident with minor injuries,Collision with the vehicle in front/waiting vehicle,Collision involving vehicles going in the same way,Daylight,Dry,892,273689.0
752,752,50685,1,Leipziger Straße,2019,9,7,4,3,2,6,0,0,0,0,1,1,0,0.0,Mitte,Accident with minor injuries,Collision with the vehicle in front/waiting vehicle,Collision involving vehicles going in the same way,Daylight,Dry,2215,385748.0
753,753,50686,7,Grazer Platz,2019,12,7,6,3,2,6,1,0,1,0,0,0,0,1.0,Tempelhof-Schöneberg,Accident with minor injuries,Collision with the vehicle in front/waiting vehicle,Collision involving vehicles going in the same way,Twilight,Wet/moist/slippery,1241,350984.0
754,754,50687,7,Grazer Platz,2019,7,19,2,3,5,3,0,0,1,0,0,0,1,1.0,Tempelhof-Schöneberg,Accident with minor injuries,Collision with a turning/crossing vehicle,Turning/Crossing accident,Daylight,Wet/moist/slippery,1241,350984.0
755,755,50688,3,Pankow Zentrum,2019,4,10,7,3,0,2,0,0,1,0,0,0,1,0.0,Pankow,Accident with minor injuries,Others,Turning accident,Daylight,Dry,1219,409335.0
756,756,50689,7,Fritz-Werner-Straße,2019,10,6,2,3,0,3,1,1,0,0,0,0,0,1.0,Tempelhof-Schöneberg,Accident with minor injuries,Others,Turning/Crossing accident,Twilight,Wet/moist/slippery,1241,350984.0
757,757,50690,9,Elsenstraße,2019,9,8,3,3,2,6,0,0,1,0,0,0,0,0.0,Treptow-Köpenick,Accident with minor injuries,Collision with the vehicle in front/waiting vehicle,Collision involving vehicles going in the same way,Daylight,Dry,892,273689.0
758,758,50691,6,Zehlendorf Mitte,2019,7,16,2,3,0,5,0,1,1,0,0,0,0,0.0,Steglitz-Zehlendorf,Accident with minor injuries,Others,Accident involving parked vehicles,Daylight,Dry,851,310071.0
759,759,50692,2,Samariterviertel,2019,4,12,6,3,6,6,0,1,0,1,0,0,0,0.0,Friedrichshain-Kreuzberg,Accident with minor injuries,Collision between vehicle and pedestrian,Collision involving vehicles going in the same way,Daylight,Dry,1381,290386.0
760,760,50693,7,Fritz-Werner-Straße,2019,10,17,6,3,5,3,1,0,1,0,0,0,0,1.0,Tempelhof-Schöneberg,Accident with minor injuries,Collision with a turning/crossing vehicle,Turning/Crossing accident,Twilight,Wet/moist/slippery,1241,350984.0
761,761,50694,4,Reichsstraße,2019,6,15,6,3,5,2,0,0,1,0,0,0,0,0.0,Charlottenburg-Wilmersdorf,Accident with minor injuries,Collision with a turning/crossing vehicle,Turning accident,Daylight,Dry,1727,343592.0
762,762,50695,3,Pankow Süd,2019,9,16,3,3,5,2,0,1,1,0,0,0,0,0.0,Pankow,Accident with minor injuries,Collision with a turning/crossing vehicle,Turning accident,Daylight,Dry,1219,409335.0
763,763,50697,4,Reichsstraße,2019,5,14,5,3,2,6,0,0,1,0,0,0,0,0.0,Charlottenburg-Wilmersdorf,Accident with minor injuries,Collision with the vehicle in front/waiting vehicle,Collision involving vehicles going in the same way,Daylight,Dry,1727,343592.0
764,764,50698,4,Königin-Elisabeth-Straße,2019,4,10,6,3,2,6,0,0,0,0,1,0,0,0.0,Charlottenburg-Wilmersdorf,Accident with minor injuries,Collision with the vehicle in front/waiting vehicle,Collision involving vehicles going in the same way,Daylight,Dry,1727,343592.0
765,765,50699,1,Leipziger Straße,2019,11,22,2,3,3,6,2,0,1,0,0,0,0,0.0,Mitte,Accident with minor injuries,Collision with a vehicle traveling laterally in the same direction,Collision involving vehicles going in the same way,Dark,Dry,2215,385748.0
766,766,50700,1,Alexanderplatzviertel,2019,5,4,5,3,5,3,1,1,1,0,0,0,0,0.0,Mitte,Accident with minor injuries,Collision with a turning/crossing vehicle,Turning/Crossing accident,Twilight,Dry,2215,385748.0
767,767,50701,12,Ziekowstraße/Freie Scholle,2019,11,12,7,3,2,6,0,0,1,0,0,0,0,0.0,Reinickendorf,Accident with minor injuries,Collision with the vehicle in front/waiting vehicle,Collision involving vehicles going in the same way,Daylight,Dry,867,266408.0
768,768,50702,4,Park Ruhwald,2019,7,14,2,3,3,6,0,0,1,0,0,0,0,0.0,Charlottenburg-Wilmersdorf,Accident with minor injuries,Collision with a vehicle traveling laterally in the same direction,Collision involving vehicles going in the same way,Daylight,Dry,1727,343592.0
769,769,50703,7,Fritz-Werner-Straße,2019,4,14,6,3,2,2,0,0,0,0,0,0,1,0.0,Tempelhof-Schöneberg,Accident with minor injuries,Collision with the vehicle in front/waiting vehicle,Turning accident,Daylight,Dry,1241,350984.0
770,770,50704,7,Marienfelder Allee Nordwest,2019,10,16,3,2,1,5,0,0,1,0,1,0,0,0.0,Tempelhof-Schöneberg,Accident with serious injuries,Collision with a moving/standing/parked vehicle,Accident involving parked vehicles,Daylight,Dry,1241,350984.0
771,771,50705,1,Nördlicher Landwehrkanal,2019,9,15,3,3,2,2,0,0,0,0,1,1,0,0.0,Mitte,Accident with minor injuries,Collision with the vehicle in front/waiting vehicle,Turning accident,Daylight,Dry,2215,385748.0
772,772,50707,9,Schnellerstraße,2019,7,13,2,3,2,6,0,0,1,0,1,0,0,0.0,Treptow-Köpenick,Accident with minor injuries,Collision with the vehicle in front/waiting vehicle,Collision involving vehicles going in the same way,Daylight,Dry,892,273689.0
773,773,50708,5,Börnicker Straße,2019,4,15,6,3,0,1,0,0,0,0,1,0,0,0.0,Spandau,Accident with minor injuries,Others,Driving accident,Daylight,Dry,798,245197.0
774,774,50709,1,Alexanderplatzviertel,2019,9,17,6,2,6,7,0,0,0,1,0,0,1,0.0,Mitte,Accident with serious injuries,Collision between vehicle and pedestrian,Others,Daylight,Dry,2215,385748.0
775,775,50710,2,Boxhagener Platz,2019,6,19,2,3,1,5,0,1,1,0,0,0,0,0.0,Friedrichshain-Kreuzberg,Accident with minor injuries,Collision with a moving/standing/parked vehicle,Accident involving parked vehicles,Daylight,Dry,1381,290386.0
776,776,50711,10,Kaulsdorf Süd,2019,9,11,3,3,0,7,0,0,1,0,0,0,0,0.0,Marzahn-Hellersdorf,Accident with minor injuries,Others,Others,Daylight,Dry,586,269967.0
777,777,50712,2,Boxhagener Platz,2019,12,19,3,3,1,5,2,1,1,0,0,0,1,0.0,Friedrichshain-Kreuzberg,Accident with minor injuries,Collision with a moving/standing/parked vehicle,Accident involving parked vehicles,Dark,Dry,1381,290386.0
778,778,50713,11,Rosenfelder Ring,2019,5,20,4,3,2,7,0,0,1,0,0,0,1,0.0,Lichtenberg,Accident with minor injuries,Collision with the vehicle in front/waiting vehicle,Others,Daylight,Dry,679,294201.0
779,779,50714,1,Alexanderplatzviertel,2019,7,10,2,3,5,3,0,0,1,0,0,0,1,0.0,Mitte,Accident with minor injuries,Collision with a turning/crossing vehicle,Turning/Crossing accident,Daylight,Dry,2215,385748.0
780,780,50715,7,Grazer Platz,2019,4,10,5,3,3,6,0,0,1,0,0,0,0,0.0,Tempelhof-Schöneberg,Accident with minor injuries,Collision with a vehicle traveling laterally in the same direction,Collision involving vehicles going in the same way,Daylight,Dry,1241,350984.0
781,781,50716,1,Nördlicher Landwehrkanal,2019,11,12,4,3,5,7,0,0,1,0,0,0,0,1.0,Mitte,Accident with minor injuries,Collision with a turning/crossing vehicle,Others,Daylight,Wet/moist/slippery,2215,385748.0
782,782,50717,7,Fritz-Werner-Straße,2019,11,13,7,2,6,7,0,0,1,1,0,0,0,0.0,Tempelhof-Schöneberg,Accident with serious injuries,Collision between vehicle and pedestrian,Others,Daylight,Dry,1241,350984.0
783,783,50718,6,Feuerbachstraße,2019,7,11,2,2,2,7,0,0,1,0,0,0,0,0.0,Steglitz-Zehlendorf,Accident with serious injuries,Collision with the vehicle in front/waiting vehicle,Others,Daylight,Dry,851,310071.0
784,784,50719,3,Arnimplatz,2019,4,20,5,3,0,6,0,0,0,0,0,0,1,0.0,Pankow,Accident with minor injuries,Others,Collision involving vehicles going in the same way,Daylight,Dry,1219,409335.0
785,785,50720,11,Rosenfelder Ring,2019,10,9,3,3,6,2,0,0,1,1,0,0,0,0.0,Lichtenberg,Accident with minor injuries,Collision between vehicle and pedestrian,Turning accident,Daylight,Dry,679,294201.0
786,786,50721,12,Schäfersee,2019,9,9,3,3,1,7,0,0,1,1,0,0,1,0.0,Reinickendorf,Accident with minor injuries,Collision with a moving/standing/parked vehicle,Others,Daylight,Dry,867,266408.0
787,787,50723,2,Samariterviertel,2019,5,22,4,3,3,6,2,0,1,0,1,0,0,0.0,Friedrichshain-Kreuzberg,Accident with minor injuries,Collision with a vehicle traveling laterally in the same direction,Collision involving vehicles going in the same way,Dark,Dry,1381,290386.0
788,788,50724,7,Neu-Tempelhof,2019,7,8,2,3,0,7,0,1,0,0,0,0,0,0.0,Tempelhof-Schöneberg,Accident with minor injuries,Others,Others,Daylight,Dry,1241,350984.0
789,789,50725,2,Hausburgviertel,2019,4,22,5,3,5,2,2,0,1,0,0,0,1,0.0,Friedrichshain-Kreuzberg,Accident with minor injuries,Collision with a turning/crossing vehicle,Turning accident,Dark,Dry,1381,290386.0
790,790,50726,7,John-Locke-Straße,2019,11,18,5,3,3,6,2,0,1,0,0,0,0,1.0,Tempelhof-Schöneberg,Accident with minor injuries,Collision with a vehicle traveling laterally in the same direction,Collision involving vehicles going in the same way,Dark,Wet/moist/slippery,1241,350984.0
791,791,50727,7,Rathaus Tempelhof,2019,6,14,5,3,2,6,0,0,1,0,0,0,0,0.0,Tempelhof-Schöneberg,Accident with minor injuries,Collision with the vehicle in front/waiting vehicle,Collision involving vehicles going in the same way,Daylight,Dry,1241,350984.0
792,792,50728,4,Reichsstraße,2019,9,12,3,3,0,3,0,1,1,0,0,0,0,0.0,Charlottenburg-Wilmersdorf,Accident with minor injuries,Others,Turning/Crossing accident,Daylight,Dry,1727,343592.0
793,793,50729,4,Richard-Wagner-Straße,2019,12,20,3,3,5,3,2,1,1,0,0,0,0,1.0,Charlottenburg-Wilmersdorf,Accident with minor injuries,Collision with a turning/crossing vehicle,Turning/Crossing accident,Dark,Wet/moist/slippery,1727,343592.0
794,794,50730,10,Wuhletalstraße,2019,7,8,1,2,9,1,0,0,1,0,0,0,0,0.0,Marzahn-Hellersdorf,Accident with serious injuries,Departure from the roadway to the left,Driving accident,Daylight,Dry,586,269967.0
795,795,50731,2,Viktoriapark,2019,10,4,5,3,8,1,2,0,1,0,0,0,0,0.0,Friedrichshain-Kreuzberg,Accident with minor injuries,Departure from the roadway to the right,Driving accident,Dark,Dry,1381,290386.0
796,796,50732,6,Markelstraße,2019,7,23,1,3,0,7,2,0,1,0,0,0,0,0.0,Steglitz-Zehlendorf,Accident with minor injuries,Others,Others,Dark,Dry,851,310071.0
797,797,50733,2,Viktoriapark,2019,9,15,6,3,2,6,0,0,1,0,0,0,0,1.0,Friedrichshain-Kreuzberg,Accident with minor injuries,Collision with the vehicle in front/waiting vehicle,Collision involving vehicles going in the same way,Daylight,Wet/moist/slippery,1381,290386.0
798,798,50734,6,Zehlendorf Mitte,2019,4,18,5,3,0,1,0,0,0,0,1,0,0,0.0,Steglitz-Zehlendorf,Accident with minor injuries,Others,Driving accident,Daylight,Dry,851,310071.0
799,799,50735,4,Güterbahnhof Grunewald,2019,10,9,4,3,2,6,0,0,1,0,0,0,0,0.0,Charlottenburg-Wilmersdorf,Accident with minor injuries,Collision with the vehicle in front/waiting vehicle,Collision involving vehicles going in the same way,Daylight,Dry,1727,343592.0
800,800,50736,4,Reichsstraße,2019,9,12,3,3,0,3,0,1,1,0,0,0,0,0.0,Charlottenburg-Wilmersdorf,Accident with minor injuries,Others,Turning/Crossing accident,Daylight,Dry,1727,343592.0
801,801,50738,1,Leopoldplatz,2019,5,21,4,3,2,6,0,0,1,0,0,0,1,0.0,Mitte,Accident with minor injuries,Collision with the vehicle in front/waiting vehicle,Collision involving vehicles going in the same way,Daylight,Dry,2215,385748.0
802,802,50739,2,Samariterviertel,2019,7,19,1,3,5,2,0,0,1,0,0,0,0,0.0,Friedrichshain-Kreuzberg,Accident with minor injuries,Collision with a turning/crossing vehicle,Turning accident,Daylight,Dry,1381,290386.0
803,803,50740,2,Hausburgviertel,2019,4,10,5,3,6,4,0,1,0,1,0,0,0,0.0,Friedrichshain-Kreuzberg,Accident with minor injuries,Collision between vehicle and pedestrian,Pedestrian crossing accident,Daylight,Dry,1381,290386.0
804,804,50741,1,Nördlicher Landwehrkanal,2019,11,16,7,2,0,3,1,1,0,0,0,0,1,0.0,Mitte,Accident with serious injuries,Others,Turning/Crossing accident,Twilight,Dry,2215,385748.0