,Unnamed: 0,object id,district,street,year,month,hour of day,weekday,category,accident type,accident type 2,light situation,bike involved,car involved,pedestrian involved,motor bike involved,big track involved,other vehicle involved,road condition,district name,category name,accident detail,accident type detail,light condition,road condition detail,accident count by district,est. population
805,805,50742,9,Am Treptower Park Nord,2019,6,18,7,2,3,6,0,0,1,0,0,0,0,0.0,Treptow-Köpenick,Accident with serious injuries,Collision with a vehicle traveling laterally in the same direction,Collision involving vehicles going in the same way,Daylight,Dry,892,273689.0
806,806,50743,12,Letteplatz,2019,12,11,4,3,3,6,0,0,1,0,1,0,0,0.0,Reinickendorf,Accident with minor injuries,Collision with a vehicle traveling laterally in the same direction,Collision involving vehicles going in the same way,Daylight,Dry,867,266408.0
807,807,50744,5,Jägerallee,2019,7,18,1,2,5,3,0,1,1,0,0,0,0,0.0,Spandau,Accident with serious injuries,Collision with a turning/crossing vehicle,Turning/Crossing accident,Daylight,Dry,798,245197.0
808,808,50745,2,Rathaus Yorckstraße,2019,4,9,5,3,1,5,0,0,1,0,0,0,1,0.0,Friedrichshain-Kreuzberg,Accident with minor injuries,Collision with a moving/standing/parked vehicle,Accident involving parked vehicles,Daylight,Dry,1381,290386.0
809,809,50746,7,Fritz-Werner-Straße,2019,10,17,6,3,5,3,0,0,1,0,0,0,0,0.0,Tempelhof-Schöneberg,Accident with minor injuries,Collision with a turning/crossing vehicle,Turning/Crossing accident,Daylight,Dry,1241,350984.0
810,810,50747,1,Körnerstraße,2019,9,15,2,3,0,7,0,1,0,0,0,0,0,1.0,Mitte,Accident with minor injuries,Others,Others,Daylight,Wet/moist/slippery,2215,385748.0
811,811,50748,4,Kranzallee,2019,7,23,7,3,5,2,2,0,1,0,1,0,0,0.0,Charlottenburg-Wilmersdorf,Accident with minor injuries,Collision with a turning/crossing vehicle,Turning accident,Dark,Dry,1727,343592.0
812,812,50749,9,Schnellerstraße,2019,4,10,5,2,5,3,0,1,1,0,0,0,0,0.0,Treptow-Köpenick,Accident with serious injuries,Collision with a turning/crossing vehicle,Turning/Crossing accident,Daylight,Dry,892,273689.0
813,813,50750,3,Niederschönhausen,2019,10,8,4,3,2,7,1,1,1,0,0,0,0,1.0,Pankow,Accident with minor injuries,Collision with the vehicle in front/waiting vehicle,Others,Twilight,Wet/moist/slippery,1219,409335.0
814,814,50751,10,Alt-Biesdorf,2019,6,7,5,2,5,2,0,1,1,0,0,0,0,0.0,Marzahn-Hellersdorf,Accident with serious injuries,Collision with a turning/crossing vehicle,Turning accident,Daylight,Dry,586,269967.0
815,815,50752,1,Humboldthain Nordwest,2019,9,11,2,3,5,2,0,0,1,0,0,0,0,1.0,Mitte,Accident with minor injuries,Collision with a turning/crossing vehicle,Turning accident,Daylight,Wet/moist/slippery,2215,385748.0
816,816,50753,7,John-Locke-Straße,2019,12,14,5,3,1,5,0,0,1,0,0,0,1,1.0,Tempelhof-Schöneberg,Accident with minor injuries,Collision with a moving/standing/parked vehicle,Accident involving parked vehicles,Daylight,Wet/moist/slippery,1241,350984.0
817,817,50754,2,Samariterviertel,2019,5,10,4,3,2,6,0,0,1,0,1,0,0,0.0,Friedrichshain-Kreuzberg,Accident with minor injuries,Collision with the vehicle in front/waiting vehicle,Collision involving vehicles going in the same way,Daylight,Dry,1381,290386.0
818,818,50755,1,Schillerpark,2019,4,17,5,3,2,6,0,0,1,0,0,0,0,0.0,Mitte,Accident with minor injuries,Collision with the vehicle in front/waiting vehicle,Collision involving vehicles going in the same way,Daylight,Dry,2215,385748.0
819,819,50756,1,Heidestraße,2019,11,5,1,3,8,1,2,0,1,0,0,0,1,1.0,Mitte,Accident with minor injuries,Departure from the roadway to the right,Driving accident,Dark,Wet/moist/slippery,2215,385748.0
820,820,50757,4,Ernst-Reuter-Platz,2019,5,11,4,3,5,7,0,1,1,0,0,0,0,0.0,Charlottenburg-Wilmersdorf,Accident with minor injuries,Collision with a turning/crossing vehicle,Others,Daylight,Dry,1727,343592.0
821,821,50758,3,Pankow Zentrum,2019,11,18,5,3,5,2,2,1,1,0,0,0,0,1.0,Pankow,Accident with minor injuries,Collision with a turning/crossing vehicle,Turning accident,Dark,Wet/moist/slippery,1219,409335.0
822,822,50759,4,Schloßstraße,2019,7,22,7,2,0,1,2,1,0,0,0,0,0,0.0,Charlottenburg-Wilmersdorf,Accident with serious injuries,Others,Driving accident,Dark,Dry,1727,343592.0
823,823,50760,10,Marzahner Chaussee,2019,4,7,4,2,5,2,0,0,1,0,1,0,1,0.0,Marzahn-Hellersdorf,Accident with serious injuries,Collision with a turning/crossing vehicle,Turning accident,Daylight,Dry,586,269967.0
824,824,50761,3,Niederschönhausen,2019,10,14,1,3,5,2,0,1,1,0,0,0,0,0.0,Pankow,Accident with minor injuries,Collision with a turning/crossing vehicle,Turning accident,Daylight,Dry,1219,409335.0
825,825,50762,4,Messegelände,2019,9,23,2,3,9,1,2,0,1,0,0,0,0,1.0,Charlottenburg-Wilmersdorf,Accident with minor injuries,Departure from the roadway to the left,Driving accident,Dark,Wet/moist/slippery,1727,343592.0
826,826,50764,4,Königin-Elisabeth-Straße,2019,5,17,4,3,3,6,0,0,1,0,0,0,0,0.0,Charlottenburg-Wilmersdorf,Accident with minor injuries,Collision with a vehicle traveling laterally in the same direction,Collision involving vehicles going in the same way,Daylight,Dry,1727,343592.0
827,827,50765,2,Richard-Sorge-Viertel,2019,7,10,7,3,3,6,0,1,1,0,0,0,0,0.0,Friedrichshain-Kreuzberg,Accident with minor injuries,Collision with a vehicle traveling laterally in the same direction,Collision involving vehicles going in the same way,Daylight,Dry,1381,290386.0
828,828,50766,5,Weinmeisterhornweg,2019,4,11,4,3,2,6,0,0,1,0,0,0,1,0.0,Spandau,Accident with minor injuries,Collision with the vehicle in front/waiting vehicle,Collision involving vehicles going in the same way,Daylight,Dry,798,245197.0
829,829,50767,2,Rathaus Yorckstraße,2019,10,20,7,3,0,7,2,0,0,0,1,0,0,0.0,Friedrichshain-Kreuzberg,Accident with minor injuries,Others,Others,Dark,Dry,1381,290386.0
830,830,50768,7,Grazer Platz,2019,9,21,2,3,5,3,2,0,1,0,0,1,0,1.0,Tempelhof-Schöneberg,Accident with minor injuries,Collision with a turning/crossing vehicle,Turning/Crossing accident,Dark,Wet/moist/slippery,1241,350984.0
831,831,50769,3,Arnimplatz,2019,7,10,7,3,2,6,0,0,1,0,1,0,0,0.0,Pankow,Accident with minor injuries,Collision with the vehicle in front/waiting vehicle,Collision involving vehicles going in the same way,Daylight,Dry,1219,409335.0
832,832,50770,4,Kranzallee,2019,4,12,4,3,2,6,0,0,1,0,0,0,0,0.0,Charlottenburg-Wilmersdorf,Accident with minor injuries,Collision with the vehicle in front/waiting vehicle,Collision involving vehicles going in the same way,Daylight,Dry,1727,343592.0
833,833,50771,1,Humboldthain Nordwest,2019,10,6,4,3,2,6,2,0,1,0,0,0,1,1.0,Mitte,Accident with minor injuries,Collision with the vehicle in front/waiting vehicle,Collision involving vehicles going in the same way,Dark,Wet/moist/slippery,2215,385748.0
834,834,50772,1,Humboldthain Nordwest,2019,6,8,6,3,5,2,0,1,1,0,0,0,0,0.0,Mitte,Accident with minor injuries,Collision with a turning/crossing vehicle,Turning accident,Daylight,Dry,2215,385748.0
835,835,50773,4,Königin-Elisabeth-Straße,2019,9,19,2,3,5,3,2,0,1,0,0,1,0,1.0,Charlottenburg-Wilmersdorf,Accident with minor injuries,Collision with a turning/crossing vehicle,Turning/Crossing accident,Dark,Wet/moist/slippery,1727,343592.0
836,836,50774,3,Niederschönhausen,2019,12,7,7,3,4,6,0,0,1,0,0,0,0,0.0,Pankow,Accident with minor injuries,Collision with oncoming vehicle,Collision involving vehicles going in the same way,Daylight,Dry,1219,409335.0
837,837,50775,3,Pankow Süd,2019,5,13,4,3,5,2,0,0,1,0,0,0,1,0.0,Pankow,Accident with minor injuries,Collision with a turning/crossing vehicle,Turning accident,Daylight,Dry,1219,409335.0
838,838,50776,7,Rathaus Tempelhof,2019,4,13,4,3,3,6,0,0,1,0,0,1,0,0.0,Tempelhof-Schöneberg,Accident with minor injuries,Collision with a vehicle traveling laterally in the same direction,Collision involving vehicles going in the same way,Daylight,Dry,1241,350984.0
839,839,50777,12,Heiligensee,2019,11,14,1,3,2,6,0,0,1,0,0,0,0,0.0,Reinickendorf,Accident with minor injuries,Collision with the vehicle in front/waiting vehicle,Collision involving vehicles going in the same way,Daylight,Dry,867,266408.0
840,840,50778,7,Rathaus Tempelhof,2019,5,15,4,2,9,1,0,0,0,0,1,0,0,0.0,Tempelhof-Schöneberg,Accident with serious injuries,Departure from the roadway to the left,Driving accident,Daylight,Dry,1241,350984.0
841,841,50779,7,Manteuffelstraße,2019,11,13,7,2,0,1,0,0,0,0,1,0,0,1.0,Tempelhof-Schöneberg,Accident with serious injuries,Others,Driving accident,Daylight,Wet/moist/slippery,1241,350984.0
842,842,50780,9,Schnellerstraße,2019,7,0,7,2,5,3,2,1,0,0,1,0,0,0.0,Treptow-Köpenick,Accident with serious injuries,Collision with a turning/crossing vehicle,Turning/Crossing accident,Dark,Dry,892,273689.0
843,843,50781,12,Schäfersee,2019,4,14,4,3,0,2,0,1,0,0,0,0,1,0.0,Reinickendorf,Accident with minor injuries,Others,Turning accident,Daylight,Dry,867,266408.0
844,844,50782,4,Schloßstraße,2019,10,13,2,3,2,6,0,1,1,0,0,0,0,0.0,Charlottenburg-Wilmersdorf,Accident with minor injuries,Collision with the vehicle in front/waiting vehicle,Collision involving vehicles going in the same way,Daylight,Dry,1727,343592.0
845,845,50783,4,Reichsstraße,2019,9,15,2,3,4,1,0,0,1,0,0,0,0,1.0,Charlottenburg-Wilmersdorf,Accident with minor injuries,Collision with oncoming vehicle,Driving accident,Daylight,Wet/moist/slippery,1727,343592.0
846,846,50785,7,Fritz-Werner-Straße,2019,5,7,4,3,5,3,0,1,0,0,0,0,0,0.0,Tempelhof-Schöneberg,Accident with minor injuries,Collision with a turning/crossing vehicle,Turning/Crossing accident,Daylight,Dry,1241,350984.0
847,847,50786,1,Alexanderplatzviertel,2019,7,23,6,2,0,7,2,0,0,0,1,0,1,0.0,Mitte,Accident with serious injuries,Others,Others,Dark,Dry,2215,385748.0
848,848,50787,1,Nördlicher Landwehrkanal,2019,4,15,4,3,2,6,0,0,1,0,0,0,1,0.0,Mitte,Accident with minor injuries,Collision with the vehicle in front/waiting vehicle,Collision involving vehicles going in the same way,Daylight,Dry,2215,385748.0
849,849,50788,3,Niederschönhausen,2019,6,14,2,2,0,3,0,0,0,0,1,1,0,0.0,Pankow,Accident with serious injuries,Others,Turning/Crossing accident,Daylight,Dry,1219,409335.0
850,850,50789,2,Askanischer Platz,2019,9,9,2,3,2,6,0,0,1,0,0,0,0,1.0,Friedrichshain-Kreuzberg,Accident with minor injuries,Collision with the vehicle in front/waiting vehicle,Collision involving vehicles going in the same way,Daylight,Wet/moist/slippery,1381,290386.0
851,851,50790,1,Leipziger Straße,2019,12,19,2,3,5,3,2,1,1,0,0,0,0,1.0,Mitte,Accident with minor injuries,Collision with a turning/crossing vehicle,Turning/Crossing accident,Dark,Wet/moist/slippery,2215,385748.0
852,852,50791,2,Samariterviertel,2019,5,9,4,3,5,2,0,1,0,0,0,0,1,0.0,Friedrichshain-Kreuzberg,Accident with minor injuries,Collision with a turning/crossing vehicle,Turning accident,Daylight,Dry,1381,290386.0
853,853,50792,7,Neu-Tempelhof,2019,7,12,6,3,1,5,0,0,1,0,0,0,1,0.0,Tempelhof-Schöneberg,Accident with minor injuries,Collision with a moving/standing/parked vehicle,Accident involving parked vehicles,Daylight,Dry,1241,350984.0
854,854,50793,4,Richard-Wagner-Straße,2019,4,17,3,3,3,6,0,0,1,0,1,0,0,0.0,Charlottenburg-Wilmersdorf,Accident with minor injuries,Collision with a vehicle traveling laterally in the same direction,Collision involving vehicles going in the same way,Daylight,Dry,1727,343592.0
855,855,50794,6,Botanischer Garten,2019,11,14,3,3,2,6,0,0,1,0,0,0,0,1.0,Steglitz-Zehlendorf,Accident with minor injuries,Collision with the vehicle in front/waiting vehicle,Collision involving vehicles going in the same way,Daylight,Wet/moist/slippery,851,310071.0
856,856,50795,1,Humboldthain Nordwest,2019,11,13,6,2,5,3,0,0,1,0,0,0,0,0.0,Mitte,Accident with serious injuries,Collision with a turning/crossing vehicle,Turning/Crossing accident,Daylight,Dry,2215,385748.0
857,857,50796,4,Schloßstraße,2019,7,12,6,3,2,6,0,0,1,0,0,0,0,0.0,Charlottenburg-Wilmersdorf,Accident with minor injuries,Collision with the vehicle in front/waiting vehicle,Collision involving vehicles going in the same way,Daylight,Dry,1727,343592.0
858,858,50797,4,Friedenau,2019,4,21,3,3,2,6,2,0,1,0,0,0,0,0.0,Charlottenburg-Wilmersdorf,Accident with minor injuries,Collision with the vehicle in front/waiting vehicle,Collision involving vehicles going in the same way,Dark,Dry,1727,343592.0
859,859,50798,6,Fichtenberg,2019,10,15,2,3,5,7,0,0,1,0,0,0,0,0.0,Steglitz-Zehlendorf,Accident with minor injuries,Collision with a turning/crossing vehicle,Others,Daylight,Dry,851,310071.0
860,860,50799,9,Elsenstraße,2019,9,8,2,3,3,6,0,0,1,0,0,0,1,1.0,Treptow-Köpenick,Accident with minor injuries,Collision with a vehicle traveling laterally in the same direction,Collision involving vehicles going in the same way,Daylight,Wet/moist/slippery,892,273689.0
861,861,50801,4,Kranzallee,2019,5,7,4,2,5,7,0,0,1,0,1,0,0,0.0,Charlottenburg-Wilmersdorf,Accident with serious injuries,Collision with a turning/crossing vehicle,Others,Daylight,Dry,1727,343592.0
862,862,50802,4,Kranzallee,2019,7,18,6,3,2,6,0,0,1,0,0,0,0,0.0,Charlottenburg-Wilmersdorf,Accident with minor injuries,Collision with the vehicle in front/waiting vehicle,Collision involving vehicles going in the same way,Daylight,Dry,1727,343592.0
863,863,50803,11,Rüdigerstraße,2019,4,20,3,3,1,5,2,0,1,0,1,0,0,0.0,Lichtenberg,Accident with minor injuries,Collision with a moving/standing/parked vehicle,Accident involving parked vehicles,Dark,Dry,679,294201.0
864,864,50804,2,Friedenstraße,2019,11,21,4,3,3,6,2,0,1,0,0,0,1,0.0,Friedrichshain-Kreuzberg,Accident with minor injuries,Collision with a vehicle traveling laterally in the same direction,Collision involving vehicles going in the same way,Dark,Dry,1381,290386.0
865,865,50805,4,Reichsstraße,2019,6,13,4,3,5,2,0,0,1,0,0,0,0,0.0,Charlottenburg-Wilmersdorf,Accident with minor injuries,Collision with a turning/crossing vehicle,Turning accident,Daylight,Dry,1727,343592.0
866,866,50806,7,Fritz-Werner-Straße,2019,9,14,2,3,2,6,0,0,1,0,1,0,0,1.0,Tempelhof-Schöneberg,Accident with minor injuries,Collision with the vehicle in front/waiting vehicle,Collision involving vehicles going in the same way,Daylight,Wet/moist/slippery,1241,350984.0
867,867,50807,4,Stadion Wilmersdorf,2019,12,17,2,3,2,6,2,0,1,0,0,0,0,1.0,Charlottenburg-Wilmersdorf,Accident with minor injuries,Collision with the vehicle in front/waiting vehicle,Collision involving vehicles going in the same way,Dark,Wet/moist/slippery,1727,343592.0
868,868,50808,1,Alexanderplatzviertel,2019,7,20,6,3,0,1,1,0,0,0,0,0,1,0.0,Mitte,Accident with minor injuries,Others,Driving accident,Twilight,Dry,2215,385748.0
869,869,50809,9,Späthsfelde,2019,10,18,4,3,2,6,2,0,1,0,0,0,0,0.0,Treptow-Köpenick,Accident with minor injuries,Collision with the vehicle in front/waiting vehicle,Collision involving vehicles going in the same way,Dark,Dry,892,273689.0
870,870,50810,2,Samariterviertel,2019,9,0,1,3,9,1,2,0,1,0,0,0,0,0.0,Friedrichshain-Kreuzberg,Accident with minor injuries,Departure from the roadway to the left,Driving accident,Dark,Dry,1381,290386.0
871,871,50811,4,Jungfernheide,2019,7,9,6,3,2,6,0,0,1,0,0,0,0,0.0,Charlottenburg-Wilmersdorf,Accident with minor injuries,Collision with the vehicle in front/waiting vehicle,Collision involving vehicles going in the same way,Daylight,Dry,1727,343592.0
872,872,50812,3,Weißer See,2019,4,19,3,3,5,3,0,0,1,0,0,0,0,0.0,Pankow,Accident with minor injuries,Collision with a turning/crossing vehicle,Turning/Crossing accident,Daylight,Dry,1219,409335.0
873,873,50813,5,Weinmeisterhornweg,2019,10,11,3,3,2,6,0,0,1,0,0,0,0,1.0,Spandau,Accident with minor injuries,Collision with the vehicle in front/waiting vehicle,Collision involving vehicles going in the same way,Daylight,Wet/moist/slippery,798,245197.0
874,874,50814,7,Birnhornweg,2019,9,4,1,3,1,1,0,0,1,0,0,0,0,0.0,Tempelhof-Schöneberg,Accident with minor injuries,Collision with a moving/standing/parked vehicle,Driving accident,Daylight,Dry,1241,350984.0
875,875,50816,4,Paul-Hertz-Siedlung,2019,5,8,4,3,8,1,0,0,0,0,1,0,0,0.0,Charlottenburg-Wilmersdorf,Accident with minor injuries,Departure from the roadway to the right,Driving accident,Daylight,Dry,1727,343592.0
876,876,50817,2,Richard-Sorge-Viertel,2019,7,2,6,3,3,6,2,0,0,0,0,0,1,0.0,Friedrichshain-Kreuzberg,Accident with minor injuries,Collision with a vehicle traveling laterally in the same direction,Collision involving vehicles going in the same way,Dark,Dry,1381,290386.0
877,877,50818,4,Richard-Wagner-Straße,2019,4,18,3,3,5,3,0,1,1,0,0,0,0,0.0,Charlottenburg-Wilmersdorf,Accident with minor injuries,Collision with a turning/crossing vehicle,Turning/Crossing accident,Daylight,Dry,1727,343592.0
878,878,50819,1,Alexanderplatzviertel,2019,11,4,7,3,0,3,2,0,0,0,0,0,1,1.0,Mitte,Accident with minor injuries,Others,Turning/Crossing accident,Dark,Wet/moist/slippery,2215,385748.0
879,879,50820,1,Humboldthain Nordwest,2019,5,9,3,3,5,2,0,1,1,0,0,0,0,0.0,Mitte,Accident with minor injuries,Collision with a turning/crossing vehicle,Turning accident,Daylight,Dry,2215,385748.0
880,880,50821,2,Samariterviertel,2019,12,7,3,3,5,2,1,1,1,0,0,0,0,0.0,Friedrichshain-Kreuzberg,Accident with minor injuries,Collision with a turning/crossing vehicle,Turning accident,Twilight,Dry,1381,290386.0
881,881,50822,10,Wuhletalstraße,2019,7,11,5,3,5,3,0,0,1,0,0,0,1,0.0,Marzahn-Hellersdorf,Accident with minor injuries,Collision with a turning/crossing vehicle,Turning/Crossing accident,Daylight,Dry,586,269967.0
882,882,50823,9,Elsenstraße,2019,4,17,3,3,4,7,0,1,1,0,0,0,0,0.0,Treptow-Köpenick,Accident with minor injuries,Collision with oncoming vehicle,Others,Daylight,Dry,892,273689.0
883,883,50824,2,Samariterviertel,2019,10,11,6,3,5,2,0,1,0,0,0,0,1,0.0,Friedrichshain-Kreuzberg,Accident with minor injuries,Collision with a turning/crossing vehicle,Turning accident,Daylight,Dry,1381,290386.0
884,884,50825,2,Samariterviertel,2019,9,20,7,2,6,4,2,0,1,1,0,0,0,0.0,Friedrichshain-Kreuzberg,Accident with serious injuries,Collision between vehicle and pedestrian,Pedestrian crossing accident,Dark,Dry,1381,290386.0
885,885,50826,4,Plötzensee,2019,7,23,5,2,3,1,2,0,1,0,0,0,0,0.0,Charlottenburg-Wilmersdorf,Accident with serious injuries,Collision with a vehicle traveling laterally in the same direction,Driving accident,Dark,Dry,1727,343592.0
886,886,50827,3,Schönholz,2019,4,7,3,3,5,2,0,1,1,0,0,0,0,0.0,Pankow,Accident with minor injuries,Collision with a turning/crossing vehicle,Turning accident,Daylight,Dry,1219,409335.0
887,887,50828,1,Alexanderplatzviertel,2019,10,9,3,3,5,2,0,1,1,0,0,0,0,1.0,Mitte,Accident with minor injuries,Collision with a turning/crossing vehicle,Turning accident,Daylight,Wet/moist/slippery,2215,385748.0
888,888,50829,4,Königin-Elisabeth-Straße,2019,6,18,4,3,2,6,0,0,1,0,0,0,0,0.0,Charlottenburg-Wilmersdorf,Accident with minor injuries,Collision with the vehicle in front/waiting vehicle,Collision involving vehicles going in the same way,Daylight,Dry,1727,343592.0
889,889,50830,7,Volkspark (Rudolf-Wilde-Park),2019,9,12,7,3,3,6,0,0,1,0,0,0,0,0.0,Tempelhof-Schöneberg,Accident with minor injuries,Collision with a vehicle traveling laterally in the same direction,Collision involving vehicles going in the same way,Daylight,Dry,1241,350984.0
890,890,50831,1,Reinickendorfer Straße,2019,12,16,2,3,6,2,2,0,1,1,0,0,0,0.0,Mitte,Accident with minor injuries,Collision between vehicle and pedestrian,Turning accident,Dark,Dry,2215,385748.0
891,891,50832,1,Humboldthain Nordwest,2019,5,8,3,3,5,2,0,1,0,0,0,1,0,0.0,Mitte,Accident with minor injuries,Collision with a turning/crossing vehicle,Turning accident,Daylight,Dry,2215,385748.0
892,892,50833,2,Andreasviertel,2019,4,17,3,2,6,4,0,1,0,1,0,0,0,0.0,Friedrichshain-Kreuzberg,Accident with serious injuries,Collision between vehicle and pedestrian,Pedestrian crossing accident,Daylight,Dry,1381,290386.0
893,893,50834,6,Zehlendorf Mitte,2019,11,10,7,3,0,2,0,1,1,0,0,0,0,1.0,Steglitz-Zehlendorf,Accident with minor injuries,Others,Turning accident,Daylight,Wet/moist/slippery,851,310071.0
894,894,50835,1,Alexanderplatzviertel,2019,5,8,3,3,2,2,0,1,0,0,0,0,1,0.0,Mitte,Accident with minor injuries,Collision with the vehicle in front/waiting vehicle,Turning accident,Daylight,Dry,2215,385748.0
895,895,50836,7,Manteuffelstraße,2019,11,17,4,3,2,6,2,0,1,0,0,0,0,1.0,Tempelhof-Schöneberg,Accident with minor injuries,Collision with the vehicle in front/waiting vehicle,Collision involving vehicles going in the same way,Dark,Wet/moist/slippery,1241,350984.0
896,896,50837,3,Conrad-Blenkle-Straße,2019,7,16,5,3,3,6,0,1,1,0,0,0,0,0.0,Pankow,Accident with minor injuries,Collision with a vehicle traveling laterally in the same direction,Collision involving vehicles going in the same way,Daylight,Dry,1219,409335.0
897,897,50838,7,Grazer Platz,2019,4,17,3,3,5,2,0,0,1,0,1,0,0,0.0,Tempelhof-Schöneberg,Accident with minor injuries,Collision with a turning/crossing vehicle,Turning accident,Daylight,Dry,1241,350984.0
898,898,50839,12,Waidmannslust,2019,10,9,6,3,5,3,0,0,1,0,1,0,0,0.0,Reinickendorf,Accident with minor injuries,Collision with a turning/crossing vehicle,Turning/Crossing accident,Daylight,Dry,867,266408.0
899,899,50840,7,Dennewitzplatz,2019,9,12,7,3,5,3,0,0,1,0,1,0,0,0.0,Tempelhof-Schöneberg,Accident with minor injuries,Collision with a turning/crossing vehicle,Turning/Crossing accident,Daylight,Dry,1241,350984.0
900,900,50842,1,Leopoldplatz,2019,5,17,3,3,6,4,0,1,1,1,0,0,0,0.0,Mitte,Accident with minor injuries,Collision between vehicle and pedestrian,Pedestrian crossing accident,Daylight,Dry,2215,385748.0
901,901,50843,3,Pankow Zentrum,2019,7,13,5,3,2,6,0,0,1,0,0,0,0,0.0,Pankow,Accident with minor injuries,Collision with the vehicle in front/waiting vehicle,Collision involving vehicles going in the same way,Daylight,Dry,1219,409335.0
902,902,50844,7,Rathausstraße,2019,4,12,2,3,5,2,0,0,1,0,0,0,0,0.0,Tempelhof-Schöneberg,Accident with minor injuries,Collision with a turning/crossing vehicle,Turning accident,Daylight,Dry,1241,350984.0
903,903,50845,5,Groß-Glienicker Weg,2019,6,12,7,3,4,6,0,1,0,0,0,0,0,0.0,Spandau,Accident with minor injuries,Collision with oncoming vehicle,Collision involving vehicles going in the same way,Daylight,Dry,798,245197.0
904,904,50846,2,Viktoriapark,2019,9,11,7,3,2,6,0,0,1,0,0,0,0,0.0,Friedrichshain-Kreuzberg,Accident with minor injuries,Collision with the vehicle in front/waiting vehicle,Collision involving vehicles going in the same way,Daylight,Dry,1381,290386.0
905,905,50847,7,Manteuffelstraße,2019,12,3,1,3,5,3,2,0,1,0,0,0,0,1.0,Tempelhof-Schöneberg,Accident with minor injuries,Collision with a turning/crossing vehicle,Turning/Crossing accident,Dark,Wet/moist/slippery,1241,350984.0
906,906,50848,3,Helmholtzplatz,2019,5,11,3,2,0,2,0,0,1,0,1,0,0,0.0,Pankow,Accident with serious injuries,Others,Turning accident,Daylight,Dry,1219,409335.0
907,907,50849,7,Volkspark (Rudolf-Wilde-Park),2019,7,8,5,3,2,2,0,1,1,0,0,0,0,0.0,Tempelhof-Schöneberg,Accident with minor injuries,Collision with the vehicle in front/waiting vehicle,Turning accident,Daylight,Dry,1241,350984.0
908,908,50850,12,Schäfersee,2019,11,0,1,2,1,1,2,0,1,0,0,0,0,1.0,Reinickendorf,Accident with serious injuries,Collision with a moving/standing/parked vehicle,Driving accident,Dark,Wet/moist/slippery,867,266408.0
909,909,50851,2,Samariterviertel,2019,7,6,5,3,5,2,0,0,1,0,0,0,0,0.0,Friedrichshain-Kreuzberg,Accident with minor injuries,Collision with a turning/crossing vehicle,Turning accident,Daylight,Dry,1381,290386.0
910,910,50852,12,Schäfersee,2019,4,22,2,3,0,3,2,0,1,0,1,0,0,0.0,Reinickendorf,Accident with minor injuries,Others,Turning/Crossing accident,Dark,Dry,867,266408.0
911,911,50853,7,Fritz-Werner-Straße,2019,10,13,7,3,5,3,0,1,1,0,0,0,0,0.0,Tempelhof-Schöneberg,Accident with minor injuries,Collision with a turning/crossing vehicle,Turning/Crossing accident,Daylight,Dry,1241,350984.0
912,912,50854,4,Schloßstraße,2019,9,20,6,3,0,1,2,1,1,0,0,0,0,0.0,Charlottenburg-Wilmersdorf,Accident with minor injuries,Others,Driving accident,Dark,Dry,1727,343592.0
913,913,50856,7,Marienfelde Süd,2019,5,10,2,2,0,7,0,1,0,0,0,0,0,0.0,Tempelhof-Schöneberg,Accident with serious injuries,Others,Others,Daylight,Dry,1241,350984.0
914,914,50857,12,Breitkopfbecken,2019,7,17,4,3,1,5,0,1,1,0,0,0,0,0.0,Reinickendorf,Accident with minor injuries,Collision with a moving/standing/parked vehicle,Accident involving parked vehicles,Daylight,Dry,867,266408.0
915,915,50858,1,Alexanderplatzviertel,2019,4,18,2,3,0,5,0,1,0,0,0,0,1,0.0,Mitte,Accident with minor injuries,Others,Accident involving parked vehicles,Daylight,Dry,2215,385748.0
916,916,50859,5,Börnicker Straße,2019,11,17,3,1,6,4,1,0,1,1,0,0,1,1.0,Spandau,Accident with fatalities,Collision between vehicle and pedestrian,Pedestrian crossing accident,Twilight,Wet/moist/slippery,798,245197.0
917,917,50860,1,Alexanderplatzviertel,2019,6,11,3,3,5,2,0,1,1,0,0,0,0,0.0,Mitte,Accident with minor injuries,Collision with a turning/crossing vehicle,Turning accident,Daylight,Dry,2215,385748.0
918,918,50861,6,Nikolassee,2019,9,6,6,3,3,6,0,0,1,0,0,0,0,0.0,Steglitz-Zehlendorf,Accident with minor injuries,Collision with a vehicle traveling laterally in the same direction,Collision involving vehicles going in the same way,Daylight,Dry,851,310071.0
919,919,50862,4,Park Ruhwald,2019,12,18,6,2,2,6,2,0,1,0,0,0,0,1.0,Charlottenburg-Wilmersdorf,Accident with serious injuries,Collision with the vehicle in front/waiting vehicle,Collision involving vehicles going in the same way,Dark,Wet/moist/slippery,1727,343592.0
920,920,50863,2,Hausburgviertel,2019,7,15,4,3,0,1,0,1,0,0,0,0,0,0.0,Friedrichshain-Kreuzberg,Accident with minor injuries,Others,Driving accident,Daylight,Dry,1381,290386.0
921,921,50864,9,Schnellerstraße,2019,10,13,3,3,2,6,0,0,1,0,0,0,0,0.0,Treptow-Köpenick,Accident with minor injuries,Collision with the vehicle in front/waiting vehicle,Collision involving vehicles going in the same way,Daylight,Dry,892,273689.0