,Unnamed: 0,object id,district,street,year,month,hour of day,weekday,category,accident type,accident type 2,light situation,bike involved,car involved,pedestrian involved,motor bike involved,big track involved,other vehicle involved,road condition,district name,category name,accident detail,accident type detail,light condition,road condition detail,accident count by district,est. population
922,922,50865,4,Messegelände,2019,9,13,6,3,3,6,0,0,1,0,0,0,1,0.0,Charlottenburg-Wilmersdorf,Accident with minor injuries,Collision with a vehicle traveling laterally in the same direction,Collision involving vehicles going in the same way,Daylight,Dry,1727,343592.0
923,923,50866,12,Waldidyll/Flughafensee,2019,6,15,7,3,2,6,0,0,1,0,0,0,0,0.0,Reinickendorf,Accident with minor injuries,Collision with the vehicle in front/waiting vehicle,Collision involving vehicles going in the same way,Daylight,Dry,867,266408.0
924,924,50867,12,Jungfernheide,2019,9,13,6,3,0,6,0,0,0,0,0,0,1,0.0,Reinickendorf,Accident with minor injuries,Others,Collision involving vehicles going in the same way,Daylight,Dry,867,266408.0
925,925,50868,12,Schäfersee,2019,12,13,2,3,3,6,0,0,1,0,0,1,0,0.0,Reinickendorf,Accident with minor injuries,Collision with a vehicle traveling laterally in the same direction,Collision involving vehicles going in the same way,Daylight,Dry,867,266408.0
926,926,50869,2,Viktoriapark,2019,5,9,2,3,3,6,0,1,1,0,0,0,0,0.0,Friedrichshain-Kreuzberg,Accident with minor injuries,Collision with a vehicle traveling laterally in the same direction,Collision involving vehicles going in the same way,Daylight,Dry,1381,290386.0
927,927,50870,3,Buchholz,2019,7,19,4,2,2,7,0,0,1,0,0,0,0,0.0,Pankow,Accident with serious injuries,Collision with the vehicle in front/waiting vehicle,Others,Daylight,Dry,1219,409335.0
928,928,50871,5,Weinmeisterhornweg,2019,4,15,2,3,0,7,0,0,1,0,0,0,1,0.0,Spandau,Accident with minor injuries,Others,Others,Daylight,Dry,798,245197.0
929,929,50872,7,Fritz-Werner-Straße,2019,11,12,2,3,0,6,0,0,1,0,1,0,0,1.0,Tempelhof-Schöneberg,Accident with minor injuries,Others,Collision involving vehicles going in the same way,Daylight,Wet/moist/slippery,1241,350984.0
930,930,50873,7,Rathausstraße,2019,7,7,4,3,2,6,0,0,1,0,0,0,1,0.0,Tempelhof-Schöneberg,Accident with minor injuries,Collision with the vehicle in front/waiting vehicle,Collision involving vehicles going in the same way,Daylight,Dry,1241,350984.0
931,931,50874,4,Schloßstraße,2019,4,8,2,3,5,2,0,1,1,0,0,0,0,0.0,Charlottenburg-Wilmersdorf,Accident with minor injuries,Collision with a turning/crossing vehicle,Turning accident,Daylight,Dry,1727,343592.0
932,932,50875,7,Manteuffelstraße,2019,10,17,1,3,0,7,0,1,1,0,0,0,0,0.0,Tempelhof-Schöneberg,Accident with minor injuries,Others,Others,Daylight,Dry,1241,350984.0
933,933,50876,12,Breitkopfbecken,2019,9,12,6,3,6,7,0,0,0,1,0,1,0,0.0,Reinickendorf,Accident with minor injuries,Collision between vehicle and pedestrian,Others,Daylight,Dry,867,266408.0
934,934,50878,4,Ernst-Reuter-Platz,2019,5,15,1,3,6,4,0,1,0,1,0,0,0,0.0,Charlottenburg-Wilmersdorf,Accident with minor injuries,Collision between vehicle and pedestrian,Pedestrian crossing accident,Daylight,Dry,1727,343592.0
935,935,50879,4,Brabanter Platz,2019,7,15,4,3,2,6,0,0,1,0,0,1,0,0.0,Charlottenburg-Wilmersdorf,Accident with minor injuries,Collision with the vehicle in front/waiting vehicle,Collision involving vehicles going in the same way,Daylight,Dry,1727,343592.0
936,936,50880,2,Samariterviertel,2019,4,8,2,3,5,3,0,1,1,0,0,0,0,0.0,Friedrichshain-Kreuzberg,Accident with minor injuries,Collision with a turning/crossing vehicle,Turning/Crossing accident,Daylight,Dry,1381,290386.0
937,937,50881,3,Niederschönhausen,2019,11,22,3,3,0,3,2,1,1,0,0,0,0,1.0,Pankow,Accident with minor injuries,Others,Turning/Crossing accident,Dark,Wet/moist/slippery,1219,409335.0
938,938,50882,3,Falkplatz,2019,6,7,4,2,5,3,0,1,0,0,0,0,0,0.0,Pankow,Accident with serious injuries,Collision with a turning/crossing vehicle,Turning/Crossing accident,Daylight,Dry,1219,409335.0
939,939,50883,4,Güterbahnhof Grunewald,2019,9,12,6,3,2,6,0,0,1,0,0,0,0,0.0,Charlottenburg-Wilmersdorf,Accident with minor injuries,Collision with the vehicle in front/waiting vehicle,Collision involving vehicles going in the same way,Daylight,Dry,1727,343592.0
940,940,50884,2,Boxhagener Platz,2019,12,13,7,3,1,5,0,1,1,0,0,0,1,0.0,Friedrichshain-Kreuzberg,Accident with minor injuries,Collision with a moving/standing/parked vehicle,Accident involving parked vehicles,Daylight,Dry,1381,290386.0
941,941,50885,9,Am Treptower Park Süd,2019,7,16,4,3,5,2,0,0,1,0,0,0,0,0.0,Treptow-Köpenick,Accident with minor injuries,Collision with a turning/crossing vehicle,Turning accident,Daylight,Dry,892,273689.0
942,942,50886,12,Breitkopfbecken,2019,10,9,4,3,3,6,0,0,1,0,0,0,0,0.0,Reinickendorf,Accident with minor injuries,Collision with a vehicle traveling laterally in the same direction,Collision involving vehicles going in the same way,Daylight,Dry,867,266408.0
943,943,50887,7,Marienfelder Allee Nordwest,2019,9,15,6,3,8,7,0,0,1,0,0,0,0,0.0,Tempelhof-Schöneberg,Accident with minor injuries,Departure from the roadway to the right,Others,Daylight,Dry,1241,350984.0
944,944,50888,7,Neu-Tempelhof,2019,7,14,4,3,3,6,0,0,1,0,1,0,1,0.0,Tempelhof-Schöneberg,Accident with minor injuries,Collision with a vehicle traveling laterally in the same direction,Collision involving vehicles going in the same way,Daylight,Dry,1241,350984.0
945,945,50889,12,Rollbergesiedlung,2019,4,0,1,3,5,2,2,1,1,0,0,0,0,0.0,Reinickendorf,Accident with minor injuries,Collision with a turning/crossing vehicle,Turning accident,Dark,Dry,867,266408.0
946,946,50890,4,Schloßstraße,2019,10,0,3,3,5,2,2,0,1,0,0,0,0,0.0,Charlottenburg-Wilmersdorf,Accident with minor injuries,Collision with a turning/crossing vehicle,Turning accident,Dark,Dry,1727,343592.0
947,947,50891,4,Messegelände,2019,6,13,2,3,2,6,0,0,1,0,0,1,0,0.0,Charlottenburg-Wilmersdorf,Accident with minor injuries,Collision with the vehicle in front/waiting vehicle,Collision involving vehicles going in the same way,Daylight,Dry,1727,343592.0
948,948,50892,11,Rüdigerstraße,2019,9,20,5,3,5,2,2,1,1,0,0,0,0,0.0,Lichtenberg,Accident with minor injuries,Collision with a turning/crossing vehicle,Turning accident,Dark,Dry,679,294201.0
949,949,50894,10,Wuhletalstraße,2019,5,2,1,3,6,4,2,0,0,1,0,0,1,0.0,Marzahn-Hellersdorf,Accident with minor injuries,Collision between vehicle and pedestrian,Pedestrian crossing accident,Dark,Dry,586,269967.0
950,950,50895,10,Alt-Biesdorf,2019,7,19,4,3,2,6,0,0,1,0,0,0,0,0.0,Marzahn-Hellersdorf,Accident with minor injuries,Collision with the vehicle in front/waiting vehicle,Collision involving vehicles going in the same way,Daylight,Dry,586,269967.0
951,951,50896,4,Stadion Wilmersdorf,2019,4,13,7,3,2,6,0,0,1,0,0,0,0,0.0,Charlottenburg-Wilmersdorf,Accident with minor injuries,Collision with the vehicle in front/waiting vehicle,Collision involving vehicles going in the same way,Daylight,Dry,1727,343592.0
952,952,50897,5,Jägerallee,2019,11,7,5,2,4,6,1,1,0,0,0,0,0,0.0,Spandau,Accident with serious injuries,Collision with oncoming vehicle,Collision involving vehicles going in the same way,Twilight,Dry,798,245197.0
953,953,50898,4,Jungfernheide,2019,5,17,1,3,2,6,0,0,1,0,0,0,0,0.0,Charlottenburg-Wilmersdorf,Accident with minor injuries,Collision with the vehicle in front/waiting vehicle,Collision involving vehicles going in the same way,Daylight,Dry,1727,343592.0
954,954,50899,4,Schloßstraße,2019,12,16,3,3,5,2,2,1,1,0,0,0,0,1.0,Charlottenburg-Wilmersdorf,Accident with minor injuries,Collision with a turning/crossing vehicle,Turning accident,Dark,Wet/moist/slippery,1727,343592.0
955,955,50900,2,Richard-Sorge-Viertel,2019,7,20,3,3,2,6,0,0,1,0,0,0,1,0.0,Friedrichshain-Kreuzberg,Accident with minor injuries,Collision with the vehicle in front/waiting vehicle,Collision involving vehicles going in the same way,Daylight,Dry,1381,290386.0
956,956,50901,4,Schloßstraße,2019,4,1,7,3,5,3,2,0,1,0,0,0,0,0.0,Charlottenburg-Wilmersdorf,Accident with minor injuries,Collision with a turning/crossing vehicle,Turning/Crossing accident,Dark,Dry,1727,343592.0
957,957,50902,2,Samariterviertel,2019,10,8,5,2,0,2,0,1,1,0,0,0,0,1.0,Friedrichshain-Kreuzberg,Accident with serious injuries,Others,Turning accident,Daylight,Wet/moist/slippery,1381,290386.0
958,958,50903,3,Arnimplatz,2019,9,6,5,3,5,2,1,1,0,0,0,1,0,0.0,Pankow,Accident with minor injuries,Collision with a turning/crossing vehicle,Turning accident,Twilight,Dry,1219,409335.0
959,959,50905,3,Helmholtzplatz,2019,7,18,3,3,1,5,0,1,1,0,0,0,1,0.0,Pankow,Accident with minor injuries,Collision with a moving/standing/parked vehicle,Accident involving parked vehicles,Daylight,Dry,1219,409335.0
960,960,50906,2,Samariterviertel,2019,4,0,7,3,6,4,2,0,1,1,0,0,0,0.0,Friedrichshain-Kreuzberg,Accident with minor injuries,Collision between vehicle and pedestrian,Pedestrian crossing accident,Dark,Dry,1381,290386.0
961,961,50907,4,Schlangenbader Straße,2019,9,17,2,3,8,1,0,0,1,0,0,0,0,1.0,Charlottenburg-Wilmersdorf,Accident with minor injuries,Departure from the roadway to the right,Driving accident,Daylight,Wet/moist/slippery,1727,343592.0
962,962,50908,2,Richard-Sorge-Viertel,2019,6,5,4,3,2,6,0,0,1,0,0,0,0,0.0,Friedrichshain-Kreuzberg,Accident with minor injuries,Collision with the vehicle in front/waiting vehicle,Collision involving vehicles going in the same way,Daylight,Dry,1381,290386.0
963,963,50909,4,Schloßstraße,2019,9,11,5,3,5,2,0,1,1,0,0,0,0,0.0,Charlottenburg-Wilmersdorf,Accident with minor injuries,Collision with a turning/crossing vehicle,Turning accident,Daylight,Dry,1727,343592.0
964,964,50910,1,Karl-Marx-Allee,2019,12,17,6,3,2,6,2,1,0,0,0,0,0,0.0,Mitte,Accident with minor injuries,Collision with the vehicle in front/waiting vehicle,Collision involving vehicles going in the same way,Dark,Dry,2215,385748.0
965,965,50911,4,Königin-Elisabeth-Straße,2019,5,0,1,3,0,1,2,1,0,0,0,0,0,0.0,Charlottenburg-Wilmersdorf,Accident with minor injuries,Others,Driving accident,Dark,Dry,1727,343592.0
966,966,50912,12,Teichstraße,2019,7,16,3,3,5,3,0,1,1,0,0,0,0,0.0,Reinickendorf,Accident with minor injuries,Collision with a turning/crossing vehicle,Turning/Crossing accident,Daylight,Dry,867,266408.0
967,967,50913,2,Samariterviertel,2019,4,11,7,2,5,3,0,0,1,0,0,0,1,0.0,Friedrichshain-Kreuzberg,Accident with serious injuries,Collision with a turning/crossing vehicle,Turning/Crossing accident,Daylight,Dry,1381,290386.0
968,968,50914,2,Samariterviertel,2019,11,9,6,3,6,7,0,1,0,1,0,0,0,0.0,Friedrichshain-Kreuzberg,Accident with minor injuries,Collision between vehicle and pedestrian,Others,Daylight,Dry,1381,290386.0
969,969,50915,1,Nördlicher Landwehrkanal,2019,9,6,5,3,5,2,0,1,1,0,0,0,0,1.0,Mitte,Accident with minor injuries,Collision with a turning/crossing vehicle,Turning accident,Daylight,Wet/moist/slippery,2215,385748.0
970,970,50916,3,Helmholtzplatz,2019,11,16,3,3,2,2,2,0,1,0,0,0,0,0.0,Pankow,Accident with minor injuries,Collision with the vehicle in front/waiting vehicle,Turning accident,Dark,Dry,1219,409335.0
971,971,50917,12,Wittenau Süd,2019,7,14,3,3,5,3,0,0,1,0,0,0,0,0.0,Reinickendorf,Accident with minor injuries,Collision with a turning/crossing vehicle,Turning/Crossing accident,Daylight,Dry,867,266408.0
972,972,50918,3,Pankow Süd,2019,4,15,6,3,5,2,0,0,1,0,0,0,1,0.0,Pankow,Accident with minor injuries,Collision with a turning/crossing vehicle,Turning accident,Daylight,Dry,1219,409335.0
973,973,50919,1,Großer Tiergarten,2019,10,17,5,3,6,4,0,1,0,1,0,0,0,0.0,Mitte,Accident with minor injuries,Collision between vehicle and pedestrian,Pedestrian crossing accident,Daylight,Dry,2215,385748.0
974,974,50920,9,Am Treptower Park Nord,2019,9,16,4,3,6,7,0,0,0,1,0,0,1,0.0,Treptow-Köpenick,Accident with minor injuries,Collision between vehicle and pedestrian,Others,Daylight,Dry,892,273689.0
975,975,50922,1,Schillerpark,2019,5,11,7,3,5,3,0,0,1,0,1,0,0,0.0,Mitte,Accident with minor injuries,Collision with a turning/crossing vehicle,Turning/Crossing accident,Daylight,Dry,2215,385748.0
976,976,50923,12,Schäfersee,2019,7,14,3,3,6,4,0,1,0,1,0,0,0,0.0,Reinickendorf,Accident with minor injuries,Collision between vehicle and pedestrian,Pedestrian crossing accident,Daylight,Dry,867,266408.0
977,977,50924,10,Springpfuhl,2019,4,9,6,3,1,6,0,0,1,0,0,0,1,0.0,Marzahn-Hellersdorf,Accident with minor injuries,Collision with a moving/standing/parked vehicle,Collision involving vehicles going in the same way,Daylight,Dry,586,269967.0
978,978,50925,12,Wittenau Süd,2019,6,11,6,3,2,6,0,0,1,0,0,0,1,0.0,Reinickendorf,Accident with minor injuries,Collision with the vehicle in front/waiting vehicle,Collision involving vehicles going in the same way,Daylight,Dry,867,266408.0
979,979,50926,7,Rathaus Tempelhof,2019,9,10,4,3,2,6,0,0,1,0,0,0,0,0.0,Tempelhof-Schöneberg,Accident with minor injuries,Collision with the vehicle in front/waiting vehicle,Collision involving vehicles going in the same way,Daylight,Dry,1241,350984.0
980,980,50927,6,Wannsee,2019,12,17,6,3,0,2,2,1,1,0,0,0,0,0.0,Steglitz-Zehlendorf,Accident with minor injuries,Others,Turning accident,Dark,Dry,851,310071.0
981,981,50928,3,Pankow Süd,2019,5,11,7,3,6,6,0,1,0,1,0,0,0,0.0,Pankow,Accident with minor injuries,Collision between vehicle and pedestrian,Collision involving vehicles going in the same way,Daylight,Dry,1219,409335.0
982,982,50929,3,Komponistenviertel Weißensee,2019,7,12,3,3,3,6,0,1,1,0,0,0,0,0.0,Pankow,Accident with minor injuries,Collision with a vehicle traveling laterally in the same direction,Collision involving vehicles going in the same way,Daylight,Dry,1219,409335.0
983,983,50930,12,Teichstraße,2019,11,0,7,3,3,2,2,0,1,0,0,0,0,1.0,Reinickendorf,Accident with minor injuries,Collision with a vehicle traveling laterally in the same direction,Turning accident,Dark,Wet/moist/slippery,867,266408.0
984,984,50931,1,Unter den Linden Nord,2019,7,7,3,2,6,4,0,0,0,1,0,1,0,0.0,Mitte,Accident with serious injuries,Collision between vehicle and pedestrian,Pedestrian crossing accident,Daylight,Dry,2215,385748.0
985,985,50932,9,Köpenicker Landstraße,2019,4,12,6,3,2,2,0,0,1,0,0,0,0,0.0,Treptow-Köpenick,Accident with minor injuries,Collision with the vehicle in front/waiting vehicle,Turning accident,Daylight,Dry,892,273689.0
986,986,50933,3,Lietzengraben,2019,10,7,6,3,0,7,0,0,1,0,0,0,1,0.0,Pankow,Accident with minor injuries,Others,Others,Daylight,Dry,1219,409335.0
987,987,50934,2,Samariterviertel,2019,9,9,4,3,1,5,0,0,1,0,1,0,0,0.0,Friedrichshain-Kreuzberg,Accident with minor injuries,Collision with a moving/standing/parked vehicle,Accident involving parked vehicles,Daylight,Dry,1381,290386.0
988,988,50936,1,Leopoldplatz,2019,5,3,7,3,2,6,2,1,1,0,0,0,0,0.0,Mitte,Accident with minor injuries,Collision with the vehicle in front/waiting vehicle,Collision involving vehicles going in the same way,Dark,Dry,2215,385748.0
989,989,50937,9,Schnellerstraße,2019,7,10,3,3,0,1,0,1,0,0,0,0,0,0.0,Treptow-Köpenick,Accident with minor injuries,Others,Driving accident,Daylight,Dry,892,273689.0
990,990,50938,3,Bötzowstraße,2019,4,23,6,3,1,5,2,1,1,0,0,0,1,0.0,Pankow,Accident with minor injuries,Collision with a moving/standing/parked vehicle,Accident involving parked vehicles,Dark,Dry,1219,409335.0
991,991,50939,3,Helmholtzplatz,2019,11,14,2,3,1,5,0,1,1,0,0,0,0,1.0,Pankow,Accident with minor injuries,Collision with a moving/standing/parked vehicle,Accident involving parked vehicles,Daylight,Wet/moist/slippery,1219,409335.0
992,992,50940,12,Ziekowstraße/Freie Scholle,2019,6,6,3,3,2,6,0,0,1,0,0,0,0,0.0,Reinickendorf,Accident with minor injuries,Collision with the vehicle in front/waiting vehicle,Collision involving vehicles going in the same way,Daylight,Dry,867,266408.0
993,993,50941,12,Schäfersee,2019,9,14,4,3,5,2,0,1,1,0,0,0,0,1.0,Reinickendorf,Accident with minor injuries,Collision with a turning/crossing vehicle,Turning accident,Daylight,Wet/moist/slippery,867,266408.0
994,994,50942,3,Bötzowstraße,2019,12,15,6,3,1,5,1,1,1,0,0,0,1,1.0,Pankow,Accident with minor injuries,Collision with a moving/standing/parked vehicle,Accident involving parked vehicles,Twilight,Wet/moist/slippery,1219,409335.0
995,995,50943,1,Schillerpark,2019,7,16,3,3,0,4,0,1,0,1,0,0,0,0.0,Mitte,Accident with minor injuries,Others,Pedestrian crossing accident,Daylight,Dry,2215,385748.0
996,996,50944,3,Pankow Süd,2019,4,16,6,3,5,3,0,1,1,0,0,0,0,0.0,Pankow,Accident with minor injuries,Collision with a turning/crossing vehicle,Turning/Crossing accident,Daylight,Dry,1219,409335.0
997,997,50945,1,Leipziger Straße,2019,10,11,2,3,3,6,0,0,1,0,1,0,0,0.0,Mitte,Accident with minor injuries,Collision with a vehicle traveling laterally in the same direction,Collision involving vehicles going in the same way,Daylight,Dry,2215,385748.0
998,998,50946,6,Feuerbachstraße,2019,9,14,3,2,0,1,0,0,0,0,1,0,0,0.0,Steglitz-Zehlendorf,Accident with serious injuries,Others,Driving accident,Daylight,Dry,851,310071.0
999,999,50947,4,Park Ruhwald,2019,7,10,3,3,2,6,0,0,1,0,0,0,0,0.0,Charlottenburg-Wilmersdorf,Accident with minor injuries,Collision with the vehicle in front/waiting vehicle,Collision involving vehicles going in the same way,Daylight,Dry,1727,343592.0
1000,1000,50948,3,Weißenseer Spitze,2019,4,7,6,3,2,6,0,0,1,0,0,0,0,0.0,Pankow,Accident with minor injuries,Collision with the vehicle in front/waiting vehicle,Collision involving vehicles going in the same way,Daylight,Dry,1219,409335.0
1001,1001,50949,1,Schillerpark,2019,10,20,7,3,5,3,2,1,0,0,0,0,1,0.0,Mitte,Accident with minor injuries,Collision with a turning/crossing vehicle,Turning/Crossing accident,Dark,Dry,2215,385748.0
1002,1002,50950,2,Samariterviertel,2019,6,7,7,3,5,2,0,0,1,0,0,0,0,0.0,Friedrichshain-Kreuzberg,Accident with minor injuries,Collision with a turning/crossing vehicle,Turning accident,Daylight,Dry,1381,290386.0
1003,1003,50951,6,Wannsee,2019,9,17,3,3,5,2,0,1,1,0,0,0,0,0.0,Steglitz-Zehlendorf,Accident with minor injuries,Collision with a turning/crossing vehicle,Turning accident,Daylight,Dry,851,310071.0
1004,1004,50953,2,Rathaus Yorckstraße,2019,5,14,7,2,6,4,0,0,1,1,0,0,0,0.0,Friedrichshain-Kreuzberg,Accident with serious injuries,Collision between vehicle and pedestrian,Pedestrian crossing accident,Daylight,Dry,1381,290386.0
1005,1005,50954,10,Wuhletalstraße,2019,4,9,5,2,5,3,0,0,1,0,0,0,1,0.0,Marzahn-Hellersdorf,Accident with serious injuries,Collision with a turning/crossing vehicle,Turning/Crossing accident,Daylight,Dry,586,269967.0
1006,1006,50955,9,Am Treptower Park Nord,2019,11,16,3,2,4,6,1,1,0,0,0,0,0,0.0,Treptow-Köpenick,Accident with serious injuries,Collision with oncoming vehicle,Collision involving vehicles going in the same way,Twilight,Dry,892,273689.0
1007,1007,50956,3,Arnimplatz,2019,5,23,6,3,5,3,2,1,1,0,0,0,0,0.0,Pankow,Accident with minor injuries,Collision with a turning/crossing vehicle,Turning/Crossing accident,Dark,Dry,1219,409335.0
1008,1008,50957,7,Kaiser-Wilhelm-Platz,2019,12,3,1,3,3,6,2,0,1,0,0,0,0,0.0,Tempelhof-Schöneberg,Accident with minor injuries,Collision with a vehicle traveling laterally in the same direction,Collision involving vehicles going in the same way,Dark,Dry,1241,350984.0
1009,1009,50958,3,Niederschönhausen,2019,7,8,3,3,2,6,0,0,1,0,0,1,0,0.0,Pankow,Accident with minor injuries,Collision with the vehicle in front/waiting vehicle,Collision involving vehicles going in the same way,Daylight,Dry,1219,409335.0
1010,1010,50959,7,Grazer Platz,2019,4,8,5,3,2,6,0,0,1,0,0,0,0,0.0,Tempelhof-Schöneberg,Accident with minor injuries,Collision with the vehicle in front/waiting vehicle,Collision involving vehicles going in the same way,Daylight,Dry,1241,350984.0
1011,1011,50960,7,Kaiser-Wilhelm-Platz,2019,10,17,3,2,1,5,1,1,1,0,0,0,0,0.0,Tempelhof-Schöneberg,Accident with serious injuries,Collision with a moving/standing/parked vehicle,Accident involving parked vehicles,Twilight,Dry,1241,350984.0
1012,1012,50961,12,Waldidyll/Flughafensee,2019,9,17,3,3,9,1,0,0,1,0,0,0,0,0.0,Reinickendorf,Accident with minor injuries,Departure from the roadway to the left,Driving accident,Daylight,Dry,867,266408.0
1013,1013,50963,3,Helmholtzplatz,2019,7,8,3,3,1,5,0,1,1,0,0,0,0,0.0,Pankow,Accident with minor injuries,Collision with a moving/standing/parked vehicle,Accident involving parked vehicles,Daylight,Dry,1219,409335.0
1014,1014,50964,12,Teichstraße,2019,4,17,5,2,6,2,0,0,1,1,0,0,0,0.0,Reinickendorf,Accident with serious injuries,Collision between vehicle and pedestrian,Turning accident,Daylight,Dry,867,266408.0
1015,1015,50965,7,Grazer Platz,2019,9,14,7,3,2,6,0,0,1,0,0,0,0,0.0,Tempelhof-Schöneberg,Accident with minor injuries,Collision with the vehicle in front/waiting vehicle,Collision involving vehicles going in the same way,Daylight,Dry,1241,350984.0
1016,1016,50966,7,Rathaus Tempelhof,2019,6,7,3,2,0,1,0,0,0,0,1,0,0,0.0,Tempelhof-Schöneberg,Accident with serious injuries,Others,Driving accident,Daylight,Dry,1241,350984.0
1017,1017,50967,3,Niederschönhausen,2019,9,9,3,3,5,2,0,1,0,0,1,0,0,0.0,Pankow,Accident with minor injuries,Collision with a turning/crossing vehicle,Turning accident,Daylight,Dry,1219,409335.0
1018,1018,50968,7,Lindenhofsiedlung,2019,12,15,4,3,2,6,1,0,0,0,1,0,1,0.0,Tempelhof-Schöneberg,Accident with minor injuries,Collision with the vehicle in front/waiting vehicle,Collision involving vehicles going in the same way,Twilight,Dry,1241,350984.0
1019,1019,50969,2,Richard-Sorge-Viertel,2019,5,19,6,2,6,4,0,0,1,1,0,0,0,0.0,Friedrichshain-Kreuzberg,Accident with serious injuries,Collision between vehicle and pedestrian,Pedestrian crossing accident,Daylight,Dry,1381,290386.0
1020,1020,50970,2,Samariterviertel,2019,7,8,3,3,2,6,0,0,1,0,0,0,0,0.0,Friedrichshain-Kreuzberg,Accident with minor injuries,Collision with the vehicle in front/waiting vehicle,Collision involving vehicles going in the same way,Daylight,Dry,1381,290386.0
1021,1021,50971,2,Samariterviertel,2019,7,19,3,3,3,6,0,0,1,0,0,0,0,0.0,Friedrichshain-Kreuzberg,Accident with minor injuries,Collision with a vehicle traveling laterally in the same direction,Collision involving vehicles going in the same way,Daylight,Dry,1381,290386.0
1022,1022,50972,7,Fritz-Werner-Straße,2019,4,17,5,3,6,4,0,0,1,1,0,0,0,0.0,Tempelhof-Schöneberg,Accident with minor injuries,Collision between vehicle and pedestrian,Pedestrian crossing accident,Daylight,Dry,1241,350984.0
1023,1023,50973,4,Flinsberger Platz,2019,10,16,1,3,0,1,0,0,1,0,0,0,0,0.0,Charlottenburg-Wilmersdorf,Accident with minor injuries,Others,Driving accident,Daylight,Dry,1727,343592.0
1024,1024,50974,3,Schönholz,2019,6,17,1,3,1,5,0,1,1,0,0,0,0,0.0,Pankow,Accident with minor injuries,Collision with a moving/standing/parked vehicle,Accident involving parked vehicles,Daylight,Dry,1219,409335.0
1025,1025,50975,2,Boxhagener Platz,2019,9,9,3,3,5,2,0,1,1,0,0,0,0,0.0,Friedrichshain-Kreuzberg,Accident with minor injuries,Collision with a turning/crossing vehicle,Turning accident,Daylight,Dry,1381,290386.0
1026,1026,50977,12,Alt-Tegel,2019,5,11,6,3,2,6,0,0,1,0,0,0,0,0.0,Reinickendorf,Accident with minor injuries,Collision with the vehicle in front/waiting vehicle,Collision involving vehicles going in the same way,Daylight,Dry,867,266408.0
1027,1027,50978,1,Körnerstraße,2019,4,10,4,3,3,6,0,0,1,0,0,0,0,0.0,Mitte,Accident with minor injuries,Collision with a vehicle traveling laterally in the same direction,Collision involving vehicles going in the same way,Daylight,Dry,2215,385748.0
1028,1028,50979,4,Messegelände,2019,11,18,4,3,2,6,2,0,1,0,0,0,0,0.0,Charlottenburg-Wilmersdorf,Accident with minor injuries,Collision with the vehicle in front/waiting vehicle,Collision involving vehicles going in the same way,Dark,Dry,1727,343592.0
1029,1029,50980,3,Niederschönhausen,2019,5,7,6,2,6,4,0,0,1,1,0,0,0,0.0,Pankow,Accident with serious injuries,Collision between vehicle and pedestrian,Pedestrian crossing accident,Daylight,Dry,1219,409335.0
1030,1030,50981,11,Rüdigerstraße,2019,12,18,2,2,6,4,2,0,1,1,0,0,0,1.0,Lichtenberg,Accident with serious injuries,Collision between vehicle and pedestrian,Pedestrian crossing accident,Dark,Wet/moist/slippery,679,294201.0
1031,1031,50982,12,Schäfersee,2019,7,16,2,3,5,2,0,1,1,0,0,0,0,1.0,Reinickendorf,Accident with minor injuries,Collision with a turning/crossing vehicle,Turning accident,Daylight,Wet/moist/slippery,867,266408.0
1032,1032,50983,1,Heidestraße,2019,4,13,4,3,3,6,0,0,0,0,1,0,1,0.0,Mitte,Accident with minor injuries,Collision with a vehicle traveling laterally in the same direction,Collision involving vehicles going in the same way,Daylight,Dry,2215,385748.0
1033,1033,50984,12,Teichstraße,2019,10,9,4,3,0,2,0,0,0,0,1,1,0,0.0,Reinickendorf,Accident with minor injuries,Others,Turning accident,Daylight,Dry,867,266408.0
1034,1034,50985,2,Rathaus Yorckstraße,2019,9,16,3,3,1,5,0,0,1,0,0,0,1,0.0,Friedrichshain-Kreuzberg,Accident with minor injuries,Collision with a moving/standing/parked vehicle,Accident involving parked vehicles,Daylight,Dry,1381,290386.0
1035,1035,50987,3,Buchholz,2019,7,16,2,3,2,7,0,0,0,0,1,1,0,1.0,Pankow,Accident with minor injuries,Collision with the vehicle in front/waiting vehicle,Others,Daylight,Wet/moist/slippery,1219,409335.0
1036,1036,50988,12,Waidmannslust,2019,4,11,4,3,0,6,0,1,0,1,0,0,0,0.0,Reinickendorf,Accident with minor injuries,Others,Collision involving vehicles going in the same way,Daylight,Dry,867,266408.0
1037,1037,50989,4,Kranzallee,2019,9,6,1,2,0,1,1,1,0,0,0,0,0,1.0,Charlottenburg-Wilmersdorf,Accident with serious injuries,Others,Driving accident,Twilight,Wet/moist/slippery,1727,343592.0
1038,1038,50990,3,Greifswalder Straße,2019,6,7,3,2,5,2,0,1,1,0,0,0,0,0.0,Pankow,Accident with serious injuries,Collision with a turning/crossing vehicle,Turning accident,Daylight,Dry,1219,409335.0