,Unnamed: 0,object id,district,street,year,month,hour of day,weekday,category,accident type,accident type 2,light situation,bike involved,car involved,pedestrian involved,motor bike involved,big track involved,other vehicle involved,road condition,district name,category name,accident detail,accident type detail,light condition,road condition detail,accident count by district,est. population
1039,1039,50991,7,Neu-Tempelhof,2019,9,10,2,3,6,7,0,0,0,1,1,0,0,0.0,Tempelhof-Schöneberg,Accident with minor injuries,Collision between vehicle and pedestrian,Others,Daylight,Dry,1241,350984.0
1040,1040,50992,1,Wilhelmstraße,2019,12,8,6,3,3,6,0,0,1,0,0,0,1,0.0,Mitte,Accident with minor injuries,Collision with a vehicle traveling laterally in the same direction,Collision involving vehicles going in the same way,Daylight,Dry,2215,385748.0
1041,1041,50993,10,Alt-Biesdorf,2019,5,8,6,2,2,6,0,0,1,0,0,0,0,0.0,Marzahn-Hellersdorf,Accident with serious injuries,Collision with the vehicle in front/waiting vehicle,Collision involving vehicles going in the same way,Daylight,Dry,586,269967.0
1042,1042,50994,2,Rathaus Yorckstraße,2019,7,14,2,3,6,4,0,1,0,1,0,0,0,0.0,Friedrichshain-Kreuzberg,Accident with minor injuries,Collision between vehicle and pedestrian,Pedestrian crossing accident,Daylight,Dry,1381,290386.0
1043,1043,50995,3,Arnimplatz,2019,4,10,4,3,5,3,0,1,1,0,0,0,0,0.0,Pankow,Accident with minor injuries,Collision with a turning/crossing vehicle,Turning/Crossing accident,Daylight,Dry,1219,409335.0
1044,1044,50996,4,Bismarckallee,2019,11,21,5,3,5,3,2,0,1,0,0,0,0,1.0,Charlottenburg-Wilmersdorf,Accident with minor injuries,Collision with a turning/crossing vehicle,Turning/Crossing accident,Dark,Wet/moist/slippery,1727,343592.0
1045,1045,50997,4,Königin-Elisabeth-Straße,2019,9,20,2,3,5,2,2,0,1,0,1,0,0,0.0,Charlottenburg-Wilmersdorf,Accident with minor injuries,Collision with a turning/crossing vehicle,Turning accident,Dark,Dry,1727,343592.0
1046,1046,50998,7,Manteuffelstraße,2019,11,16,2,3,2,6,2,0,1,0,0,0,0,0.0,Tempelhof-Schöneberg,Accident with minor injuries,Collision with the vehicle in front/waiting vehicle,Collision involving vehicles going in the same way,Dark,Dry,1241,350984.0
1047,1047,50999,7,Fritz-Werner-Straße,2019,7,19,2,3,2,6,0,0,1,0,0,1,0,0.0,Tempelhof-Schöneberg,Accident with minor injuries,Collision with the vehicle in front/waiting vehicle,Collision involving vehicles going in the same way,Daylight,Dry,1241,350984.0
1048,1048,51000,1,Alexanderplatzviertel,2019,4,14,4,3,0,4,0,0,0,1,0,0,1,0.0,Mitte,Accident with minor injuries,Others,Pedestrian crossing accident,Daylight,Dry,2215,385748.0
1049,1049,51001,3,Weißenseer Spitze,2019,10,16,4,3,2,6,0,0,1,0,0,0,0,1.0,Pankow,Accident with minor injuries,Collision with the vehicle in front/waiting vehicle,Collision involving vehicles going in the same way,Daylight,Wet/moist/slippery,1219,409335.0
1050,1050,51002,2,Rathaus Yorckstraße,2019,9,19,2,3,3,6,1,0,1,0,1,0,0,0.0,Friedrichshain-Kreuzberg,Accident with minor injuries,Collision with a vehicle traveling laterally in the same direction,Collision involving vehicles going in the same way,Twilight,Dry,1381,290386.0
1051,1051,51004,7,Marienfelder Allee Nordwest,2019,5,13,6,2,0,3,0,0,1,0,0,0,1,0.0,Tempelhof-Schöneberg,Accident with serious injuries,Others,Turning/Crossing accident,Daylight,Dry,1241,350984.0
1052,1052,51005,11,Rüdigerstraße,2019,7,15,2,3,0,2,0,1,1,0,0,0,0,1.0,Lichtenberg,Accident with minor injuries,Others,Turning accident,Daylight,Wet/moist/slippery,679,294201.0
1053,1053,51006,1,Unter den Linden Nord,2019,4,8,4,2,1,5,0,1,1,0,0,0,0,0.0,Mitte,Accident with serious injuries,Collision with a moving/standing/parked vehicle,Accident involving parked vehicles,Daylight,Dry,2215,385748.0
1054,1054,51007,9,Schnellerstraße,2019,6,15,5,3,2,6,0,0,1,0,0,0,0,0.0,Treptow-Köpenick,Accident with minor injuries,Collision with the vehicle in front/waiting vehicle,Collision involving vehicles going in the same way,Daylight,Dry,892,273689.0
1055,1055,51008,1,Großer Tiergarten,2019,9,18,2,3,6,4,0,1,0,1,0,0,0,0.0,Mitte,Accident with minor injuries,Collision between vehicle and pedestrian,Pedestrian crossing accident,Daylight,Dry,2215,385748.0
1056,1056,51009,1,Alexanderplatzviertel,2019,12,21,5,3,5,7,2,0,1,0,0,0,0,1.0,Mitte,Accident with minor injuries,Collision with a turning/crossing vehicle,Others,Dark,Wet/moist/slippery,2215,385748.0
1057,1057,51010,3,Helmholtzplatz,2019,5,13,6,3,0,7,0,1,1,0,0,0,0,0.0,Pankow,Accident with minor injuries,Others,Others,Daylight,Dry,1219,409335.0
1058,1058,51011,7,Germaniagarten,2019,7,13,2,3,0,1,0,0,1,0,0,0,0,0.0,Tempelhof-Schöneberg,Accident with minor injuries,Others,Driving accident,Daylight,Dry,1241,350984.0
1059,1059,51012,3,Niederschönhausen,2019,11,17,6,3,0,6,2,0,1,0,0,0,1,0.0,Pankow,Accident with minor injuries,Others,Collision involving vehicles going in the same way,Dark,Dry,1219,409335.0
1060,1060,51013,4,Jungfernheide,2019,7,0,2,3,3,6,2,0,1,0,0,0,0,0.0,Charlottenburg-Wilmersdorf,Accident with minor injuries,Collision with a vehicle traveling laterally in the same direction,Collision involving vehicles going in the same way,Dark,Dry,1727,343592.0
1061,1061,51014,10,Gensinger Straße,2019,9,9,6,2,2,6,0,0,1,0,0,1,0,1.0,Marzahn-Hellersdorf,Accident with serious injuries,Collision with the vehicle in front/waiting vehicle,Collision involving vehicles going in the same way,Daylight,Wet/moist/slippery,586,269967.0
1062,1062,51015,9,Am Treptower Park Nord,2019,4,21,4,3,5,3,2,1,0,0,0,0,0,0.0,Treptow-Köpenick,Accident with minor injuries,Collision with a turning/crossing vehicle,Turning/Crossing accident,Dark,Dry,892,273689.0
1063,1063,51016,7,Lindenhofsiedlung,2019,10,17,5,3,2,6,0,0,1,0,0,0,0,1.0,Tempelhof-Schöneberg,Accident with minor injuries,Collision with the vehicle in front/waiting vehicle,Collision involving vehicles going in the same way,Daylight,Wet/moist/slippery,1241,350984.0
1064,1064,51017,6,Berlepschstraße,2019,9,18,2,3,5,3,0,1,1,0,0,0,0,0.0,Steglitz-Zehlendorf,Accident with minor injuries,Collision with a turning/crossing vehicle,Turning/Crossing accident,Daylight,Dry,851,310071.0
1065,1065,51019,7,Lindenhofsiedlung,2019,5,15,6,3,2,6,0,0,1,0,0,0,0,0.0,Tempelhof-Schöneberg,Accident with minor injuries,Collision with the vehicle in front/waiting vehicle,Collision involving vehicles going in the same way,Daylight,Dry,1241,350984.0
1066,1066,51020,2,Wriezener Bahnhof/Entwicklungsgebiet,2019,7,17,1,3,3,7,0,0,1,0,1,0,0,0.0,Friedrichshain-Kreuzberg,Accident with minor injuries,Collision with a vehicle traveling laterally in the same direction,Others,Daylight,Dry,1381,290386.0
1067,1067,51021,12,Schäfersee,2019,4,15,4,3,5,7,0,0,1,0,1,0,0,0.0,Reinickendorf,Accident with minor injuries,Collision with a turning/crossing vehicle,Others,Daylight,Dry,867,266408.0
1068,1068,51022,4,Hildegardstraße,2019,11,6,2,3,2,6,2,0,1,0,0,0,0,1.0,Charlottenburg-Wilmersdorf,Accident with minor injuries,Collision with the vehicle in front/waiting vehicle,Collision involving vehicles going in the same way,Dark,Wet/moist/slippery,1727,343592.0
1069,1069,51023,7,Rathausstraße,2019,6,15,7,3,2,6,0,0,1,0,0,0,0,0.0,Tempelhof-Schöneberg,Accident with minor injuries,Collision with the vehicle in front/waiting vehicle,Collision involving vehicles going in the same way,Daylight,Dry,1241,350984.0
1070,1070,51024,1,Humboldthain Nordwest,2019,9,17,2,3,5,2,0,1,1,0,0,0,0,0.0,Mitte,Accident with minor injuries,Collision with a turning/crossing vehicle,Turning accident,Daylight,Dry,2215,385748.0
1071,1071,51025,7,Fritz-Werner-Straße,2019,12,9,5,3,0,6,0,0,1,0,1,0,0,0.0,Tempelhof-Schöneberg,Accident with minor injuries,Others,Collision involving vehicles going in the same way,Daylight,Dry,1241,350984.0
1072,1072,51026,1,Großer Tiergarten,2019,7,13,1,3,0,7,0,1,0,0,0,0,0,0.0,Mitte,Accident with minor injuries,Others,Others,Daylight,Dry,2215,385748.0
1073,1073,51027,3,Thälmannpark,2019,4,8,4,3,0,6,0,1,0,0,0,0,0,0.0,Pankow,Accident with minor injuries,Others,Collision involving vehicles going in the same way,Daylight,Dry,1219,409335.0
1074,1074,51028,4,Jungfernheide,2019,10,18,1,3,2,6,2,0,1,0,0,0,0,0.0,Charlottenburg-Wilmersdorf,Accident with minor injuries,Collision with the vehicle in front/waiting vehicle,Collision involving vehicles going in the same way,Dark,Dry,1727,343592.0
1075,1075,51029,7,Lindenhofsiedlung,2019,9,9,2,3,2,6,0,0,1,0,0,0,0,0.0,Tempelhof-Schöneberg,Accident with minor injuries,Collision with the vehicle in front/waiting vehicle,Collision involving vehicles going in the same way,Daylight,Dry,1241,350984.0
1076,1076,51030,12,Teichstraße,2019,7,0,1,3,2,7,2,0,1,0,0,0,1,1.0,Reinickendorf,Accident with minor injuries,Collision with the vehicle in front/waiting vehicle,Others,Dark,Wet/moist/slippery,867,266408.0
1077,1077,51031,2,Stralauer Kiez,2019,4,6,4,2,1,1,0,0,1,0,0,1,1,0.0,Friedrichshain-Kreuzberg,Accident with serious injuries,Collision with a moving/standing/parked vehicle,Driving accident,Daylight,Dry,1381,290386.0
1078,1078,51032,3,Greifswalder Straße,2019,10,0,6,3,0,1,2,0,0,0,0,0,1,0.0,Pankow,Accident with minor injuries,Others,Driving accident,Dark,Dry,1219,409335.0
1079,1079,51033,3,Buch,2019,6,14,6,3,2,6,0,0,1,0,0,0,0,0.0,Pankow,Accident with minor injuries,Collision with the vehicle in front/waiting vehicle,Collision involving vehicles going in the same way,Daylight,Dry,1219,409335.0
1080,1080,51034,2,Samariterviertel,2019,9,8,2,3,2,6,0,0,1,0,0,1,0,0.0,Friedrichshain-Kreuzberg,Accident with minor injuries,Collision with the vehicle in front/waiting vehicle,Collision involving vehicles going in the same way,Daylight,Dry,1381,290386.0
1081,1081,51036,1,Großer Tiergarten,2019,5,16,6,3,5,2,0,0,1,0,0,0,1,0.0,Mitte,Accident with minor injuries,Collision with a turning/crossing vehicle,Turning accident,Daylight,Dry,2215,385748.0
1082,1082,51037,4,Ernst-Reuter-Platz,2019,4,17,3,3,5,2,0,1,1,0,0,0,0,0.0,Charlottenburg-Wilmersdorf,Accident with minor injuries,Collision with a turning/crossing vehicle,Turning accident,Daylight,Dry,1727,343592.0
1083,1083,51038,1,Unter den Linden Nord,2019,11,5,2,3,8,1,0,1,0,0,0,0,0,0.0,Mitte,Accident with minor injuries,Departure from the roadway to the right,Driving accident,Daylight,Dry,2215,385748.0
1084,1084,51039,7,Grazer Platz,2019,5,17,6,3,2,6,0,0,1,0,1,0,0,0.0,Tempelhof-Schöneberg,Accident with minor injuries,Collision with the vehicle in front/waiting vehicle,Collision involving vehicles going in the same way,Daylight,Dry,1241,350984.0
1085,1085,51040,4,Schloßstraße,2019,11,5,7,3,0,3,2,0,1,0,0,0,1,0.0,Charlottenburg-Wilmersdorf,Accident with minor injuries,Others,Turning/Crossing accident,Dark,Dry,1727,343592.0
1086,1086,51041,2,Conrad-Blenkle-Straße,2019,7,23,7,3,2,6,2,0,1,0,1,0,0,1.0,Friedrichshain-Kreuzberg,Accident with minor injuries,Collision with the vehicle in front/waiting vehicle,Collision involving vehicles going in the same way,Dark,Wet/moist/slippery,1381,290386.0
1087,1087,51042,1,Heidestraße,2019,4,8,3,3,2,6,0,0,1,0,0,0,0,0.0,Mitte,Accident with minor injuries,Collision with the vehicle in front/waiting vehicle,Collision involving vehicles going in the same way,Daylight,Dry,2215,385748.0
1088,1088,51043,9,Elsenstraße,2019,10,17,2,3,3,6,2,0,1,0,1,0,0,0.0,Treptow-Köpenick,Accident with minor injuries,Collision with a vehicle traveling laterally in the same direction,Collision involving vehicles going in the same way,Dark,Dry,892,273689.0
1089,1089,51044,4,Richard-Wagner-Straße,2019,9,11,2,3,2,7,0,0,1,0,1,0,0,0.0,Charlottenburg-Wilmersdorf,Accident with minor injuries,Collision with the vehicle in front/waiting vehicle,Others,Daylight,Dry,1727,343592.0
1090,1090,51046,11,Rüdigerstraße,2019,7,22,7,3,5,2,2,1,1,0,0,0,0,1.0,Lichtenberg,Accident with minor injuries,Collision with a turning/crossing vehicle,Turning accident,Dark,Wet/moist/slippery,679,294201.0
1091,1091,51047,8,Buschkrugallee Nord,2019,4,10,3,3,3,6,0,0,1,0,0,1,0,0.0,Neukölln,Accident with minor injuries,Collision with a vehicle traveling laterally in the same direction,Collision involving vehicles going in the same way,Daylight,Dry,934,329917.0
1092,1092,51048,1,Unter den Linden Nord,2019,6,17,2,3,5,3,0,1,1,0,0,0,0,0.0,Mitte,Accident with minor injuries,Collision with a turning/crossing vehicle,Turning/Crossing accident,Daylight,Dry,2215,385748.0
1093,1093,51049,7,Rathausstraße,2019,9,11,2,3,5,2,0,0,1,0,0,1,0,0.0,Tempelhof-Schöneberg,Accident with minor injuries,Collision with a turning/crossing vehicle,Turning accident,Daylight,Dry,1241,350984.0
1094,1094,51050,3,Buchholz,2019,12,4,3,3,8,1,2,0,0,0,0,0,1,1.0,Pankow,Accident with minor injuries,Departure from the roadway to the right,Driving accident,Dark,Wet/moist/slippery,1219,409335.0
1095,1095,51051,7,Manteuffelstraße,2019,5,13,5,3,2,6,0,0,1,0,0,0,0,0.0,Tempelhof-Schöneberg,Accident with minor injuries,Collision with the vehicle in front/waiting vehicle,Collision involving vehicles going in the same way,Daylight,Dry,1241,350984.0
1096,1096,51052,4,Schloßstraße,2019,7,19,7,3,6,4,0,1,0,1,0,0,0,0.0,Charlottenburg-Wilmersdorf,Accident with minor injuries,Collision between vehicle and pedestrian,Pedestrian crossing accident,Daylight,Dry,1727,343592.0
1097,1097,51053,12,Teichstraße,2019,4,11,3,3,2,6,0,0,1,0,0,0,0,0.0,Reinickendorf,Accident with minor injuries,Collision with the vehicle in front/waiting vehicle,Collision involving vehicles going in the same way,Daylight,Dry,867,266408.0
1098,1098,51054,1,Leipziger Straße,2019,11,10,3,3,3,6,0,0,1,0,0,0,0,1.0,Mitte,Accident with minor injuries,Collision with a vehicle traveling laterally in the same direction,Collision involving vehicles going in the same way,Daylight,Wet/moist/slippery,2215,385748.0
1099,1099,51055,12,Rollbergesiedlung,2019,11,18,7,3,2,2,2,0,1,0,0,0,0,0.0,Reinickendorf,Accident with minor injuries,Collision with the vehicle in front/waiting vehicle,Turning accident,Dark,Dry,867,266408.0
1100,1100,51056,9,Johannisthal West,2019,7,18,7,3,2,6,0,0,1,0,0,0,0,0.0,Treptow-Köpenick,Accident with minor injuries,Collision with the vehicle in front/waiting vehicle,Collision involving vehicles going in the same way,Daylight,Dry,892,273689.0
1101,1101,51057,3,Arnimplatz,2019,4,19,3,2,5,2,1,1,1,0,0,0,0,0.0,Pankow,Accident with serious injuries,Collision with a turning/crossing vehicle,Turning accident,Twilight,Dry,1219,409335.0
1102,1102,51058,4,Königin-Elisabeth-Straße,2019,10,11,3,2,5,2,0,1,1,0,0,0,0,0.0,Charlottenburg-Wilmersdorf,Accident with serious injuries,Collision with a turning/crossing vehicle,Turning accident,Daylight,Dry,1727,343592.0
1103,1103,51059,3,Anton-Saefkow-Park,2019,9,8,2,3,6,7,0,1,0,1,0,0,0,0.0,Pankow,Accident with minor injuries,Collision between vehicle and pedestrian,Others,Daylight,Dry,1219,409335.0
1104,1104,51061,3,Bötzowstraße,2019,5,11,5,2,2,6,0,0,1,0,0,0,0,0.0,Pankow,Accident with serious injuries,Collision with the vehicle in front/waiting vehicle,Collision involving vehicles going in the same way,Daylight,Dry,1219,409335.0
1105,1105,51062,2,Samariterviertel,2019,7,15,7,2,0,1,0,1,0,0,0,0,0,0.0,Friedrichshain-Kreuzberg,Accident with serious injuries,Others,Driving accident,Daylight,Dry,1381,290386.0
1106,1106,51063,11,Rüdigerstraße,2019,4,11,3,2,2,6,0,0,1,0,0,0,0,0.0,Lichtenberg,Accident with serious injuries,Collision with the vehicle in front/waiting vehicle,Collision involving vehicles going in the same way,Daylight,Dry,679,294201.0
1107,1107,51064,11,Rosenfelder Ring,2019,11,18,5,2,2,6,2,0,1,0,0,0,1,1.0,Lichtenberg,Accident with serious injuries,Collision with the vehicle in front/waiting vehicle,Collision involving vehicles going in the same way,Dark,Wet/moist/slippery,679,294201.0
1108,1108,51065,3,Anton-Saefkow-Park,2019,6,8,5,3,5,3,0,1,1,0,0,0,0,0.0,Pankow,Accident with minor injuries,Collision with a turning/crossing vehicle,Turning/Crossing accident,Daylight,Dry,1219,409335.0
1109,1109,51066,4,Richard-Wagner-Straße,2019,9,8,2,3,6,4,0,0,1,1,0,0,0,0.0,Charlottenburg-Wilmersdorf,Accident with minor injuries,Collision between vehicle and pedestrian,Pedestrian crossing accident,Daylight,Dry,1727,343592.0
1110,1110,51067,12,Rollbergesiedlung,2019,12,8,3,2,6,2,0,0,1,1,0,0,0,0.0,Reinickendorf,Accident with serious injuries,Collision between vehicle and pedestrian,Turning accident,Daylight,Dry,867,266408.0
1111,1111,51068,12,Schäfersee,2019,7,13,7,3,2,2,0,0,1,0,0,0,0,0.0,Reinickendorf,Accident with minor injuries,Collision with the vehicle in front/waiting vehicle,Turning accident,Daylight,Dry,867,266408.0
1112,1112,51069,3,Falkplatz,2019,10,18,5,3,3,6,2,0,1,0,0,0,0,0.0,Pankow,Accident with minor injuries,Collision with a vehicle traveling laterally in the same direction,Collision involving vehicles going in the same way,Dark,Dry,1219,409335.0
1113,1113,51070,7,Kaiser-Wilhelm-Platz,2019,7,9,7,3,1,5,0,1,0,0,0,1,0,0.0,Tempelhof-Schöneberg,Accident with minor injuries,Collision with a moving/standing/parked vehicle,Accident involving parked vehicles,Daylight,Dry,1241,350984.0
1114,1114,51071,1,Humboldthain Nordwest,2019,9,8,6,3,5,3,0,1,1,0,0,0,0,0.0,Mitte,Accident with minor injuries,Collision with a turning/crossing vehicle,Turning/Crossing accident,Daylight,Dry,2215,385748.0
1115,1115,51072,4,Güterbahnhof Grunewald,2019,4,7,3,2,2,6,0,0,1,0,1,0,0,0.0,Charlottenburg-Wilmersdorf,Accident with serious injuries,Collision with the vehicle in front/waiting vehicle,Collision involving vehicles going in the same way,Daylight,Dry,1727,343592.0
1116,1116,51073,1,Unter den Linden Nord,2019,4,16,3,3,1,5,0,1,1,0,0,0,0,0.0,Mitte,Accident with minor injuries,Collision with a moving/standing/parked vehicle,Accident involving parked vehicles,Daylight,Dry,2215,385748.0
1117,1117,51074,11,Rüdigerstraße,2019,11,4,4,2,6,4,2,0,0,1,1,0,0,1.0,Lichtenberg,Accident with serious injuries,Collision between vehicle and pedestrian,Pedestrian crossing accident,Dark,Wet/moist/slippery,679,294201.0
1118,1118,51075,4,Hildegardstraße,2019,11,23,1,3,3,6,2,0,1,0,0,0,0,0.0,Charlottenburg-Wilmersdorf,Accident with minor injuries,Collision with a vehicle traveling laterally in the same direction,Collision involving vehicles going in the same way,Dark,Dry,1727,343592.0
1119,1119,51076,2,Stralauer Kiez,2019,7,16,6,3,5,3,0,1,0,0,0,0,0,0.0,Friedrichshain-Kreuzberg,Accident with minor injuries,Collision with a turning/crossing vehicle,Turning/Crossing accident,Daylight,Dry,1381,290386.0
1120,1120,51077,2,Samariterviertel,2019,4,14,3,3,2,2,0,1,1,0,0,0,0,0.0,Friedrichshain-Kreuzberg,Accident with minor injuries,Collision with the vehicle in front/waiting vehicle,Turning accident,Daylight,Dry,1381,290386.0
1121,1121,51078,7,Grazer Platz,2019,10,17,4,3,2,6,0,0,1,0,0,0,1,1.0,Tempelhof-Schöneberg,Accident with minor injuries,Collision with the vehicle in front/waiting vehicle,Collision involving vehicles going in the same way,Daylight,Wet/moist/slippery,1241,350984.0
1122,1122,51079,4,Kranzallee,2019,9,1,1,2,1,5,2,1,1,0,0,0,0,0.0,Charlottenburg-Wilmersdorf,Accident with serious injuries,Collision with a moving/standing/parked vehicle,Accident involving parked vehicles,Dark,Dry,1727,343592.0
1123,1123,51081,3,Pankow Süd,2019,5,19,5,3,1,3,0,1,1,0,0,0,1,0.0,Pankow,Accident with minor injuries,Collision with a moving/standing/parked vehicle,Turning/Crossing accident,Daylight,Dry,1219,409335.0
1124,1124,51082,4,Messegelände,2019,7,17,6,2,3,6,0,0,0,0,1,0,1,0.0,Charlottenburg-Wilmersdorf,Accident with serious injuries,Collision with a vehicle traveling laterally in the same direction,Collision involving vehicles going in the same way,Daylight,Dry,1727,343592.0
1125,1125,51083,7,Grazer Platz,2019,4,14,3,3,0,6,0,0,1,0,1,0,0,0.0,Tempelhof-Schöneberg,Accident with minor injuries,Others,Collision involving vehicles going in the same way,Daylight,Dry,1241,350984.0
1126,1126,51084,2,Samariterviertel,2019,6,15,5,3,2,6,0,0,1,0,0,0,0,0.0,Friedrichshain-Kreuzberg,Accident with minor injuries,Collision with the vehicle in front/waiting vehicle,Collision involving vehicles going in the same way,Daylight,Dry,1381,290386.0
1127,1127,51085,7,Rathausstraße,2019,9,6,1,3,9,1,0,0,1,0,0,0,0,0.0,Tempelhof-Schöneberg,Accident with minor injuries,Departure from the roadway to the left,Driving accident,Daylight,Dry,1241,350984.0
1128,1128,51086,2,Samariterviertel,2019,12,13,3,3,5,2,0,1,1,0,0,0,0,0.0,Friedrichshain-Kreuzberg,Accident with minor injuries,Collision with a turning/crossing vehicle,Turning accident,Daylight,Dry,1381,290386.0
1129,1129,51087,4,Schloßstraße,2019,5,18,5,3,5,2,0,1,1,0,0,0,0,0.0,Charlottenburg-Wilmersdorf,Accident with minor injuries,Collision with a turning/crossing vehicle,Turning accident,Daylight,Dry,1727,343592.0
1130,1130,51088,2,Samariterviertel,2019,7,9,6,3,5,3,0,1,1,0,0,0,0,0.0,Friedrichshain-Kreuzberg,Accident with minor injuries,Collision with a turning/crossing vehicle,Turning/Crossing accident,Daylight,Dry,1381,290386.0
1131,1131,51089,7,Marienfelder Allee Nordwest,2019,10,17,5,3,5,3,2,0,1,0,1,0,0,0.0,Tempelhof-Schöneberg,Accident with minor injuries,Collision with a turning/crossing vehicle,Turning/Crossing accident,Dark,Dry,1241,350984.0
1132,1132,51090,12,Breitkopfbecken,2019,7,19,5,3,1,1,0,1,1,0,0,0,0,0.0,Reinickendorf,Accident with minor injuries,Collision with a moving/standing/parked vehicle,Driving accident,Daylight,Dry,867,266408.0
1133,1133,51091,2,Rathaus Yorckstraße,2019,9,0,6,3,5,3,2,1,1,0,0,0,0,0.0,Friedrichshain-Kreuzberg,Accident with minor injuries,Collision with a turning/crossing vehicle,Turning/Crossing accident,Dark,Dry,1381,290386.0
1134,1134,51092,3,Weißenseer Spitze,2019,4,14,3,3,2,6,0,0,1,0,0,0,1,0.0,Pankow,Accident with minor injuries,Collision with the vehicle in front/waiting vehicle,Collision involving vehicles going in the same way,Daylight,Dry,1219,409335.0
1135,1135,51093,3,Pankow Süd,2019,10,18,4,3,3,6,1,0,1,0,1,0,0,1.0,Pankow,Accident with minor injuries,Collision with a vehicle traveling laterally in the same direction,Collision involving vehicles going in the same way,Twilight,Wet/moist/slippery,1219,409335.0
1136,1136,51094,2,Samariterviertel,2019,8,22,7,2,6,7,2,0,1,1,0,0,0,0.0,Friedrichshain-Kreuzberg,Accident with serious injuries,Collision between vehicle and pedestrian,Others,Dark,Dry,1381,290386.0
1137,1137,51096,2,Richard-Sorge-Viertel,2019,5,17,5,3,5,2,0,1,1,0,0,0,0,0.0,Friedrichshain-Kreuzberg,Accident with minor injuries,Collision with a turning/crossing vehicle,Turning accident,Daylight,Dry,1381,290386.0
1138,1138,51097,1,Großer Tiergarten,2019,7,13,5,3,0,7,0,1,0,0,0,0,0,0.0,Mitte,Accident with minor injuries,Others,Others,Daylight,Dry,2215,385748.0
1139,1139,51098,2,Hausburgviertel,2019,4,20,2,3,5,5,1,1,1,0,0,0,0,0.0,Friedrichshain-Kreuzberg,Accident with minor injuries,Collision with a turning/crossing vehicle,Accident involving parked vehicles,Twilight,Dry,1381,290386.0
1140,1140,51099,2,Stralauer Kiez,2019,11,10,1,3,0,7,0,0,0,0,0,0,1,1.0,Friedrichshain-Kreuzberg,Accident with minor injuries,Others,Others,Daylight,Wet/moist/slippery,1381,290386.0
1141,1141,51100,12,Schäfersee,2019,6,21,7,3,0,6,1,0,1,0,1,0,0,0.0,Reinickendorf,Accident with minor injuries,Others,Collision involving vehicles going in the same way,Twilight,Dry,867,266408.0
1142,1142,51101,3,Arnimplatz,2019,12,13,5,3,0,7,0,0,1,0,0,0,0,0.0,Pankow,Accident with minor injuries,Others,Others,Daylight,Dry,1219,409335.0
1143,1143,51102,1,Alexanderplatzviertel,2019,7,9,5,3,6,4,0,0,0,1,0,0,1,0.0,Mitte,Accident with minor injuries,Collision between vehicle and pedestrian,Pedestrian crossing accident,Daylight,Dry,2215,385748.0
1144,1144,51103,1,Schillerpark,2019,4,17,2,2,5,3,0,1,1,0,0,0,0,0.0,Mitte,Accident with serious injuries,Collision with a turning/crossing vehicle,Turning/Crossing accident,Daylight,Dry,2215,385748.0
1145,1145,51104,12,Hermsdorf,2019,10,11,7,3,2,6,0,0,1,0,0,0,1,0.0,Reinickendorf,Accident with minor injuries,Collision with the vehicle in front/waiting vehicle,Collision involving vehicles going in the same way,Daylight,Dry,867,266408.0
1146,1146,51105,7,Manteuffelstraße,2019,8,19,7,3,5,7,2,0,1,0,0,0,0,0.0,Tempelhof-Schöneberg,Accident with minor injuries,Collision with a turning/crossing vehicle,Others,Dark,Dry,1241,350984.0
1147,1147,51106,6,Feuerbachstraße,2019,7,11,5,3,5,2,0,0,1,0,0,0,0,0.0,Steglitz-Zehlendorf,Accident with minor injuries,Collision with a turning/crossing vehicle,Turning accident,Daylight,Dry,851,310071.0
1148,1148,51107,2,Rathaus Yorckstraße,2019,4,17,2,3,5,2,0,1,1,0,0,0,0,0.0,Friedrichshain-Kreuzberg,Accident with minor injuries,Collision with a turning/crossing vehicle,Turning accident,Daylight,Dry,1381,290386.0
1149,1149,51108,6,Zehlendorf Mitte,2019,10,14,4,3,2,6,0,0,1,0,0,0,0,0.0,Steglitz-Zehlendorf,Accident with minor injuries,Collision with the vehicle in front/waiting vehicle,Collision involving vehicles going in the same way,Daylight,Dry,851,310071.0
1150,1150,51109,4,Richard-Wagner-Straße,2019,6,17,5,3,2,2,0,1,1,0,0,0,0,0.0,Charlottenburg-Wilmersdorf,Accident with minor injuries,Collision with the vehicle in front/waiting vehicle,Turning accident,Daylight,Dry,1727,343592.0
1151,1151,51110,2,Samariterviertel,2019,8,20,7,3,5,3,2,0,1,0,0,0,0,0.0,Friedrichshain-Kreuzberg,Accident with minor injuries,Collision with a turning/crossing vehicle,Turning/Crossing accident,Dark,Dry,1381,290386.0
1152,1152,51111,10,Alt-Biesdorf,2019,12,11,6,3,5,2,0,1,1,0,0,0,0,0.0,Marzahn-Hellersdorf,Accident with minor injuries,Collision with a turning/crossing vehicle,Turning accident,Daylight,Dry,586,269967.0
1153,1153,51112,3,Niederschönhausen,2019,5,7,5,3,3,6,0,0,1,0,1,0,0,0.0,Pankow,Accident with minor injuries,Collision with a vehicle traveling laterally in the same direction,Collision involving vehicles going in the same way,Daylight,Dry,1219,409335.0