,Unnamed: 0,object id,district,street,year,month,hour of day,weekday,category,accident type,accident type 2,light situation,bike involved,car involved,pedestrian involved,motor bike involved,big track involved,other vehicle involved,road condition,district name,category name,accident detail,accident type detail,light condition,road condition detail,accident count by district,est. population
1495,1495,51477,7,Fritz-Werner-Straße,2019,7,13,7,3,2,2,0,0,1,0,1,0,0,0.0,Tempelhof-Schöneberg,Accident with minor injuries,Collision with the vehicle in front/waiting vehicle,Turning accident,Daylight,Dry,1241,350984.0
1496,1496,51478,4,Spreestadt,2019,3,19,6,3,0,1,2,1,0,0,0,0,0,0.0,Charlottenburg-Wilmersdorf,Accident with minor injuries,Others,Driving accident,Dark,Dry,1727,343592.0
1497,1497,51479,12,Hermsdorf,2019,11,13,4,2,6,2,0,0,1,1,0,0,0,0.0,Reinickendorf,Accident with serious injuries,Collision between vehicle and pedestrian,Turning accident,Daylight,Dry,867,266408.0
1498,1498,51480,3,Thälmannpark,2019,10,14,2,3,6,4,0,1,0,1,0,0,0,0.0,Pankow,Accident with minor injuries,Collision between vehicle and pedestrian,Pedestrian crossing accident,Daylight,Dry,1219,409335.0
1499,1499,51481,11,Dorf Malchow,2019,8,11,6,3,5,3,0,1,1,0,0,0,0,0.0,Lichtenberg,Accident with minor injuries,Collision with a turning/crossing vehicle,Turning/Crossing accident,Daylight,Dry,679,294201.0
1500,1500,51483,7,Manteuffelstraße,2019,5,9,6,2,0,7,0,0,1,0,0,0,0,0.0,Tempelhof-Schöneberg,Accident with serious injuries,Others,Others,Daylight,Dry,1241,350984.0
1501,1501,51484,7,Fritz-Werner-Straße,2019,7,12,7,3,2,3,0,0,1,0,0,0,0,0.0,Tempelhof-Schöneberg,Accident with minor injuries,Collision with the vehicle in front/waiting vehicle,Turning/Crossing accident,Daylight,Dry,1241,350984.0
1502,1502,51485,9,Elsenstraße,2019,3,11,5,3,5,3,0,0,1,0,0,0,1,1.0,Treptow-Köpenick,Accident with minor injuries,Collision with a turning/crossing vehicle,Turning/Crossing accident,Daylight,Wet/moist/slippery,892,273689.0
1503,1503,51486,6,Botanischer Garten,2019,6,12,2,3,5,2,0,0,0,0,1,0,0,0.0,Steglitz-Zehlendorf,Accident with minor injuries,Collision with a turning/crossing vehicle,Turning accident,Daylight,Dry,851,310071.0
1504,1504,51487,4,Ernst-Reuter-Platz,2019,8,12,6,3,2,6,0,0,1,0,1,0,0,0.0,Charlottenburg-Wilmersdorf,Accident with minor injuries,Collision with the vehicle in front/waiting vehicle,Collision involving vehicles going in the same way,Daylight,Dry,1727,343592.0
1505,1505,51488,12,Waidmannslust,2019,12,17,2,3,6,2,2,0,0,1,0,0,1,0.0,Reinickendorf,Accident with minor injuries,Collision between vehicle and pedestrian,Turning accident,Dark,Dry,867,266408.0
1506,1506,51489,7,Volkspark (Rudolf-Wilde-Park),2019,5,12,5,3,0,7,0,1,0,0,0,0,1,1.0,Tempelhof-Schöneberg,Accident with minor injuries,Others,Others,Daylight,Wet/moist/slippery,1241,350984.0
1507,1507,51490,1,Reinickendorfer Straße,2019,7,9,6,2,5,2,0,1,0,0,0,1,0,0.0,Mitte,Accident with serious injuries,Collision with a turning/crossing vehicle,Turning accident,Daylight,Dry,2215,385748.0
1508,1508,51491,4,Flinsberger Platz,2019,3,15,5,3,2,6,0,0,1,0,0,0,1,0.0,Charlottenburg-Wilmersdorf,Accident with minor injuries,Collision with the vehicle in front/waiting vehicle,Collision involving vehicles going in the same way,Daylight,Dry,1727,343592.0
1509,1509,51492,7,Fritz-Werner-Straße,2019,11,16,3,3,0,6,1,0,1,0,0,0,1,0.0,Tempelhof-Schöneberg,Accident with minor injuries,Others,Collision involving vehicles going in the same way,Twilight,Dry,1241,350984.0
1510,1510,51493,3,Anton-Saefkow-Park,2019,11,18,6,3,2,6,2,0,1,0,0,0,0,0.0,Pankow,Accident with minor injuries,Collision with the vehicle in front/waiting vehicle,Collision involving vehicles going in the same way,Dark,Dry,1219,409335.0
1511,1511,51494,7,Manteuffelstraße,2019,7,21,6,3,5,2,2,0,1,0,1,0,0,0.0,Tempelhof-Schöneberg,Accident with minor injuries,Collision with a turning/crossing vehicle,Turning accident,Dark,Dry,1241,350984.0
1512,1512,51495,4,Königin-Elisabeth-Straße,2019,3,19,5,3,3,6,2,0,1,0,0,0,0,1.0,Charlottenburg-Wilmersdorf,Accident with minor injuries,Collision with a vehicle traveling laterally in the same direction,Collision involving vehicles going in the same way,Dark,Wet/moist/slippery,1727,343592.0
1513,1513,51496,1,Alexanderplatzviertel,2019,10,20,2,3,3,2,2,1,1,0,0,0,0,0.0,Mitte,Accident with minor injuries,Collision with a vehicle traveling laterally in the same direction,Turning accident,Dark,Dry,2215,385748.0
1514,1514,51497,3,Arnimplatz,2019,8,7,6,3,3,6,0,0,1,0,1,0,0,0.0,Pankow,Accident with minor injuries,Collision with a vehicle traveling laterally in the same direction,Collision involving vehicles going in the same way,Daylight,Dry,1219,409335.0
1515,1515,51499,12,Teichstraße,2019,5,10,5,3,0,3,0,1,1,0,0,0,0,1.0,Reinickendorf,Accident with minor injuries,Others,Turning/Crossing accident,Daylight,Wet/moist/slippery,867,266408.0
1516,1516,51500,2,Andreasviertel,2019,7,18,6,3,3,2,0,0,1,0,1,0,0,0.0,Friedrichshain-Kreuzberg,Accident with minor injuries,Collision with a vehicle traveling laterally in the same direction,Turning accident,Daylight,Dry,1381,290386.0
1517,1517,51501,1,Humboldthain Nordwest,2019,3,8,4,3,5,2,0,1,1,0,0,0,0,0.0,Mitte,Accident with minor injuries,Collision with a turning/crossing vehicle,Turning accident,Daylight,Dry,2215,385748.0
1518,1518,51502,4,Schloßstraße,2019,11,16,4,3,6,4,2,0,1,1,0,0,0,0.0,Charlottenburg-Wilmersdorf,Accident with minor injuries,Collision between vehicle and pedestrian,Pedestrian crossing accident,Dark,Dry,1727,343592.0
1519,1519,51503,10,Kaulsdorf Süd,2019,6,16,4,2,2,6,0,0,0,0,1,0,1,0.0,Marzahn-Hellersdorf,Accident with serious injuries,Collision with the vehicle in front/waiting vehicle,Collision involving vehicles going in the same way,Daylight,Dry,586,269967.0
1520,1520,51504,1,Alexanderplatzviertel,2019,8,0,6,3,0,7,2,0,0,0,0,0,1,0.0,Mitte,Accident with minor injuries,Others,Others,Dark,Dry,2215,385748.0
1521,1521,51505,3,Thälmannpark,2019,12,5,2,3,5,3,2,1,1,0,0,0,0,0.0,Pankow,Accident with minor injuries,Collision with a turning/crossing vehicle,Turning/Crossing accident,Dark,Dry,1219,409335.0
1522,1522,51506,12,Teichstraße,2019,7,12,6,3,0,2,0,1,1,0,0,0,0,0.0,Reinickendorf,Accident with minor injuries,Others,Turning accident,Daylight,Dry,867,266408.0
1523,1523,51507,4,Königin-Elisabeth-Straße,2019,9,17,5,3,0,5,0,0,1,0,1,0,0,0.0,Charlottenburg-Wilmersdorf,Accident with minor injuries,Others,Accident involving parked vehicles,Daylight,Dry,1727,343592.0
1524,1524,51508,10,Wuhletalstraße,2019,10,22,4,3,2,6,2,0,1,0,0,0,0,0.0,Marzahn-Hellersdorf,Accident with minor injuries,Collision with the vehicle in front/waiting vehicle,Collision involving vehicles going in the same way,Dark,Dry,586,269967.0
1525,1525,51509,4,Schloßstraße,2019,8,18,5,2,5,2,0,1,1,0,0,0,0,0.0,Charlottenburg-Wilmersdorf,Accident with serious injuries,Collision with a turning/crossing vehicle,Turning accident,Daylight,Dry,1727,343592.0
1526,1526,51510,4,Flinsberger Platz,2019,7,10,6,3,0,7,0,0,0,0,1,0,0,1.0,Charlottenburg-Wilmersdorf,Accident with minor injuries,Others,Others,Daylight,Wet/moist/slippery,1727,343592.0
1527,1527,51511,6,Zehlendorf Mitte,2019,9,19,5,3,5,2,2,1,1,0,0,0,0,0.0,Steglitz-Zehlendorf,Accident with minor injuries,Collision with a turning/crossing vehicle,Turning accident,Dark,Dry,851,310071.0
1528,1528,51512,4,Königin-Elisabeth-Straße,2019,3,15,4,3,2,6,0,0,1,0,0,0,0,0.0,Charlottenburg-Wilmersdorf,Accident with minor injuries,Collision with the vehicle in front/waiting vehicle,Collision involving vehicles going in the same way,Daylight,Dry,1727,343592.0
1529,1529,51513,4,Brabanter Platz,2019,10,16,3,3,2,6,0,0,1,0,0,0,0,0.0,Charlottenburg-Wilmersdorf,Accident with minor injuries,Collision with the vehicle in front/waiting vehicle,Collision involving vehicles going in the same way,Daylight,Dry,1727,343592.0
1530,1530,51514,4,Flinsberger Platz,2019,8,16,5,3,2,6,0,0,1,0,0,0,1,0.0,Charlottenburg-Wilmersdorf,Accident with minor injuries,Collision with the vehicle in front/waiting vehicle,Collision involving vehicles going in the same way,Daylight,Dry,1727,343592.0
1531,1531,51516,3,Bucher Forst,2019,5,18,5,2,5,3,0,1,1,0,0,0,0,1.0,Pankow,Accident with serious injuries,Collision with a turning/crossing vehicle,Turning/Crossing accident,Daylight,Wet/moist/slippery,1219,409335.0
1532,1532,51517,3,Blankenfelde,2019,7,6,6,3,6,2,0,0,0,1,0,1,0,0.0,Pankow,Accident with minor injuries,Collision between vehicle and pedestrian,Turning accident,Daylight,Dry,1219,409335.0
1533,1533,51518,7,Kaiser-Wilhelm-Platz,2019,3,23,4,2,9,1,2,0,1,0,1,0,0,1.0,Tempelhof-Schöneberg,Accident with serious injuries,Departure from the roadway to the left,Driving accident,Dark,Wet/moist/slippery,1241,350984.0
1534,1534,51519,1,Schillerpark,2019,11,9,7,3,5,3,0,0,1,0,0,0,0,1.0,Mitte,Accident with minor injuries,Collision with a turning/crossing vehicle,Turning/Crossing accident,Daylight,Wet/moist/slippery,2215,385748.0
1535,1535,51520,7,Kaiser-Wilhelm-Platz,2019,5,13,5,3,0,7,0,0,0,0,1,0,0,1.0,Tempelhof-Schöneberg,Accident with minor injuries,Others,Others,Daylight,Wet/moist/slippery,1241,350984.0
1536,1536,51521,1,Großer Tiergarten,2019,8,16,5,3,5,7,0,0,1,0,0,0,0,0.0,Mitte,Accident with minor injuries,Collision with a turning/crossing vehicle,Others,Daylight,Dry,2215,385748.0
1537,1537,51522,10,Springpfuhl,2019,12,13,4,3,2,6,0,0,1,0,0,1,1,0.0,Marzahn-Hellersdorf,Accident with minor injuries,Collision with the vehicle in front/waiting vehicle,Collision involving vehicles going in the same way,Daylight,Dry,586,269967.0
1538,1538,51523,4,Flinsberger Platz,2019,7,9,6,3,2,6,0,0,1,0,0,0,0,0.0,Charlottenburg-Wilmersdorf,Accident with minor injuries,Collision with the vehicle in front/waiting vehicle,Collision involving vehicles going in the same way,Daylight,Dry,1727,343592.0
1539,1539,51524,5,Weinmeisterhornweg,2019,3,8,4,3,2,6,0,0,1,0,0,0,0,1.0,Spandau,Accident with minor injuries,Collision with the vehicle in front/waiting vehicle,Collision involving vehicles going in the same way,Daylight,Wet/moist/slippery,798,245197.0
1540,1540,51525,4,Richard-Wagner-Straße,2019,10,13,6,3,2,6,0,0,1,0,1,0,0,0.0,Charlottenburg-Wilmersdorf,Accident with minor injuries,Collision with the vehicle in front/waiting vehicle,Collision involving vehicles going in the same way,Daylight,Dry,1727,343592.0
1541,1541,51526,12,Letteplatz,2019,8,16,5,3,5,7,0,1,1,0,0,0,0,0.0,Reinickendorf,Accident with minor injuries,Collision with a turning/crossing vehicle,Others,Daylight,Dry,867,266408.0
1542,1542,51527,10,Wuhletalstraße,2019,7,4,6,2,5,3,1,0,1,0,0,0,1,0.0,Marzahn-Hellersdorf,Accident with serious injuries,Collision with a turning/crossing vehicle,Turning/Crossing accident,Twilight,Dry,586,269967.0
1543,1543,51528,3,Greifswalder Straße,2019,3,7,4,2,6,4,0,0,1,1,0,0,0,0.0,Pankow,Accident with serious injuries,Collision between vehicle and pedestrian,Pedestrian crossing accident,Daylight,Dry,1219,409335.0
1544,1544,51529,10,Biesdorf Süd,2019,10,11,3,3,0,1,0,0,0,0,1,0,0,1.0,Marzahn-Hellersdorf,Accident with minor injuries,Others,Driving accident,Daylight,Wet/moist/slippery,586,269967.0
1545,1545,51530,3,Pankow Süd,2019,6,17,4,3,6,3,0,0,1,1,0,0,0,0.0,Pankow,Accident with minor injuries,Collision between vehicle and pedestrian,Turning/Crossing accident,Daylight,Dry,1219,409335.0
1546,1546,51531,12,Scharnweberstraße,2019,8,15,5,2,9,1,0,0,0,0,1,0,0,0.0,Reinickendorf,Accident with serious injuries,Departure from the roadway to the left,Driving accident,Daylight,Dry,867,266408.0
1547,1547,51532,1,Humboldthain Nordwest,2019,12,21,4,3,2,6,2,0,1,0,0,0,0,1.0,Mitte,Accident with minor injuries,Collision with the vehicle in front/waiting vehicle,Collision involving vehicles going in the same way,Dark,Wet/moist/slippery,2215,385748.0
1548,1548,51533,2,Samariterviertel,2019,5,9,5,3,2,6,0,0,1,0,0,0,0,1.0,Friedrichshain-Kreuzberg,Accident with minor injuries,Collision with the vehicle in front/waiting vehicle,Collision involving vehicles going in the same way,Daylight,Wet/moist/slippery,1381,290386.0
1549,1549,51534,7,Germaniagarten,2019,3,5,4,3,0,7,0,0,1,0,0,0,0,0.0,Tempelhof-Schöneberg,Accident with minor injuries,Others,Others,Daylight,Dry,1241,350984.0
1550,1550,51535,6,Zehlendorf Mitte,2019,11,19,7,2,5,3,2,0,1,0,0,0,0,1.0,Steglitz-Zehlendorf,Accident with serious injuries,Collision with a turning/crossing vehicle,Turning/Crossing accident,Dark,Wet/moist/slippery,851,310071.0
1551,1551,51536,11,Rüdigerstraße,2019,5,7,5,3,6,7,0,0,1,1,0,0,0,1.0,Lichtenberg,Accident with minor injuries,Collision between vehicle and pedestrian,Others,Daylight,Wet/moist/slippery,679,294201.0
1552,1552,51537,1,Leipziger Straße,2019,11,17,4,3,3,6,2,1,1,0,0,0,0,1.0,Mitte,Accident with minor injuries,Collision with a vehicle traveling laterally in the same direction,Collision involving vehicles going in the same way,Dark,Wet/moist/slippery,2215,385748.0
1553,1553,51538,4,Lietzensee,2019,7,14,5,3,2,6,0,0,1,0,0,0,0,0.0,Charlottenburg-Wilmersdorf,Accident with minor injuries,Collision with the vehicle in front/waiting vehicle,Collision involving vehicles going in the same way,Daylight,Dry,1727,343592.0
1554,1554,51539,7,Marienfelder Allee Nordwest,2019,3,17,4,3,6,7,1,1,0,1,0,0,0,1.0,Tempelhof-Schöneberg,Accident with minor injuries,Collision between vehicle and pedestrian,Others,Twilight,Wet/moist/slippery,1241,350984.0
1555,1555,51540,8,Gewerbegebiet Köllnische Heide,2019,10,14,7,3,2,6,0,0,1,0,0,0,0,0.0,Neukölln,Accident with minor injuries,Collision with the vehicle in front/waiting vehicle,Collision involving vehicles going in the same way,Daylight,Dry,934,329917.0
1556,1556,51541,12,Breitkopfbecken,2019,8,18,5,2,0,6,0,0,0,0,1,0,1,0.0,Reinickendorf,Accident with serious injuries,Others,Collision involving vehicles going in the same way,Daylight,Dry,867,266408.0
1557,1557,51543,4,Hildegardstraße,2019,5,7,5,2,2,6,0,0,1,0,0,0,1,1.0,Charlottenburg-Wilmersdorf,Accident with serious injuries,Collision with the vehicle in front/waiting vehicle,Collision involving vehicles going in the same way,Daylight,Wet/moist/slippery,1727,343592.0
1558,1558,51544,12,Lübarser Straße,2019,9,13,5,3,5,7,0,0,1,0,0,0,1,0.0,Reinickendorf,Accident with minor injuries,Collision with a turning/crossing vehicle,Others,Daylight,Dry,867,266408.0
1559,1559,51545,2,Stralauer Kiez,2019,7,21,5,2,5,2,1,1,1,0,0,0,0,0.0,Friedrichshain-Kreuzberg,Accident with serious injuries,Collision with a turning/crossing vehicle,Turning accident,Twilight,Dry,1381,290386.0
1560,1560,51546,3,Falkplatz,2019,3,15,3,3,6,4,0,0,1,1,0,0,0,0.0,Pankow,Accident with minor injuries,Collision between vehicle and pedestrian,Pedestrian crossing accident,Daylight,Dry,1219,409335.0
1561,1561,51547,1,Körnerstraße,2019,6,20,7,3,2,6,0,0,1,0,0,0,0,0.0,Mitte,Accident with minor injuries,Collision with the vehicle in front/waiting vehicle,Collision involving vehicles going in the same way,Daylight,Dry,2215,385748.0
1562,1562,51548,3,Bötzowstraße,2019,8,11,5,3,0,4,0,1,0,1,0,0,0,0.0,Pankow,Accident with minor injuries,Others,Pedestrian crossing accident,Daylight,Dry,1219,409335.0
1563,1563,51549,2,Rathaus Yorckstraße,2019,12,12,1,3,1,1,0,0,1,0,0,0,0,0.0,Friedrichshain-Kreuzberg,Accident with minor injuries,Collision with a moving/standing/parked vehicle,Driving accident,Daylight,Dry,1381,290386.0
1564,1564,51550,12,Schäfersee,2019,5,17,5,3,4,6,0,1,0,0,0,0,0,0.0,Reinickendorf,Accident with minor injuries,Collision with oncoming vehicle,Collision involving vehicles going in the same way,Daylight,Dry,867,266408.0
1565,1565,51551,6,Zehlendorf Mitte,2019,7,16,5,3,2,2,0,1,0,0,0,0,1,0.0,Steglitz-Zehlendorf,Accident with minor injuries,Collision with the vehicle in front/waiting vehicle,Turning accident,Daylight,Dry,851,310071.0
1566,1566,51552,2,Rathaus Yorckstraße,2019,11,3,1,2,6,4,2,0,1,1,0,0,0,1.0,Friedrichshain-Kreuzberg,Accident with serious injuries,Collision between vehicle and pedestrian,Pedestrian crossing accident,Dark,Wet/moist/slippery,1381,290386.0
1567,1567,51553,4,Schloßstraße,2019,7,14,5,3,5,2,0,1,1,0,0,0,0,0.0,Charlottenburg-Wilmersdorf,Accident with minor injuries,Collision with a turning/crossing vehicle,Turning accident,Daylight,Dry,1727,343592.0
1568,1568,51554,7,Grazer Platz,2019,3,9,3,3,2,6,0,0,1,0,0,0,0,0.0,Tempelhof-Schöneberg,Accident with minor injuries,Collision with the vehicle in front/waiting vehicle,Collision involving vehicles going in the same way,Daylight,Dry,1241,350984.0
1569,1569,51555,4,Güterbahnhof Grunewald,2019,10,19,1,3,2,6,2,0,1,0,0,0,0,0.0,Charlottenburg-Wilmersdorf,Accident with minor injuries,Collision with the vehicle in front/waiting vehicle,Collision involving vehicles going in the same way,Dark,Dry,1727,343592.0
1570,1570,51556,1,Alexanderplatzviertel,2019,8,11,5,3,6,7,0,0,0,1,1,0,0,0.0,Mitte,Accident with minor injuries,Collision between vehicle and pedestrian,Others,Daylight,Dry,2215,385748.0
1571,1571,51558,7,Kettinger Straße/Schillerstraße,2019,5,15,4,3,2,6,0,0,1,0,0,0,0,0.0,Tempelhof-Schöneberg,Accident with minor injuries,Collision with the vehicle in front/waiting vehicle,Collision involving vehicles going in the same way,Daylight,Dry,1241,350984.0
1572,1572,51559,3,Winsstraße,2019,7,14,5,3,5,2,0,1,1,0,0,0,0,0.0,Pankow,Accident with minor injuries,Collision with a turning/crossing vehicle,Turning accident,Daylight,Dry,1219,409335.0
1573,1573,51560,4,Schloßstraße,2019,3,10,3,3,2,6,0,0,1,0,0,0,0,0.0,Charlottenburg-Wilmersdorf,Accident with minor injuries,Collision with the vehicle in front/waiting vehicle,Collision involving vehicles going in the same way,Daylight,Dry,1727,343592.0
1574,1574,51561,4,Königin-Elisabeth-Straße,2019,11,15,3,3,2,6,0,0,1,0,0,0,1,0.0,Charlottenburg-Wilmersdorf,Accident with minor injuries,Collision with the vehicle in front/waiting vehicle,Collision involving vehicles going in the same way,Daylight,Dry,1727,343592.0
1575,1575,51562,1,Alexanderplatzviertel,2019,6,13,3,3,2,6,0,0,1,0,0,0,0,0.0,Mitte,Accident with minor injuries,Collision with the vehicle in front/waiting vehicle,Collision involving vehicles going in the same way,Daylight,Dry,2215,385748.0
1576,1576,51563,3,Greifswalder Straße,2019,8,11,5,2,5,2,0,1,1,0,0,0,0,0.0,Pankow,Accident with serious injuries,Collision with a turning/crossing vehicle,Turning accident,Daylight,Dry,1219,409335.0
1577,1577,51564,1,Humboldthain Nordwest,2019,12,19,7,3,2,6,2,0,1,0,0,0,0,1.0,Mitte,Accident with minor injuries,Collision with the vehicle in front/waiting vehicle,Collision involving vehicles going in the same way,Dark,Wet/moist/slippery,2215,385748.0
1578,1578,51565,2,Wriezener Bahnhof/Entwicklungsgebiet,2019,7,14,5,2,1,5,0,1,0,0,1,0,0,0.0,Friedrichshain-Kreuzberg,Accident with serious injuries,Collision with a moving/standing/parked vehicle,Accident involving parked vehicles,Daylight,Dry,1381,290386.0
1579,1579,51566,3,Falkplatz,2019,10,13,3,3,2,6,0,0,1,0,0,0,0,0.0,Pankow,Accident with minor injuries,Collision with the vehicle in front/waiting vehicle,Collision involving vehicles going in the same way,Daylight,Dry,1219,409335.0
1580,1580,51567,6,Zehlendorf Mitte,2019,8,9,5,3,5,2,0,1,1,0,0,0,0,0.0,Steglitz-Zehlendorf,Accident with minor injuries,Collision with a turning/crossing vehicle,Turning accident,Daylight,Dry,851,310071.0
1581,1581,51568,10,Wuhletalstraße,2019,7,19,4,3,5,3,0,0,1,0,0,0,0,0.0,Marzahn-Hellersdorf,Accident with minor injuries,Collision with a turning/crossing vehicle,Turning/Crossing accident,Daylight,Dry,586,269967.0
1582,1582,51569,4,Kranzallee,2019,3,18,2,3,5,3,1,0,1,0,0,0,0,0.0,Charlottenburg-Wilmersdorf,Accident with minor injuries,Collision with a turning/crossing vehicle,Turning/Crossing accident,Twilight,Dry,1727,343592.0
1583,1583,51570,12,Klixstraße,2019,10,6,2,3,3,6,2,0,1,0,0,1,0,0.0,Reinickendorf,Accident with minor injuries,Collision with a vehicle traveling laterally in the same direction,Collision involving vehicles going in the same way,Dark,Dry,867,266408.0
1584,1584,51571,3,Niederschönhausen,2019,6,11,1,3,5,2,0,1,1,0,0,0,0,0.0,Pankow,Accident with minor injuries,Collision with a turning/crossing vehicle,Turning accident,Daylight,Dry,1219,409335.0
1585,1585,51572,2,Andreasviertel,2019,8,19,5,3,6,7,0,0,0,1,0,0,1,0.0,Friedrichshain-Kreuzberg,Accident with minor injuries,Collision between vehicle and pedestrian,Others,Daylight,Dry,1381,290386.0
1586,1586,51574,12,Waldidyll/Flughafensee,2019,5,12,4,3,3,6,0,0,1,0,1,0,0,0.0,Reinickendorf,Accident with minor injuries,Collision with a vehicle traveling laterally in the same direction,Collision involving vehicles going in the same way,Daylight,Dry,867,266408.0
1587,1587,51575,10,Alt-Biesdorf,2019,3,11,2,3,5,2,0,0,1,0,0,0,0,1.0,Marzahn-Hellersdorf,Accident with minor injuries,Collision with a turning/crossing vehicle,Turning accident,Daylight,Wet/moist/slippery,586,269967.0
1588,1588,51576,6,Zehlendorf Mitte,2019,11,20,4,3,5,2,2,0,1,0,0,0,0,1.0,Steglitz-Zehlendorf,Accident with minor injuries,Collision with a turning/crossing vehicle,Turning accident,Dark,Wet/moist/slippery,851,310071.0
1589,1589,51577,4,Bismarckallee,2019,5,9,4,2,2,6,0,0,1,0,1,0,0,0.0,Charlottenburg-Wilmersdorf,Accident with serious injuries,Collision with the vehicle in front/waiting vehicle,Collision involving vehicles going in the same way,Daylight,Dry,1727,343592.0
1590,1590,51578,7,Dennewitzplatz,2019,12,14,2,3,6,4,0,0,1,1,0,0,0,0.0,Tempelhof-Schöneberg,Accident with minor injuries,Collision between vehicle and pedestrian,Pedestrian crossing accident,Daylight,Dry,1241,350984.0
1591,1591,51579,3,Erich-Weinert-Straße,2019,7,19,4,3,1,5,0,1,0,0,0,0,1,0.0,Pankow,Accident with minor injuries,Collision with a moving/standing/parked vehicle,Accident involving parked vehicles,Daylight,Dry,1219,409335.0
1592,1592,51580,7,Lindenhofsiedlung,2019,3,14,2,2,2,6,0,0,1,0,0,0,0,1.0,Tempelhof-Schöneberg,Accident with serious injuries,Collision with the vehicle in front/waiting vehicle,Collision involving vehicles going in the same way,Daylight,Wet/moist/slippery,1241,350984.0
1593,1593,51581,6,Nikolassee,2019,10,17,4,2,9,1,2,0,1,0,0,0,0,0.0,Steglitz-Zehlendorf,Accident with serious injuries,Departure from the roadway to the left,Driving accident,Dark,Dry,851,310071.0
1594,1594,51582,12,Wittenau Nord,2019,8,17,4,3,5,3,0,0,1,0,0,0,0,0.0,Reinickendorf,Accident with minor injuries,Collision with a turning/crossing vehicle,Turning/Crossing accident,Daylight,Dry,867,266408.0
1595,1595,51584,12,Rollbergesiedlung,2019,6,10,4,3,5,3,0,1,1,0,0,0,0,0.0,Reinickendorf,Accident with minor injuries,Collision with a turning/crossing vehicle,Turning/Crossing accident,Daylight,Dry,867,266408.0
1596,1596,51585,6,Nikolassee,2019,8,17,4,2,0,7,0,1,0,0,0,0,0,0.0,Steglitz-Zehlendorf,Accident with serious injuries,Others,Others,Daylight,Dry,851,310071.0
1597,1597,51586,2,Wriezener Bahnhof/Entwicklungsgebiet,2019,12,19,1,3,6,6,2,1,0,1,0,0,0,1.0,Friedrichshain-Kreuzberg,Accident with minor injuries,Collision between vehicle and pedestrian,Collision involving vehicles going in the same way,Dark,Wet/moist/slippery,1381,290386.0
1598,1598,51587,3,Pankow Süd,2019,7,16,4,3,5,3,0,1,1,0,0,0,0,0.0,Pankow,Accident with minor injuries,Collision with a turning/crossing vehicle,Turning/Crossing accident,Daylight,Dry,1219,409335.0
1599,1599,51588,6,Wannsee,2019,9,17,4,3,1,1,0,0,1,0,0,0,0,1.0,Steglitz-Zehlendorf,Accident with minor injuries,Collision with a moving/standing/parked vehicle,Driving accident,Daylight,Wet/moist/slippery,851,310071.0
1600,1600,51589,7,Rathausstraße,2019,10,11,4,3,1,5,0,1,1,0,0,0,0,0.0,Tempelhof-Schöneberg,Accident with minor injuries,Collision with a moving/standing/parked vehicle,Accident involving parked vehicles,Daylight,Dry,1241,350984.0
1601,1601,51590,4,Hildegardstraße,2019,8,7,4,2,2,6,0,0,0,0,1,0,1,0.0,Charlottenburg-Wilmersdorf,Accident with serious injuries,Collision with the vehicle in front/waiting vehicle,Collision involving vehicles going in the same way,Daylight,Dry,1727,343592.0
1602,1602,51591,1,Unter den Linden Nord,2019,7,13,4,3,3,6,0,0,1,0,1,0,0,0.0,Mitte,Accident with minor injuries,Collision with a vehicle traveling laterally in the same direction,Collision involving vehicles going in the same way,Daylight,Dry,2215,385748.0
1603,1603,51592,4,Babelsberger Straße,2019,3,15,2,3,2,6,0,0,1,0,0,0,0,0.0,Charlottenburg-Wilmersdorf,Accident with minor injuries,Collision with the vehicle in front/waiting vehicle,Collision involving vehicles going in the same way,Daylight,Dry,1727,343592.0
1604,1604,51593,12,Teichstraße,2019,10,13,3,3,2,6,0,0,1,0,0,1,0,1.0,Reinickendorf,Accident with minor injuries,Collision with the vehicle in front/waiting vehicle,Collision involving vehicles going in the same way,Daylight,Wet/moist/slippery,867,266408.0
1605,1605,51594,4,Park Ruhwald,2019,8,5,4,3,3,6,1,0,1,0,0,0,0,0.0,Charlottenburg-Wilmersdorf,Accident with minor injuries,Collision with a vehicle traveling laterally in the same direction,Collision involving vehicles going in the same way,Twilight,Dry,1727,343592.0
1606,1606,51596,3,Anton-Saefkow-Park,2019,5,9,4,3,2,6,0,0,1,0,1,0,0,0.0,Pankow,Accident with minor injuries,Collision with the vehicle in front/waiting vehicle,Collision involving vehicles going in the same way,Daylight,Dry,1219,409335.0
1607,1607,51597,2,Hausburgviertel,2019,7,10,4,3,0,5,0,1,0,0,0,0,1,0.0,Friedrichshain-Kreuzberg,Accident with minor injuries,Others,Accident involving parked vehicles,Daylight,Dry,1381,290386.0
1608,1608,51598,6,Zehlendorf Mitte,2019,3,13,2,2,5,3,0,0,1,0,0,0,0,1.0,Steglitz-Zehlendorf,Accident with serious injuries,Collision with a turning/crossing vehicle,Turning/Crossing accident,Daylight,Wet/moist/slippery,851,310071.0
1609,1609,51599,2,Samariterviertel,2019,11,9,5,3,5,3,0,1,1,0,0,0,0,0.0,Friedrichshain-Kreuzberg,Accident with minor injuries,Collision with a turning/crossing vehicle,Turning/Crossing accident,Daylight,Dry,1381,290386.0