,Unnamed: 0,object id,district,street,year,month,hour of day,weekday,category,accident type,accident type 2,light situation,bike involved,car involved,pedestrian involved,motor bike involved,big track involved,other vehicle involved,road condition,district name,category name,accident detail,accident type detail,light condition,road condition detail,accident count by district,est. population
1610,1610,51600,2,Samariterviertel,2019,5,8,4,3,5,3,0,1,1,0,0,0,0,0.0,Friedrichshain-Kreuzberg,Accident with minor injuries,Collision with a turning/crossing vehicle,Turning/Crossing accident,Daylight,Dry,1381,290386.0
1611,1611,51601,1,Humboldthain Nordwest,2019,12,18,3,3,2,6,2,0,1,0,0,0,0,1.0,Mitte,Accident with minor injuries,Collision with the vehicle in front/waiting vehicle,Collision involving vehicles going in the same way,Dark,Wet/moist/slippery,2215,385748.0
1612,1612,51602,4,Brabanter Platz,2019,7,15,4,3,2,6,0,0,1,0,1,0,0,0.0,Charlottenburg-Wilmersdorf,Accident with minor injuries,Collision with the vehicle in front/waiting vehicle,Collision involving vehicles going in the same way,Daylight,Dry,1727,343592.0
1613,1613,51603,11,Dorf Malchow,2019,3,10,1,3,5,2,0,1,1,0,0,0,0,0.0,Lichtenberg,Accident with minor injuries,Collision with a turning/crossing vehicle,Turning accident,Daylight,Dry,679,294201.0
1614,1614,51604,12,Letteplatz,2019,10,19,5,3,2,6,2,0,1,0,1,0,0,0.0,Reinickendorf,Accident with minor injuries,Collision with the vehicle in front/waiting vehicle,Collision involving vehicles going in the same way,Dark,Dry,867,266408.0
1615,1615,51605,1,Alexanderplatzviertel,2019,8,15,4,3,6,6,0,0,0,1,0,0,1,0.0,Mitte,Accident with minor injuries,Collision between vehicle and pedestrian,Collision involving vehicles going in the same way,Daylight,Dry,2215,385748.0
1616,1616,51607,10,Springpfuhl,2019,7,20,3,3,5,3,0,0,1,0,0,0,0,0.0,Marzahn-Hellersdorf,Accident with minor injuries,Collision with a turning/crossing vehicle,Turning/Crossing accident,Daylight,Dry,586,269967.0
1617,1617,51608,3,Arnimplatz,2019,3,18,1,3,3,6,1,0,1,0,1,0,0,0.0,Pankow,Accident with minor injuries,Collision with a vehicle traveling laterally in the same direction,Collision involving vehicles going in the same way,Twilight,Dry,1219,409335.0
1618,1618,51609,12,Teichstraße,2019,9,14,2,3,5,2,0,1,0,0,0,1,0,0.0,Reinickendorf,Accident with minor injuries,Collision with a turning/crossing vehicle,Turning accident,Daylight,Dry,867,266408.0
1619,1619,51610,9,Baumschulenstraße,2019,6,7,4,3,5,2,0,0,1,0,1,0,0,0.0,Treptow-Köpenick,Accident with minor injuries,Collision with a turning/crossing vehicle,Turning accident,Daylight,Dry,892,273689.0
1620,1620,51611,11,Rüdigerstraße,2019,8,12,4,3,6,4,0,1,0,1,0,0,0,0.0,Lichtenberg,Accident with minor injuries,Collision between vehicle and pedestrian,Pedestrian crossing accident,Daylight,Dry,679,294201.0
1621,1621,51612,9,Elsenstraße,2019,12,10,7,3,3,6,0,0,1,0,0,0,0,1.0,Treptow-Köpenick,Accident with minor injuries,Collision with a vehicle traveling laterally in the same direction,Collision involving vehicles going in the same way,Daylight,Wet/moist/slippery,892,273689.0
1622,1622,51613,10,Marzahner Chaussee,2019,5,22,4,2,0,1,2,1,0,0,0,0,0,0.0,Marzahn-Hellersdorf,Accident with serious injuries,Others,Driving accident,Dark,Dry,586,269967.0
1623,1623,51614,12,Schäfersee,2019,7,12,3,3,6,4,0,1,0,1,0,0,0,0.0,Reinickendorf,Accident with minor injuries,Collision between vehicle and pedestrian,Pedestrian crossing accident,Daylight,Dry,867,266408.0
1624,1624,51615,4,Richard-Wagner-Straße,2019,3,11,7,3,2,6,0,0,1,0,0,0,0,0.0,Charlottenburg-Wilmersdorf,Accident with minor injuries,Collision with the vehicle in front/waiting vehicle,Collision involving vehicles going in the same way,Daylight,Dry,1727,343592.0
1625,1625,51616,3,Helmholtzplatz,2019,11,22,6,2,6,7,2,0,1,1,0,0,0,1.0,Pankow,Accident with serious injuries,Collision between vehicle and pedestrian,Others,Dark,Wet/moist/slippery,1219,409335.0
1626,1626,51617,7,Dennewitzplatz,2019,11,16,3,3,3,6,2,0,1,0,1,0,0,0.0,Tempelhof-Schöneberg,Accident with minor injuries,Collision with a vehicle traveling laterally in the same direction,Collision involving vehicles going in the same way,Dark,Dry,1241,350984.0
1627,1627,51618,1,Großer Tiergarten,2019,7,18,3,3,5,2,0,1,1,0,0,0,0,0.0,Mitte,Accident with minor injuries,Collision with a turning/crossing vehicle,Turning accident,Daylight,Dry,2215,385748.0
1628,1628,51619,4,Jungfernheide,2019,3,14,7,2,2,6,0,0,1,0,0,0,0,0.0,Charlottenburg-Wilmersdorf,Accident with serious injuries,Collision with the vehicle in front/waiting vehicle,Collision involving vehicles going in the same way,Daylight,Dry,1727,343592.0
1629,1629,51620,4,Jungfernheide,2019,10,20,5,3,2,6,2,0,1,0,0,0,0,0.0,Charlottenburg-Wilmersdorf,Accident with minor injuries,Collision with the vehicle in front/waiting vehicle,Collision involving vehicles going in the same way,Dark,Dry,1727,343592.0
1630,1630,51621,10,Mahlsdorf Süd,2019,8,10,4,3,2,6,0,0,0,0,0,1,1,0.0,Marzahn-Hellersdorf,Accident with minor injuries,Collision with the vehicle in front/waiting vehicle,Collision involving vehicles going in the same way,Daylight,Dry,586,269967.0
1631,1631,51623,2,Hausburgviertel,2019,5,18,4,3,5,2,0,1,1,0,0,0,0,0.0,Friedrichshain-Kreuzberg,Accident with minor injuries,Collision with a turning/crossing vehicle,Turning accident,Daylight,Dry,1381,290386.0
1632,1632,51624,6,Nikolassee,2019,9,16,4,3,0,7,0,0,1,0,0,0,0,1.0,Steglitz-Zehlendorf,Accident with minor injuries,Others,Others,Daylight,Wet/moist/slippery,851,310071.0
1633,1633,51625,2,Wriezener Bahnhof/Entwicklungsgebiet,2019,7,1,3,3,6,4,2,0,1,1,0,0,0,0.0,Friedrichshain-Kreuzberg,Accident with minor injuries,Collision between vehicle and pedestrian,Pedestrian crossing accident,Dark,Dry,1381,290386.0
1634,1634,51626,10,Alt-Marzahn,2019,3,16,7,3,2,4,0,0,1,1,0,1,0,0.0,Marzahn-Hellersdorf,Accident with minor injuries,Collision with the vehicle in front/waiting vehicle,Pedestrian crossing accident,Daylight,Dry,586,269967.0
1635,1635,51627,2,Samariterviertel,2019,6,11,6,3,6,4,0,1,0,1,0,0,0,0.0,Friedrichshain-Kreuzberg,Accident with minor injuries,Collision between vehicle and pedestrian,Pedestrian crossing accident,Daylight,Dry,1381,290386.0
1636,1636,51628,1,Nördlicher Landwehrkanal,2019,8,10,4,2,6,4,0,1,0,1,0,0,0,0.0,Mitte,Accident with serious injuries,Collision between vehicle and pedestrian,Pedestrian crossing accident,Daylight,Dry,2215,385748.0
1637,1637,51629,7,Fritz-Werner-Straße,2019,12,22,6,3,0,1,2,0,0,0,1,0,0,0.0,Tempelhof-Schöneberg,Accident with minor injuries,Others,Driving accident,Dark,Dry,1241,350984.0
1638,1638,51630,1,Großer Tiergarten,2019,5,11,3,3,0,7,0,1,0,0,0,0,0,0.0,Mitte,Accident with minor injuries,Others,Others,Daylight,Dry,2215,385748.0
1639,1639,51631,3,Pankow Süd,2019,7,17,2,3,2,6,0,0,1,0,0,0,1,0.0,Pankow,Accident with minor injuries,Collision with the vehicle in front/waiting vehicle,Collision involving vehicles going in the same way,Daylight,Dry,1219,409335.0
1640,1640,51632,6,Wannsee,2019,3,21,7,3,5,3,2,0,1,0,0,0,1,0.0,Steglitz-Zehlendorf,Accident with minor injuries,Collision with a turning/crossing vehicle,Turning/Crossing accident,Dark,Dry,851,310071.0
1641,1641,51633,2,Samariterviertel,2019,11,3,7,3,5,3,2,0,1,0,0,0,1,1.0,Friedrichshain-Kreuzberg,Accident with minor injuries,Collision with a turning/crossing vehicle,Turning/Crossing accident,Dark,Wet/moist/slippery,1381,290386.0
1642,1642,51634,2,Askanischer Platz,2019,7,17,2,3,2,6,0,0,1,0,0,0,0,0.0,Friedrichshain-Kreuzberg,Accident with minor injuries,Collision with the vehicle in front/waiting vehicle,Collision involving vehicles going in the same way,Daylight,Dry,1381,290386.0
1643,1643,51635,4,Bismarckallee,2019,3,13,6,3,3,6,0,0,1,0,0,0,1,0.0,Charlottenburg-Wilmersdorf,Accident with minor injuries,Collision with a vehicle traveling laterally in the same direction,Collision involving vehicles going in the same way,Daylight,Dry,1727,343592.0
1644,1644,51636,2,Samariterviertel,2019,10,18,6,3,5,2,2,0,1,0,0,0,0,1.0,Friedrichshain-Kreuzberg,Accident with minor injuries,Collision with a turning/crossing vehicle,Turning accident,Dark,Wet/moist/slippery,1381,290386.0
1645,1645,51637,1,Unter den Linden Nord,2019,8,10,4,3,3,6,0,1,1,0,0,0,0,0.0,Mitte,Accident with minor injuries,Collision with a vehicle traveling laterally in the same direction,Collision involving vehicles going in the same way,Daylight,Dry,2215,385748.0
1646,1646,51639,3,Greifswalder Straße,2019,5,19,3,3,3,6,1,1,0,0,0,0,0,0.0,Pankow,Accident with minor injuries,Collision with a vehicle traveling laterally in the same direction,Collision involving vehicles going in the same way,Twilight,Dry,1219,409335.0
1647,1647,51640,12,Wittenau Süd,2019,7,12,2,3,5,3,0,1,1,0,0,0,0,0.0,Reinickendorf,Accident with minor injuries,Collision with a turning/crossing vehicle,Turning/Crossing accident,Daylight,Dry,867,266408.0
1648,1648,51641,2,Barnimkiez,2019,3,7,6,2,3,5,0,1,0,0,0,1,0,0.0,Friedrichshain-Kreuzberg,Accident with serious injuries,Collision with a vehicle traveling laterally in the same direction,Accident involving parked vehicles,Daylight,Dry,1381,290386.0
1649,1649,51642,5,Weinmeisterhornweg,2019,11,17,2,2,6,4,2,0,1,1,0,0,0,1.0,Spandau,Accident with serious injuries,Collision between vehicle and pedestrian,Pedestrian crossing accident,Dark,Wet/moist/slippery,798,245197.0
1650,1650,51643,10,Ringkolonnaden,2019,6,21,3,2,2,6,2,0,1,0,0,0,0,0.0,Marzahn-Hellersdorf,Accident with serious injuries,Collision with the vehicle in front/waiting vehicle,Collision involving vehicles going in the same way,Dark,Dry,586,269967.0
1651,1651,51644,11,Rüdigerstraße,2019,8,20,3,3,5,2,1,1,1,0,0,0,0,0.0,Lichtenberg,Accident with minor injuries,Collision with a turning/crossing vehicle,Turning accident,Twilight,Dry,679,294201.0
1652,1652,51645,2,Askanischer Platz,2019,12,18,6,3,3,6,2,0,1,0,1,0,0,1.0,Friedrichshain-Kreuzberg,Accident with minor injuries,Collision with a vehicle traveling laterally in the same direction,Collision involving vehicles going in the same way,Dark,Wet/moist/slippery,1381,290386.0
1653,1653,51646,3,Niederschönhausen,2019,7,10,2,3,1,5,0,1,1,0,0,0,0,0.0,Pankow,Accident with minor injuries,Collision with a moving/standing/parked vehicle,Accident involving parked vehicles,Daylight,Dry,1219,409335.0
1654,1654,51647,7,Fritz-Werner-Straße,2019,9,12,4,3,0,1,0,0,0,0,1,0,0,1.0,Tempelhof-Schöneberg,Accident with minor injuries,Others,Driving accident,Daylight,Wet/moist/slippery,1241,350984.0
1655,1655,51648,7,Birnhornweg,2019,3,4,6,3,1,5,2,0,1,0,0,0,0,0.0,Tempelhof-Schöneberg,Accident with minor injuries,Collision with a moving/standing/parked vehicle,Accident involving parked vehicles,Dark,Dry,1241,350984.0
1656,1656,51649,11,Rüdigerstraße,2019,10,15,2,3,2,6,0,0,1,0,0,0,0,0.0,Lichtenberg,Accident with minor injuries,Collision with the vehicle in front/waiting vehicle,Collision involving vehicles going in the same way,Daylight,Dry,679,294201.0
1657,1657,51650,4,Bismarckallee,2019,8,17,3,3,2,6,0,0,1,0,0,0,0,0.0,Charlottenburg-Wilmersdorf,Accident with minor injuries,Collision with the vehicle in front/waiting vehicle,Collision involving vehicles going in the same way,Daylight,Dry,1727,343592.0
1658,1658,51651,7,Fritz-Werner-Straße,2019,7,11,2,3,5,3,0,0,1,0,0,0,0,0.0,Tempelhof-Schöneberg,Accident with minor injuries,Collision with a turning/crossing vehicle,Turning/Crossing accident,Daylight,Dry,1241,350984.0
1659,1659,51652,3,Bötzowstraße,2019,3,12,6,3,6,4,0,0,1,1,0,0,0,0.0,Pankow,Accident with minor injuries,Collision between vehicle and pedestrian,Pedestrian crossing accident,Daylight,Dry,1219,409335.0
1660,1660,51653,7,Dennewitzplatz,2019,10,21,7,2,3,6,2,1,1,0,0,0,0,1.0,Tempelhof-Schöneberg,Accident with serious injuries,Collision with a vehicle traveling laterally in the same direction,Collision involving vehicles going in the same way,Dark,Wet/moist/slippery,1241,350984.0
1661,1661,51654,9,Schnellerstraße,2019,6,12,7,3,2,2,0,0,1,0,0,0,1,0.0,Treptow-Köpenick,Accident with minor injuries,Collision with the vehicle in front/waiting vehicle,Turning accident,Daylight,Dry,892,273689.0
1662,1662,51655,4,Jungfernheide,2019,8,14,3,3,2,6,0,0,1,0,0,0,0,0.0,Charlottenburg-Wilmersdorf,Accident with minor injuries,Collision with the vehicle in front/waiting vehicle,Collision involving vehicles going in the same way,Daylight,Dry,1727,343592.0
1663,1663,51657,7,Fritz-Werner-Straße,2019,5,18,3,3,5,2,0,1,1,0,0,0,0,0.0,Tempelhof-Schöneberg,Accident with minor injuries,Collision with a turning/crossing vehicle,Turning accident,Daylight,Dry,1241,350984.0
1664,1664,51658,6,Düppel,2019,3,20,5,3,2,6,2,0,1,0,0,0,0,0.0,Steglitz-Zehlendorf,Accident with minor injuries,Collision with the vehicle in front/waiting vehicle,Collision involving vehicles going in the same way,Dark,Dry,851,310071.0
1665,1665,51659,12,Breitkopfbecken,2019,11,14,3,3,2,6,0,0,1,0,0,0,0,0.0,Reinickendorf,Accident with minor injuries,Collision with the vehicle in front/waiting vehicle,Collision involving vehicles going in the same way,Daylight,Dry,867,266408.0
1666,1666,51660,3,Falkplatz,2019,5,17,3,3,0,6,0,0,1,0,0,0,1,0.0,Pankow,Accident with minor injuries,Others,Collision involving vehicles going in the same way,Daylight,Dry,1219,409335.0
1667,1667,51661,4,Königin-Elisabeth-Straße,2019,12,12,1,3,2,6,0,0,1,0,0,0,0,0.0,Charlottenburg-Wilmersdorf,Accident with minor injuries,Collision with the vehicle in front/waiting vehicle,Collision involving vehicles going in the same way,Daylight,Dry,1727,343592.0
1668,1668,51662,7,Horstwalder Straße/Paplitzer Straße,2019,7,11,2,3,5,3,0,1,0,0,0,0,0,0.0,Tempelhof-Schöneberg,Accident with minor injuries,Collision with a turning/crossing vehicle,Turning/Crossing accident,Daylight,Dry,1241,350984.0
1669,1669,51663,12,Alt-Tegel,2019,3,15,5,2,2,6,0,0,1,0,0,0,0,0.0,Reinickendorf,Accident with serious injuries,Collision with the vehicle in front/waiting vehicle,Collision involving vehicles going in the same way,Daylight,Dry,867,266408.0
1670,1670,51664,2,Askanischer Platz,2019,10,18,3,3,5,3,1,1,1,0,0,0,0,0.0,Friedrichshain-Kreuzberg,Accident with minor injuries,Collision with a turning/crossing vehicle,Turning/Crossing accident,Twilight,Dry,1381,290386.0
1671,1671,51665,4,Ernst-Reuter-Platz,2019,8,9,3,3,5,5,0,0,1,0,0,0,0,0.0,Charlottenburg-Wilmersdorf,Accident with minor injuries,Collision with a turning/crossing vehicle,Accident involving parked vehicles,Daylight,Dry,1727,343592.0
1672,1672,51667,12,Wittenau Süd,2019,9,11,4,3,2,6,0,0,1,0,0,0,1,1.0,Reinickendorf,Accident with minor injuries,Collision with the vehicle in front/waiting vehicle,Collision involving vehicles going in the same way,Daylight,Wet/moist/slippery,867,266408.0
1673,1673,51668,1,Schillerpark,2019,7,9,2,2,5,3,0,1,1,0,0,0,0,0.0,Mitte,Accident with serious injuries,Collision with a turning/crossing vehicle,Turning/Crossing accident,Daylight,Dry,2215,385748.0
1674,1674,51669,2,Samariterviertel,2019,3,13,5,3,2,6,0,0,1,0,0,0,0,0.0,Friedrichshain-Kreuzberg,Accident with minor injuries,Collision with the vehicle in front/waiting vehicle,Collision involving vehicles going in the same way,Daylight,Dry,1381,290386.0
1675,1675,51670,1,Alexanderplatzviertel,2019,9,15,7,3,2,6,0,0,1,0,1,0,0,1.0,Mitte,Accident with minor injuries,Collision with the vehicle in front/waiting vehicle,Collision involving vehicles going in the same way,Daylight,Wet/moist/slippery,2215,385748.0
1676,1676,51671,2,Samariterviertel,2019,6,16,3,2,0,6,0,0,1,0,1,0,0,0.0,Friedrichshain-Kreuzberg,Accident with serious injuries,Others,Collision involving vehicles going in the same way,Daylight,Dry,1381,290386.0
1677,1677,51672,7,Grazer Platz,2019,8,18,3,3,2,6,0,0,1,0,0,0,0,0.0,Tempelhof-Schöneberg,Accident with minor injuries,Collision with the vehicle in front/waiting vehicle,Collision involving vehicles going in the same way,Daylight,Dry,1241,350984.0
1678,1678,51673,2,Samariterviertel,2019,12,7,4,3,5,2,2,1,1,0,0,0,0,0.0,Friedrichshain-Kreuzberg,Accident with minor injuries,Collision with a turning/crossing vehicle,Turning accident,Dark,Dry,1381,290386.0
1679,1679,51674,4,Park Ruhwald,2019,5,13,3,3,3,6,0,0,1,0,0,1,0,0.0,Charlottenburg-Wilmersdorf,Accident with minor injuries,Collision with a vehicle traveling laterally in the same direction,Collision involving vehicles going in the same way,Daylight,Dry,1727,343592.0
1680,1680,51675,2,Stralauer Kiez,2019,7,15,2,3,0,5,0,1,0,0,0,0,1,0.0,Friedrichshain-Kreuzberg,Accident with minor injuries,Others,Accident involving parked vehicles,Daylight,Dry,1381,290386.0
1681,1681,51676,7,Volkspark (Rudolf-Wilde-Park),2019,3,8,5,2,5,2,0,0,1,0,1,0,0,0.0,Tempelhof-Schöneberg,Accident with serious injuries,Collision with a turning/crossing vehicle,Turning accident,Daylight,Dry,1241,350984.0
1682,1682,51677,12,Rollbergesiedlung,2019,11,6,4,2,6,2,2,0,1,1,0,0,0,0.0,Reinickendorf,Accident with serious injuries,Collision between vehicle and pedestrian,Turning accident,Dark,Dry,867,266408.0
1683,1683,51678,6,Zehlendorf Mitte,2019,11,13,1,3,5,3,0,0,1,0,0,0,0,0.0,Steglitz-Zehlendorf,Accident with minor injuries,Collision with a turning/crossing vehicle,Turning/Crossing accident,Daylight,Dry,851,310071.0
1684,1684,51679,1,Alexanderplatzviertel,2019,7,14,2,3,0,1,0,1,0,0,0,0,0,0.0,Mitte,Accident with minor injuries,Others,Driving accident,Daylight,Dry,2215,385748.0
1685,1685,51680,3,Pankow Süd,2019,3,8,4,3,2,6,0,1,1,0,0,0,0,0.0,Pankow,Accident with minor injuries,Collision with the vehicle in front/waiting vehicle,Collision involving vehicles going in the same way,Daylight,Dry,1219,409335.0
1686,1686,51681,3,Lietzengraben,2019,10,19,4,3,0,7,2,0,1,0,0,0,0,1.0,Pankow,Accident with minor injuries,Others,Others,Dark,Wet/moist/slippery,1219,409335.0
1687,1687,51682,4,Forst Grunewald,2019,8,18,3,3,3,6,0,0,1,0,0,0,0,0.0,Charlottenburg-Wilmersdorf,Accident with minor injuries,Collision with a vehicle traveling laterally in the same direction,Collision involving vehicles going in the same way,Daylight,Dry,1727,343592.0
1688,1688,51684,1,Großer Tiergarten,2019,5,9,3,3,3,6,0,1,0,0,0,0,0,0.0,Mitte,Accident with minor injuries,Collision with a vehicle traveling laterally in the same direction,Collision involving vehicles going in the same way,Daylight,Dry,2215,385748.0
1689,1689,51685,4,Lietzensee,2019,9,11,4,3,2,6,0,0,1,0,0,0,0,1.0,Charlottenburg-Wilmersdorf,Accident with minor injuries,Collision with the vehicle in front/waiting vehicle,Collision involving vehicles going in the same way,Daylight,Wet/moist/slippery,1727,343592.0
1690,1690,51686,3,Helmholtzplatz,2019,6,18,1,3,5,2,0,1,1,0,0,0,0,0.0,Pankow,Accident with minor injuries,Collision with a turning/crossing vehicle,Turning accident,Daylight,Dry,1219,409335.0
1691,1691,51687,3,Märchenland,2019,3,12,4,2,4,6,0,0,1,0,0,0,0,0.0,Pankow,Accident with serious injuries,Collision with oncoming vehicle,Collision involving vehicles going in the same way,Daylight,Dry,1219,409335.0
1692,1692,51688,2,Rathaus Yorckstraße,2019,6,18,5,3,3,6,0,0,0,0,1,0,1,0.0,Friedrichshain-Kreuzberg,Accident with minor injuries,Collision with a vehicle traveling laterally in the same direction,Collision involving vehicles going in the same way,Daylight,Dry,1381,290386.0
1693,1693,51689,12,Waidmannslust,2019,8,9,3,2,5,3,0,0,1,0,1,0,0,0.0,Reinickendorf,Accident with serious injuries,Collision with a turning/crossing vehicle,Turning/Crossing accident,Daylight,Dry,867,266408.0
1694,1694,51690,3,Helmholtzplatz,2019,12,16,3,3,1,5,2,1,0,0,0,0,1,1.0,Pankow,Accident with minor injuries,Collision with a moving/standing/parked vehicle,Accident involving parked vehicles,Dark,Wet/moist/slippery,1219,409335.0
1695,1695,51691,3,Pankow Süd,2019,5,7,3,3,5,2,0,1,1,0,0,0,0,0.0,Pankow,Accident with minor injuries,Collision with a turning/crossing vehicle,Turning accident,Daylight,Dry,1219,409335.0
1696,1696,51692,10,Kaulsdorf Süd,2019,6,12,1,3,2,6,0,0,1,0,0,0,0,0.0,Marzahn-Hellersdorf,Accident with minor injuries,Collision with the vehicle in front/waiting vehicle,Collision involving vehicles going in the same way,Daylight,Dry,586,269967.0
1697,1697,51693,7,Fritz-Werner-Straße,2019,9,15,4,3,3,6,0,0,0,0,0,1,1,1.0,Tempelhof-Schöneberg,Accident with minor injuries,Collision with a vehicle traveling laterally in the same direction,Collision involving vehicles going in the same way,Daylight,Wet/moist/slippery,1241,350984.0
1698,1698,51694,4,Hildegardstraße,2019,9,7,3,3,2,6,0,0,1,0,0,0,0,0.0,Charlottenburg-Wilmersdorf,Accident with minor injuries,Collision with the vehicle in front/waiting vehicle,Collision involving vehicles going in the same way,Daylight,Dry,1727,343592.0
1699,1699,51695,3,Lietzengraben,2019,6,11,1,3,2,6,0,0,1,0,0,0,0,0.0,Pankow,Accident with minor injuries,Collision with the vehicle in front/waiting vehicle,Collision involving vehicles going in the same way,Daylight,Dry,1219,409335.0
1700,1700,51696,2,Hausburgviertel,2019,3,8,3,3,5,2,0,1,1,0,0,0,0,0.0,Friedrichshain-Kreuzberg,Accident with minor injuries,Collision with a turning/crossing vehicle,Turning accident,Daylight,Dry,1381,290386.0
1701,1701,51697,4,Messegelände,2019,9,15,1,3,9,1,0,0,1,0,0,0,0,1.0,Charlottenburg-Wilmersdorf,Accident with minor injuries,Departure from the roadway to the left,Driving accident,Daylight,Wet/moist/slippery,1727,343592.0
1702,1702,51698,1,Unter den Linden Nord,2019,6,12,4,3,3,6,0,1,0,0,0,0,1,0.0,Mitte,Accident with minor injuries,Collision with a vehicle traveling laterally in the same direction,Collision involving vehicles going in the same way,Daylight,Dry,2215,385748.0
1703,1703,51699,4,Königin-Elisabeth-Straße,2019,8,9,3,3,5,2,0,0,1,0,0,0,0,0.0,Charlottenburg-Wilmersdorf,Accident with minor injuries,Collision with a turning/crossing vehicle,Turning accident,Daylight,Dry,1727,343592.0
1704,1704,51700,7,Rathausstraße,2019,12,17,6,3,2,6,2,0,1,0,0,0,0,0.0,Tempelhof-Schöneberg,Accident with minor injuries,Collision with the vehicle in front/waiting vehicle,Collision involving vehicles going in the same way,Dark,Dry,1241,350984.0
1705,1705,51701,1,Leipziger Straße,2019,5,14,3,3,5,3,0,0,1,0,0,0,1,0.0,Mitte,Accident with minor injuries,Collision with a turning/crossing vehicle,Turning/Crossing accident,Daylight,Dry,2215,385748.0
1706,1706,51702,7,Grazer Platz,2019,6,1,7,3,8,1,2,0,1,0,0,0,0,0.0,Tempelhof-Schöneberg,Accident with minor injuries,Departure from the roadway to the right,Driving accident,Dark,Dry,1241,350984.0
1707,1707,51703,2,Rathaus Yorckstraße,2019,3,8,3,2,1,5,0,0,1,0,1,0,0,0.0,Friedrichshain-Kreuzberg,Accident with serious injuries,Collision with a moving/standing/parked vehicle,Accident involving parked vehicles,Daylight,Dry,1381,290386.0
1708,1708,51704,4,Messegelände,2019,11,23,5,3,3,6,2,0,1,0,0,0,0,0.0,Charlottenburg-Wilmersdorf,Accident with minor injuries,Collision with a vehicle traveling laterally in the same direction,Collision involving vehicles going in the same way,Dark,Dry,1727,343592.0
1709,1709,51705,6,Nikolassee,2019,8,16,2,3,2,6,0,0,1,0,0,0,0,0.0,Steglitz-Zehlendorf,Accident with minor injuries,Collision with the vehicle in front/waiting vehicle,Collision involving vehicles going in the same way,Daylight,Dry,851,310071.0
1710,1710,51706,1,Humboldthain Nordwest,2019,11,11,3,3,2,2,0,0,1,0,0,1,0,0.0,Mitte,Accident with minor injuries,Collision with the vehicle in front/waiting vehicle,Turning accident,Daylight,Dry,2215,385748.0
1711,1711,51707,7,Birnhornweg,2019,6,23,6,3,3,6,2,0,1,0,1,0,0,0.0,Tempelhof-Schöneberg,Accident with minor injuries,Collision with a vehicle traveling laterally in the same direction,Collision involving vehicles going in the same way,Dark,Dry,1241,350984.0
1712,1712,51708,2,Samariterviertel,2019,3,15,3,3,6,6,0,1,0,1,0,0,0,0.0,Friedrichshain-Kreuzberg,Accident with minor injuries,Collision between vehicle and pedestrian,Collision involving vehicles going in the same way,Daylight,Dry,1381,290386.0
1713,1713,51709,12,Rollbergesiedlung,2019,10,11,5,3,2,6,0,0,1,0,0,0,0,0.0,Reinickendorf,Accident with minor injuries,Collision with the vehicle in front/waiting vehicle,Collision involving vehicles going in the same way,Daylight,Dry,867,266408.0
1714,1714,51710,2,Wriezener Bahnhof/Entwicklungsgebiet,2019,8,17,2,3,4,6,0,1,0,0,0,0,0,0.0,Friedrichshain-Kreuzberg,Accident with minor injuries,Collision with oncoming vehicle,Collision involving vehicles going in the same way,Daylight,Dry,1381,290386.0
1715,1715,51712,10,Alt-Biesdorf,2019,5,13,2,3,3,6,0,0,1,0,1,0,0,0.0,Marzahn-Hellersdorf,Accident with minor injuries,Collision with a vehicle traveling laterally in the same direction,Collision involving vehicles going in the same way,Daylight,Dry,586,269967.0
1716,1716,51713,7,Fritz-Werner-Straße,2019,9,14,3,3,0,7,0,0,0,1,0,0,1,0.0,Tempelhof-Schöneberg,Accident with minor injuries,Others,Others,Daylight,Dry,1241,350984.0
1717,1717,51714,1,Alexanderplatzviertel,2019,6,10,6,3,5,2,0,1,1,0,0,0,0,0.0,Mitte,Accident with minor injuries,Collision with a turning/crossing vehicle,Turning accident,Daylight,Dry,2215,385748.0
1718,1718,51715,1,Leipziger Straße,2019,3,9,2,2,6,4,0,0,0,1,0,0,1,0.0,Mitte,Accident with serious injuries,Collision between vehicle and pedestrian,Pedestrian crossing accident,Daylight,Dry,2215,385748.0
1719,1719,51716,1,Großer Tiergarten,2019,6,16,5,3,1,5,0,1,1,0,0,0,0,0.0,Mitte,Accident with minor injuries,Collision with a moving/standing/parked vehicle,Accident involving parked vehicles,Daylight,Dry,2215,385748.0
1720,1720,51717,9,Johannisthal West,2019,8,17,2,3,3,6,0,0,1,0,1,0,0,0.0,Treptow-Köpenick,Accident with minor injuries,Collision with a vehicle traveling laterally in the same direction,Collision involving vehicles going in the same way,Daylight,Dry,892,273689.0
1721,1721,51718,3,Helmholtzplatz,2019,12,16,6,3,6,2,1,0,1,1,0,0,0,0.0,Pankow,Accident with minor injuries,Collision between vehicle and pedestrian,Turning accident,Twilight,Dry,1219,409335.0