,Unnamed: 0,object id,district,street,year,month,hour of day,weekday,category,accident type,accident type 2,light situation,bike involved,car involved,pedestrian involved,motor bike involved,big track involved,other vehicle involved,road condition,district name,category name,accident detail,accident type detail,light condition,road condition detail,accident count by district,est. population
1838,1838,51842,3,Pankow Süd,2019,11,12,3,2,6,3,0,0,1,1,0,0,0,0.0,Pankow,Accident with serious injuries,Collision between vehicle and pedestrian,Turning/Crossing accident,Daylight,Dry,1219,409335.0
1839,1839,51843,12,Ziekowstraße/Freie Scholle,2019,11,9,6,3,5,3,0,0,1,0,0,1,0,1.0,Reinickendorf,Accident with minor injuries,Collision with a turning/crossing vehicle,Turning/Crossing accident,Daylight,Wet/moist/slippery,867,266408.0
1840,1840,51844,9,Schnellerstraße,2019,6,10,3,3,6,7,0,0,1,1,0,0,0,0.0,Treptow-Köpenick,Accident with minor injuries,Collision between vehicle and pedestrian,Others,Daylight,Dry,892,273689.0
1841,1841,51845,7,Lindenhofsiedlung,2019,3,17,3,3,2,6,1,0,1,0,0,0,0,0.0,Tempelhof-Schöneberg,Accident with minor injuries,Collision with the vehicle in front/waiting vehicle,Collision involving vehicles going in the same way,Twilight,Dry,1241,350984.0
1842,1842,51846,1,Alexanderplatzviertel,2019,10,12,2,3,3,5,0,1,1,0,0,0,0,0.0,Mitte,Accident with minor injuries,Collision with a vehicle traveling laterally in the same direction,Accident involving parked vehicles,Daylight,Dry,2215,385748.0
1843,1843,51847,12,Wittenau Süd,2019,8,15,6,3,5,3,0,1,1,0,0,0,0,0.0,Reinickendorf,Accident with minor injuries,Collision with a turning/crossing vehicle,Turning/Crossing accident,Daylight,Dry,867,266408.0
1844,1844,51849,3,Arnimplatz,2019,5,15,5,3,5,2,0,1,0,0,0,1,0,0.0,Pankow,Accident with minor injuries,Collision with a turning/crossing vehicle,Turning accident,Daylight,Dry,1219,409335.0
1845,1845,51850,2,Stralauer Kiez,2019,6,10,3,3,3,2,0,0,1,0,1,0,0,0.0,Friedrichshain-Kreuzberg,Accident with minor injuries,Collision with a vehicle traveling laterally in the same direction,Turning accident,Daylight,Dry,1381,290386.0
1846,1846,51851,2,Samariterviertel,2019,3,10,3,3,5,2,0,1,1,0,0,0,0,1.0,Friedrichshain-Kreuzberg,Accident with minor injuries,Collision with a turning/crossing vehicle,Turning accident,Daylight,Wet/moist/slippery,1381,290386.0
1847,1847,51852,7,Marienfelde Nordost,2019,11,12,4,3,2,6,0,0,1,0,0,1,0,1.0,Tempelhof-Schöneberg,Accident with minor injuries,Collision with the vehicle in front/waiting vehicle,Collision involving vehicles going in the same way,Daylight,Wet/moist/slippery,1241,350984.0
1848,1848,51853,5,Weinmeisterhornweg,2019,6,14,4,3,2,6,0,0,1,0,0,0,1,0.0,Spandau,Accident with minor injuries,Collision with the vehicle in front/waiting vehicle,Collision involving vehicles going in the same way,Daylight,Dry,798,245197.0
1849,1849,51854,4,Kranzallee,2019,8,8,6,3,2,6,0,0,1,0,0,0,1,0.0,Charlottenburg-Wilmersdorf,Accident with minor injuries,Collision with the vehicle in front/waiting vehicle,Collision involving vehicles going in the same way,Daylight,Dry,1727,343592.0
1850,1850,51855,7,Lindenhofsiedlung,2019,12,15,2,3,2,6,1,0,1,0,0,0,0,1.0,Tempelhof-Schöneberg,Accident with minor injuries,Collision with the vehicle in front/waiting vehicle,Collision involving vehicles going in the same way,Twilight,Wet/moist/slippery,1241,350984.0
1851,1851,51856,9,Schnellerstraße,2019,6,9,3,2,5,2,0,1,1,0,0,0,0,0.0,Treptow-Köpenick,Accident with serious injuries,Collision with a turning/crossing vehicle,Turning accident,Daylight,Dry,892,273689.0
1852,1852,51857,11,Rüdigerstraße,2019,9,8,2,3,5,2,0,1,0,0,0,0,1,0.0,Lichtenberg,Accident with minor injuries,Collision with a turning/crossing vehicle,Turning accident,Daylight,Dry,679,294201.0
1853,1853,51858,7,Kaiser-Wilhelm-Platz,2019,10,17,4,3,5,2,2,1,1,0,0,0,0,0.0,Tempelhof-Schöneberg,Accident with minor injuries,Collision with a turning/crossing vehicle,Turning accident,Dark,Dry,1241,350984.0
1854,1854,51859,10,Marzahner Promenade,2019,8,12,6,3,5,3,0,1,1,0,0,0,0,0.0,Marzahn-Hellersdorf,Accident with minor injuries,Collision with a turning/crossing vehicle,Turning/Crossing accident,Daylight,Dry,586,269967.0
1855,1855,51860,7,Volkspark (Rudolf-Wilde-Park),2019,6,9,3,2,5,3,0,1,0,0,1,0,0,0.0,Tempelhof-Schöneberg,Accident with serious injuries,Collision with a turning/crossing vehicle,Turning/Crossing accident,Daylight,Dry,1241,350984.0
1856,1856,51861,9,Späthsfelde,2019,3,5,3,3,2,6,1,0,1,0,0,0,0,0.0,Treptow-Köpenick,Accident with minor injuries,Collision with the vehicle in front/waiting vehicle,Collision involving vehicles going in the same way,Twilight,Dry,892,273689.0
1857,1857,51862,10,Kaulsdorf Süd,2019,10,5,3,3,2,6,2,0,1,0,0,0,0,0.0,Marzahn-Hellersdorf,Accident with minor injuries,Collision with the vehicle in front/waiting vehicle,Collision involving vehicles going in the same way,Dark,Dry,586,269967.0
1858,1858,51863,4,Ernst-Reuter-Platz,2019,8,9,6,3,5,2,0,1,1,0,0,0,0,0.0,Charlottenburg-Wilmersdorf,Accident with minor injuries,Collision with a turning/crossing vehicle,Turning accident,Daylight,Dry,1727,343592.0
1859,1859,51865,3,Falkplatz,2019,5,9,5,3,0,7,0,1,0,0,0,0,0,0.0,Pankow,Accident with minor injuries,Others,Others,Daylight,Dry,1219,409335.0
1860,1860,51866,8,Buschkrugallee Nord,2019,6,17,3,3,2,6,0,0,1,0,0,0,0,0.0,Neukölln,Accident with minor injuries,Collision with the vehicle in front/waiting vehicle,Collision involving vehicles going in the same way,Daylight,Dry,934,329917.0
1861,1861,51867,3,Pankow Süd,2019,3,8,2,3,5,3,0,1,1,0,0,0,0,1.0,Pankow,Accident with minor injuries,Collision with a turning/crossing vehicle,Turning/Crossing accident,Daylight,Wet/moist/slippery,1219,409335.0
1862,1862,51868,10,Biesdorf Süd,2019,11,16,6,3,2,6,2,0,1,0,0,0,0,0.0,Marzahn-Hellersdorf,Accident with minor injuries,Collision with the vehicle in front/waiting vehicle,Collision involving vehicles going in the same way,Dark,Dry,586,269967.0
1863,1863,51869,4,Schloßstraße,2019,5,9,5,3,2,6,0,1,1,0,0,0,0,1.0,Charlottenburg-Wilmersdorf,Accident with minor injuries,Collision with the vehicle in front/waiting vehicle,Collision involving vehicles going in the same way,Daylight,Wet/moist/slippery,1727,343592.0
1864,1864,51870,3,Weißer See,2019,12,20,3,3,0,1,2,0,0,0,1,0,0,2.0,Pankow,Accident with minor injuries,Others,Driving accident,Dark,Snowy,1219,409335.0
1865,1865,51871,3,Greifswalder Straße,2019,6,16,3,3,5,2,0,1,1,0,0,0,0,0.0,Pankow,Accident with minor injuries,Collision with a turning/crossing vehicle,Turning accident,Daylight,Dry,1219,409335.0
1866,1866,51872,12,Teichstraße,2019,3,16,2,2,9,1,0,0,1,0,0,0,1,1.0,Reinickendorf,Accident with serious injuries,Departure from the roadway to the left,Driving accident,Daylight,Wet/moist/slippery,867,266408.0
1867,1867,51873,7,Fritz-Werner-Straße,2019,10,8,6,2,5,2,0,0,1,0,1,0,0,0.0,Tempelhof-Schöneberg,Accident with serious injuries,Collision with a turning/crossing vehicle,Turning accident,Daylight,Dry,1241,350984.0
1868,1868,51874,2,Stralauer Kiez,2019,8,9,6,3,5,3,0,1,0,0,0,0,0,0.0,Friedrichshain-Kreuzberg,Accident with minor injuries,Collision with a turning/crossing vehicle,Turning/Crossing accident,Daylight,Dry,1381,290386.0
1869,1869,51876,7,Fritz-Werner-Straße,2019,6,14,3,3,5,2,0,1,1,0,0,0,0,0.0,Tempelhof-Schöneberg,Accident with minor injuries,Collision with a turning/crossing vehicle,Turning accident,Daylight,Dry,1241,350984.0
1870,1870,51877,1,Körnerstraße,2019,3,18,1,3,2,6,2,0,1,0,0,0,0,1.0,Mitte,Accident with minor injuries,Collision with the vehicle in front/waiting vehicle,Collision involving vehicles going in the same way,Dark,Wet/moist/slippery,2215,385748.0
1871,1871,51878,4,Reichsstraße,2019,10,9,3,3,5,2,0,0,1,0,0,0,0,1.0,Charlottenburg-Wilmersdorf,Accident with minor injuries,Collision with a turning/crossing vehicle,Turning accident,Daylight,Wet/moist/slippery,1727,343592.0
1872,1872,51879,1,Nördlicher Landwehrkanal,2019,6,19,4,3,2,6,0,0,1,0,0,0,0,0.0,Mitte,Accident with minor injuries,Collision with the vehicle in front/waiting vehicle,Collision involving vehicles going in the same way,Daylight,Dry,2215,385748.0
1873,1873,51880,4,Kranzallee,2019,8,8,6,3,2,6,0,0,1,0,0,0,0,0.0,Charlottenburg-Wilmersdorf,Accident with minor injuries,Collision with the vehicle in front/waiting vehicle,Collision involving vehicles going in the same way,Daylight,Dry,1727,343592.0
1874,1874,51881,11,Rüdigerstraße,2019,12,15,2,3,5,3,1,1,1,1,0,0,0,0.0,Lichtenberg,Accident with minor injuries,Collision with a turning/crossing vehicle,Turning/Crossing accident,Twilight,Dry,679,294201.0
1875,1875,51882,7,Grazer Platz,2019,5,6,5,3,0,6,1,0,1,0,0,0,0,0.0,Tempelhof-Schöneberg,Accident with minor injuries,Others,Collision involving vehicles going in the same way,Twilight,Dry,1241,350984.0
1876,1876,51883,10,Ringkolonnaden,2019,3,9,1,3,2,6,0,0,1,0,0,0,0,0.0,Marzahn-Hellersdorf,Accident with minor injuries,Collision with the vehicle in front/waiting vehicle,Collision involving vehicles going in the same way,Daylight,Dry,586,269967.0
1877,1877,51884,1,Reinickendorfer Straße,2019,11,9,7,3,0,7,0,1,0,1,0,0,0,1.0,Mitte,Accident with minor injuries,Others,Others,Daylight,Wet/moist/slippery,2215,385748.0
1878,1878,51885,7,Neu-Tempelhof,2019,11,13,4,3,2,2,0,0,1,0,0,0,0,1.0,Tempelhof-Schöneberg,Accident with minor injuries,Collision with the vehicle in front/waiting vehicle,Turning accident,Daylight,Wet/moist/slippery,1241,350984.0
1879,1879,51886,9,Schnellerstraße,2019,6,8,3,3,5,2,0,1,0,0,0,0,1,0.0,Treptow-Köpenick,Accident with minor injuries,Collision with a turning/crossing vehicle,Turning accident,Daylight,Dry,892,273689.0
1880,1880,51887,2,Wriezener Bahnhof/Entwicklungsgebiet,2019,3,9,1,3,0,1,0,0,0,0,1,0,0,0.0,Friedrichshain-Kreuzberg,Accident with minor injuries,Others,Driving accident,Daylight,Dry,1381,290386.0
1881,1881,51888,9,Köpenicker Landstraße,2019,10,7,6,3,2,6,1,0,1,0,0,0,0,1.0,Treptow-Köpenick,Accident with minor injuries,Collision with the vehicle in front/waiting vehicle,Collision involving vehicles going in the same way,Twilight,Wet/moist/slippery,892,273689.0
1882,1882,51889,12,Schäfersee,2019,8,7,6,3,6,4,0,1,1,1,0,0,0,0.0,Reinickendorf,Accident with minor injuries,Collision between vehicle and pedestrian,Pedestrian crossing accident,Daylight,Dry,867,266408.0
1883,1883,51891,3,Arnimplatz,2019,5,9,4,3,0,3,0,1,1,0,0,0,0,0.0,Pankow,Accident with minor injuries,Others,Turning/Crossing accident,Daylight,Dry,1219,409335.0
1884,1884,51892,7,Birnhornweg,2019,9,8,2,3,5,2,0,1,0,0,0,0,1,0.0,Tempelhof-Schöneberg,Accident with minor injuries,Collision with a turning/crossing vehicle,Turning accident,Daylight,Dry,1241,350984.0
1885,1885,51893,3,Pankow Zentrum,2019,6,14,2,3,6,4,0,0,0,1,1,0,0,0.0,Pankow,Accident with minor injuries,Collision between vehicle and pedestrian,Pedestrian crossing accident,Daylight,Dry,1219,409335.0
1886,1886,51894,9,Elsenstraße,2019,3,16,7,3,0,2,0,1,1,0,0,0,0,1.0,Treptow-Köpenick,Accident with minor injuries,Others,Turning accident,Daylight,Wet/moist/slippery,892,273689.0
1887,1887,51895,5,Weinmeisterhornweg,2019,6,2,7,3,9,1,2,0,1,0,0,0,0,0.0,Spandau,Accident with minor injuries,Departure from the roadway to the left,Driving accident,Dark,Dry,798,245197.0
1888,1888,51896,3,Greifswalder Straße,2019,12,9,7,3,6,4,0,0,1,1,0,0,0,0.0,Pankow,Accident with minor injuries,Collision between vehicle and pedestrian,Pedestrian crossing accident,Daylight,Dry,1219,409335.0
1889,1889,51897,9,Schnellerstraße,2019,5,16,4,3,2,6,0,0,1,0,1,0,1,0.0,Treptow-Köpenick,Accident with minor injuries,Collision with the vehicle in front/waiting vehicle,Collision involving vehicles going in the same way,Daylight,Dry,892,273689.0
1890,1890,51898,7,Rathausstraße,2019,11,16,1,3,2,6,0,0,1,0,0,0,1,1.0,Tempelhof-Schöneberg,Accident with minor injuries,Collision with the vehicle in front/waiting vehicle,Collision involving vehicles going in the same way,Daylight,Wet/moist/slippery,1241,350984.0
1891,1891,191144,12,Hermsdorf,2019,1,11,4,3,6,7,0,1,0,1,0,0,0,1.0,Reinickendorf,Accident with minor injuries,Collision between vehicle and pedestrian,Others,Daylight,Wet/moist/slippery,867,266408.0
1892,1892,191145,11,Mühlengrund,2019,1,17,4,3,5,3,2,0,1,0,0,0,0,1.0,Lichtenberg,Accident with minor injuries,Collision with a turning/crossing vehicle,Turning/Crossing accident,Dark,Wet/moist/slippery,679,294201.0
1893,1893,191146,6,Lankwitz Süd,2019,1,17,4,3,5,2,2,1,1,0,0,0,0,1.0,Steglitz-Zehlendorf,Accident with minor injuries,Collision with a turning/crossing vehicle,Turning accident,Dark,Wet/moist/slippery,851,310071.0
1894,1894,191147,7,Rathaus Tempelhof,2019,1,17,4,3,1,5,2,1,0,0,0,0,1,1.0,Tempelhof-Schöneberg,Accident with minor injuries,Collision with a moving/standing/parked vehicle,Accident involving parked vehicles,Dark,Wet/moist/slippery,1241,350984.0
1895,1895,191148,6,Fichtenberg,2019,1,16,4,3,5,3,2,1,0,0,0,0,1,1.0,Steglitz-Zehlendorf,Accident with minor injuries,Collision with a turning/crossing vehicle,Turning/Crossing accident,Dark,Wet/moist/slippery,851,310071.0
1896,1896,191149,10,Gewerbegebiet Bitterfelder Straße,2019,1,16,4,3,5,3,2,0,1,0,0,0,0,1.0,Marzahn-Hellersdorf,Accident with minor injuries,Collision with a turning/crossing vehicle,Turning/Crossing accident,Dark,Wet/moist/slippery,586,269967.0
1897,1897,191150,10,Springpfuhl,2019,1,7,4,3,6,7,1,0,1,1,0,0,0,1.0,Marzahn-Hellersdorf,Accident with minor injuries,Collision between vehicle and pedestrian,Others,Twilight,Wet/moist/slippery,586,269967.0
1898,1898,191151,1,Reinickendorfer Straße,2019,1,7,4,3,5,2,2,1,0,0,0,0,1,1.0,Mitte,Accident with minor injuries,Collision with a turning/crossing vehicle,Turning accident,Dark,Wet/moist/slippery,2215,385748.0
1899,1899,191152,4,Brabanter Platz,2019,1,7,4,3,5,2,2,1,1,0,0,0,0,1.0,Charlottenburg-Wilmersdorf,Accident with minor injuries,Collision with a turning/crossing vehicle,Turning accident,Dark,Wet/moist/slippery,1727,343592.0
1900,1900,191153,1,Unter den Linden Nord,2019,1,6,4,3,2,6,2,0,1,0,0,0,0,1.0,Mitte,Accident with minor injuries,Collision with the vehicle in front/waiting vehicle,Collision involving vehicles going in the same way,Dark,Wet/moist/slippery,2215,385748.0
1901,1901,191154,7,Neu-Tempelhof,2019,1,6,4,3,6,4,2,0,1,1,0,0,0,1.0,Tempelhof-Schöneberg,Accident with minor injuries,Collision between vehicle and pedestrian,Pedestrian crossing accident,Dark,Wet/moist/slippery,1241,350984.0
1902,1902,191155,1,Westliche Müllerstraße,2019,1,15,4,3,5,3,1,0,1,0,1,0,0,1.0,Mitte,Accident with minor injuries,Collision with a turning/crossing vehicle,Turning/Crossing accident,Twilight,Wet/moist/slippery,2215,385748.0
1903,1903,191156,7,Nollendorfplatz,2019,1,5,4,3,5,7,1,0,1,0,0,0,1,1.0,Tempelhof-Schöneberg,Accident with minor injuries,Collision with a turning/crossing vehicle,Others,Twilight,Wet/moist/slippery,1241,350984.0
1904,1904,191157,3,Niederschönhausen,2019,1,7,4,3,5,2,2,1,1,0,0,0,0,1.0,Pankow,Accident with minor injuries,Collision with a turning/crossing vehicle,Turning accident,Dark,Wet/moist/slippery,1219,409335.0
1905,1905,191158,5,Maulbeerallee,2019,1,8,4,3,6,7,2,0,1,1,0,0,0,1.0,Spandau,Accident with minor injuries,Collision between vehicle and pedestrian,Others,Dark,Wet/moist/slippery,798,245197.0
1906,1906,191159,6,Feuerbachstraße,2019,1,8,4,3,1,5,0,0,1,0,0,0,1,1.0,Steglitz-Zehlendorf,Accident with minor injuries,Collision with a moving/standing/parked vehicle,Accident involving parked vehicles,Daylight,Wet/moist/slippery,851,310071.0
1907,1907,191160,1,Humboldthain Nordwest,2019,1,10,4,3,6,7,0,0,1,1,0,0,0,1.0,Mitte,Accident with minor injuries,Collision between vehicle and pedestrian,Others,Daylight,Wet/moist/slippery,2215,385748.0
1908,1908,191161,10,Kaulsdorf Nord I,2019,1,6,4,3,2,2,2,0,1,0,0,0,0,1.0,Marzahn-Hellersdorf,Accident with minor injuries,Collision with the vehicle in front/waiting vehicle,Turning accident,Dark,Wet/moist/slippery,586,269967.0
1909,1909,191162,8,Blumenviertel,2019,1,10,4,3,2,6,0,0,1,0,0,0,0,1.0,Neukölln,Accident with minor injuries,Collision with the vehicle in front/waiting vehicle,Collision involving vehicles going in the same way,Daylight,Wet/moist/slippery,934,329917.0
1910,1910,191163,6,Lankwitz Kirche,2019,1,10,4,2,6,2,0,0,1,1,0,0,0,1.0,Steglitz-Zehlendorf,Accident with serious injuries,Collision between vehicle and pedestrian,Turning accident,Daylight,Wet/moist/slippery,851,310071.0
1911,1911,191164,3,Pankow Zentrum,2019,1,10,4,2,2,6,0,0,1,0,0,0,0,1.0,Pankow,Accident with serious injuries,Collision with the vehicle in front/waiting vehicle,Collision involving vehicles going in the same way,Daylight,Wet/moist/slippery,1219,409335.0
1912,1912,191165,3,Märchenland,2019,1,9,4,3,0,7,0,0,1,0,0,0,0,1.0,Pankow,Accident with minor injuries,Others,Others,Daylight,Wet/moist/slippery,1219,409335.0
1913,1913,191166,5,Rohrdamm,2019,1,5,4,3,3,6,2,0,1,0,0,1,0,1.0,Spandau,Accident with minor injuries,Collision with a vehicle traveling laterally in the same direction,Collision involving vehicles going in the same way,Dark,Wet/moist/slippery,798,245197.0
1914,1914,191167,4,Tegeler Weg,2019,1,16,4,3,5,2,0,0,1,0,0,0,0,1.0,Charlottenburg-Wilmersdorf,Accident with minor injuries,Collision with a turning/crossing vehicle,Turning accident,Daylight,Wet/moist/slippery,1727,343592.0
1915,1915,191168,2,Moritzplatz,2019,1,18,4,3,5,3,2,0,1,0,0,0,0,1.0,Friedrichshain-Kreuzberg,Accident with minor injuries,Collision with a turning/crossing vehicle,Turning/Crossing accident,Dark,Wet/moist/slippery,1381,290386.0
1916,1916,191169,1,Westliche Müllerstraße,2019,1,16,3,2,6,4,1,0,1,1,0,0,0,0.0,Mitte,Accident with serious injuries,Collision between vehicle and pedestrian,Pedestrian crossing accident,Twilight,Dry,2215,385748.0
1917,1917,191170,12,Humboldtstraße,2019,1,18,3,3,2,6,2,0,1,0,0,0,0,1.0,Reinickendorf,Accident with minor injuries,Collision with the vehicle in front/waiting vehicle,Collision involving vehicles going in the same way,Dark,Wet/moist/slippery,867,266408.0
1918,1918,191171,8,Buschkrugallee Nord,2019,1,18,4,3,2,6,2,0,1,0,0,0,0,1.0,Neukölln,Accident with minor injuries,Collision with the vehicle in front/waiting vehicle,Collision involving vehicles going in the same way,Dark,Wet/moist/slippery,934,329917.0
1919,1919,191172,2,Weberwiese,2019,1,10,3,3,1,5,0,1,1,0,0,0,0,1.0,Friedrichshain-Kreuzberg,Accident with minor injuries,Collision with a moving/standing/parked vehicle,Accident involving parked vehicles,Daylight,Wet/moist/slippery,1381,290386.0
1920,1920,191173,1,Unter den Linden Nord,2019,1,10,3,3,6,4,0,1,0,1,0,0,0,1.0,Mitte,Accident with minor injuries,Collision between vehicle and pedestrian,Pedestrian crossing accident,Daylight,Wet/moist/slippery,2215,385748.0
1921,1921,191174,2,Wriezener Bahnhof/Entwicklungsgebiet,2019,1,7,3,3,5,3,2,0,1,0,0,0,0,1.0,Friedrichshain-Kreuzberg,Accident with minor injuries,Collision with a turning/crossing vehicle,Turning/Crossing accident,Dark,Wet/moist/slippery,1381,290386.0
1922,1922,191175,2,Mehringplatz,2019,1,22,3,3,6,2,2,0,1,1,0,0,0,1.0,Friedrichshain-Kreuzberg,Accident with minor injuries,Collision between vehicle and pedestrian,Turning accident,Dark,Wet/moist/slippery,1381,290386.0
1923,1923,191176,10,Marzahner Promenade,2019,1,19,3,3,6,2,2,0,1,1,0,0,0,1.0,Marzahn-Hellersdorf,Accident with minor injuries,Collision between vehicle and pedestrian,Turning accident,Dark,Wet/moist/slippery,586,269967.0
1924,1924,191177,7,Nollendorfplatz,2019,1,20,3,3,6,7,2,0,1,1,0,0,0,1.0,Tempelhof-Schöneberg,Accident with minor injuries,Collision between vehicle and pedestrian,Others,Dark,Wet/moist/slippery,1241,350984.0
1925,1925,191178,12,Hermsdorf,2019,1,20,3,2,5,3,2,0,1,0,0,0,0,1.0,Reinickendorf,Accident with serious injuries,Collision with a turning/crossing vehicle,Turning/Crossing accident,Dark,Wet/moist/slippery,867,266408.0
1926,1926,191179,7,Wittenbergplatz/Viktoria-Luise-Platz,2019,1,20,3,3,6,4,1,0,1,1,0,0,0,1.0,Tempelhof-Schöneberg,Accident with minor injuries,Collision between vehicle and pedestrian,Pedestrian crossing accident,Twilight,Wet/moist/slippery,1241,350984.0
1927,1927,191180,11,Fennpfuhl West,2019,1,19,3,3,1,5,2,1,1,0,0,0,0,1.0,Lichtenberg,Accident with minor injuries,Collision with a moving/standing/parked vehicle,Accident involving parked vehicles,Dark,Wet/moist/slippery,679,294201.0
1928,1928,191181,5,Hakenfelde Nord,2019,1,18,3,3,2,7,2,0,1,0,0,0,0,1.0,Spandau,Accident with minor injuries,Collision with the vehicle in front/waiting vehicle,Others,Dark,Wet/moist/slippery,798,245197.0
1929,1929,191182,7,Marienfelde Nordost,2019,1,18,3,3,2,6,2,0,1,0,0,0,0,1.0,Tempelhof-Schöneberg,Accident with minor injuries,Collision with the vehicle in front/waiting vehicle,Collision involving vehicles going in the same way,Dark,Wet/moist/slippery,1241,350984.0
1930,1930,191183,5,Carl-Schurz-Straße,2019,1,18,3,2,6,2,2,0,1,1,0,0,0,1.0,Spandau,Accident with serious injuries,Collision between vehicle and pedestrian,Turning accident,Dark,Wet/moist/slippery,798,245197.0
1931,1931,191184,4,Brabanter Platz,2019,1,18,3,3,6,2,2,0,1,1,0,0,0,1.0,Charlottenburg-Wilmersdorf,Accident with minor injuries,Collision between vehicle and pedestrian,Turning accident,Dark,Wet/moist/slippery,1727,343592.0
1932,1932,191185,9,Dammvorstadt,2019,1,18,3,3,2,6,2,0,1,0,0,0,0,1.0,Treptow-Köpenick,Accident with minor injuries,Collision with the vehicle in front/waiting vehicle,Collision involving vehicles going in the same way,Dark,Wet/moist/slippery,892,273689.0
1933,1933,191186,6,Lichterfelde West,2019,1,18,3,3,2,6,2,0,1,0,0,0,0,1.0,Steglitz-Zehlendorf,Accident with minor injuries,Collision with the vehicle in front/waiting vehicle,Collision involving vehicles going in the same way,Dark,Wet/moist/slippery,851,310071.0
1934,1934,191187,6,Schloßstraße,2019,1,18,3,2,6,2,2,0,1,1,0,0,0,1.0,Steglitz-Zehlendorf,Accident with serious injuries,Collision between vehicle and pedestrian,Turning accident,Dark,Wet/moist/slippery,851,310071.0
1935,1935,191188,1,Großer Tiergarten,2019,1,18,3,3,5,3,2,0,1,0,0,0,0,1.0,Mitte,Accident with minor injuries,Collision with a turning/crossing vehicle,Turning/Crossing accident,Dark,Wet/moist/slippery,2215,385748.0
1936,1936,191189,4,Eisenzahnstraße,2019,1,18,3,3,2,6,2,0,1,0,0,0,0,1.0,Charlottenburg-Wilmersdorf,Accident with minor injuries,Collision with the vehicle in front/waiting vehicle,Collision involving vehicles going in the same way,Dark,Wet/moist/slippery,1727,343592.0
1937,1937,191190,8,Gewerbegebiet Köllnische Heide,2019,1,17,3,3,5,3,2,1,1,0,0,0,0,1.0,Neukölln,Accident with minor injuries,Collision with a turning/crossing vehicle,Turning/Crossing accident,Dark,Wet/moist/slippery,934,329917.0
1938,1938,191191,6,Bergstraße,2019,1,15,3,2,6,4,1,0,1,1,0,0,0,1.0,Steglitz-Zehlendorf,Accident with serious injuries,Collision between vehicle and pedestrian,Pedestrian crossing accident,Twilight,Wet/moist/slippery,851,310071.0
1939,1939,191192,1,Reinickendorfer Straße,2019,1,9,3,3,5,2,0,0,1,0,0,0,1,1.0,Mitte,Accident with minor injuries,Collision with a turning/crossing vehicle,Turning accident,Daylight,Wet/moist/slippery,2215,385748.0
1940,1940,191193,2,Samariterviertel,2019,1,17,3,3,5,3,2,1,1,0,0,0,0,1.0,Friedrichshain-Kreuzberg,Accident with minor injuries,Collision with a turning/crossing vehicle,Turning/Crossing accident,Dark,Wet/moist/slippery,1381,290386.0
1941,1941,191194,1,Humboldthain Süd,2019,1,17,3,2,0,7,1,0,0,0,1,0,1,1.0,Mitte,Accident with serious injuries,Others,Others,Twilight,Wet/moist/slippery,2215,385748.0
1942,1942,191195,6,Teltower Damm,2019,1,17,3,2,6,4,2,0,1,1,0,0,0,1.0,Steglitz-Zehlendorf,Accident with serious injuries,Collision between vehicle and pedestrian,Pedestrian crossing accident,Dark,Wet/moist/slippery,851,310071.0
1943,1943,191196,4,Hindemithplatz,2019,1,16,3,3,3,6,2,0,1,0,1,0,1,1.0,Charlottenburg-Wilmersdorf,Accident with minor injuries,Collision with a vehicle traveling laterally in the same direction,Collision involving vehicles going in the same way,Dark,Wet/moist/slippery,1727,343592.0
1944,1944,191197,3,Greifswalder Straße,2019,1,16,3,2,6,4,2,0,1,1,0,0,0,1.0,Pankow,Accident with serious injuries,Collision between vehicle and pedestrian,Pedestrian crossing accident,Dark,Wet/moist/slippery,1219,409335.0
1945,1945,191198,12,Hausotterplatz,2019,1,16,3,3,6,2,2,0,1,1,0,0,0,1.0,Reinickendorf,Accident with minor injuries,Collision between vehicle and pedestrian,Turning accident,Dark,Wet/moist/slippery,867,266408.0
1946,1946,191199,1,Unter den Linden Nord,2019,1,15,3,3,5,3,0,1,1,0,0,0,0,1.0,Mitte,Accident with minor injuries,Collision with a turning/crossing vehicle,Turning/Crossing accident,Daylight,Wet/moist/slippery,2215,385748.0
1947,1947,191200,1,Emdener Straße,2019,1,14,3,2,5,2,0,1,1,0,0,0,0,1.0,Mitte,Accident with serious injuries,Collision with a turning/crossing vehicle,Turning accident,Daylight,Wet/moist/slippery,2215,385748.0
1948,1948,191201,12,Rollbergesiedlung,2019,1,13,3,2,6,4,0,0,0,1,1,0,0,1.0,Reinickendorf,Accident with serious injuries,Collision between vehicle and pedestrian,Pedestrian crossing accident,Daylight,Wet/moist/slippery,867,266408.0
1949,1949,191202,11,Malchower Weg,2019,1,13,3,3,5,3,0,0,1,0,0,0,1,1.0,Lichtenberg,Accident with minor injuries,Collision with a turning/crossing vehicle,Turning/Crossing accident,Daylight,Wet/moist/slippery,679,294201.0
1950,1950,191203,1,Emdener Straße,2019,1,11,3,3,3,6,0,0,1,0,1,0,0,1.0,Mitte,Accident with minor injuries,Collision with a vehicle traveling laterally in the same direction,Collision involving vehicles going in the same way,Daylight,Wet/moist/slippery,2215,385748.0
1951,1951,191204,4,Reichsstraße,2019,1,11,3,3,5,3,0,0,1,0,0,0,0,1.0,Charlottenburg-Wilmersdorf,Accident with minor injuries,Collision with a turning/crossing vehicle,Turning/Crossing accident,Daylight,Wet/moist/slippery,1727,343592.0