,Unnamed: 0,object id,district,street,year,month,hour of day,weekday,category,accident type,accident type 2,light situation,bike involved,car involved,pedestrian involved,motor bike involved,big track involved,other vehicle involved,road condition,district name,category name,accident detail,accident type detail,light condition,road condition detail,accident count by district,est. population
1952,1952,191205,4,Messelpark,2019,1,11,3,3,5,3,0,0,1,0,0,0,0,1.0,Charlottenburg-Wilmersdorf,Accident with minor injuries,Collision with a turning/crossing vehicle,Turning/Crossing accident,Daylight,Wet/moist/slippery,1727,343592.0
1953,1953,191206,7,Schöneberger Insel,2019,1,12,3,3,0,6,0,0,1,0,0,0,1,1.0,Tempelhof-Schöneberg,Accident with minor injuries,Others,Collision involving vehicles going in the same way,Daylight,Wet/moist/slippery,1241,350984.0
1954,1954,191207,9,Siedlung Kämmereiheide,2019,1,6,3,3,6,2,2,0,1,1,0,0,0,1.0,Treptow-Köpenick,Accident with minor injuries,Collision between vehicle and pedestrian,Turning accident,Dark,Wet/moist/slippery,892,273689.0
1955,1955,191208,4,Bismarckallee,2019,1,17,3,1,6,2,2,0,1,1,0,0,0,1.0,Charlottenburg-Wilmersdorf,Accident with fatalities,Collision between vehicle and pedestrian,Turning accident,Dark,Wet/moist/slippery,1727,343592.0
1956,1956,191209,9,Oberschöneweide Ost,2019,1,17,2,3,2,7,1,0,1,0,0,0,0,0.0,Treptow-Köpenick,Accident with minor injuries,Collision with the vehicle in front/waiting vehicle,Others,Twilight,Dry,892,273689.0
1957,1957,191210,7,Nollendorfplatz,2019,1,16,2,3,6,4,1,0,1,1,0,0,0,1.0,Tempelhof-Schöneberg,Accident with minor injuries,Collision between vehicle and pedestrian,Pedestrian crossing accident,Twilight,Wet/moist/slippery,1241,350984.0
1958,1958,191211,10,Kaulsdorf Nord I,2019,1,18,2,2,6,4,2,0,1,1,0,0,0,1.0,Marzahn-Hellersdorf,Accident with serious injuries,Collision between vehicle and pedestrian,Pedestrian crossing accident,Dark,Wet/moist/slippery,586,269967.0
1959,1959,191212,6,Krumme Lanke,2019,1,19,2,3,1,5,2,0,1,0,0,0,0,1.0,Steglitz-Zehlendorf,Accident with minor injuries,Collision with a moving/standing/parked vehicle,Accident involving parked vehicles,Dark,Wet/moist/slippery,851,310071.0
1960,1960,191213,6,Dahlem,2019,1,19,2,3,2,6,2,0,1,0,0,0,0,1.0,Steglitz-Zehlendorf,Accident with minor injuries,Collision with the vehicle in front/waiting vehicle,Collision involving vehicles going in the same way,Dark,Wet/moist/slippery,851,310071.0
1961,1961,191214,1,Westliche Müllerstraße,2019,1,18,2,3,3,6,2,0,1,0,0,0,0,1.0,Mitte,Accident with minor injuries,Collision with a vehicle traveling laterally in the same direction,Collision involving vehicles going in the same way,Dark,Wet/moist/slippery,2215,385748.0
1962,1962,191215,5,Gütersloher Weg,2019,1,21,2,2,9,1,2,0,1,0,0,0,0,1.0,Spandau,Accident with serious injuries,Departure from the roadway to the left,Driving accident,Dark,Wet/moist/slippery,798,245197.0
1963,1963,191216,8,Reuterkiez,2019,1,22,2,3,2,6,2,0,1,0,0,0,0,1.0,Neukölln,Accident with minor injuries,Collision with the vehicle in front/waiting vehicle,Collision involving vehicles going in the same way,Dark,Wet/moist/slippery,934,329917.0
1964,1964,191217,1,Sparrplatz,2019,1,21,2,3,5,2,2,1,0,0,0,0,0,1.0,Mitte,Accident with minor injuries,Collision with a turning/crossing vehicle,Turning accident,Dark,Wet/moist/slippery,2215,385748.0
1965,1965,191218,12,Dannenwalder Weg,2019,1,20,2,2,6,2,2,0,1,1,0,0,0,1.0,Reinickendorf,Accident with serious injuries,Collision between vehicle and pedestrian,Turning accident,Dark,Wet/moist/slippery,867,266408.0
1966,1966,191219,8,Reuterkiez,2019,1,15,2,3,2,2,0,0,1,0,0,0,0,1.0,Neukölln,Accident with minor injuries,Collision with the vehicle in front/waiting vehicle,Turning accident,Daylight,Wet/moist/slippery,934,329917.0
1967,1967,191220,3,Hansastraße,2019,1,8,2,3,1,5,1,1,0,0,0,0,1,1.0,Pankow,Accident with minor injuries,Collision with a moving/standing/parked vehicle,Accident involving parked vehicles,Twilight,Wet/moist/slippery,1219,409335.0
1968,1968,191221,5,Jägerallee,2019,1,7,2,3,2,6,1,0,1,0,0,0,0,1.0,Spandau,Accident with minor injuries,Collision with the vehicle in front/waiting vehicle,Collision involving vehicles going in the same way,Twilight,Wet/moist/slippery,798,245197.0
1969,1969,191222,3,Volkspark Prenzlauer Berg,2019,1,11,2,3,6,4,0,1,0,1,0,0,0,1.0,Pankow,Accident with minor injuries,Collision between vehicle and pedestrian,Pedestrian crossing accident,Daylight,Wet/moist/slippery,1219,409335.0
1970,1970,191223,12,Waidmannslust,2019,1,8,2,3,6,2,0,0,1,1,0,0,0,1.0,Reinickendorf,Accident with minor injuries,Collision between vehicle and pedestrian,Turning accident,Daylight,Wet/moist/slippery,867,266408.0
1971,1971,191224,6,Augustaplatz,2019,1,17,2,3,2,2,2,0,1,0,0,0,0,1.0,Steglitz-Zehlendorf,Accident with minor injuries,Collision with the vehicle in front/waiting vehicle,Turning accident,Dark,Wet/moist/slippery,851,310071.0
1972,1972,191225,2,Stralauer Kiez,2019,1,17,2,3,6,2,2,0,1,1,0,0,0,1.0,Friedrichshain-Kreuzberg,Accident with minor injuries,Collision between vehicle and pedestrian,Turning accident,Dark,Wet/moist/slippery,1381,290386.0
1973,1973,191226,1,Wilhelmstraße,2019,1,17,2,3,5,2,2,1,1,0,0,0,0,1.0,Mitte,Accident with minor injuries,Collision with a turning/crossing vehicle,Turning accident,Dark,Wet/moist/slippery,2215,385748.0
1974,1974,191227,3,Schönholz,2019,1,17,2,3,5,3,2,1,1,0,0,0,0,1.0,Pankow,Accident with minor injuries,Collision with a turning/crossing vehicle,Turning/Crossing accident,Dark,Wet/moist/slippery,1219,409335.0
1975,1975,191228,6,Augustaplatz,2019,1,17,2,3,1,5,2,0,1,0,0,0,0,1.0,Steglitz-Zehlendorf,Accident with minor injuries,Collision with a moving/standing/parked vehicle,Accident involving parked vehicles,Dark,Wet/moist/slippery,851,310071.0
1976,1976,191229,4,Hindemithplatz,2019,1,17,2,3,5,2,2,0,1,0,0,0,0,1.0,Charlottenburg-Wilmersdorf,Accident with minor injuries,Collision with a turning/crossing vehicle,Turning accident,Dark,Wet/moist/slippery,1727,343592.0
1977,1977,191230,11,Karlshorst Nord,2019,1,16,2,3,3,6,2,1,1,0,0,0,0,1.0,Lichtenberg,Accident with minor injuries,Collision with a vehicle traveling laterally in the same direction,Collision involving vehicles going in the same way,Dark,Wet/moist/slippery,679,294201.0
1978,1978,191231,5,Maulbeerallee,2019,1,16,2,3,5,3,1,0,1,0,0,0,0,1.0,Spandau,Accident with minor injuries,Collision with a turning/crossing vehicle,Turning/Crossing accident,Twilight,Wet/moist/slippery,798,245197.0
1979,1979,191232,1,Reinickendorfer Straße,2019,1,16,2,3,5,2,1,1,1,0,0,0,0,1.0,Mitte,Accident with minor injuries,Collision with a turning/crossing vehicle,Turning accident,Twilight,Wet/moist/slippery,2215,385748.0
1980,1980,191233,3,Rosenthal,2019,1,10,2,3,5,7,0,0,1,0,0,0,0,1.0,Pankow,Accident with minor injuries,Collision with a turning/crossing vehicle,Others,Daylight,Wet/moist/slippery,1219,409335.0
1981,1981,191234,11,Karlshorst Nord,2019,1,15,2,3,5,3,0,1,1,0,0,0,0,1.0,Lichtenberg,Accident with minor injuries,Collision with a turning/crossing vehicle,Turning/Crossing accident,Daylight,Wet/moist/slippery,679,294201.0
1982,1982,191235,6,Zehlendorf Süd,2019,1,14,2,3,2,2,0,0,1,0,0,0,0,1.0,Steglitz-Zehlendorf,Accident with minor injuries,Collision with the vehicle in front/waiting vehicle,Turning accident,Daylight,Wet/moist/slippery,851,310071.0
1983,1983,191236,11,Falkenberg West,2019,1,10,2,3,5,3,0,0,1,0,0,0,0,1.0,Lichtenberg,Accident with minor injuries,Collision with a turning/crossing vehicle,Turning/Crossing accident,Daylight,Wet/moist/slippery,679,294201.0
1984,1984,191237,2,Chamissokiez,2019,1,14,2,3,4,1,0,0,1,0,0,0,0,1.0,Friedrichshain-Kreuzberg,Accident with minor injuries,Collision with oncoming vehicle,Driving accident,Daylight,Wet/moist/slippery,1381,290386.0
1985,1985,191238,2,Samariterviertel,2019,1,9,2,2,0,1,0,0,0,0,1,0,0,1.0,Friedrichshain-Kreuzberg,Accident with serious injuries,Others,Driving accident,Daylight,Wet/moist/slippery,1381,290386.0
1986,1986,191239,1,Westliche Müllerstraße,2019,1,12,2,3,2,6,0,0,1,0,0,0,0,1.0,Mitte,Accident with minor injuries,Collision with the vehicle in front/waiting vehicle,Collision involving vehicles going in the same way,Daylight,Wet/moist/slippery,2215,385748.0
1987,1987,191240,4,Leon-Jessel-Platz,2019,1,11,2,3,5,2,0,0,1,0,1,0,0,1.0,Charlottenburg-Wilmersdorf,Accident with minor injuries,Collision with a turning/crossing vehicle,Turning accident,Daylight,Wet/moist/slippery,1727,343592.0
1988,1988,191241,4,Alt-Lietzow,2019,1,16,2,3,5,2,2,0,1,0,0,0,0,1.0,Charlottenburg-Wilmersdorf,Accident with minor injuries,Collision with a turning/crossing vehicle,Turning accident,Dark,Wet/moist/slippery,1727,343592.0
1989,1989,191242,2,Lausitzer Platz,2019,1,9,2,3,5,3,1,1,1,0,0,0,0,1.0,Friedrichshain-Kreuzberg,Accident with minor injuries,Collision with a turning/crossing vehicle,Turning/Crossing accident,Twilight,Wet/moist/slippery,1381,290386.0
1990,1990,191243,6,Zehlendorf Mitte,2019,1,15,2,3,4,6,0,0,1,0,0,0,0,1.0,Steglitz-Zehlendorf,Accident with minor injuries,Collision with oncoming vehicle,Collision involving vehicles going in the same way,Daylight,Wet/moist/slippery,851,310071.0
1991,1991,191244,12,Wittenau Süd,2019,1,11,2,3,6,2,0,0,1,1,0,0,0,1.0,Reinickendorf,Accident with minor injuries,Collision between vehicle and pedestrian,Turning accident,Daylight,Wet/moist/slippery,867,266408.0
1992,1992,191245,12,Scharnweberstraße,2019,1,15,2,3,2,6,1,0,1,0,0,0,0,1.0,Reinickendorf,Accident with minor injuries,Collision with the vehicle in front/waiting vehicle,Collision involving vehicles going in the same way,Twilight,Wet/moist/slippery,867,266408.0
1993,1993,191246,4,Breitscheidplatz,2019,1,9,2,3,5,2,0,0,1,0,1,0,0,1.0,Charlottenburg-Wilmersdorf,Accident with minor injuries,Collision with a turning/crossing vehicle,Turning accident,Daylight,Wet/moist/slippery,1727,343592.0
1994,1994,191247,1,Oranienburger Straße,2019,1,8,2,3,6,4,0,0,1,1,0,0,0,1.0,Mitte,Accident with minor injuries,Collision between vehicle and pedestrian,Pedestrian crossing accident,Daylight,Wet/moist/slippery,2215,385748.0
1995,1995,191248,6,Schütte-Lanz-Straße,2019,1,8,2,2,5,2,0,0,1,0,0,0,0,1.0,Steglitz-Zehlendorf,Accident with serious injuries,Collision with a turning/crossing vehicle,Turning accident,Daylight,Wet/moist/slippery,851,310071.0
1996,1996,191249,4,Spreestadt,2019,1,8,2,3,5,2,1,1,1,0,0,0,0,1.0,Charlottenburg-Wilmersdorf,Accident with minor injuries,Collision with a turning/crossing vehicle,Turning accident,Twilight,Wet/moist/slippery,1727,343592.0
1997,1997,191250,1,Humboldthain Nordwest,2019,1,8,2,2,6,4,0,0,1,1,0,0,0,1.0,Mitte,Accident with serious injuries,Collision between vehicle and pedestrian,Pedestrian crossing accident,Daylight,Wet/moist/slippery,2215,385748.0
1998,1998,191251,4,Alt-Lietzow,2019,1,7,2,3,6,2,1,0,1,1,0,0,0,1.0,Charlottenburg-Wilmersdorf,Accident with minor injuries,Collision between vehicle and pedestrian,Turning accident,Twilight,Wet/moist/slippery,1727,343592.0
1999,1999,191252,8,Mohriner Allee Nord,2019,1,7,2,2,6,4,2,0,1,1,0,0,0,1.0,Neukölln,Accident with serious injuries,Collision between vehicle and pedestrian,Pedestrian crossing accident,Dark,Wet/moist/slippery,934,329917.0
2000,2000,191253,5,Freiheit,2019,1,6,2,3,6,2,2,0,1,1,0,0,0,1.0,Spandau,Accident with minor injuries,Collision between vehicle and pedestrian,Turning accident,Dark,Wet/moist/slippery,798,245197.0
2001,2001,191254,12,Ziekowstraße/Freie Scholle,2019,1,6,2,3,5,3,2,0,1,0,1,0,0,1.0,Reinickendorf,Accident with minor injuries,Collision with a turning/crossing vehicle,Turning/Crossing accident,Dark,Wet/moist/slippery,867,266408.0
2002,2002,191255,10,Marzahner Chaussee,2019,1,18,2,3,1,5,2,1,0,0,0,0,1,1.0,Marzahn-Hellersdorf,Accident with minor injuries,Collision with a moving/standing/parked vehicle,Accident involving parked vehicles,Dark,Wet/moist/slippery,586,269967.0
2003,2003,191256,2,Wassertorplatz,2019,1,11,2,3,5,3,0,0,1,0,0,0,1,1.0,Friedrichshain-Kreuzberg,Accident with minor injuries,Collision with a turning/crossing vehicle,Turning/Crossing accident,Daylight,Wet/moist/slippery,1381,290386.0
2004,2004,191257,9,Bölschestraße,2019,1,13,1,3,1,5,0,1,1,0,0,0,0,0.0,Treptow-Köpenick,Accident with minor injuries,Collision with a moving/standing/parked vehicle,Accident involving parked vehicles,Daylight,Dry,892,273689.0
2005,2005,191258,1,Humboldthain Süd,2019,1,18,1,3,2,6,2,0,1,0,0,0,0,0.0,Mitte,Accident with minor injuries,Collision with the vehicle in front/waiting vehicle,Collision involving vehicles going in the same way,Dark,Dry,2215,385748.0
2006,2006,191259,5,Gartenfelder Straße,2019,1,17,1,2,5,3,2,1,1,0,0,0,0,0.0,Spandau,Accident with serious injuries,Collision with a turning/crossing vehicle,Turning/Crossing accident,Dark,Dry,798,245197.0
2007,2007,191260,2,Friedenstraße,2019,1,16,1,3,2,6,2,0,1,0,0,0,0,0.0,Friedrichshain-Kreuzberg,Accident with minor injuries,Collision with the vehicle in front/waiting vehicle,Collision involving vehicles going in the same way,Dark,Dry,1381,290386.0
2008,2008,191261,1,Karl-Marx-Allee,2019,1,16,1,3,5,2,2,1,1,0,0,0,0,0.0,Mitte,Accident with minor injuries,Collision with a turning/crossing vehicle,Turning accident,Dark,Dry,2215,385748.0
2009,2009,191262,6,Teltower Damm,2019,1,14,1,2,5,3,0,1,1,0,0,0,0,0.0,Steglitz-Zehlendorf,Accident with serious injuries,Collision with a turning/crossing vehicle,Turning/Crossing accident,Daylight,Dry,851,310071.0
2010,2010,191263,12,Schorfheidestraße,2019,1,3,1,2,6,4,2,0,1,1,0,0,0,0.0,Reinickendorf,Accident with serious injuries,Collision between vehicle and pedestrian,Pedestrian crossing accident,Dark,Dry,867,266408.0
2011,2011,191264,7,Kaiser-Wilhelm-Platz,2019,1,14,7,3,3,7,0,1,1,0,0,0,0,1.0,Tempelhof-Schöneberg,Accident with minor injuries,Collision with a vehicle traveling laterally in the same direction,Others,Daylight,Wet/moist/slippery,1241,350984.0
2012,2012,191265,1,Leopoldplatz,2019,1,11,7,3,2,6,0,0,1,0,0,0,0,1.0,Mitte,Accident with minor injuries,Collision with the vehicle in front/waiting vehicle,Collision involving vehicles going in the same way,Daylight,Wet/moist/slippery,2215,385748.0
2013,2013,191266,1,Rehberge,2019,1,9,7,2,4,1,0,0,1,0,0,0,1,1.0,Mitte,Accident with serious injuries,Collision with oncoming vehicle,Driving accident,Daylight,Wet/moist/slippery,2215,385748.0
2014,2014,191267,1,Heine-Viertel West,2019,1,6,7,3,5,3,2,1,1,0,0,0,0,1.0,Mitte,Accident with minor injuries,Collision with a turning/crossing vehicle,Turning/Crossing accident,Dark,Wet/moist/slippery,2215,385748.0
2015,2015,191268,8,Schillerpromenade,2019,1,0,7,3,2,2,2,0,1,0,0,1,0,1.0,Neukölln,Accident with minor injuries,Collision with the vehicle in front/waiting vehicle,Turning accident,Dark,Wet/moist/slippery,934,329917.0
2016,2016,191269,8,Schillerpromenade,2019,1,21,7,3,6,2,2,0,1,1,0,0,0,1.0,Neukölln,Accident with minor injuries,Collision between vehicle and pedestrian,Turning accident,Dark,Wet/moist/slippery,934,329917.0
2017,2017,191270,3,Kollwitzplatz,2019,1,18,7,3,6,7,2,0,1,1,0,0,0,1.0,Pankow,Accident with minor injuries,Collision between vehicle and pedestrian,Others,Dark,Wet/moist/slippery,1219,409335.0
2018,2018,191271,10,Marzahner Chaussee,2019,1,17,7,3,2,6,2,0,1,0,0,0,0,1.0,Marzahn-Hellersdorf,Accident with minor injuries,Collision with the vehicle in front/waiting vehicle,Collision involving vehicles going in the same way,Dark,Wet/moist/slippery,586,269967.0
2019,2019,191272,5,Darbystraße,2019,1,17,7,3,2,6,2,0,1,0,0,0,0,1.0,Spandau,Accident with minor injuries,Collision with the vehicle in front/waiting vehicle,Collision involving vehicles going in the same way,Dark,Wet/moist/slippery,798,245197.0
2020,2020,191273,6,Augustaplatz,2019,1,17,7,3,6,4,2,0,1,1,0,0,0,2.0,Steglitz-Zehlendorf,Accident with minor injuries,Collision between vehicle and pedestrian,Pedestrian crossing accident,Dark,Snowy,851,310071.0
2021,2021,191274,10,Ringkolonnaden,2019,1,19,6,2,0,1,2,0,0,0,1,0,0,1.0,Marzahn-Hellersdorf,Accident with serious injuries,Others,Driving accident,Dark,Wet/moist/slippery,586,269967.0
2022,2022,191275,12,Schäfersee,2019,1,12,6,3,5,2,0,1,1,0,0,0,0,0.0,Reinickendorf,Accident with minor injuries,Collision with a turning/crossing vehicle,Turning accident,Daylight,Dry,867,266408.0
2023,2023,191276,7,Rathaus Tempelhof,2019,1,22,6,3,5,3,2,0,1,0,0,0,0,1.0,Tempelhof-Schöneberg,Accident with minor injuries,Collision with a turning/crossing vehicle,Turning/Crossing accident,Dark,Wet/moist/slippery,1241,350984.0
2024,2024,191277,5,Döberitzer Weg,2019,1,21,6,3,8,1,2,0,1,0,0,0,0,1.0,Spandau,Accident with minor injuries,Departure from the roadway to the right,Driving accident,Dark,Wet/moist/slippery,798,245197.0
2025,2025,191278,1,Charitéviertel,2019,1,21,6,3,3,6,2,0,0,0,1,0,1,1.0,Mitte,Accident with minor injuries,Collision with a vehicle traveling laterally in the same direction,Collision involving vehicles going in the same way,Dark,Wet/moist/slippery,2215,385748.0
2026,2026,191279,12,Scharnweberstraße,2019,1,20,6,2,6,4,2,0,1,1,0,0,0,1.0,Reinickendorf,Accident with serious injuries,Collision between vehicle and pedestrian,Pedestrian crossing accident,Dark,Wet/moist/slippery,867,266408.0
2027,2027,191280,2,Boxhagener Platz,2019,1,18,6,3,6,4,2,1,0,1,0,0,0,1.0,Friedrichshain-Kreuzberg,Accident with minor injuries,Collision between vehicle and pedestrian,Pedestrian crossing accident,Dark,Wet/moist/slippery,1381,290386.0
2028,2028,191281,11,Falkenberg Ost,2019,1,13,6,3,5,2,0,1,1,0,0,0,0,1.0,Lichtenberg,Accident with minor injuries,Collision with a turning/crossing vehicle,Turning accident,Daylight,Wet/moist/slippery,679,294201.0
2029,2029,191282,10,Kaulsdorf Nord,2019,1,15,6,3,5,3,0,1,1,0,0,0,0,1.0,Marzahn-Hellersdorf,Accident with minor injuries,Collision with a turning/crossing vehicle,Turning/Crossing accident,Daylight,Wet/moist/slippery,586,269967.0
2030,2030,191283,4,Plötzensee,2019,1,14,6,3,1,5,0,0,1,0,0,0,0,1.0,Charlottenburg-Wilmersdorf,Accident with minor injuries,Collision with a moving/standing/parked vehicle,Accident involving parked vehicles,Daylight,Wet/moist/slippery,1727,343592.0
2031,2031,191284,4,Kissinger Straße,2019,1,15,6,3,5,3,1,1,1,0,0,0,0,1.0,Charlottenburg-Wilmersdorf,Accident with minor injuries,Collision with a turning/crossing vehicle,Turning/Crossing accident,Twilight,Wet/moist/slippery,1727,343592.0
2032,2032,191285,12,Schäfersee,2019,1,14,6,3,6,2,0,0,1,1,0,0,0,1.0,Reinickendorf,Accident with minor injuries,Collision between vehicle and pedestrian,Turning accident,Daylight,Wet/moist/slippery,867,266408.0
2033,2033,191286,2,Wrangelkiez,2019,1,16,6,3,6,4,2,1,0,1,0,0,0,1.0,Friedrichshain-Kreuzberg,Accident with minor injuries,Collision between vehicle and pedestrian,Pedestrian crossing accident,Dark,Wet/moist/slippery,1381,290386.0
2034,2034,191287,2,Moritzplatz,2019,1,13,6,3,0,7,0,0,1,0,1,0,0,1.0,Friedrichshain-Kreuzberg,Accident with minor injuries,Others,Others,Daylight,Wet/moist/slippery,1381,290386.0
2035,2035,191288,4,Droysenstraße,2019,1,10,6,3,5,5,0,0,1,0,0,0,0,1.0,Charlottenburg-Wilmersdorf,Accident with minor injuries,Collision with a turning/crossing vehicle,Accident involving parked vehicles,Daylight,Wet/moist/slippery,1727,343592.0
2036,2036,191289,4,Schloßgarten,2019,1,13,6,3,5,5,0,0,1,0,0,1,0,1.0,Charlottenburg-Wilmersdorf,Accident with minor injuries,Collision with a turning/crossing vehicle,Accident involving parked vehicles,Daylight,Wet/moist/slippery,1727,343592.0
2037,2037,191290,6,Südende,2019,1,14,6,3,2,3,0,0,1,0,0,0,0,1.0,Steglitz-Zehlendorf,Accident with minor injuries,Collision with the vehicle in front/waiting vehicle,Turning/Crossing accident,Daylight,Wet/moist/slippery,851,310071.0
2038,2038,191291,12,Schäfersee,2019,1,13,6,3,1,5,0,0,1,0,0,0,0,1.0,Reinickendorf,Accident with minor injuries,Collision with a moving/standing/parked vehicle,Accident involving parked vehicles,Daylight,Wet/moist/slippery,867,266408.0
2039,2039,191292,11,Zingster Straße West,2019,1,8,6,3,5,3,1,0,1,0,0,0,1,1.0,Lichtenberg,Accident with minor injuries,Collision with a turning/crossing vehicle,Turning/Crossing accident,Twilight,Wet/moist/slippery,679,294201.0
2040,2040,191293,11,Weitlingstraße,2019,1,5,6,3,5,3,2,1,1,0,0,0,0,1.0,Lichtenberg,Accident with minor injuries,Collision with a turning/crossing vehicle,Turning/Crossing accident,Dark,Wet/moist/slippery,679,294201.0
2041,2041,191294,5,Gütersloher Weg,2019,1,5,6,3,6,2,2,0,1,1,0,0,0,0.0,Spandau,Accident with minor injuries,Collision between vehicle and pedestrian,Turning accident,Dark,Dry,798,245197.0
2042,2042,191295,8,Rixdorf,2019,1,12,6,3,5,3,0,0,1,0,0,0,1,1.0,Neukölln,Accident with minor injuries,Collision with a turning/crossing vehicle,Turning/Crossing accident,Daylight,Wet/moist/slippery,934,329917.0
2043,2043,191296,2,Graefekiez,2019,1,11,5,3,0,6,0,0,1,0,0,0,1,0.0,Friedrichshain-Kreuzberg,Accident with minor injuries,Others,Collision involving vehicles going in the same way,Daylight,Dry,1381,290386.0
2044,2044,191297,1,Gesundbrunnen,2019,1,15,5,3,2,6,0,0,1,0,0,0,0,0.0,Mitte,Accident with minor injuries,Collision with the vehicle in front/waiting vehicle,Collision involving vehicles going in the same way,Daylight,Dry,2215,385748.0
2045,2045,191298,5,Carl-Schurz-Straße,2019,1,15,5,2,5,2,0,0,1,0,1,0,0,0.0,Spandau,Accident with serious injuries,Collision with a turning/crossing vehicle,Turning accident,Daylight,Dry,798,245197.0
2046,2046,191299,8,Glasower Straße,2019,1,22,5,3,5,2,2,0,1,0,0,0,0,0.0,Neukölln,Accident with minor injuries,Collision with a turning/crossing vehicle,Turning accident,Dark,Dry,934,329917.0
2047,2047,191300,4,Messelpark,2019,1,14,5,2,5,3,0,1,1,0,0,0,0,0.0,Charlottenburg-Wilmersdorf,Accident with serious injuries,Collision with a turning/crossing vehicle,Turning/Crossing accident,Daylight,Dry,1727,343592.0
2048,2048,191301,9,Dammvorstadt,2019,1,14,5,3,5,3,0,1,1,0,0,0,0,0.0,Treptow-Köpenick,Accident with minor injuries,Collision with a turning/crossing vehicle,Turning/Crossing accident,Daylight,Dry,892,273689.0
2049,2049,191302,4,Breitscheidplatz,2019,1,14,5,3,5,2,0,0,1,0,0,0,0,1.0,Charlottenburg-Wilmersdorf,Accident with minor injuries,Collision with a turning/crossing vehicle,Turning accident,Daylight,Wet/moist/slippery,1727,343592.0
2050,2050,191303,3,Volkspark Prenzlauer Berg,2019,1,12,5,2,6,4,0,0,1,1,0,0,0,0.0,Pankow,Accident with serious injuries,Collision between vehicle and pedestrian,Pedestrian crossing accident,Daylight,Dry,1219,409335.0
2051,2051,191304,9,Bölschestraße,2019,1,19,5,3,6,4,2,0,1,1,0,0,0,0.0,Treptow-Köpenick,Accident with minor injuries,Collision between vehicle and pedestrian,Pedestrian crossing accident,Dark,Dry,892,273689.0
2052,2052,191305,1,Lützowstraße,2019,1,13,5,3,5,2,0,0,1,0,1,0,0,1.0,Mitte,Accident with minor injuries,Collision with a turning/crossing vehicle,Turning accident,Daylight,Wet/moist/slippery,2215,385748.0
2053,2053,191306,5,Gütersloher Weg,2019,1,17,5,2,6,4,2,0,1,1,0,0,0,0.0,Spandau,Accident with serious injuries,Collision between vehicle and pedestrian,Pedestrian crossing accident,Dark,Dry,798,245197.0
2054,2054,191307,3,Fennpfuhl West,2019,1,17,5,3,5,2,2,1,1,0,0,0,0,0.0,Pankow,Accident with minor injuries,Collision with a turning/crossing vehicle,Turning accident,Dark,Dry,1219,409335.0
2055,2055,191308,12,Lübarser Straße,2019,1,21,5,2,0,1,2,0,0,0,1,0,0,0.0,Reinickendorf,Accident with serious injuries,Others,Driving accident,Dark,Dry,867,266408.0
2056,2056,191309,1,Stephankiez,2019,1,11,5,3,5,2,0,0,1,0,0,0,0,1.0,Mitte,Accident with minor injuries,Collision with a turning/crossing vehicle,Turning accident,Daylight,Wet/moist/slippery,2215,385748.0
2057,2057,191310,7,Nollendorfplatz,2019,1,11,5,3,6,7,0,0,1,1,0,0,0,1.0,Tempelhof-Schöneberg,Accident with minor injuries,Collision between vehicle and pedestrian,Others,Daylight,Wet/moist/slippery,1241,350984.0
2058,2058,191311,4,Park Ruhwald,2019,1,10,5,2,5,3,0,1,1,0,0,0,0,0.0,Charlottenburg-Wilmersdorf,Accident with serious injuries,Collision with a turning/crossing vehicle,Turning/Crossing accident,Daylight,Dry,1727,343592.0
2059,2059,191312,7,Marienhöhe,2019,1,8,5,3,3,6,0,1,0,0,0,0,1,0.0,Tempelhof-Schöneberg,Accident with minor injuries,Collision with a vehicle traveling laterally in the same direction,Collision involving vehicles going in the same way,Daylight,Dry,1241,350984.0
2060,2060,191313,8,Zittauer Straße,2019,1,8,5,3,5,3,0,1,1,0,0,0,0,0.0,Neukölln,Accident with minor injuries,Collision with a turning/crossing vehicle,Turning/Crossing accident,Daylight,Dry,934,329917.0
2061,2061,191314,5,Magistratsweg,2019,1,6,5,3,5,2,2,0,1,0,0,0,0,0.0,Spandau,Accident with minor injuries,Collision with a turning/crossing vehicle,Turning accident,Dark,Dry,798,245197.0
2062,2062,191315,1,Lüneburger Straße,2019,1,6,5,3,6,2,2,0,1,1,0,0,0,0.0,Mitte,Accident with minor injuries,Collision between vehicle and pedestrian,Turning accident,Dark,Dry,2215,385748.0
2063,2063,191316,8,Glasower Straße,2019,1,21,4,3,1,5,2,1,1,0,0,0,0,0.0,Neukölln,Accident with minor injuries,Collision with a moving/standing/parked vehicle,Accident involving parked vehicles,Dark,Dry,934,329917.0
2064,2064,191317,3,Bötzowstraße,2019,1,18,4,3,0,5,2,0,1,0,1,0,0,1.0,Pankow,Accident with minor injuries,Others,Accident involving parked vehicles,Dark,Wet/moist/slippery,1219,409335.0
2065,2065,191318,4,Ernst-Reuter-Platz,2019,1,18,4,3,5,3,2,1,1,0,0,0,0,0.0,Charlottenburg-Wilmersdorf,Accident with minor injuries,Collision with a turning/crossing vehicle,Turning/Crossing accident,Dark,Dry,1727,343592.0
2066,2066,191319,2,Richard-Sorge-Viertel,2019,1,16,4,3,2,6,2,0,1,0,0,0,0,1.0,Friedrichshain-Kreuzberg,Accident with minor injuries,Collision with the vehicle in front/waiting vehicle,Collision involving vehicles going in the same way,Dark,Wet/moist/slippery,1381,290386.0