,Unnamed: 0,object id,district,street,year,month,hour of day,weekday,category,accident type,accident type 2,light situation,bike involved,car involved,pedestrian involved,motor bike involved,big track involved,other vehicle involved,road condition,district name,category name,accident detail,accident type detail,light condition,road condition detail,accident count by district,est. population
2067,2067,191320,1,Unter den Linden Nord,2019,1,14,4,3,3,6,0,0,1,0,0,0,0,0.0,Mitte,Accident with minor injuries,Collision with a vehicle traveling laterally in the same direction,Collision involving vehicles going in the same way,Daylight,Dry,2215,385748.0
2068,2068,191321,6,Lichterfelde West,2019,1,13,4,3,2,6,0,0,1,0,0,0,0,1.0,Steglitz-Zehlendorf,Accident with minor injuries,Collision with the vehicle in front/waiting vehicle,Collision involving vehicles going in the same way,Daylight,Wet/moist/slippery,851,310071.0
2069,2069,191322,8,Körnerpark,2019,1,12,4,3,5,3,0,0,1,0,0,0,0,1.0,Neukölln,Accident with minor injuries,Collision with a turning/crossing vehicle,Turning/Crossing accident,Daylight,Wet/moist/slippery,934,329917.0
2070,2070,191323,4,Hagenplatz,2019,1,12,4,3,6,2,0,0,1,1,0,0,0,0.0,Charlottenburg-Wilmersdorf,Accident with minor injuries,Collision between vehicle and pedestrian,Turning accident,Daylight,Dry,1727,343592.0
2071,2071,191324,10,Marzahner Chaussee,2019,1,12,4,3,2,6,0,0,1,0,0,0,1,1.0,Marzahn-Hellersdorf,Accident with minor injuries,Collision with the vehicle in front/waiting vehicle,Collision involving vehicles going in the same way,Daylight,Wet/moist/slippery,586,269967.0
2072,2072,191325,4,Ernst-Reuter-Platz,2019,1,11,4,2,6,4,0,0,0,1,0,0,1,1.0,Charlottenburg-Wilmersdorf,Accident with serious injuries,Collision between vehicle and pedestrian,Pedestrian crossing accident,Daylight,Wet/moist/slippery,1727,343592.0
2073,2073,191326,7,Alt-Lichtenrade/Töpchiner Weg,2019,1,10,4,3,5,3,0,0,1,0,0,0,0,1.0,Tempelhof-Schöneberg,Accident with minor injuries,Collision with a turning/crossing vehicle,Turning/Crossing accident,Daylight,Wet/moist/slippery,1241,350984.0
2074,2074,191327,6,Teltower Damm,2019,1,7,4,3,2,7,1,0,1,0,0,0,0,1.0,Steglitz-Zehlendorf,Accident with minor injuries,Collision with the vehicle in front/waiting vehicle,Others,Twilight,Wet/moist/slippery,851,310071.0
2075,2075,191328,11,Weitlingstraße,2019,1,13,4,3,4,7,0,0,1,0,0,0,0,0.0,Lichtenberg,Accident with minor injuries,Collision with oncoming vehicle,Others,Daylight,Dry,679,294201.0
2076,2076,191329,12,Frohnau,2019,1,16,3,3,4,1,2,0,1,0,0,0,0,1.0,Reinickendorf,Accident with minor injuries,Collision with oncoming vehicle,Driving accident,Dark,Wet/moist/slippery,867,266408.0
2077,2077,191330,7,Friedenau,2019,1,17,3,2,2,6,2,0,1,0,0,0,0,1.0,Tempelhof-Schöneberg,Accident with serious injuries,Collision with the vehicle in front/waiting vehicle,Collision involving vehicles going in the same way,Dark,Wet/moist/slippery,1241,350984.0
2078,2078,191331,6,Stadtpark,2019,1,17,3,3,6,2,2,0,1,1,0,0,0,1.0,Steglitz-Zehlendorf,Accident with minor injuries,Collision between vehicle and pedestrian,Turning accident,Dark,Wet/moist/slippery,851,310071.0
2079,2079,191332,8,Waßmannsdorfer Chaussee,2019,1,16,3,3,5,3,2,0,1,0,0,0,0,1.0,Neukölln,Accident with minor injuries,Collision with a turning/crossing vehicle,Turning/Crossing accident,Dark,Wet/moist/slippery,934,329917.0
2080,2080,191333,5,Freiheit,2019,1,6,3,3,2,6,2,0,1,0,0,0,0,1.0,Spandau,Accident with minor injuries,Collision with the vehicle in front/waiting vehicle,Collision involving vehicles going in the same way,Dark,Wet/moist/slippery,798,245197.0
2081,2081,191334,2,Moritzplatz,2019,1,5,3,3,5,3,2,0,1,0,0,0,0,1.0,Friedrichshain-Kreuzberg,Accident with minor injuries,Collision with a turning/crossing vehicle,Turning/Crossing accident,Dark,Wet/moist/slippery,1381,290386.0
2082,2082,191335,1,Lüneburger Straße,2019,1,17,3,3,1,5,2,0,1,0,0,0,0,1.0,Mitte,Accident with minor injuries,Collision with a moving/standing/parked vehicle,Accident involving parked vehicles,Dark,Wet/moist/slippery,2215,385748.0
2083,2083,191336,1,Heine-Viertel Ost,2019,1,2,3,2,6,4,2,0,1,1,0,0,0,1.0,Mitte,Accident with serious injuries,Collision between vehicle and pedestrian,Pedestrian crossing accident,Dark,Wet/moist/slippery,2215,385748.0
2084,2084,191337,1,Sparrplatz,2019,1,3,3,3,6,2,2,0,1,1,0,0,0,1.0,Mitte,Accident with minor injuries,Collision between vehicle and pedestrian,Turning accident,Dark,Wet/moist/slippery,2215,385748.0
2085,2085,191338,7,Kaiser-Wilhelm-Platz,2019,1,15,4,3,1,5,0,1,1,0,0,0,0,1.0,Tempelhof-Schöneberg,Accident with minor injuries,Collision with a moving/standing/parked vehicle,Accident involving parked vehicles,Daylight,Wet/moist/slippery,1241,350984.0
2086,2086,191339,2,Wriezener Bahnhof/Entwicklungsgebiet,2019,1,4,3,3,5,2,2,0,1,0,0,0,0,1.0,Friedrichshain-Kreuzberg,Accident with minor injuries,Collision with a turning/crossing vehicle,Turning accident,Dark,Wet/moist/slippery,1381,290386.0
2087,2087,191340,7,Volkspark (Rudolf-Wilde-Park),2019,1,0,3,2,6,4,2,0,1,1,0,0,0,1.0,Tempelhof-Schöneberg,Accident with serious injuries,Collision between vehicle and pedestrian,Pedestrian crossing accident,Dark,Wet/moist/slippery,1241,350984.0
2088,2088,191341,7,John-Locke-Straße,2019,1,1,3,2,5,3,2,0,1,0,0,0,1,1.0,Tempelhof-Schöneberg,Accident with serious injuries,Collision with a turning/crossing vehicle,Turning/Crossing accident,Dark,Wet/moist/slippery,1241,350984.0
2089,2089,191342,1,Unter den Linden Süd,2019,1,3,3,3,5,3,2,0,1,0,0,0,1,1.0,Mitte,Accident with minor injuries,Collision with a turning/crossing vehicle,Turning/Crossing accident,Dark,Wet/moist/slippery,2215,385748.0
2090,2090,191345,1,Emdener Straße,2019,1,15,4,3,2,6,0,0,1,0,0,0,0,1.0,Mitte,Accident with minor injuries,Collision with the vehicle in front/waiting vehicle,Collision involving vehicles going in the same way,Daylight,Wet/moist/slippery,2215,385748.0
2091,2091,191353,7,Grazer Platz,2019,1,15,4,3,2,6,0,0,1,0,0,0,0,1.0,Tempelhof-Schöneberg,Accident with minor injuries,Collision with the vehicle in front/waiting vehicle,Collision involving vehicles going in the same way,Daylight,Wet/moist/slippery,1241,350984.0
2092,2092,191362,5,Motardstraße,2019,1,14,4,3,5,3,0,0,1,0,0,0,0,0.0,Spandau,Accident with minor injuries,Collision with a turning/crossing vehicle,Turning/Crossing accident,Daylight,Dry,798,245197.0
2093,2093,191366,5,Staakener Straße,2019,1,14,4,3,5,3,0,0,1,0,0,0,1,1.0,Spandau,Accident with minor injuries,Collision with a turning/crossing vehicle,Turning/Crossing accident,Daylight,Wet/moist/slippery,798,245197.0
2094,2094,191369,4,Paul-Hertz-Siedlung,2019,1,17,4,2,0,7,2,0,1,0,0,0,0,1.0,Charlottenburg-Wilmersdorf,Accident with serious injuries,Others,Others,Dark,Wet/moist/slippery,1727,343592.0
2095,2095,191371,3,Blankenfelde,2019,1,13,4,3,5,3,0,0,1,0,0,0,0,1.0,Pankow,Accident with minor injuries,Collision with a turning/crossing vehicle,Turning/Crossing accident,Daylight,Wet/moist/slippery,1219,409335.0
2096,2096,191372,8,Parchimer Allee,2019,1,13,4,3,5,7,0,0,1,0,0,0,0,1.0,Neukölln,Accident with minor injuries,Collision with a turning/crossing vehicle,Others,Daylight,Wet/moist/slippery,934,329917.0
2097,2097,191376,2,Rathaus Yorckstraße,2019,1,13,4,3,5,7,0,0,1,0,1,0,0,1.0,Friedrichshain-Kreuzberg,Accident with minor injuries,Collision with a turning/crossing vehicle,Others,Daylight,Wet/moist/slippery,1381,290386.0
2098,2098,191378,6,Hüttenweg,2019,1,12,4,3,5,3,0,0,1,0,0,0,0,1.0,Steglitz-Zehlendorf,Accident with minor injuries,Collision with a turning/crossing vehicle,Turning/Crossing accident,Daylight,Wet/moist/slippery,851,310071.0
2099,2099,191381,4,Plötzensee,2019,1,16,4,3,2,6,1,0,1,0,0,0,0,1.0,Charlottenburg-Wilmersdorf,Accident with minor injuries,Collision with the vehicle in front/waiting vehicle,Collision involving vehicles going in the same way,Twilight,Wet/moist/slippery,1727,343592.0
2100,2100,191388,3,Pankow Zentrum,2019,1,18,4,3,2,2,2,0,1,0,0,0,0,1.0,Pankow,Accident with minor injuries,Collision with the vehicle in front/waiting vehicle,Turning accident,Dark,Wet/moist/slippery,1219,409335.0
2101,2101,191391,1,Andreasviertel,2019,1,18,4,3,5,3,2,0,1,0,0,0,0,1.0,Mitte,Accident with minor injuries,Collision with a turning/crossing vehicle,Turning/Crossing accident,Dark,Wet/moist/slippery,2215,385748.0
2102,2102,191400,4,George-Grosz-Platz,2019,1,12,4,3,2,6,0,0,1,0,0,0,0,1.0,Charlottenburg-Wilmersdorf,Accident with minor injuries,Collision with the vehicle in front/waiting vehicle,Collision involving vehicles going in the same way,Daylight,Wet/moist/slippery,1727,343592.0
2103,2103,191406,11,Fennpfuhl Ost,2019,1,19,6,3,0,1,2,0,1,0,0,0,0,1.0,Lichtenberg,Accident with minor injuries,Others,Driving accident,Dark,Wet/moist/slippery,679,294201.0
2104,2104,191407,1,Wilhelmstraße,2019,1,17,6,2,1,5,2,1,1,0,0,0,0,1.0,Mitte,Accident with serious injuries,Collision with a moving/standing/parked vehicle,Accident involving parked vehicles,Dark,Wet/moist/slippery,2215,385748.0
2105,2105,191408,12,Teichstraße,2019,1,17,6,3,1,5,2,0,1,0,0,0,0,1.0,Reinickendorf,Accident with minor injuries,Collision with a moving/standing/parked vehicle,Accident involving parked vehicles,Dark,Wet/moist/slippery,867,266408.0
2106,2106,191409,1,Leipziger Straße,2019,1,17,6,3,5,3,2,0,1,0,0,0,0,0.0,Mitte,Accident with minor injuries,Collision with a turning/crossing vehicle,Turning/Crossing accident,Dark,Dry,2215,385748.0
2107,2107,191410,9,Siedlung Kämmereiheide,2019,1,16,6,3,0,6,0,0,1,0,0,0,1,0.0,Treptow-Köpenick,Accident with minor injuries,Others,Collision involving vehicles going in the same way,Daylight,Dry,892,273689.0
2108,2108,191411,5,Tiefwerder,2019,1,15,6,2,1,1,0,0,1,0,0,1,0,0.0,Spandau,Accident with serious injuries,Collision with a moving/standing/parked vehicle,Driving accident,Daylight,Dry,798,245197.0
2109,2109,191412,6,Berlepschstraße,2019,1,15,6,3,0,1,0,0,0,0,1,0,0,2.0,Steglitz-Zehlendorf,Accident with minor injuries,Others,Driving accident,Daylight,Snowy,851,310071.0
2110,2110,191413,10,Adele-Sandrock-Straße,2019,1,14,6,3,2,2,0,0,1,0,0,0,0,0.0,Marzahn-Hellersdorf,Accident with minor injuries,Collision with the vehicle in front/waiting vehicle,Turning accident,Daylight,Dry,586,269967.0
2111,2111,191414,10,Oberfeldstraße,2019,1,14,6,3,5,2,0,1,1,0,0,0,0,1.0,Marzahn-Hellersdorf,Accident with minor injuries,Collision with a turning/crossing vehicle,Turning accident,Daylight,Wet/moist/slippery,586,269967.0
2112,2112,191415,4,Kaiserin-Augusta-Allee,2019,1,14,6,3,1,5,0,0,1,0,0,0,0,0.0,Charlottenburg-Wilmersdorf,Accident with minor injuries,Collision with a moving/standing/parked vehicle,Accident involving parked vehicles,Daylight,Dry,1727,343592.0
2113,2113,191416,1,Leipziger Straße,2019,1,13,6,3,5,2,0,0,1,0,0,0,0,0.0,Mitte,Accident with minor injuries,Collision with a turning/crossing vehicle,Turning accident,Daylight,Dry,2215,385748.0
2114,2114,191417,11,Orankesee,2019,1,13,6,3,5,7,0,0,1,0,0,0,1,0.0,Lichtenberg,Accident with minor injuries,Collision with a turning/crossing vehicle,Others,Daylight,Dry,679,294201.0
2115,2115,191418,5,Eiswerder,2019,1,13,6,2,2,6,0,0,1,0,0,0,0,0.0,Spandau,Accident with serious injuries,Collision with the vehicle in front/waiting vehicle,Collision involving vehicles going in the same way,Daylight,Dry,798,245197.0
2116,2116,191419,1,Lüneburger Straße,2019,1,12,6,3,5,2,0,1,0,0,0,1,0,0.0,Mitte,Accident with minor injuries,Collision with a turning/crossing vehicle,Turning accident,Daylight,Dry,2215,385748.0
2117,2117,191420,2,Oranienplatz,2019,1,0,6,3,5,3,2,1,1,0,0,0,0,1.0,Friedrichshain-Kreuzberg,Accident with minor injuries,Collision with a turning/crossing vehicle,Turning/Crossing accident,Dark,Wet/moist/slippery,1381,290386.0
2118,2118,191421,11,Stralauer Kiez,2019,1,6,6,3,6,4,2,0,1,1,0,0,0,1.0,Lichtenberg,Accident with minor injuries,Collision between vehicle and pedestrian,Pedestrian crossing accident,Dark,Wet/moist/slippery,679,294201.0
2119,2119,191422,10,Kaulsdorf Nord I,2019,1,6,6,3,6,2,2,0,1,1,0,0,0,1.0,Marzahn-Hellersdorf,Accident with minor injuries,Collision between vehicle and pedestrian,Turning accident,Dark,Wet/moist/slippery,586,269967.0
2120,2120,191423,3,Buchholz,2019,1,7,6,3,5,3,1,1,1,0,0,0,0,2.0,Pankow,Accident with minor injuries,Collision with a turning/crossing vehicle,Turning/Crossing accident,Twilight,Snowy,1219,409335.0
2121,2121,191424,7,Bayerischer Platz,2019,1,7,6,3,6,2,1,0,1,1,0,0,0,1.0,Tempelhof-Schöneberg,Accident with minor injuries,Collision between vehicle and pedestrian,Turning accident,Twilight,Wet/moist/slippery,1241,350984.0
2122,2122,191425,2,Friedenstraße,2019,1,7,6,2,6,4,1,0,1,1,0,0,0,1.0,Friedrichshain-Kreuzberg,Accident with serious injuries,Collision between vehicle and pedestrian,Pedestrian crossing accident,Twilight,Wet/moist/slippery,1381,290386.0
2123,2123,191426,7,Friedenau,2019,1,8,6,3,6,2,0,0,1,1,0,0,0,1.0,Tempelhof-Schöneberg,Accident with minor injuries,Collision between vehicle and pedestrian,Turning accident,Daylight,Wet/moist/slippery,1241,350984.0
2124,2124,191427,1,Alexanderplatzviertel,2019,1,8,6,3,6,4,0,1,0,1,0,0,0,1.0,Mitte,Accident with minor injuries,Collision between vehicle and pedestrian,Pedestrian crossing accident,Daylight,Wet/moist/slippery,2215,385748.0
2125,2125,191428,7,Barbarossaplatz,2019,1,8,6,3,1,5,0,1,1,0,0,0,0,0.0,Tempelhof-Schöneberg,Accident with minor injuries,Collision with a moving/standing/parked vehicle,Accident involving parked vehicles,Daylight,Dry,1241,350984.0
2126,2126,191429,10,Oberfeldstraße,2019,1,9,6,3,5,2,0,0,1,0,0,0,0,1.0,Marzahn-Hellersdorf,Accident with minor injuries,Collision with a turning/crossing vehicle,Turning accident,Daylight,Wet/moist/slippery,586,269967.0
2127,2127,191430,1,Leipziger Straße,2019,1,11,6,3,2,7,0,0,1,0,0,0,0,0.0,Mitte,Accident with minor injuries,Collision with the vehicle in front/waiting vehicle,Others,Daylight,Dry,2215,385748.0
2128,2128,191431,8,Gropiusstadt Nord,2019,1,10,6,3,2,6,0,0,1,0,0,0,1,1.0,Neukölln,Accident with minor injuries,Collision with the vehicle in front/waiting vehicle,Collision involving vehicles going in the same way,Daylight,Wet/moist/slippery,934,329917.0
2129,2129,191432,12,Waldidyll/Flughafensee,2019,1,12,6,3,5,3,0,0,1,0,0,0,1,0.0,Reinickendorf,Accident with minor injuries,Collision with a turning/crossing vehicle,Turning/Crossing accident,Daylight,Dry,867,266408.0
2130,2130,191433,1,Körnerstraße,2019,1,10,1,3,5,3,0,0,1,0,0,0,0,0.0,Mitte,Accident with minor injuries,Collision with a turning/crossing vehicle,Turning/Crossing accident,Daylight,Dry,2215,385748.0
2131,2131,191434,2,Weberwiese,2019,1,10,6,3,1,7,0,0,1,0,0,0,0,0.0,Friedrichshain-Kreuzberg,Accident with minor injuries,Collision with a moving/standing/parked vehicle,Others,Daylight,Dry,1381,290386.0
2132,2132,191435,1,Westhafen,2019,1,7,5,3,5,2,2,1,1,0,0,0,0,1.0,Mitte,Accident with minor injuries,Collision with a turning/crossing vehicle,Turning accident,Dark,Wet/moist/slippery,2215,385748.0
2133,2133,191436,1,Lüneburger Straße,2019,1,5,5,3,5,2,2,0,1,0,0,0,0,1.0,Mitte,Accident with minor injuries,Collision with a turning/crossing vehicle,Turning accident,Dark,Wet/moist/slippery,2215,385748.0
2134,2134,191437,4,Hindemithplatz,2019,1,21,5,3,6,2,2,0,1,1,0,0,0,1.0,Charlottenburg-Wilmersdorf,Accident with minor injuries,Collision between vehicle and pedestrian,Turning accident,Dark,Wet/moist/slippery,1727,343592.0
2135,2135,191438,9,Kietzer Feld/Nachtheide,2019,1,20,5,2,3,6,2,1,1,0,0,0,0,1.0,Treptow-Köpenick,Accident with serious injuries,Collision with a vehicle traveling laterally in the same direction,Collision involving vehicles going in the same way,Dark,Wet/moist/slippery,892,273689.0
2136,2136,191439,7,Friedenau,2019,1,19,5,3,6,7,2,0,1,1,0,0,0,1.0,Tempelhof-Schöneberg,Accident with minor injuries,Collision between vehicle and pedestrian,Others,Dark,Wet/moist/slippery,1241,350984.0
2137,2137,191440,10,Havemannstraße,2019,1,19,5,3,6,3,2,0,1,1,0,0,0,1.0,Marzahn-Hellersdorf,Accident with minor injuries,Collision between vehicle and pedestrian,Turning/Crossing accident,Dark,Wet/moist/slippery,586,269967.0
2138,2138,191441,11,Falkenberg West,2019,1,18,5,2,6,2,2,0,1,1,0,0,0,1.0,Lichtenberg,Accident with serious injuries,Collision between vehicle and pedestrian,Turning accident,Dark,Wet/moist/slippery,679,294201.0
2139,2139,191442,3,Bucher Forst,2019,1,18,7,3,4,6,2,0,1,0,0,0,0,1.0,Pankow,Accident with minor injuries,Collision with oncoming vehicle,Collision involving vehicles going in the same way,Dark,Wet/moist/slippery,1219,409335.0
2140,2140,191443,1,Leopoldplatz,2019,1,19,5,3,2,6,2,0,1,0,0,0,0,1.0,Mitte,Accident with minor injuries,Collision with the vehicle in front/waiting vehicle,Collision involving vehicles going in the same way,Dark,Wet/moist/slippery,2215,385748.0
2141,2141,191444,1,Reinickendorfer Straße,2019,1,18,5,3,5,3,1,1,1,0,0,0,0,1.0,Mitte,Accident with minor injuries,Collision with a turning/crossing vehicle,Turning/Crossing accident,Twilight,Wet/moist/slippery,2215,385748.0
2142,2142,191445,2,Askanischer Platz,2019,1,18,5,3,5,2,2,1,1,0,0,0,0,1.0,Friedrichshain-Kreuzberg,Accident with minor injuries,Collision with a turning/crossing vehicle,Turning accident,Dark,Wet/moist/slippery,1381,290386.0
2143,2143,191446,8,Glasower Straße,2019,1,18,5,3,5,7,2,0,1,0,1,0,0,1.0,Neukölln,Accident with minor injuries,Collision with a turning/crossing vehicle,Others,Dark,Wet/moist/slippery,934,329917.0
2144,2144,191447,9,Baumschulenstraße,2019,1,18,5,2,6,2,2,0,1,1,0,0,0,1.0,Treptow-Köpenick,Accident with serious injuries,Collision between vehicle and pedestrian,Turning accident,Dark,Wet/moist/slippery,892,273689.0
2145,2145,191448,1,Unter den Linden Nord,2019,1,18,5,3,3,6,2,1,1,0,0,0,0,1.0,Mitte,Accident with minor injuries,Collision with a vehicle traveling laterally in the same direction,Collision involving vehicles going in the same way,Dark,Wet/moist/slippery,2215,385748.0
2146,2146,191449,2,Friedenstraße,2019,1,18,5,2,0,2,2,0,1,0,0,0,1,1.0,Friedrichshain-Kreuzberg,Accident with serious injuries,Others,Turning accident,Dark,Wet/moist/slippery,1381,290386.0
2147,2147,191450,4,Richard-Wagner-Straße,2019,1,13,5,3,6,2,0,0,1,1,0,0,0,0.0,Charlottenburg-Wilmersdorf,Accident with minor injuries,Collision between vehicle and pedestrian,Turning accident,Daylight,Dry,1727,343592.0
2148,2148,191451,1,Charitéviertel,2019,1,11,5,2,6,4,0,0,0,1,0,0,1,0.0,Mitte,Accident with serious injuries,Collision between vehicle and pedestrian,Pedestrian crossing accident,Daylight,Dry,2215,385748.0
2149,2149,191452,6,Lankwitz Kirche,2019,1,12,5,3,1,5,0,1,1,0,0,0,0,0.0,Steglitz-Zehlendorf,Accident with minor injuries,Collision with a moving/standing/parked vehicle,Accident involving parked vehicles,Daylight,Dry,851,310071.0
2150,2150,191453,4,Schaperstraße,2019,1,14,5,2,5,7,0,0,1,0,0,0,0,0.0,Charlottenburg-Wilmersdorf,Accident with serious injuries,Collision with a turning/crossing vehicle,Others,Daylight,Dry,1727,343592.0
2151,2151,191454,4,Halensee,2019,1,18,7,3,1,5,2,1,1,0,0,0,1,0.0,Charlottenburg-Wilmersdorf,Accident with minor injuries,Collision with a moving/standing/parked vehicle,Accident involving parked vehicles,Dark,Dry,1727,343592.0
2152,2152,191455,6,Teltower Damm,2019,1,14,5,2,2,3,0,1,1,0,0,0,0,0.0,Steglitz-Zehlendorf,Accident with serious injuries,Collision with the vehicle in front/waiting vehicle,Turning/Crossing accident,Daylight,Dry,851,310071.0
2153,2153,191456,1,Beusselkiez,2019,1,15,5,3,1,5,0,1,1,0,0,0,0,1.0,Mitte,Accident with minor injuries,Collision with a moving/standing/parked vehicle,Accident involving parked vehicles,Daylight,Wet/moist/slippery,2215,385748.0
2154,2154,191457,7,Marienhöhe,2019,1,15,5,3,5,2,0,0,1,0,1,0,0,0.0,Tempelhof-Schöneberg,Accident with minor injuries,Collision with a turning/crossing vehicle,Turning accident,Daylight,Dry,1241,350984.0
2155,2155,191458,7,Franziusweg/Rohrbachstraße,2019,1,14,1,2,6,2,0,0,1,1,0,0,0,0.0,Tempelhof-Schöneberg,Accident with serious injuries,Collision between vehicle and pedestrian,Turning accident,Daylight,Dry,1241,350984.0
2156,2156,191459,4,Wilhelmsaue,2019,1,16,5,2,6,2,0,0,1,1,0,0,0,0.0,Charlottenburg-Wilmersdorf,Accident with serious injuries,Collision between vehicle and pedestrian,Turning accident,Daylight,Dry,1727,343592.0
2157,2157,191460,7,Marienfelder Allee Nordwest,2019,1,16,5,3,0,2,1,0,1,0,0,0,1,0.0,Tempelhof-Schöneberg,Accident with minor injuries,Others,Turning accident,Twilight,Dry,1241,350984.0
2158,2158,191461,4,Schaperstraße,2019,1,17,5,3,2,1,1,0,1,0,0,0,0,1.0,Charlottenburg-Wilmersdorf,Accident with minor injuries,Collision with the vehicle in front/waiting vehicle,Driving accident,Twilight,Wet/moist/slippery,1727,343592.0
2159,2159,191462,4,Hagenplatz,2019,1,17,5,3,1,5,1,0,1,0,0,0,0,1.0,Charlottenburg-Wilmersdorf,Accident with minor injuries,Collision with a moving/standing/parked vehicle,Accident involving parked vehicles,Twilight,Wet/moist/slippery,1727,343592.0
2160,2160,191463,9,Adlershof West,2019,1,17,5,2,2,6,1,0,1,0,1,0,0,1.0,Treptow-Köpenick,Accident with serious injuries,Collision with the vehicle in front/waiting vehicle,Collision involving vehicles going in the same way,Twilight,Wet/moist/slippery,892,273689.0
2161,2161,191464,8,Buschkrugallee Nord,2019,1,17,5,3,8,1,1,0,1,0,0,0,0,1.0,Neukölln,Accident with minor injuries,Departure from the roadway to the right,Driving accident,Twilight,Wet/moist/slippery,934,329917.0
2162,2162,191465,11,Dorf Falkenberg,2019,1,10,5,2,9,1,0,0,1,0,0,0,0,0.0,Lichtenberg,Accident with serious injuries,Departure from the roadway to the left,Driving accident,Daylight,Dry,679,294201.0
2163,2163,191466,8,Zittauer Straße,2019,1,22,4,2,1,1,2,0,1,0,0,0,1,0.0,Neukölln,Accident with serious injuries,Collision with a moving/standing/parked vehicle,Driving accident,Dark,Dry,934,329917.0
2164,2164,191467,1,Humboldthain Nordwest,2019,1,21,4,2,6,4,2,1,0,1,0,0,0,0.0,Mitte,Accident with serious injuries,Collision between vehicle and pedestrian,Pedestrian crossing accident,Dark,Dry,2215,385748.0
2165,2165,191468,1,Oranienburger Straße,2019,1,21,4,3,1,5,2,1,1,0,0,0,0,0.0,Mitte,Accident with minor injuries,Collision with a moving/standing/parked vehicle,Accident involving parked vehicles,Dark,Dry,2215,385748.0
2166,2166,191469,3,Humannplatz,2019,1,21,4,3,5,3,2,1,1,0,0,0,0,0.0,Pankow,Accident with minor injuries,Collision with a turning/crossing vehicle,Turning/Crossing accident,Dark,Dry,1219,409335.0
2167,2167,191470,1,Lüneburger Straße,2019,1,17,4,3,2,6,2,0,1,0,0,0,0,0.0,Mitte,Accident with minor injuries,Collision with the vehicle in front/waiting vehicle,Collision involving vehicles going in the same way,Dark,Dry,2215,385748.0
2168,2168,191471,5,Freiheit,2019,1,14,4,3,2,6,0,0,1,0,0,0,1,0.0,Spandau,Accident with minor injuries,Collision with the vehicle in front/waiting vehicle,Collision involving vehicles going in the same way,Daylight,Dry,798,245197.0
2169,2169,191472,11,Rüdigerstraße,2019,1,15,4,3,5,2,0,0,1,0,0,0,0,0.0,Lichtenberg,Accident with minor injuries,Collision with a turning/crossing vehicle,Turning accident,Daylight,Dry,679,294201.0
2170,2170,191473,12,Heiligensee,2019,1,14,4,3,2,3,0,1,1,0,0,0,0,0.0,Reinickendorf,Accident with minor injuries,Collision with the vehicle in front/waiting vehicle,Turning/Crossing accident,Daylight,Dry,867,266408.0
2171,2171,191474,4,Königin-Elisabeth-Straße,2019,1,13,4,3,5,3,0,0,1,0,0,0,0,0.0,Charlottenburg-Wilmersdorf,Accident with minor injuries,Collision with a turning/crossing vehicle,Turning/Crossing accident,Daylight,Dry,1727,343592.0
2172,2172,191475,5,Adamstraße,2019,1,13,4,3,5,3,0,0,1,0,0,0,1,0.0,Spandau,Accident with minor injuries,Collision with a turning/crossing vehicle,Turning/Crossing accident,Daylight,Dry,798,245197.0
2173,2173,191476,4,Ernst-Reuter-Platz,2019,1,11,4,3,6,4,0,0,1,1,0,0,0,1.0,Charlottenburg-Wilmersdorf,Accident with minor injuries,Collision between vehicle and pedestrian,Pedestrian crossing accident,Daylight,Wet/moist/slippery,1727,343592.0
2174,2174,191477,8,Silbersteinstraße,2019,1,10,4,3,6,4,0,0,1,1,0,0,0,1.0,Neukölln,Accident with minor injuries,Collision between vehicle and pedestrian,Pedestrian crossing accident,Daylight,Wet/moist/slippery,934,329917.0
2175,2175,191478,3,Humannplatz,2019,1,7,4,3,5,3,1,1,1,0,0,0,0,1.0,Pankow,Accident with minor injuries,Collision with a turning/crossing vehicle,Turning/Crossing accident,Twilight,Wet/moist/slippery,1219,409335.0
2176,2176,191479,7,Marienfelder Allee Nordwest,2019,1,12,4,3,6,2,0,0,1,1,0,0,0,0.0,Tempelhof-Schöneberg,Accident with minor injuries,Collision between vehicle and pedestrian,Turning accident,Daylight,Dry,1241,350984.0
2177,2177,191480,6,Zehlendorf Mitte,2019,1,9,4,3,6,2,0,0,0,1,1,0,0,1.0,Steglitz-Zehlendorf,Accident with minor injuries,Collision between vehicle and pedestrian,Turning accident,Daylight,Wet/moist/slippery,851,310071.0
2178,2178,191481,11,Hauptstraße,2019,1,7,4,3,5,2,1,0,1,0,0,1,0,1.0,Lichtenberg,Accident with minor injuries,Collision with a turning/crossing vehicle,Turning accident,Twilight,Wet/moist/slippery,679,294201.0
2179,2179,191482,7,Kettinger Straße/Schillerstraße,2019,1,17,7,3,5,2,2,1,0,0,0,0,1,0.0,Tempelhof-Schöneberg,Accident with minor injuries,Collision with a turning/crossing vehicle,Turning accident,Dark,Dry,1241,350984.0
2180,2180,191483,3,Erich-Weinert-Straße,2019,1,7,4,3,6,4,1,0,1,1,0,0,0,1.0,Pankow,Accident with minor injuries,Collision between vehicle and pedestrian,Pedestrian crossing accident,Twilight,Wet/moist/slippery,1219,409335.0
2181,2181,191484,10,Adele-Sandrock-Straße,2019,1,7,4,3,5,3,1,1,1,0,0,0,0,1.0,Marzahn-Hellersdorf,Accident with minor injuries,Collision with a turning/crossing vehicle,Turning/Crossing accident,Twilight,Wet/moist/slippery,586,269967.0