,Unnamed: 0,object id,district,street,year,month,hour of day,weekday,category,accident type,accident type 2,light situation,bike involved,car involved,pedestrian involved,motor bike involved,big track involved,other vehicle involved,road condition,district name,category name,accident detail,accident type detail,light condition,road condition detail,accident count by district,est. population
2182,2182,191485,12,Breitkopfbecken,2019,1,8,4,3,5,2,0,0,1,0,0,0,0,1.0,Reinickendorf,Accident with minor injuries,Collision with a turning/crossing vehicle,Turning accident,Daylight,Wet/moist/slippery,867,266408.0
2183,2183,191486,4,Rüdesheimer Platz,2019,1,9,4,3,5,3,0,0,1,0,0,0,0,1.0,Charlottenburg-Wilmersdorf,Accident with minor injuries,Collision with a turning/crossing vehicle,Turning/Crossing accident,Daylight,Wet/moist/slippery,1727,343592.0
2184,2184,191487,8,Reuterkiez,2019,1,15,4,3,6,2,0,0,0,1,0,0,1,0.0,Neukölln,Accident with minor injuries,Collision between vehicle and pedestrian,Turning accident,Daylight,Dry,934,329917.0
2185,2185,191488,1,Gesundbrunnen,2019,1,12,3,3,5,2,0,1,1,0,0,0,0,0.0,Mitte,Accident with minor injuries,Collision with a turning/crossing vehicle,Turning accident,Daylight,Dry,2215,385748.0
2186,2186,191489,1,Unter den Linden Nord,2019,1,22,3,2,0,1,2,0,0,0,1,0,0,1.0,Mitte,Accident with serious injuries,Others,Driving accident,Dark,Wet/moist/slippery,2215,385748.0
2187,2187,191490,5,Hakenfelde Nord,2019,1,18,3,3,6,2,2,0,1,1,0,0,0,1.0,Spandau,Accident with minor injuries,Collision between vehicle and pedestrian,Turning accident,Dark,Wet/moist/slippery,798,245197.0
2188,2188,191491,5,Maulbeerallee,2019,1,17,3,3,9,1,2,0,1,0,0,0,0,1.0,Spandau,Accident with minor injuries,Departure from the roadway to the left,Driving accident,Dark,Wet/moist/slippery,798,245197.0
2189,2189,191492,10,Marzahner Chaussee,2019,1,12,3,3,2,2,0,0,1,0,0,0,0,1.0,Marzahn-Hellersdorf,Accident with minor injuries,Collision with the vehicle in front/waiting vehicle,Turning accident,Daylight,Wet/moist/slippery,586,269967.0
2190,2190,191493,4,Reichsstraße,2019,1,20,3,3,0,3,2,0,0,0,1,0,1,1.0,Charlottenburg-Wilmersdorf,Accident with minor injuries,Others,Turning/Crossing accident,Dark,Wet/moist/slippery,1727,343592.0
2191,2191,191494,7,Fritz-Werner-Straße,2019,1,17,7,3,5,2,1,0,1,0,0,0,0,0.0,Tempelhof-Schöneberg,Accident with minor injuries,Collision with a turning/crossing vehicle,Turning accident,Twilight,Dry,1241,350984.0
2192,2192,191495,7,Fritz-Werner-Straße,2019,1,20,3,3,5,3,2,0,1,0,0,0,1,0.0,Tempelhof-Schöneberg,Accident with minor injuries,Collision with a turning/crossing vehicle,Turning/Crossing accident,Dark,Dry,1241,350984.0
2193,2193,191496,4,Flatowallee,2019,1,16,3,3,0,1,2,0,0,0,1,0,0,1.0,Charlottenburg-Wilmersdorf,Accident with minor injuries,Others,Driving accident,Dark,Wet/moist/slippery,1727,343592.0
2194,2194,191497,10,Alt-Marzahn,2019,1,16,3,2,6,2,2,0,1,1,0,0,0,1.0,Marzahn-Hellersdorf,Accident with serious injuries,Collision between vehicle and pedestrian,Turning accident,Dark,Wet/moist/slippery,586,269967.0
2195,2195,191498,12,Waldidyll/Flughafensee,2019,1,16,3,3,0,5,0,0,1,0,1,0,0,1.0,Reinickendorf,Accident with minor injuries,Others,Accident involving parked vehicles,Daylight,Wet/moist/slippery,867,266408.0
2196,2196,191499,4,Breitscheidplatz,2019,1,14,3,3,2,2,0,0,0,0,0,1,1,1.0,Charlottenburg-Wilmersdorf,Accident with minor injuries,Collision with the vehicle in front/waiting vehicle,Turning accident,Daylight,Wet/moist/slippery,1727,343592.0
2197,2197,191500,5,Rohrdamm,2019,1,14,3,3,0,2,0,0,1,0,0,0,1,1.0,Spandau,Accident with minor injuries,Others,Turning accident,Daylight,Wet/moist/slippery,798,245197.0
2198,2198,191501,12,Alt-Tegel,2019,1,14,3,3,1,5,0,0,1,0,0,0,0,1.0,Reinickendorf,Accident with minor injuries,Collision with a moving/standing/parked vehicle,Accident involving parked vehicles,Daylight,Wet/moist/slippery,867,266408.0
2199,2199,191502,3,Conrad-Blenkle-Straße,2019,1,13,3,3,5,3,0,0,1,0,0,0,0,1.0,Pankow,Accident with minor injuries,Collision with a turning/crossing vehicle,Turning/Crossing accident,Daylight,Wet/moist/slippery,1219,409335.0
2200,2200,191503,8,Donaustraße,2019,1,10,3,3,0,7,0,0,1,0,0,0,0,1.0,Neukölln,Accident with minor injuries,Others,Others,Daylight,Wet/moist/slippery,934,329917.0
2201,2201,191504,2,Traveplatz,2019,1,10,3,3,5,3,1,1,1,0,0,0,0,1.0,Friedrichshain-Kreuzberg,Accident with minor injuries,Collision with a turning/crossing vehicle,Turning/Crossing accident,Twilight,Wet/moist/slippery,1381,290386.0
2202,2202,191505,3,Weißenseer Spitze,2019,1,10,3,3,1,5,0,1,1,0,0,0,0,1.0,Pankow,Accident with minor injuries,Collision with a moving/standing/parked vehicle,Accident involving parked vehicles,Daylight,Wet/moist/slippery,1219,409335.0
2203,2203,191506,3,Pankow Zentrum,2019,1,9,3,3,5,3,0,0,1,0,0,0,0,1.0,Pankow,Accident with minor injuries,Collision with a turning/crossing vehicle,Turning/Crossing accident,Daylight,Wet/moist/slippery,1219,409335.0
2204,2204,191507,1,Alexanderplatzviertel,2019,1,5,3,3,5,2,2,0,0,0,0,0,1,0.0,Mitte,Accident with minor injuries,Collision with a turning/crossing vehicle,Turning accident,Dark,Dry,2215,385748.0
2205,2205,191508,2,Wriezener Bahnhof/Entwicklungsgebiet,2019,1,22,3,3,6,3,2,0,1,1,0,0,0,1.0,Friedrichshain-Kreuzberg,Accident with minor injuries,Collision between vehicle and pedestrian,Turning/Crossing accident,Dark,Wet/moist/slippery,1381,290386.0
2206,2206,191509,3,Erich-Weinert-Straße,2019,1,17,3,3,2,2,1,0,1,0,0,1,0,1.0,Pankow,Accident with minor injuries,Collision with the vehicle in front/waiting vehicle,Turning accident,Twilight,Wet/moist/slippery,1219,409335.0
2207,2207,191510,6,Königsberger Straße,2019,1,17,3,3,6,4,1,0,1,1,0,0,0,1.0,Steglitz-Zehlendorf,Accident with minor injuries,Collision between vehicle and pedestrian,Pedestrian crossing accident,Twilight,Wet/moist/slippery,851,310071.0
2208,2208,191511,12,Dannenwalder Weg,2019,1,17,3,2,6,4,1,0,1,1,0,0,0,1.0,Reinickendorf,Accident with serious injuries,Collision between vehicle and pedestrian,Pedestrian crossing accident,Twilight,Wet/moist/slippery,867,266408.0
2209,2209,191512,8,Rixdorf,2019,1,15,3,3,6,4,0,0,1,1,0,0,0,1.0,Neukölln,Accident with minor injuries,Collision between vehicle and pedestrian,Pedestrian crossing accident,Daylight,Wet/moist/slippery,934,329917.0
2210,2210,191513,4,Königin-Elisabeth-Straße,2019,1,17,3,2,5,2,1,0,1,0,0,0,0,1.0,Charlottenburg-Wilmersdorf,Accident with serious injuries,Collision with a turning/crossing vehicle,Turning accident,Twilight,Wet/moist/slippery,1727,343592.0
2211,2211,191514,5,Gütersloher Weg,2019,1,17,3,3,6,2,2,0,1,1,0,0,0,1.0,Spandau,Accident with minor injuries,Collision between vehicle and pedestrian,Turning accident,Dark,Wet/moist/slippery,798,245197.0
2212,2212,191515,1,Leipziger Straße,2019,1,18,3,3,6,7,1,0,1,1,0,0,0,1.0,Mitte,Accident with minor injuries,Collision between vehicle and pedestrian,Others,Twilight,Wet/moist/slippery,2215,385748.0
2213,2213,191516,4,Breitscheidplatz,2019,1,18,3,3,6,7,1,0,1,1,0,0,0,1.0,Charlottenburg-Wilmersdorf,Accident with minor injuries,Collision between vehicle and pedestrian,Others,Twilight,Wet/moist/slippery,1727,343592.0
2214,2214,191517,5,Zitadellenweg,2019,1,19,3,3,4,1,2,0,1,0,0,0,0,1.0,Spandau,Accident with minor injuries,Collision with oncoming vehicle,Driving accident,Dark,Wet/moist/slippery,798,245197.0
2215,2215,191518,1,Wilhelmstraße,2019,1,22,3,3,6,2,2,0,1,1,0,0,0,1.0,Mitte,Accident with minor injuries,Collision between vehicle and pedestrian,Turning accident,Dark,Wet/moist/slippery,2215,385748.0
2216,2216,191519,8,Donaustraße,2019,1,23,3,3,6,4,2,0,1,1,0,0,0,1.0,Neukölln,Accident with minor injuries,Collision between vehicle and pedestrian,Pedestrian crossing accident,Dark,Wet/moist/slippery,934,329917.0
2217,2217,191520,9,Adlershof West,2019,1,23,3,3,5,2,2,1,1,0,0,0,0,1.0,Treptow-Köpenick,Accident with minor injuries,Collision with a turning/crossing vehicle,Turning accident,Dark,Wet/moist/slippery,892,273689.0
2218,2218,191521,1,Emdener Straße,2019,1,22,2,3,0,7,2,0,1,0,0,0,0,0.0,Mitte,Accident with minor injuries,Others,Others,Dark,Dry,2215,385748.0
2219,2219,191522,1,Stülerstraße,2019,1,21,2,3,5,2,2,1,1,0,0,0,0,0.0,Mitte,Accident with minor injuries,Collision with a turning/crossing vehicle,Turning accident,Dark,Dry,2215,385748.0
2220,2220,191523,4,Droysenstraße,2019,1,17,2,3,6,7,2,0,1,1,0,0,0,0.0,Charlottenburg-Wilmersdorf,Accident with minor injuries,Collision between vehicle and pedestrian,Others,Dark,Dry,1727,343592.0
2221,2221,191524,8,Zittauer Straße,2019,1,6,2,3,5,3,2,0,1,0,0,0,0,1.0,Neukölln,Accident with minor injuries,Collision with a turning/crossing vehicle,Turning/Crossing accident,Dark,Wet/moist/slippery,934,329917.0
2222,2222,191525,12,Wittenau Süd,2019,1,7,2,3,5,3,0,0,1,0,0,0,1,1.0,Reinickendorf,Accident with minor injuries,Collision with a turning/crossing vehicle,Turning/Crossing accident,Daylight,Wet/moist/slippery,867,266408.0
2223,2223,191526,7,Marienfelde Nordost,2019,1,8,2,3,6,4,0,0,0,1,0,1,0,1.0,Tempelhof-Schöneberg,Accident with minor injuries,Collision between vehicle and pedestrian,Pedestrian crossing accident,Daylight,Wet/moist/slippery,1241,350984.0
2224,2224,191527,1,Großer Tiergarten,2019,1,9,2,3,6,4,0,1,0,1,0,0,0,1.0,Mitte,Accident with minor injuries,Collision between vehicle and pedestrian,Pedestrian crossing accident,Daylight,Wet/moist/slippery,2215,385748.0
2225,2225,191528,7,Kettinger Straße/Schillerstraße,2019,1,9,2,2,5,2,0,0,1,0,0,0,1,0.0,Tempelhof-Schöneberg,Accident with serious injuries,Collision with a turning/crossing vehicle,Turning accident,Daylight,Dry,1241,350984.0
2226,2226,191529,6,Gemeindepark Lankwitz,2019,1,18,2,2,6,2,2,0,1,1,0,0,0,0.0,Steglitz-Zehlendorf,Accident with serious injuries,Collision between vehicle and pedestrian,Turning accident,Dark,Dry,851,310071.0
2227,2227,191530,4,Schaperstraße,2019,1,17,2,3,2,6,2,0,1,0,0,0,0,1.0,Charlottenburg-Wilmersdorf,Accident with minor injuries,Collision with the vehicle in front/waiting vehicle,Collision involving vehicles going in the same way,Dark,Wet/moist/slippery,1727,343592.0
2228,2228,191531,7,Rathausstraße,2019,1,17,2,3,5,3,2,0,1,0,0,0,0,0.0,Tempelhof-Schöneberg,Accident with minor injuries,Collision with a turning/crossing vehicle,Turning/Crossing accident,Dark,Dry,1241,350984.0
2229,2229,191532,3,Erich-Weinert-Straße,2019,1,17,2,3,6,4,2,0,1,1,0,0,0,1.0,Pankow,Accident with minor injuries,Collision between vehicle and pedestrian,Pedestrian crossing accident,Dark,Wet/moist/slippery,1219,409335.0
2230,2230,191533,1,Alexanderplatzviertel,2019,1,20,2,3,6,7,2,0,1,1,0,0,0,0.0,Mitte,Accident with minor injuries,Collision between vehicle and pedestrian,Others,Dark,Dry,2215,385748.0
2231,2231,191534,8,Rixdorf,2019,1,17,2,3,6,4,2,0,1,1,0,0,0,1.0,Neukölln,Accident with minor injuries,Collision between vehicle and pedestrian,Pedestrian crossing accident,Dark,Wet/moist/slippery,934,329917.0
2232,2232,191535,7,Manteuffelstraße,2019,1,16,2,3,6,4,2,0,1,1,0,0,0,1.0,Tempelhof-Schöneberg,Accident with minor injuries,Collision between vehicle and pedestrian,Pedestrian crossing accident,Dark,Wet/moist/slippery,1241,350984.0
2233,2233,191536,4,Schloßstraße,2019,1,16,7,2,5,2,1,0,1,0,0,0,0,0.0,Charlottenburg-Wilmersdorf,Accident with serious injuries,Collision with a turning/crossing vehicle,Turning accident,Twilight,Dry,1727,343592.0
2234,2234,191537,9,Dammvorstadt,2019,1,16,2,3,6,4,0,0,1,1,0,0,0,2.0,Treptow-Köpenick,Accident with minor injuries,Collision between vehicle and pedestrian,Pedestrian crossing accident,Daylight,Snowy,892,273689.0
2235,2235,191538,9,Adlershof Ost,2019,1,16,2,3,5,3,0,0,1,0,0,0,0,1.0,Treptow-Köpenick,Accident with minor injuries,Collision with a turning/crossing vehicle,Turning/Crossing accident,Daylight,Wet/moist/slippery,892,273689.0
2236,2236,191539,7,Rathausstraße,2019,1,16,2,2,6,4,2,0,1,1,0,0,0,0.0,Tempelhof-Schöneberg,Accident with serious injuries,Collision between vehicle and pedestrian,Pedestrian crossing accident,Dark,Dry,1241,350984.0
2237,2237,191540,10,Alt-Marzahn,2019,1,14,2,3,5,3,0,0,1,0,0,0,0,1.0,Marzahn-Hellersdorf,Accident with minor injuries,Collision with a turning/crossing vehicle,Turning/Crossing accident,Daylight,Wet/moist/slippery,586,269967.0
2238,2238,191541,4,Eichkamp,2019,1,15,2,3,6,4,0,0,1,1,0,0,0,0.0,Charlottenburg-Wilmersdorf,Accident with minor injuries,Collision between vehicle and pedestrian,Pedestrian crossing accident,Daylight,Dry,1727,343592.0
2239,2239,191542,3,Buch,2019,1,14,2,3,5,2,0,0,1,0,0,0,0,1.0,Pankow,Accident with minor injuries,Collision with a turning/crossing vehicle,Turning accident,Daylight,Wet/moist/slippery,1219,409335.0
2240,2240,191543,2,Lausitzer Platz,2019,1,13,2,3,0,6,0,0,1,0,1,0,0,1.0,Friedrichshain-Kreuzberg,Accident with minor injuries,Others,Collision involving vehicles going in the same way,Daylight,Wet/moist/slippery,1381,290386.0
2241,2241,191544,5,Ackerstraße,2019,1,13,2,3,5,2,0,0,1,0,0,0,0,0.0,Spandau,Accident with minor injuries,Collision with a turning/crossing vehicle,Turning accident,Daylight,Dry,798,245197.0
2242,2242,191545,1,Alexanderplatzviertel,2019,1,14,7,2,0,3,0,0,1,0,0,0,1,0.0,Mitte,Accident with serious injuries,Others,Turning/Crossing accident,Daylight,Dry,2215,385748.0
2243,2243,191546,8,Rollberg,2019,1,13,2,2,5,3,0,0,1,0,1,0,0,0.0,Neukölln,Accident with serious injuries,Collision with a turning/crossing vehicle,Turning/Crossing accident,Daylight,Dry,934,329917.0
2244,2244,191547,7,John-Locke-Straße,2019,1,11,2,3,5,2,0,1,1,0,0,0,0,0.0,Tempelhof-Schöneberg,Accident with minor injuries,Collision with a turning/crossing vehicle,Turning accident,Daylight,Dry,1241,350984.0
2245,2245,191548,6,Gemeindepark Lankwitz,2019,1,13,7,3,2,1,0,0,1,0,0,0,0,0.0,Steglitz-Zehlendorf,Accident with minor injuries,Collision with the vehicle in front/waiting vehicle,Driving accident,Daylight,Dry,851,310071.0
2246,2246,191549,7,Grazer Platz,2019,1,11,2,3,5,2,0,0,1,0,0,0,1,0.0,Tempelhof-Schöneberg,Accident with minor injuries,Collision with a turning/crossing vehicle,Turning accident,Daylight,Dry,1241,350984.0
2247,2247,191550,5,Adamstraße,2019,1,7,2,3,0,5,1,0,1,0,0,0,0,0.0,Spandau,Accident with minor injuries,Others,Accident involving parked vehicles,Twilight,Dry,798,245197.0
2248,2248,191551,3,Komponistenviertel Weißensee,2019,1,10,2,3,6,4,0,0,1,1,0,0,0,1.0,Pankow,Accident with minor injuries,Collision between vehicle and pedestrian,Pedestrian crossing accident,Daylight,Wet/moist/slippery,1219,409335.0
2249,2249,191552,12,Rollbergesiedlung,2019,1,15,1,3,5,3,1,0,1,0,0,0,0,1.0,Reinickendorf,Accident with minor injuries,Collision with a turning/crossing vehicle,Turning/Crossing accident,Twilight,Wet/moist/slippery,867,266408.0
2250,2250,191553,1,Karl-Marx-Allee,2019,1,22,1,3,5,3,2,1,0,0,0,0,1,1.0,Mitte,Accident with minor injuries,Collision with a turning/crossing vehicle,Turning/Crossing accident,Dark,Wet/moist/slippery,2215,385748.0
2251,2251,191554,11,Rüdigerstraße,2019,1,20,1,2,5,2,2,0,1,0,0,0,0,1.0,Lichtenberg,Accident with serious injuries,Collision with a turning/crossing vehicle,Turning accident,Dark,Wet/moist/slippery,679,294201.0
2252,2252,191555,3,Wilhelmsruh,2019,1,19,1,3,5,3,2,0,1,0,0,0,1,1.0,Pankow,Accident with minor injuries,Collision with a turning/crossing vehicle,Turning/Crossing accident,Dark,Wet/moist/slippery,1219,409335.0
2253,2253,191556,8,Rixdorf,2019,1,18,1,2,6,4,2,0,1,1,0,0,1,1.0,Neukölln,Accident with serious injuries,Collision between vehicle and pedestrian,Pedestrian crossing accident,Dark,Wet/moist/slippery,934,329917.0
2254,2254,191557,4,Droysenstraße,2019,1,17,1,3,6,2,2,0,1,1,0,0,0,1.0,Charlottenburg-Wilmersdorf,Accident with minor injuries,Collision between vehicle and pedestrian,Turning accident,Dark,Wet/moist/slippery,1727,343592.0
2255,2255,191558,10,Kaulsdorf Nord I,2019,1,17,1,3,2,6,2,0,1,0,0,0,0,1.0,Marzahn-Hellersdorf,Accident with minor injuries,Collision with the vehicle in front/waiting vehicle,Collision involving vehicles going in the same way,Dark,Wet/moist/slippery,586,269967.0
2256,2256,191559,12,Wittenau Süd,2019,1,16,1,2,6,2,2,0,1,1,0,0,0,1.0,Reinickendorf,Accident with serious injuries,Collision between vehicle and pedestrian,Turning accident,Dark,Wet/moist/slippery,867,266408.0
2257,2257,191560,5,Gütersloher Weg,2019,1,13,1,3,2,6,0,0,1,0,0,0,0,1.0,Spandau,Accident with minor injuries,Collision with the vehicle in front/waiting vehicle,Collision involving vehicles going in the same way,Daylight,Wet/moist/slippery,798,245197.0
2258,2258,191561,1,Nördlicher Landwehrkanal,2019,1,14,1,3,5,5,0,1,1,0,0,0,0,1.0,Mitte,Accident with minor injuries,Collision with a turning/crossing vehicle,Accident involving parked vehicles,Daylight,Wet/moist/slippery,2215,385748.0
2259,2259,191562,2,Urbanstraße,2019,1,3,1,3,5,3,2,0,1,0,0,0,0,1.0,Friedrichshain-Kreuzberg,Accident with minor injuries,Collision with a turning/crossing vehicle,Turning/Crossing accident,Dark,Wet/moist/slippery,1381,290386.0
2260,2260,191563,8,Blumenviertel,2019,1,3,1,3,5,7,2,0,1,0,0,0,0,1.0,Neukölln,Accident with minor injuries,Collision with a turning/crossing vehicle,Others,Dark,Wet/moist/slippery,934,329917.0
2261,2261,191564,6,Schweizer Viertel,2019,1,7,1,3,6,2,2,0,1,1,0,0,0,1.0,Steglitz-Zehlendorf,Accident with minor injuries,Collision between vehicle and pedestrian,Turning accident,Dark,Wet/moist/slippery,851,310071.0
2262,2262,191565,1,Sparrplatz,2019,1,7,1,3,2,2,2,0,1,0,0,0,0,1.0,Mitte,Accident with minor injuries,Collision with the vehicle in front/waiting vehicle,Turning accident,Dark,Wet/moist/slippery,2215,385748.0
2263,2263,191566,5,Freiheit,2019,1,11,1,2,1,1,0,0,1,0,1,0,0,1.0,Spandau,Accident with serious injuries,Collision with a moving/standing/parked vehicle,Driving accident,Daylight,Wet/moist/slippery,798,245197.0
2264,2264,191567,11,Karlshorst West,2019,1,12,1,3,5,3,0,0,1,0,0,0,0,1.0,Lichtenberg,Accident with minor injuries,Collision with a turning/crossing vehicle,Turning/Crossing accident,Daylight,Wet/moist/slippery,679,294201.0
2265,2265,191568,4,Eisenzahnstraße,2019,1,1,1,3,5,3,2,0,1,0,0,0,1,1.0,Charlottenburg-Wilmersdorf,Accident with minor injuries,Collision with a turning/crossing vehicle,Turning/Crossing accident,Dark,Wet/moist/slippery,1727,343592.0
2266,2266,191569,9,Schnellerstraße,2019,1,9,7,3,6,2,0,0,1,1,0,0,0,0.0,Treptow-Köpenick,Accident with minor injuries,Collision between vehicle and pedestrian,Turning accident,Daylight,Dry,892,273689.0
2267,2267,191570,7,Nollendorfplatz,2019,1,11,7,3,2,2,0,0,1,0,0,0,0,1.0,Tempelhof-Schöneberg,Accident with minor injuries,Collision with the vehicle in front/waiting vehicle,Turning accident,Daylight,Wet/moist/slippery,1241,350984.0
2268,2268,191571,8,Buckow Mitte,2019,1,17,7,3,6,2,1,0,1,1,0,0,0,1.0,Neukölln,Accident with minor injuries,Collision between vehicle and pedestrian,Turning accident,Twilight,Wet/moist/slippery,934,329917.0
2269,2269,191572,7,Rathaus Tempelhof,2019,1,18,7,3,5,3,2,0,1,0,0,0,0,1.0,Tempelhof-Schöneberg,Accident with minor injuries,Collision with a turning/crossing vehicle,Turning/Crossing accident,Dark,Wet/moist/slippery,1241,350984.0
2270,2270,191573,10,Hellersdorfer Promenade,2019,1,18,7,3,6,2,2,0,1,1,0,0,0,1.0,Marzahn-Hellersdorf,Accident with minor injuries,Collision between vehicle and pedestrian,Turning accident,Dark,Wet/moist/slippery,586,269967.0
2271,2271,191574,7,Nollendorfplatz,2019,1,18,7,3,6,2,2,0,1,1,0,0,0,1.0,Tempelhof-Schöneberg,Accident with minor injuries,Collision between vehicle and pedestrian,Turning accident,Dark,Wet/moist/slippery,1241,350984.0
2272,2272,191575,7,Marienfelde Süd,2019,1,17,7,3,3,5,2,0,1,0,0,0,0,1.0,Tempelhof-Schöneberg,Accident with minor injuries,Collision with a vehicle traveling laterally in the same direction,Accident involving parked vehicles,Dark,Wet/moist/slippery,1241,350984.0
2273,2273,191576,4,Savignyplatz,2019,1,17,7,3,6,2,2,0,1,1,0,0,0,1.0,Charlottenburg-Wilmersdorf,Accident with minor injuries,Collision between vehicle and pedestrian,Turning accident,Dark,Wet/moist/slippery,1727,343592.0
2274,2274,191577,7,Nollendorfplatz,2019,1,17,7,3,6,2,2,0,1,1,0,0,0,1.0,Tempelhof-Schöneberg,Accident with minor injuries,Collision between vehicle and pedestrian,Turning accident,Dark,Wet/moist/slippery,1241,350984.0
2275,2275,191578,5,Borkumer Straße,2019,1,16,7,3,2,6,1,0,1,0,0,0,0,1.0,Spandau,Accident with minor injuries,Collision with the vehicle in front/waiting vehicle,Collision involving vehicles going in the same way,Twilight,Wet/moist/slippery,798,245197.0
2276,2276,191579,1,Gesundbrunnen,2019,1,15,7,3,2,6,1,0,1,0,0,0,0,1.0,Mitte,Accident with minor injuries,Collision with the vehicle in front/waiting vehicle,Collision involving vehicles going in the same way,Twilight,Wet/moist/slippery,2215,385748.0
2277,2277,191580,1,Leipziger Straße,2019,1,14,7,3,5,3,0,0,1,0,0,0,0,1.0,Mitte,Accident with minor injuries,Collision with a turning/crossing vehicle,Turning/Crossing accident,Daylight,Wet/moist/slippery,2215,385748.0
2278,2278,191581,3,Niederschönhausen,2019,1,11,7,3,5,3,0,0,1,0,0,0,0,1.0,Pankow,Accident with minor injuries,Collision with a turning/crossing vehicle,Turning/Crossing accident,Daylight,Wet/moist/slippery,1219,409335.0
2279,2279,191582,5,Borkumer Straße,2019,1,11,7,3,2,6,0,0,1,0,0,0,1,1.0,Spandau,Accident with minor injuries,Collision with the vehicle in front/waiting vehicle,Collision involving vehicles going in the same way,Daylight,Wet/moist/slippery,798,245197.0
2280,2280,191583,8,Gropiusstadt Nord,2019,1,20,7,3,6,4,2,0,1,1,0,0,0,1.0,Neukölln,Accident with minor injuries,Collision between vehicle and pedestrian,Pedestrian crossing accident,Dark,Wet/moist/slippery,934,329917.0
2281,2281,191584,1,Pankow Zentrum,2019,1,21,7,3,2,1,2,0,1,0,0,0,0,1.0,Mitte,Accident with minor injuries,Collision with the vehicle in front/waiting vehicle,Driving accident,Dark,Wet/moist/slippery,2215,385748.0
2282,2282,191585,11,Karlshorst Nord,2019,1,23,7,3,6,4,2,0,1,1,0,0,0,1.0,Lichtenberg,Accident with minor injuries,Collision between vehicle and pedestrian,Pedestrian crossing accident,Dark,Wet/moist/slippery,679,294201.0
2283,2283,191586,1,Elberfelder Straße,2019,1,23,7,2,0,4,2,0,0,1,1,0,0,1.0,Mitte,Accident with serious injuries,Others,Pedestrian crossing accident,Dark,Wet/moist/slippery,2215,385748.0
2284,2284,191587,9,Altstadt Kietz,2019,1,13,6,3,0,3,0,0,1,0,0,0,1,0.0,Treptow-Köpenick,Accident with minor injuries,Others,Turning/Crossing accident,Daylight,Dry,892,273689.0
2285,2285,191588,10,Alt-Marzahn,2019,1,19,7,3,6,2,2,0,1,1,0,0,0,1.0,Marzahn-Hellersdorf,Accident with minor injuries,Collision between vehicle and pedestrian,Turning accident,Dark,Wet/moist/slippery,586,269967.0
2286,2286,191589,1,Karl-Marx-Allee,2019,1,19,7,3,8,1,2,0,0,0,1,0,0,1.0,Mitte,Accident with minor injuries,Departure from the roadway to the right,Driving accident,Dark,Wet/moist/slippery,2215,385748.0
2287,2287,191590,11,Hauptstraße,2019,1,17,7,2,0,7,2,1,0,0,0,0,0,1.0,Lichtenberg,Accident with serious injuries,Others,Others,Dark,Wet/moist/slippery,679,294201.0
2288,2288,191591,4,Hundekehle,2019,1,13,7,3,0,1,0,0,0,0,1,0,0,1.0,Charlottenburg-Wilmersdorf,Accident with minor injuries,Others,Driving accident,Daylight,Wet/moist/slippery,1727,343592.0
2289,2289,191592,6,Teltower Damm,2019,1,18,7,1,6,4,2,0,1,1,0,0,1,1.0,Steglitz-Zehlendorf,Accident with fatalities,Collision between vehicle and pedestrian,Pedestrian crossing accident,Dark,Wet/moist/slippery,851,310071.0
2290,2290,191593,6,Bismarckstraße,2019,1,17,6,3,0,7,1,0,1,0,1,0,0,1.0,Steglitz-Zehlendorf,Accident with minor injuries,Others,Others,Twilight,Wet/moist/slippery,851,310071.0
2291,2291,191594,5,Adamstraße,2019,1,18,6,3,5,5,2,0,1,0,1,0,0,1.0,Spandau,Accident with minor injuries,Collision with a turning/crossing vehicle,Accident involving parked vehicles,Dark,Wet/moist/slippery,798,245197.0
2292,2292,191595,6,Gemeindepark Lankwitz,2019,1,17,6,3,0,4,1,0,1,1,0,0,0,1.0,Steglitz-Zehlendorf,Accident with minor injuries,Others,Pedestrian crossing accident,Twilight,Wet/moist/slippery,851,310071.0
2293,2293,191596,2,Richard-Sorge-Viertel,2019,1,15,6,3,4,6,0,1,1,0,0,0,0,1.0,Friedrichshain-Kreuzberg,Accident with minor injuries,Collision with oncoming vehicle,Collision involving vehicles going in the same way,Daylight,Wet/moist/slippery,1381,290386.0
2294,2294,191597,4,Ernst-Reuter-Platz,2019,1,20,6,2,5,3,2,0,1,0,0,0,0,1.0,Charlottenburg-Wilmersdorf,Accident with serious injuries,Collision with a turning/crossing vehicle,Turning/Crossing accident,Dark,Wet/moist/slippery,1727,343592.0
2295,2295,191598,3,Erich-Weinert-Straße,2019,1,18,7,3,0,1,2,0,0,0,1,0,0,1.0,Pankow,Accident with minor injuries,Others,Driving accident,Dark,Wet/moist/slippery,1219,409335.0
2296,2296,191599,8,Reuterkiez,2019,1,19,6,3,5,3,2,0,1,0,0,0,0,1.0,Neukölln,Accident with minor injuries,Collision with a turning/crossing vehicle,Turning/Crossing accident,Dark,Wet/moist/slippery,934,329917.0
2297,2297,191600,2,Mehringplatz,2019,1,19,6,3,1,5,2,1,1,0,0,0,0,1.0,Friedrichshain-Kreuzberg,Accident with minor injuries,Collision with a moving/standing/parked vehicle,Accident involving parked vehicles,Dark,Wet/moist/slippery,1381,290386.0
2298,2298,191601,4,Breite Straße,2019,1,17,6,2,6,2,2,0,1,1,0,0,0,1.0,Charlottenburg-Wilmersdorf,Accident with serious injuries,Collision between vehicle and pedestrian,Turning accident,Dark,Wet/moist/slippery,1727,343592.0
2299,2299,191602,4,Droysenstraße,2019,1,17,6,3,6,2,2,0,0,1,0,0,1,1.0,Charlottenburg-Wilmersdorf,Accident with minor injuries,Collision between vehicle and pedestrian,Turning accident,Dark,Wet/moist/slippery,1727,343592.0
2300,2300,191603,10,Kaulsdorf Süd,2019,1,16,6,3,6,2,2,0,1,1,0,0,0,1.0,Marzahn-Hellersdorf,Accident with minor injuries,Collision between vehicle and pedestrian,Turning accident,Dark,Wet/moist/slippery,586,269967.0