,Unnamed: 0,object id,district,street,year,month,hour of day,weekday,category,accident type,accident type 2,light situation,bike involved,car involved,pedestrian involved,motor bike involved,big track involved,other vehicle involved,road condition,district name,category name,accident detail,accident type detail,light condition,road condition detail,accident count by district,est. population
2301,2301,191604,1,Unter den Linden Nord,2019,1,15,6,3,5,3,1,1,1,0,0,0,0,1.0,Mitte,Accident with minor injuries,Collision with a turning/crossing vehicle,Turning/Crossing accident,Twilight,Wet/moist/slippery,2215,385748.0
2302,2302,191605,12,Alt-Tegel,2019,1,15,6,3,2,6,0,0,1,0,0,0,0,1.0,Reinickendorf,Accident with minor injuries,Collision with the vehicle in front/waiting vehicle,Collision involving vehicles going in the same way,Daylight,Wet/moist/slippery,867,266408.0
2303,2303,191606,2,Traveplatz,2019,1,14,6,2,6,4,0,1,0,1,0,0,0,1.0,Friedrichshain-Kreuzberg,Accident with serious injuries,Collision between vehicle and pedestrian,Pedestrian crossing accident,Daylight,Wet/moist/slippery,1381,290386.0
2304,2304,191607,4,Hindemithplatz,2019,1,14,6,3,5,2,0,1,1,0,0,0,0,1.0,Charlottenburg-Wilmersdorf,Accident with minor injuries,Collision with a turning/crossing vehicle,Turning accident,Daylight,Wet/moist/slippery,1727,343592.0
2305,2305,191608,9,Adlershof West,2019,1,14,6,3,5,3,0,0,1,0,0,0,0,1.0,Treptow-Köpenick,Accident with minor injuries,Collision with a turning/crossing vehicle,Turning/Crossing accident,Daylight,Wet/moist/slippery,892,273689.0
2306,2306,191609,12,Ziekowstraße/Freie Scholle,2019,1,9,1,3,1,5,0,0,1,0,0,0,1,0.0,Reinickendorf,Accident with minor injuries,Collision with a moving/standing/parked vehicle,Accident involving parked vehicles,Daylight,Dry,867,266408.0
2307,2307,191610,2,Moritzplatz,2019,1,14,6,3,5,7,0,1,1,0,0,0,0,1.0,Friedrichshain-Kreuzberg,Accident with minor injuries,Collision with a turning/crossing vehicle,Others,Daylight,Wet/moist/slippery,1381,290386.0
2308,2308,191611,11,Karlshorst Nord,2019,1,2,7,2,5,3,2,0,1,0,0,0,1,0.0,Lichtenberg,Accident with serious injuries,Collision with a turning/crossing vehicle,Turning/Crossing accident,Dark,Dry,679,294201.0
2309,2309,191612,4,Reichsstraße,2019,1,13,6,3,6,3,0,0,1,1,0,0,0,1.0,Charlottenburg-Wilmersdorf,Accident with minor injuries,Collision between vehicle and pedestrian,Turning/Crossing accident,Daylight,Wet/moist/slippery,1727,343592.0
2310,2310,191613,11,Sewanstraße,2019,1,13,6,3,5,3,0,1,1,0,0,0,0,1.0,Lichtenberg,Accident with minor injuries,Collision with a turning/crossing vehicle,Turning/Crossing accident,Daylight,Wet/moist/slippery,679,294201.0
2311,2311,191614,7,Volkspark (Rudolf-Wilde-Park),2019,1,11,6,3,6,4,0,0,1,1,0,0,0,1.0,Tempelhof-Schöneberg,Accident with minor injuries,Collision between vehicle and pedestrian,Pedestrian crossing accident,Daylight,Wet/moist/slippery,1241,350984.0
2312,2312,191615,5,Kurstraße,2019,1,13,1,3,5,2,0,0,1,0,0,0,0,0.0,Spandau,Accident with minor injuries,Collision with a turning/crossing vehicle,Turning accident,Daylight,Dry,798,245197.0
2313,2313,191616,7,Dennewitzplatz,2019,1,11,6,3,5,3,0,0,1,0,0,0,0,1.0,Tempelhof-Schöneberg,Accident with minor injuries,Collision with a turning/crossing vehicle,Turning/Crossing accident,Daylight,Wet/moist/slippery,1241,350984.0
2314,2314,191617,7,Manteuffelstraße,2019,1,10,6,3,5,2,0,0,1,0,0,0,0,1.0,Tempelhof-Schöneberg,Accident with minor injuries,Collision with a turning/crossing vehicle,Turning accident,Daylight,Wet/moist/slippery,1241,350984.0
2315,2315,191618,11,Sewanstraße,2019,1,13,7,3,2,6,0,0,1,0,0,0,0,1.0,Lichtenberg,Accident with minor injuries,Collision with the vehicle in front/waiting vehicle,Collision involving vehicles going in the same way,Daylight,Wet/moist/slippery,679,294201.0
2316,2316,191619,7,Dennewitzplatz,2019,1,10,6,3,5,3,0,1,1,0,0,0,0,1.0,Tempelhof-Schöneberg,Accident with minor injuries,Collision with a turning/crossing vehicle,Turning/Crossing accident,Daylight,Wet/moist/slippery,1241,350984.0
2317,2317,191620,12,Alt-Tegel,2019,1,10,6,2,5,7,0,0,1,1,0,0,0,1.0,Reinickendorf,Accident with serious injuries,Collision with a turning/crossing vehicle,Others,Daylight,Wet/moist/slippery,867,266408.0
2318,2318,191621,4,Schloßgarten,2019,1,9,6,3,2,6,0,0,1,0,0,0,0,1.0,Charlottenburg-Wilmersdorf,Accident with minor injuries,Collision with the vehicle in front/waiting vehicle,Collision involving vehicles going in the same way,Daylight,Wet/moist/slippery,1727,343592.0
2319,2319,191622,3,Volkspark Prenzlauer Berg,2019,1,8,6,3,0,7,0,1,0,0,0,0,0,1.0,Pankow,Accident with minor injuries,Others,Others,Daylight,Wet/moist/slippery,1219,409335.0
2320,2320,191623,10,Mahlsdorf Süd,2019,1,8,6,3,6,4,0,0,1,1,0,0,0,1.0,Marzahn-Hellersdorf,Accident with minor injuries,Collision between vehicle and pedestrian,Pedestrian crossing accident,Daylight,Wet/moist/slippery,586,269967.0
2321,2321,191624,9,Dorf Altglienicke,2019,1,8,6,3,1,5,1,0,1,0,0,0,0,1.0,Treptow-Köpenick,Accident with minor injuries,Collision with a moving/standing/parked vehicle,Accident involving parked vehicles,Twilight,Wet/moist/slippery,892,273689.0
2322,2322,191625,2,Reichenberger Straße,2019,1,14,6,2,0,3,0,0,1,0,0,0,1,1.0,Friedrichshain-Kreuzberg,Accident with serious injuries,Others,Turning/Crossing accident,Daylight,Wet/moist/slippery,1381,290386.0
2323,2323,191626,12,Humboldtstraße,2019,1,0,7,3,6,4,2,0,1,1,0,0,0,2.0,Reinickendorf,Accident with minor injuries,Collision between vehicle and pedestrian,Pedestrian crossing accident,Dark,Snowy,867,266408.0
2324,2324,191627,9,Dammvorstadt,2019,1,7,6,3,5,2,2,1,1,0,0,0,0,1.0,Treptow-Köpenick,Accident with minor injuries,Collision with a turning/crossing vehicle,Turning accident,Dark,Wet/moist/slippery,892,273689.0
2325,2325,191628,9,Altstadt Kietz,2019,1,13,6,3,2,7,0,0,1,0,0,0,1,1.0,Treptow-Köpenick,Accident with minor injuries,Collision with the vehicle in front/waiting vehicle,Others,Daylight,Wet/moist/slippery,892,273689.0
2326,2326,191629,7,Marienfelde Süd,2019,1,17,5,3,1,7,1,0,1,0,0,0,0,0.0,Tempelhof-Schöneberg,Accident with minor injuries,Collision with a moving/standing/parked vehicle,Others,Twilight,Dry,1241,350984.0
2327,2327,191630,7,John-Locke-Straße,2019,1,15,5,3,1,5,0,1,1,0,0,0,0,1.0,Tempelhof-Schöneberg,Accident with minor injuries,Collision with a moving/standing/parked vehicle,Accident involving parked vehicles,Daylight,Wet/moist/slippery,1241,350984.0
2328,2328,191631,5,Adamstraße,2019,1,9,5,2,4,7,0,0,1,0,0,0,1,0.0,Spandau,Accident with serious injuries,Collision with oncoming vehicle,Others,Daylight,Dry,798,245197.0
2329,2329,191632,5,Groß-Glienicker Weg,2019,1,8,5,3,5,3,0,1,1,0,0,0,0,0.0,Spandau,Accident with minor injuries,Collision with a turning/crossing vehicle,Turning/Crossing accident,Daylight,Dry,798,245197.0
2330,2330,191633,8,Flughafenstraße,2019,1,8,5,2,0,7,0,0,1,0,0,0,1,1.0,Neukölln,Accident with serious injuries,Others,Others,Daylight,Wet/moist/slippery,934,329917.0
2331,2331,191634,7,Friedenau,2019,1,7,5,2,6,4,0,0,1,1,0,0,0,1.0,Tempelhof-Schöneberg,Accident with serious injuries,Collision between vehicle and pedestrian,Pedestrian crossing accident,Daylight,Wet/moist/slippery,1241,350984.0
2332,2332,191635,5,Adamstraße,2019,1,7,7,3,2,6,1,0,1,0,0,0,0,0.0,Spandau,Accident with minor injuries,Collision with the vehicle in front/waiting vehicle,Collision involving vehicles going in the same way,Twilight,Dry,798,245197.0
2333,2333,191636,11,Zingster Straße West,2019,1,7,5,2,6,4,1,0,1,1,0,0,0,1.0,Lichtenberg,Accident with serious injuries,Collision between vehicle and pedestrian,Pedestrian crossing accident,Twilight,Wet/moist/slippery,679,294201.0
2334,2334,191637,7,Hundsteinweg,2019,1,7,5,3,6,2,2,0,1,1,0,0,0,1.0,Tempelhof-Schöneberg,Accident with minor injuries,Collision between vehicle and pedestrian,Turning accident,Dark,Wet/moist/slippery,1241,350984.0
2335,2335,191638,1,Reinickendorfer Straße,2019,1,7,5,2,6,4,2,0,1,1,0,0,0,1.0,Mitte,Accident with serious injuries,Collision between vehicle and pedestrian,Pedestrian crossing accident,Dark,Wet/moist/slippery,2215,385748.0
2336,2336,191639,1,Unter den Linden Süd,2019,1,13,7,3,0,7,0,0,1,0,0,0,1,0.0,Mitte,Accident with minor injuries,Others,Others,Daylight,Dry,2215,385748.0
2337,2337,191640,11,Wartenberg Nord,2019,1,16,5,2,0,6,2,0,1,0,0,0,1,0.0,Lichtenberg,Accident with serious injuries,Others,Collision involving vehicles going in the same way,Dark,Dry,679,294201.0
2338,2338,191641,8,Tempelhofer Weg,2019,1,19,5,3,5,3,2,0,1,0,0,0,0,0.0,Neukölln,Accident with minor injuries,Collision with a turning/crossing vehicle,Turning/Crossing accident,Dark,Dry,934,329917.0
2339,2339,191642,9,Dammvorstadt,2019,1,15,7,2,6,2,0,0,1,1,0,0,0,0.0,Treptow-Köpenick,Accident with serious injuries,Collision between vehicle and pedestrian,Turning accident,Daylight,Dry,892,273689.0
2340,2340,191643,11,Rüdigerstraße,2019,1,19,5,3,4,5,2,0,1,0,0,0,0,0.0,Lichtenberg,Accident with minor injuries,Collision with oncoming vehicle,Accident involving parked vehicles,Dark,Dry,679,294201.0
2341,2341,191644,2,Boxhagener Platz,2019,1,13,7,3,5,2,0,1,1,0,0,0,0,0.0,Friedrichshain-Kreuzberg,Accident with minor injuries,Collision with a turning/crossing vehicle,Turning accident,Daylight,Dry,1381,290386.0
2342,2342,191645,7,Nahariyastraße,2019,1,10,7,2,5,3,0,0,1,0,0,0,0,0.0,Tempelhof-Schöneberg,Accident with serious injuries,Collision with a turning/crossing vehicle,Turning/Crossing accident,Daylight,Dry,1241,350984.0
2343,2343,191646,3,Heinersdorf,2019,1,16,5,3,2,6,1,0,1,0,0,0,1,0.0,Pankow,Accident with minor injuries,Collision with the vehicle in front/waiting vehicle,Collision involving vehicles going in the same way,Twilight,Dry,1219,409335.0
2344,2344,191647,2,Wriezener Bahnhof/Entwicklungsgebiet,2019,1,16,5,3,5,3,2,1,1,0,0,0,0,0.0,Friedrichshain-Kreuzberg,Accident with minor injuries,Collision with a turning/crossing vehicle,Turning/Crossing accident,Dark,Dry,1381,290386.0
2345,2345,191648,8,Waltersdorfer Chaussee Ost,2019,1,14,5,3,1,5,0,0,1,0,0,0,0,0.0,Neukölln,Accident with minor injuries,Collision with a moving/standing/parked vehicle,Accident involving parked vehicles,Daylight,Dry,934,329917.0
2346,2346,191649,12,Scharnweberstraße,2019,1,9,7,3,2,6,0,0,1,0,0,1,0,1.0,Reinickendorf,Accident with minor injuries,Collision with the vehicle in front/waiting vehicle,Collision involving vehicles going in the same way,Daylight,Wet/moist/slippery,867,266408.0
2347,2347,191650,4,Breitscheidplatz,2019,1,14,5,3,1,5,0,1,1,0,0,0,0,1.0,Charlottenburg-Wilmersdorf,Accident with minor injuries,Collision with a moving/standing/parked vehicle,Accident involving parked vehicles,Daylight,Wet/moist/slippery,1727,343592.0
2348,2348,191651,11,Karlshorst West,2019,1,9,7,3,4,6,0,1,1,0,0,0,1,0.0,Lichtenberg,Accident with minor injuries,Collision with oncoming vehicle,Collision involving vehicles going in the same way,Daylight,Dry,679,294201.0
2349,2349,191652,1,Reinickendorfer Straße,2019,1,14,5,3,2,6,0,0,1,0,0,0,0,0.0,Mitte,Accident with minor injuries,Collision with the vehicle in front/waiting vehicle,Collision involving vehicles going in the same way,Daylight,Dry,2215,385748.0
2350,2350,191653,7,Volkspark (Rudolf-Wilde-Park),2019,1,14,5,3,6,4,0,1,0,1,0,0,0,0.0,Tempelhof-Schöneberg,Accident with minor injuries,Collision between vehicle and pedestrian,Pedestrian crossing accident,Daylight,Dry,1241,350984.0
2351,2351,191654,12,Wittenau Süd,2019,1,20,7,2,6,2,2,0,1,1,0,0,0,0.0,Reinickendorf,Accident with serious injuries,Collision between vehicle and pedestrian,Turning accident,Dark,Dry,867,266408.0
2352,2352,191655,8,Körnerpark,2019,1,13,5,3,5,3,0,1,1,0,0,0,0,0.0,Neukölln,Accident with minor injuries,Collision with a turning/crossing vehicle,Turning/Crossing accident,Daylight,Dry,934,329917.0
2353,2353,191656,8,Parchimer Allee,2019,1,13,5,3,5,3,0,0,1,0,0,0,0,0.0,Neukölln,Accident with minor injuries,Collision with a turning/crossing vehicle,Turning/Crossing accident,Daylight,Dry,934,329917.0
2354,2354,191657,2,Samariterviertel,2019,1,12,5,3,1,5,0,1,1,0,0,0,0,0.0,Friedrichshain-Kreuzberg,Accident with minor injuries,Collision with a moving/standing/parked vehicle,Accident involving parked vehicles,Daylight,Dry,1381,290386.0
2355,2355,191658,12,Humboldtstraße,2019,1,12,5,3,2,2,0,0,1,0,0,0,0,0.0,Reinickendorf,Accident with minor injuries,Collision with the vehicle in front/waiting vehicle,Turning accident,Daylight,Dry,867,266408.0
2356,2356,191659,7,Bayerischer Platz,2019,1,10,5,3,5,2,0,0,1,0,0,0,0,0.0,Tempelhof-Schöneberg,Accident with minor injuries,Collision with a turning/crossing vehicle,Turning accident,Daylight,Dry,1241,350984.0
2357,2357,191660,3,Humannplatz,2019,1,16,5,3,6,7,2,1,0,1,0,0,0,0.0,Pankow,Accident with minor injuries,Collision between vehicle and pedestrian,Others,Dark,Dry,1219,409335.0
2358,2358,191661,12,Waldidyll/Flughafensee,2019,1,21,6,3,2,6,2,0,1,0,0,0,0,1.0,Reinickendorf,Accident with minor injuries,Collision with the vehicle in front/waiting vehicle,Collision involving vehicles going in the same way,Dark,Wet/moist/slippery,867,266408.0
2359,2359,191662,10,Alt-Marzahn,2019,1,14,5,2,6,4,0,0,0,1,0,0,1,0.0,Marzahn-Hellersdorf,Accident with serious injuries,Collision between vehicle and pedestrian,Pedestrian crossing accident,Daylight,Dry,586,269967.0
2360,2360,191663,10,Kaulsdorf Nord,2019,1,16,5,2,5,2,1,1,1,0,0,0,0,0.0,Marzahn-Hellersdorf,Accident with serious injuries,Collision with a turning/crossing vehicle,Turning accident,Twilight,Dry,586,269967.0
2361,2361,191664,12,Waldidyll/Flughafensee,2019,1,20,6,2,6,2,2,0,1,1,0,0,0,1.0,Reinickendorf,Accident with serious injuries,Collision between vehicle and pedestrian,Turning accident,Dark,Wet/moist/slippery,867,266408.0
2362,2362,191665,2,Graefekiez,2019,1,22,5,2,6,4,2,0,1,1,0,0,0,0.0,Friedrichshain-Kreuzberg,Accident with serious injuries,Collision between vehicle and pedestrian,Pedestrian crossing accident,Dark,Dry,1381,290386.0
2363,2363,191666,3,Pankow Süd,2019,1,20,5,3,5,3,2,1,1,0,0,0,0,0.0,Pankow,Accident with minor injuries,Collision with a turning/crossing vehicle,Turning/Crossing accident,Dark,Dry,1219,409335.0
2364,2364,191667,8,Buschkrugallee Nord,2019,1,11,4,3,2,6,0,0,0,0,0,1,1,1.0,Neukölln,Accident with minor injuries,Collision with the vehicle in front/waiting vehicle,Collision involving vehicles going in the same way,Daylight,Wet/moist/slippery,934,329917.0
2365,2365,191668,6,Südende,2019,1,17,4,3,2,6,1,0,1,0,0,0,0,1.0,Steglitz-Zehlendorf,Accident with minor injuries,Collision with the vehicle in front/waiting vehicle,Collision involving vehicles going in the same way,Twilight,Wet/moist/slippery,851,310071.0
2366,2366,191669,2,Urbanstraße,2019,1,20,4,3,5,3,2,0,1,0,1,0,0,1.0,Friedrichshain-Kreuzberg,Accident with minor injuries,Collision with a turning/crossing vehicle,Turning/Crossing accident,Dark,Wet/moist/slippery,1381,290386.0
2367,2367,191670,1,Alexanderplatzviertel,2019,1,20,4,3,2,6,2,0,1,0,0,0,0,1.0,Mitte,Accident with minor injuries,Collision with the vehicle in front/waiting vehicle,Collision involving vehicles going in the same way,Dark,Wet/moist/slippery,2215,385748.0
2368,2368,191671,6,Komponistenviertel Lankwitz,2019,1,19,4,3,5,3,2,1,1,0,0,0,0,1.0,Steglitz-Zehlendorf,Accident with minor injuries,Collision with a turning/crossing vehicle,Turning/Crossing accident,Dark,Wet/moist/slippery,851,310071.0
2369,2369,191672,4,Breitscheidplatz,2019,1,10,4,3,1,5,1,1,1,0,0,0,0,1.0,Charlottenburg-Wilmersdorf,Accident with minor injuries,Collision with a moving/standing/parked vehicle,Accident involving parked vehicles,Twilight,Wet/moist/slippery,1727,343592.0
2370,2370,191673,1,Reinickendorfer Straße,2019,1,20,7,3,2,6,2,0,1,0,0,0,0,0.0,Mitte,Accident with minor injuries,Collision with the vehicle in front/waiting vehicle,Collision involving vehicles going in the same way,Dark,Dry,2215,385748.0
2371,2371,191674,2,Traveplatz,2019,1,8,4,3,3,6,0,1,0,0,0,0,1,1.0,Friedrichshain-Kreuzberg,Accident with minor injuries,Collision with a vehicle traveling laterally in the same direction,Collision involving vehicles going in the same way,Daylight,Wet/moist/slippery,1381,290386.0
2372,2372,191675,6,Berlepschstraße,2019,1,16,4,3,5,3,2,1,1,0,0,0,0,1.0,Steglitz-Zehlendorf,Accident with minor injuries,Collision with a turning/crossing vehicle,Turning/Crossing accident,Dark,Wet/moist/slippery,851,310071.0
2373,2373,191676,5,Ackerstraße,2019,1,16,4,3,0,2,1,1,1,0,0,0,0,1.0,Spandau,Accident with minor injuries,Others,Turning accident,Twilight,Wet/moist/slippery,798,245197.0
2374,2374,191677,2,Andreasviertel,2019,1,18,4,3,5,3,2,0,1,0,0,0,0,1.0,Friedrichshain-Kreuzberg,Accident with minor injuries,Collision with a turning/crossing vehicle,Turning/Crossing accident,Dark,Wet/moist/slippery,1381,290386.0
2375,2375,191678,3,Pankow Süd,2019,1,10,1,3,5,3,0,0,1,0,0,0,0,0.0,Pankow,Accident with minor injuries,Collision with a turning/crossing vehicle,Turning/Crossing accident,Daylight,Dry,1219,409335.0
2376,2376,191679,7,Marienhöhe,2019,1,13,4,3,1,5,0,1,1,0,0,0,0,0.0,Tempelhof-Schöneberg,Accident with minor injuries,Collision with a moving/standing/parked vehicle,Accident involving parked vehicles,Daylight,Dry,1241,350984.0
2377,2377,191680,3,Komponistenviertel Weißensee,2019,1,18,4,3,2,2,2,0,1,0,0,0,0,0.0,Pankow,Accident with minor injuries,Collision with the vehicle in front/waiting vehicle,Turning accident,Dark,Dry,1219,409335.0
2378,2378,191681,11,Herzbergstraße,2019,1,18,4,3,2,6,2,0,1,0,0,0,0,0.0,Lichtenberg,Accident with minor injuries,Collision with the vehicle in front/waiting vehicle,Collision involving vehicles going in the same way,Dark,Dry,679,294201.0
2379,2379,191682,1,Soldiner Straße,2019,1,18,4,3,6,4,2,0,1,1,0,0,0,0.0,Mitte,Accident with minor injuries,Collision between vehicle and pedestrian,Pedestrian crossing accident,Dark,Dry,2215,385748.0
2380,2380,191683,11,Karlshorst West,2019,1,7,4,3,2,6,0,0,1,0,0,0,0,2.0,Lichtenberg,Accident with minor injuries,Collision with the vehicle in front/waiting vehicle,Collision involving vehicles going in the same way,Daylight,Snowy,679,294201.0
2381,2381,191684,6,Feuerbachstraße,2019,1,17,4,2,6,4,0,0,1,1,0,0,0,0.0,Steglitz-Zehlendorf,Accident with serious injuries,Collision between vehicle and pedestrian,Pedestrian crossing accident,Daylight,Dry,851,310071.0
2382,2382,191685,3,Kollwitzplatz,2019,1,18,5,3,2,2,1,0,1,0,0,0,0,0.0,Pankow,Accident with minor injuries,Collision with the vehicle in front/waiting vehicle,Turning accident,Twilight,Dry,1219,409335.0
2383,2383,191686,12,Letteplatz,2019,1,7,4,3,6,4,0,0,1,1,0,0,0,0.0,Reinickendorf,Accident with minor injuries,Collision between vehicle and pedestrian,Pedestrian crossing accident,Daylight,Dry,867,266408.0
2384,2384,191687,1,Sparrplatz,2019,1,6,4,3,5,2,1,1,1,0,0,0,0,0.0,Mitte,Accident with minor injuries,Collision with a turning/crossing vehicle,Turning accident,Twilight,Dry,2215,385748.0
2385,2385,191688,4,Eisenzahnstraße,2019,1,8,4,3,6,4,0,0,1,1,0,0,0,0.0,Charlottenburg-Wilmersdorf,Accident with minor injuries,Collision between vehicle and pedestrian,Pedestrian crossing accident,Daylight,Dry,1727,343592.0
2386,2386,191689,4,Nikolsburger Platz,2019,1,8,4,3,6,4,0,0,1,1,0,0,0,0.0,Charlottenburg-Wilmersdorf,Accident with minor injuries,Collision between vehicle and pedestrian,Pedestrian crossing accident,Daylight,Dry,1727,343592.0
2387,2387,191690,1,Soldiner Straße,2019,1,8,4,3,1,5,0,1,1,0,0,0,0,0.0,Mitte,Accident with minor injuries,Collision with a moving/standing/parked vehicle,Accident involving parked vehicles,Daylight,Dry,2215,385748.0
2388,2388,191691,3,Buchholz,2019,1,9,4,3,6,2,0,0,1,1,0,0,0,0.0,Pankow,Accident with minor injuries,Collision between vehicle and pedestrian,Turning accident,Daylight,Dry,1219,409335.0
2389,2389,191692,7,Bayerischer Platz,2019,1,11,4,3,5,2,0,1,1,0,0,0,0,1.0,Tempelhof-Schöneberg,Accident with minor injuries,Collision with a turning/crossing vehicle,Turning accident,Daylight,Wet/moist/slippery,1241,350984.0
2390,2390,191693,1,Alexanderplatzviertel,2019,1,11,4,3,5,2,0,1,1,0,0,0,0,0.0,Mitte,Accident with minor injuries,Collision with a turning/crossing vehicle,Turning accident,Daylight,Dry,2215,385748.0
2391,2391,191694,2,Moritzplatz,2019,1,11,4,3,0,3,0,0,1,0,0,0,1,0.0,Friedrichshain-Kreuzberg,Accident with minor injuries,Others,Turning/Crossing accident,Daylight,Dry,1381,290386.0
2392,2392,191695,7,Wittenbergplatz/Viktoria-Luise-Platz,2019,1,15,5,3,5,2,0,1,1,0,0,0,0,0.0,Tempelhof-Schöneberg,Accident with minor injuries,Collision with a turning/crossing vehicle,Turning accident,Daylight,Dry,1241,350984.0
2393,2393,191696,10,Marzahner Promenade,2019,1,12,4,3,6,4,0,0,1,1,0,0,0,0.0,Marzahn-Hellersdorf,Accident with minor injuries,Collision between vehicle and pedestrian,Pedestrian crossing accident,Daylight,Dry,586,269967.0
2394,2394,191697,8,Buckow Mitte,2019,1,12,4,3,6,3,0,0,1,1,0,0,0,0.0,Neukölln,Accident with minor injuries,Collision between vehicle and pedestrian,Turning/Crossing accident,Daylight,Dry,934,329917.0
2395,2395,191698,10,Mahlsdorf Süd,2019,1,17,4,3,6,2,2,0,1,1,0,0,0,0.0,Marzahn-Hellersdorf,Accident with minor injuries,Collision between vehicle and pedestrian,Turning accident,Dark,Dry,586,269967.0
2396,2396,191699,9,Oberschöneweide West,2019,1,12,4,3,5,7,0,0,1,0,0,0,1,0.0,Treptow-Köpenick,Accident with minor injuries,Collision with a turning/crossing vehicle,Others,Daylight,Dry,892,273689.0
2397,2397,191700,5,Gütersloher Weg,2019,1,18,5,3,6,2,2,0,0,1,0,0,1,0.0,Spandau,Accident with minor injuries,Collision between vehicle and pedestrian,Turning accident,Dark,Dry,798,245197.0
2398,2398,191701,1,Leopoldplatz,2019,1,17,4,3,6,4,2,1,0,1,0,0,0,1.0,Mitte,Accident with minor injuries,Collision between vehicle and pedestrian,Pedestrian crossing accident,Dark,Wet/moist/slippery,2215,385748.0
2399,2399,191702,12,Schäfersee,2019,1,15,4,3,2,6,0,0,1,0,0,0,0,0.0,Reinickendorf,Accident with minor injuries,Collision with the vehicle in front/waiting vehicle,Collision involving vehicles going in the same way,Daylight,Dry,867,266408.0
2400,2400,191703,3,Kollwitzplatz,2019,1,8,4,3,5,3,0,0,1,0,1,0,0,0.0,Pankow,Accident with minor injuries,Collision with a turning/crossing vehicle,Turning/Crossing accident,Daylight,Dry,1219,409335.0
2401,2401,191704,2,Lausitzer Platz,2019,1,19,3,2,6,4,2,0,1,1,0,0,0,0.0,Friedrichshain-Kreuzberg,Accident with serious injuries,Collision between vehicle and pedestrian,Pedestrian crossing accident,Dark,Dry,1381,290386.0
2402,2402,191705,9,Rahnsdorf/Hessenwinkel,2019,1,17,3,3,4,3,2,0,1,0,0,0,0,0.0,Treptow-Köpenick,Accident with minor injuries,Collision with oncoming vehicle,Turning/Crossing accident,Dark,Dry,892,273689.0
2403,2403,191706,1,Emdener Straße,2019,2,11,6,1,6,2,0,0,0,1,0,0,1,1.0,Mitte,Accident with fatalities,Collision between vehicle and pedestrian,Turning accident,Daylight,Wet/moist/slippery,2215,385748.0
2404,2404,191707,5,Germersheimer Platz,2019,1,18,3,3,2,6,2,0,1,0,0,0,0,1.0,Spandau,Accident with minor injuries,Collision with the vehicle in front/waiting vehicle,Collision involving vehicles going in the same way,Dark,Wet/moist/slippery,798,245197.0
2405,2405,191708,8,Silbersteinstraße,2019,1,18,3,3,2,6,2,0,1,0,0,0,0,0.0,Neukölln,Accident with minor injuries,Collision with the vehicle in front/waiting vehicle,Collision involving vehicles going in the same way,Dark,Dry,934,329917.0
2406,2406,191709,11,Rüdigerstraße,2019,1,16,3,2,6,4,0,0,1,1,0,0,0,1.0,Lichtenberg,Accident with serious injuries,Collision between vehicle and pedestrian,Pedestrian crossing accident,Daylight,Wet/moist/slippery,679,294201.0
2407,2407,191710,1,Elberfelder Straße,2019,1,16,4,3,6,4,0,1,0,1,0,0,0,0.0,Mitte,Accident with minor injuries,Collision between vehicle and pedestrian,Pedestrian crossing accident,Daylight,Dry,2215,385748.0
2408,2408,191711,8,Gropiusstadt Nord,2019,1,17,3,3,3,6,2,0,1,0,0,0,0,1.0,Neukölln,Accident with minor injuries,Collision with a vehicle traveling laterally in the same direction,Collision involving vehicles going in the same way,Dark,Wet/moist/slippery,934,329917.0
2409,2409,191712,6,Schloßstraße,2019,1,16,3,2,6,4,1,0,1,1,0,0,0,0.0,Steglitz-Zehlendorf,Accident with serious injuries,Collision between vehicle and pedestrian,Pedestrian crossing accident,Twilight,Dry,851,310071.0
2410,2410,191713,2,Traveplatz,2019,1,16,3,3,1,5,2,1,1,0,0,0,0,0.0,Friedrichshain-Kreuzberg,Accident with minor injuries,Collision with a moving/standing/parked vehicle,Accident involving parked vehicles,Dark,Dry,1381,290386.0
2411,2411,191714,1,Heine-Viertel West,2019,1,16,3,3,2,6,2,1,1,0,0,0,0,0.0,Mitte,Accident with minor injuries,Collision with the vehicle in front/waiting vehicle,Collision involving vehicles going in the same way,Dark,Dry,2215,385748.0
2412,2412,191715,1,Humboldthain Nordwest,2019,1,16,3,3,5,2,2,0,1,0,0,0,0,1.0,Mitte,Accident with minor injuries,Collision with a turning/crossing vehicle,Turning accident,Dark,Wet/moist/slippery,2215,385748.0
2413,2413,191716,6,Lichterfelde West,2019,1,16,3,2,6,4,0,0,1,1,0,0,0,0.0,Steglitz-Zehlendorf,Accident with serious injuries,Collision between vehicle and pedestrian,Pedestrian crossing accident,Daylight,Dry,851,310071.0
2414,2414,191717,1,Leipziger Straße,2019,1,16,3,3,5,3,1,1,1,0,0,0,0,1.0,Mitte,Accident with minor injuries,Collision with a turning/crossing vehicle,Turning/Crossing accident,Twilight,Wet/moist/slippery,2215,385748.0
2415,2415,191718,7,Manteuffelstraße,2019,1,9,5,3,5,3,0,0,1,0,0,0,0,1.0,Tempelhof-Schöneberg,Accident with minor injuries,Collision with a turning/crossing vehicle,Turning/Crossing accident,Daylight,Wet/moist/slippery,1241,350984.0
2416,2416,191719,2,Mehringplatz,2019,1,16,3,3,6,4,0,0,1,1,0,0,0,1.0,Friedrichshain-Kreuzberg,Accident with minor injuries,Collision between vehicle and pedestrian,Pedestrian crossing accident,Daylight,Wet/moist/slippery,1381,290386.0