,Unnamed: 0,object id,district,street,year,month,hour of day,weekday,category,accident type,accident type 2,light situation,bike involved,car involved,pedestrian involved,motor bike involved,big track involved,other vehicle involved,road condition,district name,category name,accident detail,accident type detail,light condition,road condition detail,accident count by district,est. population
2417,2417,191720,6,Lankwitz Kirche,2019,1,15,3,3,5,7,0,0,1,0,0,0,0,1.0,Steglitz-Zehlendorf,Accident with minor injuries,Collision with a turning/crossing vehicle,Others,Daylight,Wet/moist/slippery,851,310071.0
2418,2418,191721,4,Babelsberger Straße,2019,1,18,4,3,2,2,2,0,1,0,0,0,0,0.0,Charlottenburg-Wilmersdorf,Accident with minor injuries,Collision with the vehicle in front/waiting vehicle,Turning accident,Dark,Dry,1727,343592.0
2419,2419,191722,1,Emdener Straße,2019,1,7,3,3,0,5,0,1,0,0,0,0,0,2.0,Mitte,Accident with minor injuries,Others,Accident involving parked vehicles,Daylight,Snowy,2215,385748.0
2420,2420,191723,11,Große-Leege-Straße,2019,1,20,3,2,0,1,2,1,0,0,0,0,0,1.0,Lichtenberg,Accident with serious injuries,Others,Driving accident,Dark,Wet/moist/slippery,679,294201.0
2421,2421,191724,1,Leopoldplatz,2019,1,15,3,3,5,3,1,1,1,0,0,0,0,0.0,Mitte,Accident with minor injuries,Collision with a turning/crossing vehicle,Turning/Crossing accident,Twilight,Dry,2215,385748.0
2422,2422,191725,4,Park Ruhwald,2019,1,14,3,3,2,6,0,0,1,0,0,0,0,0.0,Charlottenburg-Wilmersdorf,Accident with minor injuries,Collision with the vehicle in front/waiting vehicle,Collision involving vehicles going in the same way,Daylight,Dry,1727,343592.0
2423,2423,191726,12,Ziekowstraße/Freie Scholle,2019,1,13,3,3,2,6,0,0,1,0,0,0,0,0.0,Reinickendorf,Accident with minor injuries,Collision with the vehicle in front/waiting vehicle,Collision involving vehicles going in the same way,Daylight,Dry,867,266408.0
2424,2424,191727,5,Gartenfelder Straße,2019,1,13,3,3,6,4,0,0,1,1,0,0,0,0.0,Spandau,Accident with minor injuries,Collision between vehicle and pedestrian,Pedestrian crossing accident,Daylight,Dry,798,245197.0
2425,2425,191728,12,Waldidyll/Flughafensee,2019,1,6,5,3,3,6,2,0,1,0,0,0,1,0.0,Reinickendorf,Accident with minor injuries,Collision with a vehicle traveling laterally in the same direction,Collision involving vehicles going in the same way,Dark,Dry,867,266408.0
2426,2426,191729,4,Alt-Lietzow,2019,1,13,3,3,0,3,0,0,1,0,1,0,0,0.0,Charlottenburg-Wilmersdorf,Accident with minor injuries,Others,Turning/Crossing accident,Daylight,Dry,1727,343592.0
2427,2427,191730,2,Mehringplatz,2019,1,22,3,3,5,7,2,0,1,0,0,0,0,0.0,Friedrichshain-Kreuzberg,Accident with minor injuries,Collision with a turning/crossing vehicle,Others,Dark,Dry,1381,290386.0
2428,2428,191731,6,Lichterfelde West,2019,1,22,3,3,5,2,2,0,1,0,0,0,0,0.0,Steglitz-Zehlendorf,Accident with minor injuries,Collision with a turning/crossing vehicle,Turning accident,Dark,Dry,851,310071.0
2429,2429,191732,12,Hermsdorf,2019,1,11,5,3,6,2,0,0,0,1,0,1,0,0.0,Reinickendorf,Accident with minor injuries,Collision between vehicle and pedestrian,Turning accident,Daylight,Dry,867,266408.0
2430,2430,191733,4,Nikolsburger Platz,2019,1,10,3,3,2,6,0,1,1,0,0,0,0,1.0,Charlottenburg-Wilmersdorf,Accident with minor injuries,Collision with the vehicle in front/waiting vehicle,Collision involving vehicles going in the same way,Daylight,Wet/moist/slippery,1727,343592.0
2431,2431,191734,1,Rehberge,2019,1,8,3,3,1,5,0,1,0,0,0,1,0,1.0,Mitte,Accident with minor injuries,Collision with a moving/standing/parked vehicle,Accident involving parked vehicles,Daylight,Wet/moist/slippery,2215,385748.0
2432,2432,191735,1,Karl-Marx-Allee,2019,1,8,3,3,5,2,0,1,0,0,0,0,1,1.0,Mitte,Accident with minor injuries,Collision with a turning/crossing vehicle,Turning accident,Daylight,Wet/moist/slippery,2215,385748.0
2433,2433,191736,8,Gropiusstadt Süd,2019,1,13,4,3,5,3,0,1,1,0,0,0,0,0.0,Neukölln,Accident with minor injuries,Collision with a turning/crossing vehicle,Turning/Crossing accident,Daylight,Dry,934,329917.0
2434,2434,191737,8,Rixdorf,2019,1,7,3,3,6,2,0,0,1,1,0,0,0,1.0,Neukölln,Accident with minor injuries,Collision between vehicle and pedestrian,Turning accident,Daylight,Wet/moist/slippery,934,329917.0
2435,2435,191738,10,Landsberger Tor,2019,1,6,3,2,6,4,1,0,1,1,0,0,0,1.0,Marzahn-Hellersdorf,Accident with serious injuries,Collision between vehicle and pedestrian,Pedestrian crossing accident,Twilight,Wet/moist/slippery,586,269967.0
2436,2436,191739,11,Mühlengrund,2019,1,2,3,3,6,4,2,0,1,1,0,0,0,1.0,Lichtenberg,Accident with minor injuries,Collision between vehicle and pedestrian,Pedestrian crossing accident,Dark,Wet/moist/slippery,679,294201.0
2437,2437,191740,1,Heine-Viertel Ost,2019,1,9,3,3,1,5,0,1,1,0,0,0,0,0.0,Mitte,Accident with minor injuries,Collision with a moving/standing/parked vehicle,Accident involving parked vehicles,Daylight,Dry,2215,385748.0
2438,2438,191741,4,Ernst-Reuter-Platz,2019,1,21,2,3,5,3,2,0,1,0,0,0,0,0.0,Charlottenburg-Wilmersdorf,Accident with minor injuries,Collision with a turning/crossing vehicle,Turning/Crossing accident,Dark,Dry,1727,343592.0
2439,2439,191742,7,Grazer Platz,2019,1,11,2,3,5,2,0,1,1,0,0,0,0,1.0,Tempelhof-Schöneberg,Accident with minor injuries,Collision with a turning/crossing vehicle,Turning accident,Daylight,Wet/moist/slippery,1241,350984.0
2440,2440,191743,6,Hindenburgdamm,2019,1,18,5,3,1,5,2,1,1,0,0,0,0,0.0,Steglitz-Zehlendorf,Accident with minor injuries,Collision with a moving/standing/parked vehicle,Accident involving parked vehicles,Dark,Dry,851,310071.0
2441,2441,191744,5,Rohrdamm,2019,1,20,2,3,6,7,2,0,1,1,0,0,0,1.0,Spandau,Accident with minor injuries,Collision between vehicle and pedestrian,Others,Dark,Wet/moist/slippery,798,245197.0
2442,2442,191745,3,Buch,2019,1,17,2,3,2,6,1,1,0,0,0,0,1,1.0,Pankow,Accident with minor injuries,Collision with the vehicle in front/waiting vehicle,Collision involving vehicles going in the same way,Twilight,Wet/moist/slippery,1219,409335.0
2443,2443,191746,10,Mahlsdorf Nord,2019,1,20,2,2,5,3,2,0,1,0,0,0,0,1.0,Marzahn-Hellersdorf,Accident with serious injuries,Collision with a turning/crossing vehicle,Turning/Crossing accident,Dark,Wet/moist/slippery,586,269967.0
2444,2444,191747,8,Reuterkiez,2019,1,18,2,2,6,2,2,0,1,1,0,0,0,1.0,Neukölln,Accident with serious injuries,Collision between vehicle and pedestrian,Turning accident,Dark,Wet/moist/slippery,934,329917.0
2445,2445,191748,7,Buckow West,2019,1,17,2,3,6,2,2,0,1,1,0,0,0,1.0,Tempelhof-Schöneberg,Accident with minor injuries,Collision between vehicle and pedestrian,Turning accident,Dark,Wet/moist/slippery,1241,350984.0
2446,2446,191749,6,Feuerbachstraße,2019,1,17,2,2,6,4,2,0,1,1,0,0,0,1.0,Steglitz-Zehlendorf,Accident with serious injuries,Collision between vehicle and pedestrian,Pedestrian crossing accident,Dark,Wet/moist/slippery,851,310071.0
2447,2447,191750,6,Lichterfelde West,2019,1,17,2,3,2,2,2,0,1,0,0,0,0,1.0,Steglitz-Zehlendorf,Accident with minor injuries,Collision with the vehicle in front/waiting vehicle,Turning accident,Dark,Wet/moist/slippery,851,310071.0
2448,2448,191751,7,Fritz-Werner-Straße,2019,1,16,2,2,5,3,1,0,1,0,1,0,0,1.0,Tempelhof-Schöneberg,Accident with serious injuries,Collision with a turning/crossing vehicle,Turning/Crossing accident,Twilight,Wet/moist/slippery,1241,350984.0
2449,2449,191752,7,Dennewitzplatz,2019,1,8,2,3,0,1,0,1,0,0,0,0,0,2.0,Tempelhof-Schöneberg,Accident with minor injuries,Others,Driving accident,Daylight,Snowy,1241,350984.0
2450,2450,191753,8,Handwerker-Siedlung,2019,1,15,2,3,5,3,1,1,1,0,0,0,0,1.0,Neukölln,Accident with minor injuries,Collision with a turning/crossing vehicle,Turning/Crossing accident,Twilight,Wet/moist/slippery,934,329917.0
2451,2451,191754,4,Plötzensee,2019,1,8,2,3,2,6,0,0,1,0,0,0,0,1.0,Charlottenburg-Wilmersdorf,Accident with minor injuries,Collision with the vehicle in front/waiting vehicle,Collision involving vehicles going in the same way,Daylight,Wet/moist/slippery,1727,343592.0
2452,2452,191755,5,Hakenfelde Nord,2019,1,15,2,2,5,3,0,0,1,0,0,0,0,1.0,Spandau,Accident with serious injuries,Collision with a turning/crossing vehicle,Turning/Crossing accident,Daylight,Wet/moist/slippery,798,245197.0
2453,2453,191756,8,Blumenviertel,2019,1,16,5,3,5,3,1,1,1,0,0,0,0,0.0,Neukölln,Accident with minor injuries,Collision with a turning/crossing vehicle,Turning/Crossing accident,Twilight,Dry,934,329917.0
2454,2454,191757,6,Fischerhüttenstraße,2019,1,9,2,3,1,1,0,0,1,0,0,0,1,2.0,Steglitz-Zehlendorf,Accident with minor injuries,Collision with a moving/standing/parked vehicle,Driving accident,Daylight,Snowy,851,310071.0
2455,2455,191758,10,Alte Hellersdorfer Straße,2019,1,20,2,3,5,3,2,0,1,0,0,0,0,1.0,Marzahn-Hellersdorf,Accident with minor injuries,Collision with a turning/crossing vehicle,Turning/Crossing accident,Dark,Wet/moist/slippery,586,269967.0
2456,2456,191759,6,Lankwitz Kirche,2019,1,15,2,3,5,2,0,0,1,0,1,0,0,0.0,Steglitz-Zehlendorf,Accident with minor injuries,Collision with a turning/crossing vehicle,Turning accident,Daylight,Dry,851,310071.0
2457,2457,191760,9,Oberschöneweide Ost,2019,1,13,2,3,5,3,0,1,1,0,0,0,0,1.0,Treptow-Köpenick,Accident with minor injuries,Collision with a turning/crossing vehicle,Turning/Crossing accident,Daylight,Wet/moist/slippery,892,273689.0
2458,2458,191761,6,Krumme Lanke,2019,1,8,2,3,0,1,0,1,0,0,0,0,0,2.0,Steglitz-Zehlendorf,Accident with minor injuries,Others,Driving accident,Daylight,Snowy,851,310071.0
2459,2459,191762,8,Alt-Rudow,2019,1,8,5,3,3,6,0,0,1,0,0,1,0,0.0,Neukölln,Accident with minor injuries,Collision with a vehicle traveling laterally in the same direction,Collision involving vehicles going in the same way,Daylight,Dry,934,329917.0
2460,2460,191763,1,Humboldthain Nordwest,2019,1,13,2,3,2,6,0,0,1,0,0,0,1,0.0,Mitte,Accident with minor injuries,Collision with the vehicle in front/waiting vehicle,Collision involving vehicles going in the same way,Daylight,Dry,2215,385748.0
2461,2461,191764,4,Messegelände,2019,1,8,2,3,0,1,0,1,0,0,0,0,0,2.0,Charlottenburg-Wilmersdorf,Accident with minor injuries,Others,Driving accident,Daylight,Snowy,1727,343592.0
2462,2462,191765,4,Schloßgarten,2019,1,6,2,2,6,2,2,0,1,1,0,0,0,1.0,Charlottenburg-Wilmersdorf,Accident with serious injuries,Collision between vehicle and pedestrian,Turning accident,Dark,Wet/moist/slippery,1727,343592.0
2463,2463,191766,6,Komponistenviertel Lankwitz,2019,2,13,6,3,2,6,0,0,1,0,0,0,0,0.0,Steglitz-Zehlendorf,Accident with minor injuries,Collision with the vehicle in front/waiting vehicle,Collision involving vehicles going in the same way,Daylight,Dry,851,310071.0
2464,2464,191767,9,Adlershof Ost,2019,1,6,2,2,6,2,2,0,1,1,0,0,0,1.0,Treptow-Köpenick,Accident with serious injuries,Collision between vehicle and pedestrian,Turning accident,Dark,Wet/moist/slippery,892,273689.0
2465,2465,191768,1,Westliche Müllerstraße,2019,1,19,2,3,6,2,2,0,1,1,0,0,0,0.0,Mitte,Accident with minor injuries,Collision between vehicle and pedestrian,Turning accident,Dark,Dry,2215,385748.0
2466,2466,191769,10,Mahlsdorf Süd,2019,1,13,2,3,5,2,0,0,1,0,0,0,0,0.0,Marzahn-Hellersdorf,Accident with minor injuries,Collision with a turning/crossing vehicle,Turning accident,Daylight,Dry,586,269967.0
2467,2467,191770,4,Rathaus Wilmersdorf,2019,1,9,4,3,5,2,0,0,1,0,0,0,0,0.0,Charlottenburg-Wilmersdorf,Accident with minor injuries,Collision with a turning/crossing vehicle,Turning accident,Daylight,Dry,1727,343592.0
2468,2468,191771,5,Motardstraße,2019,1,6,2,2,5,3,2,1,1,0,0,0,0,1.0,Spandau,Accident with serious injuries,Collision with a turning/crossing vehicle,Turning/Crossing accident,Dark,Wet/moist/slippery,798,245197.0
2469,2469,191772,10,Springpfuhl,2019,1,19,2,2,6,4,2,0,1,1,0,0,0,1.0,Marzahn-Hellersdorf,Accident with serious injuries,Collision between vehicle and pedestrian,Pedestrian crossing accident,Dark,Wet/moist/slippery,586,269967.0
2470,2470,191773,10,Biesdorf Süd,2019,1,12,2,2,5,2,0,0,1,0,1,0,0,0.0,Marzahn-Hellersdorf,Accident with serious injuries,Collision with a turning/crossing vehicle,Turning accident,Daylight,Dry,586,269967.0
2471,2471,191774,8,Gewerbegebiet Köllnische Heide,2019,1,5,2,3,5,7,2,1,0,0,0,0,1,1.0,Neukölln,Accident with minor injuries,Collision with a turning/crossing vehicle,Others,Dark,Wet/moist/slippery,934,329917.0
2472,2472,191775,4,Amtsgerichtsplatz,2019,1,19,2,3,5,3,2,0,1,0,0,0,0,1.0,Charlottenburg-Wilmersdorf,Accident with minor injuries,Collision with a turning/crossing vehicle,Turning/Crossing accident,Dark,Wet/moist/slippery,1727,343592.0
2473,2473,191776,4,Jungfernheide,2019,1,9,5,3,0,2,0,1,1,0,0,0,0,1.0,Charlottenburg-Wilmersdorf,Accident with minor injuries,Others,Turning accident,Daylight,Wet/moist/slippery,1727,343592.0
2474,2474,191777,1,Rehberge,2019,1,5,2,3,6,2,2,0,1,1,0,0,0,1.0,Mitte,Accident with minor injuries,Collision between vehicle and pedestrian,Turning accident,Dark,Wet/moist/slippery,2215,385748.0
2475,2475,191778,12,Teichstraße,2019,1,19,2,3,6,2,2,0,1,1,0,0,0,1.0,Reinickendorf,Accident with minor injuries,Collision between vehicle and pedestrian,Turning accident,Dark,Wet/moist/slippery,867,266408.0
2476,2476,191779,4,Hindemithplatz,2019,1,14,4,3,5,7,0,0,1,0,0,0,1,1.0,Charlottenburg-Wilmersdorf,Accident with minor injuries,Collision with a turning/crossing vehicle,Others,Daylight,Wet/moist/slippery,1727,343592.0
2477,2477,191780,1,Rehberge,2019,1,10,2,3,1,5,0,0,1,0,0,0,0,1.0,Mitte,Accident with minor injuries,Collision with a moving/standing/parked vehicle,Accident involving parked vehicles,Daylight,Wet/moist/slippery,2215,385748.0
2478,2478,191781,11,Victoriastadt,2019,1,18,2,3,2,2,2,0,1,0,0,0,0,1.0,Lichtenberg,Accident with minor injuries,Collision with the vehicle in front/waiting vehicle,Turning accident,Dark,Wet/moist/slippery,679,294201.0
2479,2479,191782,3,Pankow Süd,2019,1,10,2,3,5,3,0,1,1,0,0,0,0,1.0,Pankow,Accident with minor injuries,Collision with a turning/crossing vehicle,Turning/Crossing accident,Daylight,Wet/moist/slippery,1219,409335.0
2480,2480,191783,8,Flughafenstraße,2019,1,22,4,3,5,7,2,0,1,0,0,0,1,0.0,Neukölln,Accident with minor injuries,Collision with a turning/crossing vehicle,Others,Dark,Dry,934,329917.0
2481,2481,191784,6,Teltower Damm,2019,1,10,2,3,0,3,0,1,1,0,0,0,0,2.0,Steglitz-Zehlendorf,Accident with minor injuries,Others,Turning/Crossing accident,Daylight,Snowy,851,310071.0
2482,2482,191785,6,Stadtpark,2019,1,18,2,2,6,2,2,0,1,1,0,0,0,1.0,Steglitz-Zehlendorf,Accident with serious injuries,Collision between vehicle and pedestrian,Turning accident,Dark,Wet/moist/slippery,851,310071.0
2483,2483,191786,5,Rohrdamm,2019,1,9,2,3,0,5,0,1,1,0,0,0,0,2.0,Spandau,Accident with minor injuries,Others,Accident involving parked vehicles,Daylight,Snowy,798,245197.0
2484,2484,191787,7,Rathausstraße,2019,1,9,2,3,2,2,0,0,1,0,0,0,0,1.0,Tempelhof-Schöneberg,Accident with minor injuries,Collision with the vehicle in front/waiting vehicle,Turning accident,Daylight,Wet/moist/slippery,1241,350984.0
2485,2485,191788,1,Humboldthain Süd,2019,1,18,2,2,5,3,2,1,1,0,0,0,0,1.0,Mitte,Accident with serious injuries,Collision with a turning/crossing vehicle,Turning/Crossing accident,Dark,Wet/moist/slippery,2215,385748.0
2486,2486,191789,12,Frohnau,2019,1,8,2,3,0,1,0,1,0,0,0,0,0,2.0,Reinickendorf,Accident with minor injuries,Others,Driving accident,Daylight,Snowy,867,266408.0
2487,2487,191790,7,Friedenau,2019,1,13,5,3,1,5,0,1,1,0,0,0,0,0.0,Tempelhof-Schöneberg,Accident with minor injuries,Collision with a moving/standing/parked vehicle,Accident involving parked vehicles,Daylight,Dry,1241,350984.0
2488,2488,191791,9,Rahnsdorf/Hessenwinkel,2019,1,9,2,2,0,1,0,1,0,0,0,0,0,2.0,Treptow-Köpenick,Accident with serious injuries,Others,Driving accident,Daylight,Snowy,892,273689.0
2489,2489,191792,4,Droysenstraße,2019,1,11,2,3,6,2,0,0,0,1,0,0,1,0.0,Charlottenburg-Wilmersdorf,Accident with minor injuries,Collision between vehicle and pedestrian,Turning accident,Daylight,Dry,1727,343592.0
2490,2490,191793,1,Lübecker Straße,2019,1,2,1,3,1,7,2,0,1,0,0,0,0,1.0,Mitte,Accident with minor injuries,Collision with a moving/standing/parked vehicle,Others,Dark,Wet/moist/slippery,2215,385748.0
2491,2491,191794,1,Oranienburger Straße,2019,1,11,1,3,6,7,0,0,1,1,0,0,0,1.0,Mitte,Accident with minor injuries,Collision between vehicle and pedestrian,Others,Daylight,Wet/moist/slippery,2215,385748.0
2492,2492,191795,5,Hakenfelde Nord,2019,1,19,1,3,6,2,2,0,1,1,0,0,0,1.0,Spandau,Accident with minor injuries,Collision between vehicle and pedestrian,Turning accident,Dark,Wet/moist/slippery,798,245197.0
2493,2493,191796,5,Zitadellenweg,2019,1,19,1,3,2,6,2,0,1,0,0,0,0,1.0,Spandau,Accident with minor injuries,Collision with the vehicle in front/waiting vehicle,Collision involving vehicles going in the same way,Dark,Wet/moist/slippery,798,245197.0
2494,2494,191797,5,Carl-Schurz-Straße,2019,1,20,1,3,6,4,2,0,1,1,0,0,0,0.0,Spandau,Accident with minor injuries,Collision between vehicle and pedestrian,Pedestrian crossing accident,Dark,Dry,798,245197.0
2495,2495,191798,8,Rollberg,2019,1,11,1,3,5,3,0,0,1,0,0,0,0,1.0,Neukölln,Accident with minor injuries,Collision with a turning/crossing vehicle,Turning/Crossing accident,Daylight,Wet/moist/slippery,934,329917.0
2496,2496,191799,4,Droysenstraße,2019,1,8,1,2,1,1,0,0,1,0,0,0,0,1.0,Charlottenburg-Wilmersdorf,Accident with serious injuries,Collision with a moving/standing/parked vehicle,Driving accident,Daylight,Wet/moist/slippery,1727,343592.0
2497,2497,191800,1,Reinickendorfer Straße,2019,1,4,1,3,5,3,2,0,1,0,0,0,1,0.0,Mitte,Accident with minor injuries,Collision with a turning/crossing vehicle,Turning/Crossing accident,Dark,Dry,2215,385748.0
2498,2498,191801,8,Reuterkiez,2019,1,18,1,3,2,6,2,0,1,0,0,0,0,1.0,Neukölln,Accident with minor injuries,Collision with the vehicle in front/waiting vehicle,Collision involving vehicles going in the same way,Dark,Wet/moist/slippery,934,329917.0
2499,2499,191802,4,Alt-Lietzow,2019,1,18,1,2,6,2,2,0,1,1,0,0,0,1.0,Charlottenburg-Wilmersdorf,Accident with serious injuries,Collision between vehicle and pedestrian,Turning accident,Dark,Wet/moist/slippery,1727,343592.0
2500,2500,191803,3,Buchholz,2019,1,5,5,3,0,6,2,0,1,0,0,0,1,1.0,Pankow,Accident with minor injuries,Others,Collision involving vehicles going in the same way,Dark,Wet/moist/slippery,1219,409335.0
2501,2501,191804,1,Großer Tiergarten,2019,1,18,1,3,2,6,2,0,1,0,0,0,0,1.0,Mitte,Accident with minor injuries,Collision with the vehicle in front/waiting vehicle,Collision involving vehicles going in the same way,Dark,Wet/moist/slippery,2215,385748.0
2502,2502,191805,7,Hundsteinweg,2019,1,18,1,2,6,4,2,0,1,1,0,0,0,1.0,Tempelhof-Schöneberg,Accident with serious injuries,Collision between vehicle and pedestrian,Pedestrian crossing accident,Dark,Wet/moist/slippery,1241,350984.0
2503,2503,191806,5,Amorbacher Weg,2019,1,17,1,3,5,3,2,0,1,0,0,0,0,1.0,Spandau,Accident with minor injuries,Collision with a turning/crossing vehicle,Turning/Crossing accident,Dark,Wet/moist/slippery,798,245197.0
2504,2504,191807,6,Teltower Damm,2019,1,16,1,3,5,2,2,1,1,0,0,0,0,1.0,Steglitz-Zehlendorf,Accident with minor injuries,Collision with a turning/crossing vehicle,Turning accident,Dark,Wet/moist/slippery,851,310071.0
2505,2505,191808,6,Schweizer Viertel,2019,1,15,1,3,4,6,0,1,1,0,0,0,0,1.0,Steglitz-Zehlendorf,Accident with minor injuries,Collision with oncoming vehicle,Collision involving vehicles going in the same way,Daylight,Wet/moist/slippery,851,310071.0
2506,2506,191809,12,Tegeler Forst,2019,1,21,7,3,4,6,2,0,1,0,0,0,0,1.0,Reinickendorf,Accident with minor injuries,Collision with oncoming vehicle,Collision involving vehicles going in the same way,Dark,Wet/moist/slippery,867,266408.0
2507,2507,191810,4,Preußenpark,2019,1,22,7,2,6,4,2,0,1,1,0,0,0,1.0,Charlottenburg-Wilmersdorf,Accident with serious injuries,Collision between vehicle and pedestrian,Pedestrian crossing accident,Dark,Wet/moist/slippery,1727,343592.0
2508,2508,191811,7,Kettinger Straße/Schillerstraße,2019,1,14,7,2,0,7,0,0,1,0,0,0,0,1.0,Tempelhof-Schöneberg,Accident with serious injuries,Others,Others,Daylight,Wet/moist/slippery,1241,350984.0
2509,2509,191812,11,Mühlengrund,2019,1,13,7,3,6,4,0,0,0,1,0,0,1,2.0,Lichtenberg,Accident with minor injuries,Collision between vehicle and pedestrian,Pedestrian crossing accident,Daylight,Snowy,679,294201.0
2510,2510,191813,1,Heine-Viertel West,2019,1,15,5,3,5,7,0,1,0,0,0,0,1,0.0,Mitte,Accident with minor injuries,Collision with a turning/crossing vehicle,Others,Daylight,Dry,2215,385748.0
2511,2511,191814,12,Letteplatz,2019,1,13,7,3,5,3,0,0,1,0,0,0,0,1.0,Reinickendorf,Accident with minor injuries,Collision with a turning/crossing vehicle,Turning/Crossing accident,Daylight,Wet/moist/slippery,867,266408.0
2512,2512,191815,8,Buckow Mitte,2019,1,12,7,3,6,4,0,0,1,1,0,0,0,1.0,Neukölln,Accident with minor injuries,Collision between vehicle and pedestrian,Pedestrian crossing accident,Daylight,Wet/moist/slippery,934,329917.0
2513,2513,191816,9,Köpenicker Landstraße,2019,1,11,7,2,4,6,0,0,1,0,0,0,0,1.0,Treptow-Köpenick,Accident with serious injuries,Collision with oncoming vehicle,Collision involving vehicles going in the same way,Daylight,Wet/moist/slippery,892,273689.0
2514,2514,191817,1,Oranienburger Straße,2019,1,19,5,3,1,5,2,1,1,0,0,0,0,0.0,Mitte,Accident with minor injuries,Collision with a moving/standing/parked vehicle,Accident involving parked vehicles,Dark,Dry,2215,385748.0
2515,2515,191818,3,Pankow Süd,2019,1,11,7,3,5,3,0,0,1,0,0,0,0,1.0,Pankow,Accident with minor injuries,Collision with a turning/crossing vehicle,Turning/Crossing accident,Daylight,Wet/moist/slippery,1219,409335.0
2516,2516,191819,7,Eisenacher Straße,2019,1,10,7,2,1,5,0,0,1,0,0,0,0,1.0,Tempelhof-Schöneberg,Accident with serious injuries,Collision with a moving/standing/parked vehicle,Accident involving parked vehicles,Daylight,Wet/moist/slippery,1241,350984.0
2517,2517,191820,1,Reinickendorfer Straße,2019,1,8,7,3,2,6,0,0,1,0,0,0,0,1.0,Mitte,Accident with minor injuries,Collision with the vehicle in front/waiting vehicle,Collision involving vehicles going in the same way,Daylight,Wet/moist/slippery,2215,385748.0
2518,2518,191821,5,Germersheimer Platz,2019,1,22,7,3,6,7,2,0,1,1,0,0,0,1.0,Spandau,Accident with minor injuries,Collision between vehicle and pedestrian,Others,Dark,Wet/moist/slippery,798,245197.0
2519,2519,191822,2,Wriezener Bahnhof/Entwicklungsgebiet,2019,1,21,7,3,5,7,2,0,1,0,0,0,0,1.0,Friedrichshain-Kreuzberg,Accident with minor injuries,Collision with a turning/crossing vehicle,Others,Dark,Wet/moist/slippery,1381,290386.0
2520,2520,191823,4,Droysenstraße,2019,1,20,7,3,6,7,2,0,1,1,0,0,0,1.0,Charlottenburg-Wilmersdorf,Accident with minor injuries,Collision between vehicle and pedestrian,Others,Dark,Wet/moist/slippery,1727,343592.0
2521,2521,191824,8,Schillerpromenade,2019,2,22,6,3,4,5,2,1,0,0,0,0,1,0.0,Neukölln,Accident with minor injuries,Collision with oncoming vehicle,Accident involving parked vehicles,Dark,Dry,934,329917.0
2522,2522,191825,6,Dahlem,2019,1,20,7,3,6,2,2,0,1,1,0,0,0,1.0,Steglitz-Zehlendorf,Accident with minor injuries,Collision between vehicle and pedestrian,Turning accident,Dark,Wet/moist/slippery,851,310071.0
2523,2523,191826,4,Halensee,2019,1,17,7,3,0,3,1,1,1,0,0,0,0,1.0,Charlottenburg-Wilmersdorf,Accident with minor injuries,Others,Turning/Crossing accident,Twilight,Wet/moist/slippery,1727,343592.0
2524,2524,191827,3,Lietzengraben,2019,1,4,7,3,9,1,2,0,1,0,0,0,0,2.0,Pankow,Accident with minor injuries,Departure from the roadway to the left,Driving accident,Dark,Snowy,1219,409335.0
2525,2525,191828,2,Rathaus Yorckstraße,2019,1,12,4,3,5,3,0,1,1,0,0,0,0,0.0,Friedrichshain-Kreuzberg,Accident with minor injuries,Collision with a turning/crossing vehicle,Turning/Crossing accident,Daylight,Dry,1381,290386.0
2526,2526,191829,9,Johannisthal Ost,2019,1,18,7,3,6,2,2,0,1,1,0,0,0,1.0,Treptow-Köpenick,Accident with minor injuries,Collision between vehicle and pedestrian,Turning accident,Dark,Wet/moist/slippery,892,273689.0
2527,2527,191830,3,Pankow Zentrum,2019,1,17,7,3,5,3,1,0,1,0,0,0,0,1.0,Pankow,Accident with minor injuries,Collision with a turning/crossing vehicle,Turning/Crossing accident,Twilight,Wet/moist/slippery,1219,409335.0
2528,2528,191831,1,Leipziger Straße,2019,1,17,7,3,5,2,1,0,1,0,0,0,0,1.0,Mitte,Accident with minor injuries,Collision with a turning/crossing vehicle,Turning accident,Twilight,Wet/moist/slippery,2215,385748.0
2529,2529,191832,7,Manteuffelstraße,2019,1,17,7,2,5,3,1,1,1,0,0,0,0,1.0,Tempelhof-Schöneberg,Accident with serious injuries,Collision with a turning/crossing vehicle,Turning/Crossing accident,Twilight,Wet/moist/slippery,1241,350984.0
2530,2530,191833,6,Kaiser-Wilhelm-Straße,2019,1,0,7,3,1,5,2,0,0,0,1,1,0,1.0,Steglitz-Zehlendorf,Accident with minor injuries,Collision with a moving/standing/parked vehicle,Accident involving parked vehicles,Dark,Wet/moist/slippery,851,310071.0
2531,2531,191834,4,Breitscheidplatz,2019,1,12,5,3,5,3,0,0,1,0,0,0,0,0.0,Charlottenburg-Wilmersdorf,Accident with minor injuries,Collision with a turning/crossing vehicle,Turning/Crossing accident,Daylight,Dry,1727,343592.0
2532,2532,191835,9,Altstadt Kietz,2019,1,17,7,3,6,4,1,0,1,1,0,0,0,1.0,Treptow-Köpenick,Accident with minor injuries,Collision between vehicle and pedestrian,Pedestrian crossing accident,Twilight,Wet/moist/slippery,892,273689.0
2533,2533,191836,4,Jungfernheide,2019,1,16,7,3,2,2,1,0,1,0,0,0,0,1.0,Charlottenburg-Wilmersdorf,Accident with minor injuries,Collision with the vehicle in front/waiting vehicle,Turning accident,Twilight,Wet/moist/slippery,1727,343592.0
2534,2534,191837,10,Marzahner Chaussee,2019,1,13,5,3,2,6,0,0,1,0,0,0,0,0.0,Marzahn-Hellersdorf,Accident with minor injuries,Collision with the vehicle in front/waiting vehicle,Collision involving vehicles going in the same way,Daylight,Dry,586,269967.0