,Unnamed: 0,object id,district,street,year,month,hour of day,weekday,category,accident type,accident type 2,light situation,bike involved,car involved,pedestrian involved,motor bike involved,big track involved,other vehicle involved,road condition,district name,category name,accident detail,accident type detail,light condition,road condition detail,accident count by district,est. population
2535,2535,191838,7,Friedenau,2019,1,16,7,3,3,6,1,1,0,0,0,0,1,1.0,Tempelhof-Schöneberg,Accident with minor injuries,Collision with a vehicle traveling laterally in the same direction,Collision involving vehicles going in the same way,Twilight,Wet/moist/slippery,1241,350984.0
2536,2536,191839,1,Lützowstraße,2019,1,18,6,3,2,6,2,0,1,0,0,0,0,1.0,Mitte,Accident with minor injuries,Collision with the vehicle in front/waiting vehicle,Collision involving vehicles going in the same way,Dark,Wet/moist/slippery,2215,385748.0
2537,2537,191840,7,Grazer Platz,2019,1,20,4,3,2,6,2,0,1,0,0,0,0,0.0,Tempelhof-Schöneberg,Accident with minor injuries,Collision with the vehicle in front/waiting vehicle,Collision involving vehicles going in the same way,Dark,Dry,1241,350984.0
2538,2538,191841,8,Donaustraße,2019,1,22,6,3,5,2,2,1,1,0,0,0,0,1.0,Neukölln,Accident with minor injuries,Collision with a turning/crossing vehicle,Turning accident,Dark,Wet/moist/slippery,934,329917.0
2539,2539,191842,3,Buchholz,2019,1,21,6,2,0,7,2,0,1,0,0,0,1,0.0,Pankow,Accident with serious injuries,Others,Others,Dark,Dry,1219,409335.0
2540,2540,191843,10,Gewerbegebiet Bitterfelder Straße,2019,1,12,6,3,9,1,0,0,1,0,0,0,0,2.0,Marzahn-Hellersdorf,Accident with minor injuries,Departure from the roadway to the left,Driving accident,Daylight,Snowy,586,269967.0
2541,2541,191844,8,Schillerpromenade,2019,1,19,6,3,0,5,2,1,1,0,0,0,0,1.0,Neukölln,Accident with minor injuries,Others,Accident involving parked vehicles,Dark,Wet/moist/slippery,934,329917.0
2542,2542,191845,6,Thielallee,2019,1,7,6,3,0,1,1,1,0,0,0,0,0,1.0,Steglitz-Zehlendorf,Accident with minor injuries,Others,Driving accident,Twilight,Wet/moist/slippery,851,310071.0
2543,2543,191846,1,Andreasviertel,2019,1,7,6,2,5,2,1,1,1,0,0,0,0,1.0,Mitte,Accident with serious injuries,Collision with a turning/crossing vehicle,Turning accident,Twilight,Wet/moist/slippery,2215,385748.0
2544,2544,191847,6,Komponistenviertel Lankwitz,2019,1,6,5,3,2,6,2,0,1,0,0,0,1,0.0,Steglitz-Zehlendorf,Accident with minor injuries,Collision with the vehicle in front/waiting vehicle,Collision involving vehicles going in the same way,Dark,Dry,851,310071.0
2545,2545,191848,1,Großer Tiergarten,2019,1,8,6,3,2,6,0,0,1,0,0,0,0,2.0,Mitte,Accident with minor injuries,Collision with the vehicle in front/waiting vehicle,Collision involving vehicles going in the same way,Daylight,Snowy,2215,385748.0
2546,2546,191849,1,Heine-Viertel Ost,2019,1,10,6,3,6,2,0,0,0,1,0,0,1,1.0,Mitte,Accident with minor injuries,Collision between vehicle and pedestrian,Turning accident,Daylight,Wet/moist/slippery,2215,385748.0
2547,2547,191850,4,Königin-Elisabeth-Straße,2019,1,11,6,3,5,2,0,0,1,0,0,0,1,0.0,Charlottenburg-Wilmersdorf,Accident with minor injuries,Collision with a turning/crossing vehicle,Turning accident,Daylight,Dry,1727,343592.0
2548,2548,191851,7,Neu-Tempelhof,2019,1,11,6,3,2,7,0,0,1,0,0,0,0,1.0,Tempelhof-Schöneberg,Accident with minor injuries,Collision with the vehicle in front/waiting vehicle,Others,Daylight,Wet/moist/slippery,1241,350984.0
2549,2549,191852,11,Rummelsburg,2019,1,13,6,3,6,4,0,0,1,1,0,0,0,1.0,Lichtenberg,Accident with minor injuries,Collision between vehicle and pedestrian,Pedestrian crossing accident,Daylight,Wet/moist/slippery,679,294201.0
2550,2550,191853,11,Rummelsburg,2019,1,13,6,2,2,2,0,1,0,0,0,1,0,0.0,Lichtenberg,Accident with serious injuries,Collision with the vehicle in front/waiting vehicle,Turning accident,Daylight,Dry,679,294201.0
2551,2551,191854,9,Allende I,2019,1,14,6,3,5,3,0,0,1,0,0,0,0,0.0,Treptow-Köpenick,Accident with minor injuries,Collision with a turning/crossing vehicle,Turning/Crossing accident,Daylight,Dry,892,273689.0
2552,2552,191855,12,Wittenau Nord,2019,1,6,6,3,5,2,1,0,1,0,0,0,0,1.0,Reinickendorf,Accident with minor injuries,Collision with a turning/crossing vehicle,Turning accident,Twilight,Wet/moist/slippery,867,266408.0
2553,2553,191856,2,Traveplatz,2019,1,18,6,3,5,2,2,0,1,0,1,0,0,1.0,Friedrichshain-Kreuzberg,Accident with minor injuries,Collision with a turning/crossing vehicle,Turning accident,Dark,Wet/moist/slippery,1381,290386.0
2554,2554,191857,9,Bölschestraße,2019,1,10,6,3,0,7,0,0,1,0,0,0,0,1.0,Treptow-Köpenick,Accident with minor injuries,Others,Others,Daylight,Wet/moist/slippery,892,273689.0
2555,2555,191858,8,Gropiusstadt Ost,2019,1,18,6,2,6,4,2,0,1,1,0,0,0,1.0,Neukölln,Accident with serious injuries,Collision between vehicle and pedestrian,Pedestrian crossing accident,Dark,Wet/moist/slippery,934,329917.0
2556,2556,191859,9,Adlershof West,2019,1,17,6,3,5,2,2,0,1,0,0,0,0,1.0,Treptow-Köpenick,Accident with minor injuries,Collision with a turning/crossing vehicle,Turning accident,Dark,Wet/moist/slippery,892,273689.0
2557,2557,191860,7,Rathaus Tempelhof,2019,1,18,5,3,6,2,2,0,1,1,0,0,0,0.0,Tempelhof-Schöneberg,Accident with minor injuries,Collision between vehicle and pedestrian,Turning accident,Dark,Dry,1241,350984.0
2558,2558,191861,4,Schaperstraße,2019,1,16,6,3,5,3,1,0,1,0,0,0,0,0.0,Charlottenburg-Wilmersdorf,Accident with minor injuries,Collision with a turning/crossing vehicle,Turning/Crossing accident,Twilight,Dry,1727,343592.0
2559,2559,191862,4,Savignyplatz,2019,1,19,5,3,3,6,2,1,1,0,0,0,0,0.0,Charlottenburg-Wilmersdorf,Accident with minor injuries,Collision with a vehicle traveling laterally in the same direction,Collision involving vehicles going in the same way,Dark,Dry,1727,343592.0
2560,2560,191863,11,Fennpfuhl Ost,2019,1,18,5,3,2,6,2,0,1,0,0,0,0,0.0,Lichtenberg,Accident with minor injuries,Collision with the vehicle in front/waiting vehicle,Collision involving vehicles going in the same way,Dark,Dry,679,294201.0
2561,2561,191864,8,Buschkrugallee Nord,2019,1,17,5,2,5,3,2,0,1,0,0,0,1,0.0,Neukölln,Accident with serious injuries,Collision with a turning/crossing vehicle,Turning/Crossing accident,Dark,Dry,934,329917.0
2562,2562,191865,6,Nikolassee,2019,1,16,5,3,5,3,2,1,1,0,0,0,0,0.0,Steglitz-Zehlendorf,Accident with minor injuries,Collision with a turning/crossing vehicle,Turning/Crossing accident,Dark,Dry,851,310071.0
2563,2563,191866,10,Havemannstraße,2019,1,15,5,2,6,4,0,0,1,1,0,0,0,0.0,Marzahn-Hellersdorf,Accident with serious injuries,Collision between vehicle and pedestrian,Pedestrian crossing accident,Daylight,Dry,586,269967.0
2564,2564,191867,6,Wannsee,2019,2,15,6,3,5,3,0,0,1,0,0,0,0,0.0,Steglitz-Zehlendorf,Accident with minor injuries,Collision with a turning/crossing vehicle,Turning/Crossing accident,Daylight,Dry,851,310071.0
2565,2565,191868,10,Wuhletalstraße,2019,1,15,5,3,5,3,0,0,1,0,0,1,0,0.0,Marzahn-Hellersdorf,Accident with minor injuries,Collision with a turning/crossing vehicle,Turning/Crossing accident,Daylight,Dry,586,269967.0
2566,2566,191869,8,Silbersteinstraße,2019,1,14,5,3,6,7,0,1,0,1,0,0,0,0.0,Neukölln,Accident with minor injuries,Collision between vehicle and pedestrian,Others,Daylight,Dry,934,329917.0
2567,2567,191870,9,Adlershof West,2019,1,9,5,3,6,4,0,0,1,1,0,0,0,0.0,Treptow-Köpenick,Accident with minor injuries,Collision between vehicle and pedestrian,Pedestrian crossing accident,Daylight,Dry,892,273689.0
2568,2568,191871,9,Dorf Altglienicke,2019,1,7,5,3,1,5,0,0,1,0,0,0,0,0.0,Treptow-Köpenick,Accident with minor injuries,Collision with a moving/standing/parked vehicle,Accident involving parked vehicles,Daylight,Dry,892,273689.0
2569,2569,191872,7,Schöneberger Insel,2019,1,12,4,3,2,6,0,0,1,0,0,0,0,0.0,Tempelhof-Schöneberg,Accident with minor injuries,Collision with the vehicle in front/waiting vehicle,Collision involving vehicles going in the same way,Daylight,Dry,1241,350984.0
2570,2570,191873,5,Pillnitzer Weg,2019,1,15,4,2,6,4,0,0,1,1,0,0,0,0.0,Spandau,Accident with serious injuries,Collision between vehicle and pedestrian,Pedestrian crossing accident,Daylight,Dry,798,245197.0
2571,2571,191874,8,Alt-Rudow,2019,1,16,4,3,5,2,2,0,1,0,0,0,0,0.0,Neukölln,Accident with minor injuries,Collision with a turning/crossing vehicle,Turning accident,Dark,Dry,934,329917.0
2572,2572,191875,9,Elsenstraße,2019,1,17,5,3,2,2,1,0,1,0,0,0,0,0.0,Treptow-Köpenick,Accident with minor injuries,Collision with the vehicle in front/waiting vehicle,Turning accident,Twilight,Dry,892,273689.0
2573,2573,191876,1,Unter den Linden Süd,2019,1,15,4,3,5,2,0,1,1,0,0,0,0,0.0,Mitte,Accident with minor injuries,Collision with a turning/crossing vehicle,Turning accident,Daylight,Dry,2215,385748.0
2574,2574,191877,7,Dennewitzplatz,2019,1,15,4,3,2,6,0,0,0,0,1,0,0,0.0,Tempelhof-Schöneberg,Accident with minor injuries,Collision with the vehicle in front/waiting vehicle,Collision involving vehicles going in the same way,Daylight,Dry,1241,350984.0
2575,2575,191878,3,Komponistenviertel Weißensee,2019,1,15,4,3,1,5,0,1,1,0,0,0,0,0.0,Pankow,Accident with minor injuries,Collision with a moving/standing/parked vehicle,Accident involving parked vehicles,Daylight,Dry,1219,409335.0
2576,2576,191879,3,Arnimplatz,2019,1,14,4,3,1,5,0,0,1,0,0,0,0,0.0,Pankow,Accident with minor injuries,Collision with a moving/standing/parked vehicle,Accident involving parked vehicles,Daylight,Dry,1219,409335.0
2577,2577,191880,4,Droysenstraße,2019,1,12,4,2,5,2,0,0,1,0,1,0,0,0.0,Charlottenburg-Wilmersdorf,Accident with serious injuries,Collision with a turning/crossing vehicle,Turning accident,Daylight,Dry,1727,343592.0
2578,2578,191881,3,Märchenland,2019,1,7,5,3,2,6,0,0,1,0,0,0,0,0.0,Pankow,Accident with minor injuries,Collision with the vehicle in front/waiting vehicle,Collision involving vehicles going in the same way,Daylight,Dry,1219,409335.0
2579,2579,191882,9,Johannisthal West,2019,1,6,4,3,2,6,2,0,1,0,0,0,0,1.0,Treptow-Köpenick,Accident with minor injuries,Collision with the vehicle in front/waiting vehicle,Collision involving vehicles going in the same way,Dark,Wet/moist/slippery,892,273689.0
2580,2580,191883,9,Johannisthal West,2019,1,6,4,3,0,6,2,0,1,0,0,0,1,0.0,Treptow-Köpenick,Accident with minor injuries,Others,Collision involving vehicles going in the same way,Dark,Dry,892,273689.0
2581,2581,191884,2,Andreasviertel,2019,1,22,4,3,5,3,2,0,1,0,0,0,0,0.0,Friedrichshain-Kreuzberg,Accident with minor injuries,Collision with a turning/crossing vehicle,Turning/Crossing accident,Dark,Dry,1381,290386.0
2582,2582,191885,3,Buchholz,2019,1,7,4,3,6,4,0,0,1,1,0,0,0,0.0,Pankow,Accident with minor injuries,Collision between vehicle and pedestrian,Pedestrian crossing accident,Daylight,Dry,1219,409335.0
2583,2583,191886,4,Schaperstraße,2019,1,7,4,3,3,6,0,1,1,0,0,0,0,0.0,Charlottenburg-Wilmersdorf,Accident with minor injuries,Collision with a vehicle traveling laterally in the same direction,Collision involving vehicles going in the same way,Daylight,Dry,1727,343592.0
2584,2584,191887,1,Charitéviertel,2019,1,8,4,3,2,6,0,1,1,0,0,0,0,1.0,Mitte,Accident with minor injuries,Collision with the vehicle in front/waiting vehicle,Collision involving vehicles going in the same way,Daylight,Wet/moist/slippery,2215,385748.0
2585,2585,191888,9,Baumschulenstraße,2019,1,17,4,3,5,2,2,1,1,0,0,0,0,0.0,Treptow-Köpenick,Accident with minor injuries,Collision with a turning/crossing vehicle,Turning accident,Dark,Dry,892,273689.0
2586,2586,191889,4,Schloßgarten,2019,1,8,4,3,2,6,0,0,1,0,0,0,0,0.0,Charlottenburg-Wilmersdorf,Accident with minor injuries,Collision with the vehicle in front/waiting vehicle,Collision involving vehicles going in the same way,Daylight,Dry,1727,343592.0
2587,2587,191890,4,Kaiserin-Augusta-Allee,2019,1,8,4,3,5,2,0,1,1,0,0,0,0,0.0,Charlottenburg-Wilmersdorf,Accident with minor injuries,Collision with a turning/crossing vehicle,Turning accident,Daylight,Dry,1727,343592.0
2588,2588,191891,5,Germersheimer Platz,2019,1,9,4,3,6,2,0,0,1,1,0,0,0,0.0,Spandau,Accident with minor injuries,Collision between vehicle and pedestrian,Turning accident,Daylight,Dry,798,245197.0
2589,2589,191892,7,Kettinger Straße/Schillerstraße,2019,1,11,4,2,6,2,0,0,1,1,0,0,0,0.0,Tempelhof-Schöneberg,Accident with serious injuries,Collision between vehicle and pedestrian,Turning accident,Daylight,Dry,1241,350984.0
2590,2590,191893,12,Märkisches Zentrum,2019,1,6,4,3,2,6,2,0,1,0,0,0,0,0.0,Reinickendorf,Accident with minor injuries,Collision with the vehicle in front/waiting vehicle,Collision involving vehicles going in the same way,Dark,Dry,867,266408.0
2591,2591,191894,8,Reuterkiez,2019,1,9,5,3,0,3,0,0,1,0,1,0,0,0.0,Neukölln,Accident with minor injuries,Others,Turning/Crossing accident,Daylight,Dry,934,329917.0
2592,2592,191895,6,Lichterfelde West,2019,1,19,4,2,5,3,2,0,1,0,0,0,0,2.0,Steglitz-Zehlendorf,Accident with serious injuries,Collision with a turning/crossing vehicle,Turning/Crossing accident,Dark,Snowy,851,310071.0
2593,2593,191896,2,Urbanstraße,2019,1,18,4,3,5,2,2,1,1,0,0,0,0,0.0,Friedrichshain-Kreuzberg,Accident with minor injuries,Collision with a turning/crossing vehicle,Turning accident,Dark,Dry,1381,290386.0
2594,2594,191897,4,Ernst-Reuter-Platz,2019,1,14,4,3,6,4,0,1,0,1,0,0,0,0.0,Charlottenburg-Wilmersdorf,Accident with minor injuries,Collision between vehicle and pedestrian,Pedestrian crossing accident,Daylight,Dry,1727,343592.0
2595,2595,191898,4,Leon-Jessel-Platz,2019,1,12,4,3,6,4,0,0,1,1,0,0,0,0.0,Charlottenburg-Wilmersdorf,Accident with minor injuries,Collision between vehicle and pedestrian,Pedestrian crossing accident,Daylight,Dry,1727,343592.0
2596,2596,191899,8,Reuterkiez,2019,1,18,4,3,2,6,2,0,1,0,0,0,0,0.0,Neukölln,Accident with minor injuries,Collision with the vehicle in front/waiting vehicle,Collision involving vehicles going in the same way,Dark,Dry,934,329917.0
2597,2597,191900,6,Feuerbachstraße,2019,1,18,4,3,5,3,2,1,1,0,0,0,0,0.0,Steglitz-Zehlendorf,Accident with minor injuries,Collision with a turning/crossing vehicle,Turning/Crossing accident,Dark,Dry,851,310071.0
2598,2598,191901,3,Pankow Süd,2019,1,12,4,2,5,3,0,1,1,0,0,0,0,0.0,Pankow,Accident with serious injuries,Collision with a turning/crossing vehicle,Turning/Crossing accident,Daylight,Dry,1219,409335.0
2599,2599,191902,2,Graefekiez,2019,1,4,4,2,8,1,2,0,1,0,0,0,0,0.0,Friedrichshain-Kreuzberg,Accident with serious injuries,Departure from the roadway to the right,Driving accident,Dark,Dry,1381,290386.0
2600,2600,191903,4,Breitscheidplatz,2019,1,17,4,3,6,4,2,1,0,1,0,0,0,0.0,Charlottenburg-Wilmersdorf,Accident with minor injuries,Collision between vehicle and pedestrian,Pedestrian crossing accident,Dark,Dry,1727,343592.0
2601,2601,191904,7,Rathaus Tempelhof,2019,1,17,4,3,5,2,2,1,1,0,0,0,0,0.0,Tempelhof-Schöneberg,Accident with minor injuries,Collision with a turning/crossing vehicle,Turning accident,Dark,Dry,1241,350984.0
2602,2602,191905,2,Richard-Sorge-Viertel,2019,1,17,4,3,2,6,2,0,1,0,0,0,0,0.0,Friedrichshain-Kreuzberg,Accident with minor injuries,Collision with the vehicle in front/waiting vehicle,Collision involving vehicles going in the same way,Dark,Dry,1381,290386.0
2603,2603,191906,2,Lausitzer Platz,2019,1,13,4,3,1,5,0,1,0,0,0,0,1,0.0,Friedrichshain-Kreuzberg,Accident with minor injuries,Collision with a moving/standing/parked vehicle,Accident involving parked vehicles,Daylight,Dry,1381,290386.0
2604,2604,191907,6,Königsberger Straße,2019,1,13,5,3,5,2,0,1,1,0,0,0,0,0.0,Steglitz-Zehlendorf,Accident with minor injuries,Collision with a turning/crossing vehicle,Turning accident,Daylight,Dry,851,310071.0
2605,2605,191908,8,Parchimer Allee,2019,1,7,3,3,2,6,0,0,1,0,0,0,0,0.0,Neukölln,Accident with minor injuries,Collision with the vehicle in front/waiting vehicle,Collision involving vehicles going in the same way,Daylight,Dry,934,329917.0
2606,2606,191909,3,Arnimplatz,2019,1,10,3,2,5,7,0,0,1,0,0,0,1,0.0,Pankow,Accident with serious injuries,Collision with a turning/crossing vehicle,Others,Daylight,Dry,1219,409335.0
2607,2607,191910,1,Brunnenstraße,2019,1,16,3,3,6,4,0,1,0,1,0,0,0,0.0,Mitte,Accident with minor injuries,Collision between vehicle and pedestrian,Pedestrian crossing accident,Daylight,Dry,2215,385748.0
2608,2608,191911,4,Ernst-Reuter-Platz,2019,1,13,4,2,5,3,0,1,1,0,0,0,0,0.0,Charlottenburg-Wilmersdorf,Accident with serious injuries,Collision with a turning/crossing vehicle,Turning/Crossing accident,Daylight,Dry,1727,343592.0
2609,2609,191912,11,Landsberger Allee,2019,1,14,3,3,5,3,0,0,1,0,0,0,0,0.0,Lichtenberg,Accident with minor injuries,Collision with a turning/crossing vehicle,Turning/Crossing accident,Daylight,Dry,679,294201.0
2610,2610,191913,3,Greifswalder Straße,2019,1,14,3,3,5,2,0,1,1,0,0,0,0,0.0,Pankow,Accident with minor injuries,Collision with a turning/crossing vehicle,Turning accident,Daylight,Dry,1219,409335.0
2611,2611,191914,6,Dahlem,2019,1,13,3,3,2,2,0,0,1,0,0,1,0,0.0,Steglitz-Zehlendorf,Accident with minor injuries,Collision with the vehicle in front/waiting vehicle,Turning accident,Daylight,Dry,851,310071.0
2612,2612,191915,6,Bergstraße,2019,1,13,3,3,2,2,0,1,1,0,0,0,0,0.0,Steglitz-Zehlendorf,Accident with minor injuries,Collision with the vehicle in front/waiting vehicle,Turning accident,Daylight,Dry,851,310071.0
2613,2613,191916,8,Mohriner Allee Nord,2019,1,13,3,3,4,6,0,0,1,0,0,0,0,0.0,Neukölln,Accident with minor injuries,Collision with oncoming vehicle,Collision involving vehicles going in the same way,Daylight,Dry,934,329917.0
2614,2614,191917,10,Mahlsdorf Süd,2019,1,12,3,3,5,2,0,0,1,0,0,0,1,0.0,Marzahn-Hellersdorf,Accident with minor injuries,Collision with a turning/crossing vehicle,Turning accident,Daylight,Dry,586,269967.0
2615,2615,191918,12,Dannenwalder Weg,2019,1,18,5,2,6,2,2,0,1,1,0,0,0,0.0,Reinickendorf,Accident with serious injuries,Collision between vehicle and pedestrian,Turning accident,Dark,Dry,867,266408.0
2616,2616,191919,3,Wilhelmsruh,2019,1,12,3,2,5,3,0,1,1,0,0,0,0,0.0,Pankow,Accident with serious injuries,Collision with a turning/crossing vehicle,Turning/Crossing accident,Daylight,Dry,1219,409335.0
2617,2617,191920,8,Buschkrugallee Nord,2019,1,12,3,3,6,7,0,0,1,1,0,0,0,0.0,Neukölln,Accident with minor injuries,Collision between vehicle and pedestrian,Others,Daylight,Dry,934,329917.0
2618,2618,191921,8,Zittauer Straße,2019,1,18,3,3,6,4,1,0,1,1,0,0,0,0.0,Neukölln,Accident with minor injuries,Collision between vehicle and pedestrian,Pedestrian crossing accident,Twilight,Dry,934,329917.0
2619,2619,191922,8,Hertzbergplatz,2019,1,10,3,3,5,3,0,0,1,0,0,0,1,0.0,Neukölln,Accident with minor injuries,Collision with a turning/crossing vehicle,Turning/Crossing accident,Daylight,Dry,934,329917.0
2620,2620,191923,8,Gropiusstadt Nord,2019,1,18,5,2,6,2,1,0,1,1,0,0,0,0.0,Neukölln,Accident with serious injuries,Collision between vehicle and pedestrian,Turning accident,Twilight,Dry,934,329917.0
2621,2621,191924,11,Herzbergstraße,2019,1,9,3,3,2,6,0,0,1,0,0,0,1,0.0,Lichtenberg,Accident with minor injuries,Collision with the vehicle in front/waiting vehicle,Collision involving vehicles going in the same way,Daylight,Dry,679,294201.0
2622,2622,191925,4,George-Grosz-Platz,2019,1,9,3,2,3,3,0,0,1,0,0,0,1,0.0,Charlottenburg-Wilmersdorf,Accident with serious injuries,Collision with a vehicle traveling laterally in the same direction,Turning/Crossing accident,Daylight,Dry,1727,343592.0
2623,2623,191926,3,Kollwitzplatz,2019,1,22,3,2,5,2,2,1,1,0,0,0,0,0.0,Pankow,Accident with serious injuries,Collision with a turning/crossing vehicle,Turning accident,Dark,Dry,1219,409335.0
2624,2624,191927,4,Park Ruhwald,2019,1,20,3,3,5,2,2,0,1,0,0,0,0,0.0,Charlottenburg-Wilmersdorf,Accident with minor injuries,Collision with a turning/crossing vehicle,Turning accident,Dark,Dry,1727,343592.0
2625,2625,191928,12,Alt-Tegel,2019,1,19,3,3,6,7,2,0,1,1,0,0,0,0.0,Reinickendorf,Accident with minor injuries,Collision between vehicle and pedestrian,Others,Dark,Dry,867,266408.0
2626,2626,191929,6,Dahlem,2019,1,8,3,3,2,2,0,1,1,0,0,0,0,0.0,Steglitz-Zehlendorf,Accident with minor injuries,Collision with the vehicle in front/waiting vehicle,Turning accident,Daylight,Dry,851,310071.0
2627,2627,191930,2,Wassertorplatz,2019,1,18,3,3,6,4,1,1,0,1,0,0,0,0.0,Friedrichshain-Kreuzberg,Accident with minor injuries,Collision between vehicle and pedestrian,Pedestrian crossing accident,Twilight,Dry,1381,290386.0
2628,2628,191931,10,Alt-Marzahn,2019,1,20,2,3,2,6,2,0,1,0,0,0,0,1.0,Marzahn-Hellersdorf,Accident with minor injuries,Collision with the vehicle in front/waiting vehicle,Collision involving vehicles going in the same way,Dark,Wet/moist/slippery,586,269967.0
2629,2629,191932,10,Gut Hellersdorf,2019,1,16,5,3,6,4,0,0,1,1,0,0,0,0.0,Marzahn-Hellersdorf,Accident with minor injuries,Collision between vehicle and pedestrian,Pedestrian crossing accident,Daylight,Dry,586,269967.0
2630,2630,191933,9,Baumschulenstraße,2019,1,19,2,3,5,3,2,0,1,0,0,0,0,0.0,Treptow-Köpenick,Accident with minor injuries,Collision with a turning/crossing vehicle,Turning/Crossing accident,Dark,Dry,892,273689.0
2631,2631,191934,1,Sparrplatz,2019,1,18,2,3,2,6,2,0,1,0,0,0,0,0.0,Mitte,Accident with minor injuries,Collision with the vehicle in front/waiting vehicle,Collision involving vehicles going in the same way,Dark,Dry,2215,385748.0
2632,2632,191935,4,Alt-Lietzow,2019,1,17,2,2,6,2,2,0,1,1,0,0,0,0.0,Charlottenburg-Wilmersdorf,Accident with serious injuries,Collision between vehicle and pedestrian,Turning accident,Dark,Dry,1727,343592.0
2633,2633,191936,11,Gensinger Straße,2019,1,17,2,2,6,4,2,0,1,1,0,0,0,0.0,Lichtenberg,Accident with serious injuries,Collision between vehicle and pedestrian,Pedestrian crossing accident,Dark,Dry,679,294201.0
2634,2634,191937,9,Oberschöneweide West,2019,1,17,2,3,2,6,2,0,1,0,0,0,0,1.0,Treptow-Köpenick,Accident with minor injuries,Collision with the vehicle in front/waiting vehicle,Collision involving vehicles going in the same way,Dark,Wet/moist/slippery,892,273689.0
2635,2635,191938,4,Halensee,2019,1,14,2,3,2,3,0,0,1,0,0,0,0,0.0,Charlottenburg-Wilmersdorf,Accident with minor injuries,Collision with the vehicle in front/waiting vehicle,Turning/Crossing accident,Daylight,Dry,1727,343592.0
2636,2636,191939,7,Manteuffelstraße,2019,1,7,2,3,2,6,0,0,1,0,0,0,0,1.0,Tempelhof-Schöneberg,Accident with minor injuries,Collision with the vehicle in front/waiting vehicle,Collision involving vehicles going in the same way,Daylight,Wet/moist/slippery,1241,350984.0
2637,2637,191940,7,Germaniagarten,2019,1,7,2,3,5,2,0,1,1,0,0,0,0,0.0,Tempelhof-Schöneberg,Accident with minor injuries,Collision with a turning/crossing vehicle,Turning accident,Daylight,Dry,1241,350984.0
2638,2638,191941,3,Wilhelmsruh,2019,1,7,2,3,3,6,2,0,1,0,0,1,0,0.0,Pankow,Accident with minor injuries,Collision with a vehicle traveling laterally in the same direction,Collision involving vehicles going in the same way,Dark,Dry,1219,409335.0
2639,2639,191942,12,Dannenwalder Weg,2019,2,12,6,3,5,2,0,1,0,0,0,1,0,0.0,Reinickendorf,Accident with minor injuries,Collision with a turning/crossing vehicle,Turning accident,Daylight,Dry,867,266408.0
2640,2640,191943,6,Krumme Lanke,2019,1,6,2,3,6,2,2,0,1,1,0,0,0,1.0,Steglitz-Zehlendorf,Accident with minor injuries,Collision between vehicle and pedestrian,Turning accident,Dark,Wet/moist/slippery,851,310071.0
2641,2641,191944,9,Dorf Altglienicke,2019,1,5,2,3,5,2,2,0,1,0,0,0,0,0.0,Treptow-Köpenick,Accident with minor injuries,Collision with a turning/crossing vehicle,Turning accident,Dark,Dry,892,273689.0
2642,2642,191945,8,Buckow Ost,2019,1,17,2,3,2,2,1,0,1,0,1,0,0,0.0,Neukölln,Accident with minor injuries,Collision with the vehicle in front/waiting vehicle,Turning accident,Twilight,Dry,934,329917.0
2643,2643,191946,1,Invalidenstraße,2019,1,13,4,3,6,4,0,0,0,1,0,0,1,0.0,Mitte,Accident with minor injuries,Collision between vehicle and pedestrian,Pedestrian crossing accident,Daylight,Dry,2215,385748.0
2644,2644,191947,9,Köpenick Nord,2019,1,17,2,2,6,2,1,0,1,1,0,0,0,0.0,Treptow-Köpenick,Accident with serious injuries,Collision between vehicle and pedestrian,Turning accident,Twilight,Dry,892,273689.0
2645,2645,191948,7,Schöneberger Insel,2019,1,15,2,3,6,4,0,1,0,1,0,0,0,0.0,Tempelhof-Schöneberg,Accident with minor injuries,Collision between vehicle and pedestrian,Pedestrian crossing accident,Daylight,Dry,1241,350984.0
2646,2646,191949,10,Alt-Kaulsdorf,2019,1,15,2,3,2,2,0,0,1,0,0,0,0,0.0,Marzahn-Hellersdorf,Accident with minor injuries,Collision with the vehicle in front/waiting vehicle,Turning accident,Daylight,Dry,586,269967.0
2647,2647,191950,4,Königin-Elisabeth-Straße,2019,1,13,2,3,2,2,0,0,1,0,0,0,0,0.0,Charlottenburg-Wilmersdorf,Accident with minor injuries,Collision with the vehicle in front/waiting vehicle,Turning accident,Daylight,Dry,1727,343592.0
2648,2648,191951,8,Parchimer Allee,2019,1,13,2,3,0,3,0,0,1,0,0,0,1,0.0,Neukölln,Accident with minor injuries,Others,Turning/Crossing accident,Daylight,Dry,934,329917.0
2649,2649,191952,2,Oranienplatz,2019,1,9,5,3,3,6,0,0,1,0,0,0,1,0.0,Friedrichshain-Kreuzberg,Accident with minor injuries,Collision with a vehicle traveling laterally in the same direction,Collision involving vehicles going in the same way,Daylight,Dry,1381,290386.0
2650,2650,191953,2,Graefekiez,2019,1,12,2,3,6,7,0,0,1,1,0,0,0,0.0,Friedrichshain-Kreuzberg,Accident with minor injuries,Collision between vehicle and pedestrian,Others,Daylight,Dry,1381,290386.0
2651,2651,191954,8,Buschkrugallee Nord,2019,1,11,2,3,2,6,0,0,1,0,0,0,0,0.0,Neukölln,Accident with minor injuries,Collision with the vehicle in front/waiting vehicle,Collision involving vehicles going in the same way,Daylight,Dry,934,329917.0
2652,2652,191955,4,Karl-August-Platz,2019,1,8,5,3,0,2,0,1,1,0,0,0,0,0.0,Charlottenburg-Wilmersdorf,Accident with minor injuries,Others,Turning accident,Daylight,Dry,1727,343592.0