,Unnamed: 0,object id,district,street,year,month,hour of day,weekday,category,accident type,accident type 2,light situation,bike involved,car involved,pedestrian involved,motor bike involved,big track involved,other vehicle involved,road condition,district name,category name,accident detail,accident type detail,light condition,road condition detail,accident count by district,est. population
2653,2653,191956,1,Charitéviertel,2019,1,11,2,3,6,4,0,0,1,1,0,0,0,0.0,Mitte,Accident with minor injuries,Collision between vehicle and pedestrian,Pedestrian crossing accident,Daylight,Dry,2215,385748.0
2654,2654,191957,6,Dahlem,2019,1,10,2,3,5,3,0,1,1,0,0,0,0,0.0,Steglitz-Zehlendorf,Accident with minor injuries,Collision with a turning/crossing vehicle,Turning/Crossing accident,Daylight,Dry,851,310071.0
2655,2655,191958,1,Westhafen,2019,1,9,2,3,2,6,0,0,1,0,0,0,0,0.0,Mitte,Accident with minor injuries,Collision with the vehicle in front/waiting vehicle,Collision involving vehicles going in the same way,Daylight,Dry,2215,385748.0
2656,2656,191959,1,Alexanderplatzviertel,2019,1,21,4,3,2,6,2,0,1,0,0,0,0,0.0,Mitte,Accident with minor injuries,Collision with the vehicle in front/waiting vehicle,Collision involving vehicles going in the same way,Dark,Dry,2215,385748.0
2657,2657,191960,5,Isenburger Weg,2019,1,8,2,3,6,4,0,0,1,1,0,0,0,0.0,Spandau,Accident with minor injuries,Collision between vehicle and pedestrian,Pedestrian crossing accident,Daylight,Dry,798,245197.0
2658,2658,191961,4,Klausenerplatz,2019,1,10,2,3,0,1,0,0,0,0,1,0,0,2.0,Charlottenburg-Wilmersdorf,Accident with minor injuries,Others,Driving accident,Daylight,Snowy,1727,343592.0
2659,2659,191962,1,Gesundbrunnen,2019,1,15,1,3,1,5,0,1,1,0,0,0,1,1.0,Mitte,Accident with minor injuries,Collision with a moving/standing/parked vehicle,Accident involving parked vehicles,Daylight,Wet/moist/slippery,2215,385748.0
2660,2660,191963,1,Humboldthain Nordwest,2019,1,23,1,2,5,3,2,1,1,0,0,0,0,0.0,Mitte,Accident with serious injuries,Collision with a turning/crossing vehicle,Turning/Crossing accident,Dark,Dry,2215,385748.0
2661,2661,191964,6,Bismarckstraße,2019,1,17,1,3,6,2,2,0,1,1,0,0,0,0.0,Steglitz-Zehlendorf,Accident with minor injuries,Collision between vehicle and pedestrian,Turning accident,Dark,Dry,851,310071.0
2662,2662,191965,4,Jungfernheide,2019,1,17,1,3,5,2,2,0,1,0,0,0,0,1.0,Charlottenburg-Wilmersdorf,Accident with minor injuries,Collision with a turning/crossing vehicle,Turning accident,Dark,Wet/moist/slippery,1727,343592.0
2663,2663,191966,4,Richard-Wagner-Straße,2019,1,10,5,3,5,2,0,0,1,0,0,0,0,0.0,Charlottenburg-Wilmersdorf,Accident with minor injuries,Collision with a turning/crossing vehicle,Turning accident,Daylight,Dry,1727,343592.0
2664,2664,191967,1,Humboldthain Süd,2019,1,15,1,3,2,1,0,1,1,0,0,0,0,0.0,Mitte,Accident with minor injuries,Collision with the vehicle in front/waiting vehicle,Driving accident,Daylight,Dry,2215,385748.0
2665,2665,191968,8,Gropiusstadt Ost,2019,1,14,1,3,5,2,0,0,1,0,0,0,0,1.0,Neukölln,Accident with minor injuries,Collision with a turning/crossing vehicle,Turning accident,Daylight,Wet/moist/slippery,934,329917.0
2666,2666,191969,12,Letteplatz,2019,1,1,1,2,1,1,2,0,1,0,0,0,1,1.0,Reinickendorf,Accident with serious injuries,Collision with a moving/standing/parked vehicle,Driving accident,Dark,Wet/moist/slippery,867,266408.0
2667,2667,191970,1,Schillerpark,2019,2,15,3,3,5,3,0,0,1,0,0,0,0,0.0,Mitte,Accident with minor injuries,Collision with a turning/crossing vehicle,Turning/Crossing accident,Daylight,Dry,2215,385748.0
2668,2668,191971,12,Scharnweberstraße,2019,2,13,3,3,3,6,0,1,1,0,0,0,0,0.0,Reinickendorf,Accident with minor injuries,Collision with a vehicle traveling laterally in the same direction,Collision involving vehicles going in the same way,Daylight,Dry,867,266408.0
2669,2669,191972,1,Emdener Straße,2019,2,14,3,3,5,3,0,1,1,0,0,0,0,0.0,Mitte,Accident with minor injuries,Collision with a turning/crossing vehicle,Turning/Crossing accident,Daylight,Dry,2215,385748.0
2670,2670,191973,3,Erich-Weinert-Straße,2019,2,17,5,3,5,3,2,1,1,0,0,0,0,0.0,Pankow,Accident with minor injuries,Collision with a turning/crossing vehicle,Turning/Crossing accident,Dark,Dry,1219,409335.0
2671,2671,191974,9,Hirschgarten,2019,2,14,3,2,2,7,0,0,1,0,0,0,0,0.0,Treptow-Köpenick,Accident with serious injuries,Collision with the vehicle in front/waiting vehicle,Others,Daylight,Dry,892,273689.0
2672,2672,191975,9,Kietzer Feld/Nachtheide,2019,2,15,3,2,6,4,0,0,1,1,0,0,0,0.0,Treptow-Köpenick,Accident with serious injuries,Collision between vehicle and pedestrian,Pedestrian crossing accident,Daylight,Dry,892,273689.0
2673,2673,191976,6,Stadtpark,2019,2,14,3,3,5,2,0,1,1,1,0,0,0,0.0,Steglitz-Zehlendorf,Accident with minor injuries,Collision with a turning/crossing vehicle,Turning accident,Daylight,Dry,851,310071.0
2674,2674,191977,4,Park Ruhwald,2019,2,14,5,2,5,2,0,0,1,0,0,0,0,0.0,Charlottenburg-Wilmersdorf,Accident with serious injuries,Collision with a turning/crossing vehicle,Turning accident,Daylight,Dry,1727,343592.0
2675,2675,191978,4,Halensee,2019,2,14,3,3,6,7,0,0,1,1,0,0,0,0.0,Charlottenburg-Wilmersdorf,Accident with minor injuries,Collision between vehicle and pedestrian,Others,Daylight,Dry,1727,343592.0
2676,2676,191979,5,Döberitzer Weg,2019,2,11,3,3,2,2,0,0,1,0,0,0,0,0.0,Spandau,Accident with minor injuries,Collision with the vehicle in front/waiting vehicle,Turning accident,Daylight,Dry,798,245197.0
2677,2677,191980,5,An der Kappe,2019,2,11,3,2,5,3,0,0,1,0,0,0,0,0.0,Spandau,Accident with serious injuries,Collision with a turning/crossing vehicle,Turning/Crossing accident,Daylight,Dry,798,245197.0
2678,2678,191981,6,Lankwitz Süd,2019,2,7,3,3,3,6,0,1,0,0,0,0,1,0.0,Steglitz-Zehlendorf,Accident with minor injuries,Collision with a vehicle traveling laterally in the same direction,Collision involving vehicles going in the same way,Daylight,Dry,851,310071.0
2679,2679,191982,2,Urbanstraße,2019,2,17,3,3,8,1,2,0,1,0,0,0,0,0.0,Friedrichshain-Kreuzberg,Accident with minor injuries,Departure from the roadway to the right,Driving accident,Dark,Dry,1381,290386.0
2680,2680,191983,4,Halensee,2019,2,18,3,3,2,6,2,0,1,0,0,0,0,0.0,Charlottenburg-Wilmersdorf,Accident with minor injuries,Collision with the vehicle in front/waiting vehicle,Collision involving vehicles going in the same way,Dark,Dry,1727,343592.0
2681,2681,191984,8,Gropiusstadt Ost,2019,2,20,3,3,5,3,2,1,1,0,0,0,0,0.0,Neukölln,Accident with minor injuries,Collision with a turning/crossing vehicle,Turning/Crossing accident,Dark,Dry,934,329917.0
2682,2682,191985,8,Schillerpromenade,2019,2,17,3,3,2,6,2,1,1,0,0,0,0,0.0,Neukölln,Accident with minor injuries,Collision with the vehicle in front/waiting vehicle,Collision involving vehicles going in the same way,Dark,Dry,934,329917.0
2683,2683,191986,1,Heine-Viertel West,2019,2,17,3,3,1,5,2,1,1,0,0,0,0,0.0,Mitte,Accident with minor injuries,Collision with a moving/standing/parked vehicle,Accident involving parked vehicles,Dark,Dry,2215,385748.0
2684,2684,191987,2,Lausitzer Platz,2019,2,13,5,2,6,4,0,1,0,1,0,0,0,0.0,Friedrichshain-Kreuzberg,Accident with serious injuries,Collision between vehicle and pedestrian,Pedestrian crossing accident,Daylight,Dry,1381,290386.0
2685,2685,191988,7,Rathausstraße,2019,2,17,3,3,1,7,2,0,1,0,0,0,1,0.0,Tempelhof-Schöneberg,Accident with minor injuries,Collision with a moving/standing/parked vehicle,Others,Dark,Dry,1241,350984.0
2686,2686,191989,2,Graefekiez,2019,2,15,5,3,3,6,0,1,1,0,0,0,0,0.0,Friedrichshain-Kreuzberg,Accident with minor injuries,Collision with a vehicle traveling laterally in the same direction,Collision involving vehicles going in the same way,Daylight,Dry,1381,290386.0
2687,2687,191990,8,Alt-Rudow,2019,2,16,3,3,6,4,1,0,1,1,0,0,0,0.0,Neukölln,Accident with minor injuries,Collision between vehicle and pedestrian,Pedestrian crossing accident,Twilight,Dry,934,329917.0
2688,2688,191991,1,Humboldthain Nordwest,2019,2,16,3,3,6,4,0,0,0,1,1,0,0,0.0,Mitte,Accident with minor injuries,Collision between vehicle and pedestrian,Pedestrian crossing accident,Daylight,Dry,2215,385748.0
2689,2689,191992,12,Wittenau Süd,2019,2,16,3,3,5,2,0,0,1,0,0,0,0,0.0,Reinickendorf,Accident with minor injuries,Collision with a turning/crossing vehicle,Turning accident,Daylight,Dry,867,266408.0
2690,2690,191993,5,Gartenfelder Straße,2019,2,13,5,3,2,6,0,0,1,0,0,0,0,0.0,Spandau,Accident with minor injuries,Collision with the vehicle in front/waiting vehicle,Collision involving vehicles going in the same way,Daylight,Dry,798,245197.0
2691,2691,191994,5,Maulbeerallee,2019,2,15,3,3,5,3,0,1,1,0,0,0,0,0.0,Spandau,Accident with minor injuries,Collision with a turning/crossing vehicle,Turning/Crossing accident,Daylight,Dry,798,245197.0
2692,2692,191995,4,Preußenpark,2019,2,17,3,2,5,2,2,1,1,0,0,0,0,0.0,Charlottenburg-Wilmersdorf,Accident with serious injuries,Collision with a turning/crossing vehicle,Turning accident,Dark,Dry,1727,343592.0
2693,2693,191996,12,Waldidyll/Flughafensee,2019,2,10,3,3,2,2,0,1,0,0,0,0,0,0.0,Reinickendorf,Accident with minor injuries,Collision with the vehicle in front/waiting vehicle,Turning accident,Daylight,Dry,867,266408.0
2694,2694,191997,1,Alexanderplatzviertel,2019,2,14,6,3,5,2,0,1,0,0,0,0,1,0.0,Mitte,Accident with minor injuries,Collision with a turning/crossing vehicle,Turning accident,Daylight,Dry,2215,385748.0
2695,2695,191998,6,Lankwitz Kirche,2019,2,10,3,3,3,6,0,0,1,0,0,0,1,0.0,Steglitz-Zehlendorf,Accident with minor injuries,Collision with a vehicle traveling laterally in the same direction,Collision involving vehicles going in the same way,Daylight,Dry,851,310071.0
2696,2696,191999,5,Adamstraße,2019,2,7,3,3,2,7,0,0,1,0,0,0,0,0.0,Spandau,Accident with minor injuries,Collision with the vehicle in front/waiting vehicle,Others,Daylight,Dry,798,245197.0
2697,2697,192000,1,Stülerstraße,2019,2,13,5,3,2,6,0,0,1,0,0,0,0,0.0,Mitte,Accident with minor injuries,Collision with the vehicle in front/waiting vehicle,Collision involving vehicles going in the same way,Daylight,Dry,2215,385748.0
2698,2698,192001,2,Andreasviertel,2019,2,7,3,3,5,3,1,1,1,0,0,0,0,0.0,Friedrichshain-Kreuzberg,Accident with minor injuries,Collision with a turning/crossing vehicle,Turning/Crossing accident,Twilight,Dry,1381,290386.0
2699,2699,192002,2,Wrangelkiez,2019,2,17,2,3,2,6,2,0,1,0,0,0,0,0.0,Friedrichshain-Kreuzberg,Accident with minor injuries,Collision with the vehicle in front/waiting vehicle,Collision involving vehicles going in the same way,Dark,Dry,1381,290386.0
2700,2700,192003,2,Wrangelkiez,2019,2,17,2,3,2,6,2,0,1,0,0,0,0,0.0,Friedrichshain-Kreuzberg,Accident with minor injuries,Collision with the vehicle in front/waiting vehicle,Collision involving vehicles going in the same way,Dark,Dry,1381,290386.0
2701,2701,192004,11,Rüdigerstraße,2019,2,9,5,3,4,6,0,0,1,0,0,0,0,0.0,Lichtenberg,Accident with minor injuries,Collision with oncoming vehicle,Collision involving vehicles going in the same way,Daylight,Dry,679,294201.0
2702,2702,192005,4,Breitscheidplatz,2019,2,15,2,3,2,6,0,0,1,0,0,0,0,0.0,Charlottenburg-Wilmersdorf,Accident with minor injuries,Collision with the vehicle in front/waiting vehicle,Collision involving vehicles going in the same way,Daylight,Dry,1727,343592.0
2703,2703,192006,3,Niederschönhausen,2019,2,9,2,3,5,2,0,0,1,0,0,1,0,1.0,Pankow,Accident with minor injuries,Collision with a turning/crossing vehicle,Turning accident,Daylight,Wet/moist/slippery,1219,409335.0
2704,2704,192007,9,Köllnische Vorstadt,2019,2,8,2,3,2,2,0,0,1,0,0,0,0,1.0,Treptow-Köpenick,Accident with minor injuries,Collision with the vehicle in front/waiting vehicle,Turning accident,Daylight,Wet/moist/slippery,892,273689.0
2705,2705,192008,1,Oranienburger Straße,2019,2,9,5,3,5,2,0,1,1,0,0,0,0,0.0,Mitte,Accident with minor injuries,Collision with a turning/crossing vehicle,Turning accident,Daylight,Dry,2215,385748.0
2706,2706,192009,9,Schmöckwitz/Rauchfangswerder,2019,2,11,2,3,2,6,0,0,1,0,0,0,0,1.0,Treptow-Köpenick,Accident with minor injuries,Collision with the vehicle in front/waiting vehicle,Collision involving vehicles going in the same way,Daylight,Wet/moist/slippery,892,273689.0
2707,2707,192010,1,Zillesiedlung,2019,2,21,2,3,6,7,2,0,1,1,0,0,0,0.0,Mitte,Accident with minor injuries,Collision between vehicle and pedestrian,Others,Dark,Dry,2215,385748.0
2708,2708,192011,4,Breite Straße,2019,2,14,6,3,0,1,0,1,0,0,0,0,0,0.0,Charlottenburg-Wilmersdorf,Accident with minor injuries,Others,Driving accident,Daylight,Dry,1727,343592.0
2709,2709,192012,9,Grünau,2019,2,21,2,3,6,7,2,0,0,1,0,0,1,0.0,Treptow-Köpenick,Accident with minor injuries,Collision between vehicle and pedestrian,Others,Dark,Dry,892,273689.0
2710,2710,192013,5,Magistratsweg,2019,2,5,2,3,3,6,2,1,0,0,0,0,1,1.0,Spandau,Accident with minor injuries,Collision with a vehicle traveling laterally in the same direction,Collision involving vehicles going in the same way,Dark,Wet/moist/slippery,798,245197.0
2711,2711,192014,10,Wuhletalstraße,2019,2,11,5,3,5,3,0,0,1,0,0,0,0,0.0,Marzahn-Hellersdorf,Accident with minor injuries,Collision with a turning/crossing vehicle,Turning/Crossing accident,Daylight,Dry,586,269967.0
2712,2712,192015,12,Schäfersee,2019,2,7,2,3,6,2,0,0,1,1,0,0,0,1.0,Reinickendorf,Accident with minor injuries,Collision between vehicle and pedestrian,Turning accident,Daylight,Wet/moist/slippery,867,266408.0
2713,2713,192016,8,Treptower Straße Nord,2019,2,5,2,2,5,3,2,0,0,0,1,0,1,1.0,Neukölln,Accident with serious injuries,Collision with a turning/crossing vehicle,Turning/Crossing accident,Dark,Wet/moist/slippery,934,329917.0
2714,2714,192017,8,Rixdorf,2019,2,11,5,3,2,6,0,0,1,0,0,0,1,0.0,Neukölln,Accident with minor injuries,Collision with the vehicle in front/waiting vehicle,Collision involving vehicles going in the same way,Daylight,Dry,934,329917.0
2715,2715,192018,5,Adamstraße,2019,2,19,2,3,6,2,2,0,1,1,0,0,0,0.0,Spandau,Accident with minor injuries,Collision between vehicle and pedestrian,Turning accident,Dark,Dry,798,245197.0
2716,2716,192019,1,Hansaviertel,2019,2,7,2,2,6,7,1,1,0,1,0,0,0,1.0,Mitte,Accident with serious injuries,Collision between vehicle and pedestrian,Others,Twilight,Wet/moist/slippery,2215,385748.0
2717,2717,192020,8,Buckow Mitte,2019,2,18,2,3,6,2,1,0,1,1,0,0,0,0.0,Neukölln,Accident with minor injuries,Collision between vehicle and pedestrian,Turning accident,Twilight,Dry,934,329917.0
2718,2718,192021,1,Unter den Linden Nord,2019,2,19,5,3,0,2,2,1,0,0,0,0,1,0.0,Mitte,Accident with minor injuries,Others,Turning accident,Dark,Dry,2215,385748.0
2719,2719,192022,7,Wittenbergplatz/Viktoria-Luise-Platz,2019,2,16,2,3,6,7,0,1,0,1,0,0,0,0.0,Tempelhof-Schöneberg,Accident with minor injuries,Collision between vehicle and pedestrian,Others,Daylight,Dry,1241,350984.0
2720,2720,192023,11,Große-Leege-Straße,2019,2,16,2,2,5,3,0,1,1,0,0,0,0,0.0,Lichtenberg,Accident with serious injuries,Collision with a turning/crossing vehicle,Turning/Crossing accident,Daylight,Dry,679,294201.0
2721,2721,192024,8,Parchimer Allee,2019,2,15,2,3,6,4,0,0,1,1,0,0,0,0.0,Neukölln,Accident with minor injuries,Collision between vehicle and pedestrian,Pedestrian crossing accident,Daylight,Dry,934,329917.0
2722,2722,192025,4,Eisenzahnstraße,2019,2,7,5,3,5,2,0,1,1,0,0,0,0,1.0,Charlottenburg-Wilmersdorf,Accident with minor injuries,Collision with a turning/crossing vehicle,Turning accident,Daylight,Wet/moist/slippery,1727,343592.0
2723,2723,192026,9,Grünau,2019,2,15,2,2,0,1,0,1,1,0,0,0,0,0.0,Treptow-Köpenick,Accident with serious injuries,Others,Driving accident,Daylight,Dry,892,273689.0
2724,2724,192027,1,Brunnenstraße,2019,2,14,2,3,2,6,0,0,1,0,0,0,0,1.0,Mitte,Accident with minor injuries,Collision with the vehicle in front/waiting vehicle,Collision involving vehicles going in the same way,Daylight,Wet/moist/slippery,2215,385748.0
2725,2725,192028,10,Alt-Mahlsdorf,2019,2,12,2,3,2,6,0,0,1,0,1,0,0,0.0,Marzahn-Hellersdorf,Accident with minor injuries,Collision with the vehicle in front/waiting vehicle,Collision involving vehicles going in the same way,Daylight,Dry,586,269967.0
2726,2726,192029,6,Augustaplatz,2019,2,7,5,3,5,3,0,0,1,0,0,0,0,0.0,Steglitz-Zehlendorf,Accident with minor injuries,Collision with a turning/crossing vehicle,Turning/Crossing accident,Daylight,Dry,851,310071.0
2727,2727,192030,4,Königin-Elisabeth-Straße,2019,2,12,2,3,6,2,0,0,1,1,0,0,0,1.0,Charlottenburg-Wilmersdorf,Accident with minor injuries,Collision between vehicle and pedestrian,Turning accident,Daylight,Wet/moist/slippery,1727,343592.0
2728,2728,192031,3,Helmholtzplatz,2019,2,8,2,3,5,7,0,0,1,0,0,0,1,1.0,Pankow,Accident with minor injuries,Collision with a turning/crossing vehicle,Others,Daylight,Wet/moist/slippery,1219,409335.0
2729,2729,192032,12,Borsigwalde,2019,2,8,2,3,5,7,0,0,1,0,0,0,1,1.0,Reinickendorf,Accident with minor injuries,Collision with a turning/crossing vehicle,Others,Daylight,Wet/moist/slippery,867,266408.0
2730,2730,192033,8,Buschkrugallee Nord,2019,2,7,5,3,5,2,0,0,1,0,0,0,1,1.0,Neukölln,Accident with minor injuries,Collision with a turning/crossing vehicle,Turning accident,Daylight,Wet/moist/slippery,934,329917.0
2731,2731,192034,9,Köpenicker Landstraße,2019,2,18,2,3,6,4,1,0,1,1,0,0,0,0.0,Treptow-Köpenick,Accident with minor injuries,Collision between vehicle and pedestrian,Pedestrian crossing accident,Twilight,Dry,892,273689.0
2732,2732,192035,8,Reuterkiez,2019,2,16,1,3,2,2,2,0,1,0,0,0,0,1.0,Neukölln,Accident with minor injuries,Collision with the vehicle in front/waiting vehicle,Turning accident,Dark,Wet/moist/slippery,934,329917.0
2733,2733,192036,9,Adlershof Ost,2019,2,21,1,3,2,7,2,0,1,0,1,0,0,1.0,Treptow-Köpenick,Accident with minor injuries,Collision with the vehicle in front/waiting vehicle,Others,Dark,Wet/moist/slippery,892,273689.0
2734,2734,192037,12,Wittenau Süd,2019,2,16,5,3,5,2,0,1,1,0,0,0,0,0.0,Reinickendorf,Accident with minor injuries,Collision with a turning/crossing vehicle,Turning accident,Daylight,Dry,867,266408.0
2735,2735,192038,10,Gut Hellersdorf,2019,2,15,1,3,5,2,0,0,1,0,0,0,0,1.0,Marzahn-Hellersdorf,Accident with minor injuries,Collision with a turning/crossing vehicle,Turning accident,Daylight,Wet/moist/slippery,586,269967.0
2736,2736,192039,5,Carl-Schurz-Straße,2019,2,1,1,3,8,1,1,0,1,0,0,0,0,1.0,Spandau,Accident with minor injuries,Departure from the roadway to the right,Driving accident,Twilight,Wet/moist/slippery,798,245197.0
2737,2737,192040,2,Oranienplatz,2019,2,18,1,2,2,6,2,1,1,0,0,0,0,1.0,Friedrichshain-Kreuzberg,Accident with serious injuries,Collision with the vehicle in front/waiting vehicle,Collision involving vehicles going in the same way,Dark,Wet/moist/slippery,1381,290386.0
2738,2738,192041,8,Waltersdorfer Chaussee Ost,2019,2,7,5,3,0,3,0,0,1,0,1,0,0,0.0,Neukölln,Accident with minor injuries,Others,Turning/Crossing accident,Daylight,Dry,934,329917.0
2739,2739,192042,4,Halensee,2019,2,19,1,2,6,2,2,0,1,1,0,0,0,1.0,Charlottenburg-Wilmersdorf,Accident with serious injuries,Collision between vehicle and pedestrian,Turning accident,Dark,Wet/moist/slippery,1727,343592.0
2740,2740,192043,6,Königsberger Straße,2019,2,18,1,2,8,1,2,0,1,0,0,0,1,1.0,Steglitz-Zehlendorf,Accident with serious injuries,Departure from the roadway to the right,Driving accident,Dark,Wet/moist/slippery,851,310071.0
2741,2741,192044,1,Sparrplatz,2019,2,9,1,3,2,6,0,0,1,0,0,0,0,1.0,Mitte,Accident with minor injuries,Collision with the vehicle in front/waiting vehicle,Collision involving vehicles going in the same way,Daylight,Wet/moist/slippery,2215,385748.0
2742,2742,192045,2,Mehringplatz,2019,2,2,1,3,5,3,2,0,1,0,0,0,1,0.0,Friedrichshain-Kreuzberg,Accident with minor injuries,Collision with a turning/crossing vehicle,Turning/Crossing accident,Dark,Dry,1381,290386.0
2743,2743,192046,11,Hauptstraße,2019,2,10,6,3,5,2,0,1,1,0,0,0,0,0.0,Lichtenberg,Accident with minor injuries,Collision with a turning/crossing vehicle,Turning accident,Daylight,Dry,679,294201.0
2744,2744,192047,2,Lausitzer Platz,2019,2,3,7,3,0,1,2,1,0,0,0,0,0,0.0,Friedrichshain-Kreuzberg,Accident with minor injuries,Others,Driving accident,Dark,Dry,1381,290386.0
2745,2745,192048,1,Rehberge,2019,2,1,7,2,8,1,2,0,1,0,0,0,0,0.0,Mitte,Accident with serious injuries,Departure from the roadway to the right,Driving accident,Dark,Dry,2215,385748.0
2746,2746,192049,12,Dannenwalder Weg,2019,2,23,7,3,0,3,2,0,1,0,1,0,0,1.0,Reinickendorf,Accident with minor injuries,Others,Turning/Crossing accident,Dark,Wet/moist/slippery,867,266408.0
2747,2747,192050,8,Gropiusstadt Ost,2019,2,23,7,3,2,6,2,0,1,0,0,0,1,1.0,Neukölln,Accident with minor injuries,Collision with the vehicle in front/waiting vehicle,Collision involving vehicles going in the same way,Dark,Wet/moist/slippery,934,329917.0
2748,2748,192051,8,Rixdorf,2019,2,21,7,3,6,4,2,0,1,1,0,0,0,0.0,Neukölln,Accident with minor injuries,Collision between vehicle and pedestrian,Pedestrian crossing accident,Dark,Dry,934,329917.0
2749,2749,192052,10,Havemannstraße,2019,2,14,5,3,6,4,0,0,1,1,0,0,0,0.0,Marzahn-Hellersdorf,Accident with minor injuries,Collision between vehicle and pedestrian,Pedestrian crossing accident,Daylight,Dry,586,269967.0
2750,2750,192053,1,Lüneburger Straße,2019,2,14,7,3,0,7,0,0,1,0,0,0,1,0.0,Mitte,Accident with minor injuries,Others,Others,Daylight,Dry,2215,385748.0
2751,2751,192054,11,Zingster Straße West,2019,2,20,7,3,5,2,2,0,1,0,0,0,0,1.0,Lichtenberg,Accident with minor injuries,Collision with a turning/crossing vehicle,Turning accident,Dark,Wet/moist/slippery,679,294201.0
2752,2752,192055,9,Dammvorstadt,2019,2,18,7,3,2,6,2,0,1,0,0,0,0,1.0,Treptow-Köpenick,Accident with minor injuries,Collision with the vehicle in front/waiting vehicle,Collision involving vehicles going in the same way,Dark,Wet/moist/slippery,892,273689.0
2753,2753,192056,6,Südende,2019,2,5,5,3,3,6,2,0,1,0,0,0,0,0.0,Steglitz-Zehlendorf,Accident with minor injuries,Collision with a vehicle traveling laterally in the same direction,Collision involving vehicles going in the same way,Dark,Dry,851,310071.0
2754,2754,192057,1,Heine-Viertel West,2019,2,17,7,3,9,1,2,0,0,0,0,0,1,0.0,Mitte,Accident with minor injuries,Departure from the roadway to the left,Driving accident,Dark,Dry,2215,385748.0
2755,2755,192058,4,Plötzensee,2019,2,15,7,3,5,2,0,0,1,0,0,0,0,0.0,Charlottenburg-Wilmersdorf,Accident with minor injuries,Collision with a turning/crossing vehicle,Turning accident,Daylight,Dry,1727,343592.0
2756,2756,192059,4,Plötzensee,2019,2,15,7,3,5,2,0,0,1,0,0,0,0,0.0,Charlottenburg-Wilmersdorf,Accident with minor injuries,Collision with a turning/crossing vehicle,Turning accident,Daylight,Dry,1727,343592.0
2757,2757,192060,1,Humboldthain Nordwest,2019,2,11,6,2,6,2,0,0,0,1,0,1,0,0.0,Mitte,Accident with serious injuries,Collision between vehicle and pedestrian,Turning accident,Daylight,Dry,2215,385748.0
2758,2758,192061,4,Babelsberger Straße,2019,2,14,7,3,3,6,0,1,1,0,0,0,0,0.0,Charlottenburg-Wilmersdorf,Accident with minor injuries,Collision with a vehicle traveling laterally in the same direction,Collision involving vehicles going in the same way,Daylight,Dry,1727,343592.0
2759,2759,192062,5,Gartenfelder Straße,2019,2,14,7,3,0,2,0,1,1,0,0,0,0,0.0,Spandau,Accident with minor injuries,Others,Turning accident,Daylight,Dry,798,245197.0
2760,2760,192063,8,Vogelviertel Süd,2019,2,9,5,3,0,1,0,1,0,0,0,0,0,1.0,Neukölln,Accident with minor injuries,Others,Driving accident,Daylight,Wet/moist/slippery,934,329917.0
2761,2761,192064,7,Manteuffelstraße,2019,2,20,7,2,5,3,2,0,1,0,0,0,0,1.0,Tempelhof-Schöneberg,Accident with serious injuries,Collision with a turning/crossing vehicle,Turning/Crossing accident,Dark,Wet/moist/slippery,1241,350984.0
2762,2762,192065,5,Ackerstraße,2019,2,20,7,2,6,4,2,0,1,1,0,0,0,1.0,Spandau,Accident with serious injuries,Collision between vehicle and pedestrian,Pedestrian crossing accident,Dark,Wet/moist/slippery,798,245197.0
2763,2763,192066,4,Schaperstraße,2019,2,13,7,3,2,6,0,0,1,0,0,0,1,0.0,Charlottenburg-Wilmersdorf,Accident with minor injuries,Collision with the vehicle in front/waiting vehicle,Collision involving vehicles going in the same way,Daylight,Dry,1727,343592.0
2764,2764,192067,1,Sparrplatz,2019,2,14,4,3,5,2,0,1,1,0,0,0,0,0.0,Mitte,Accident with minor injuries,Collision with a turning/crossing vehicle,Turning accident,Daylight,Dry,2215,385748.0
2765,2765,192068,3,Arnimplatz,2019,2,13,7,3,5,3,0,0,1,0,0,0,0,0.0,Pankow,Accident with minor injuries,Collision with a turning/crossing vehicle,Turning/Crossing accident,Daylight,Dry,1219,409335.0
2766,2766,192069,9,Dammvorstadt,2019,2,13,7,3,2,6,0,0,1,0,0,0,0,0.0,Treptow-Köpenick,Accident with minor injuries,Collision with the vehicle in front/waiting vehicle,Collision involving vehicles going in the same way,Daylight,Dry,892,273689.0
2767,2767,192070,1,Emdener Straße,2019,2,12,7,3,5,2,0,1,1,0,0,0,0,1.0,Mitte,Accident with minor injuries,Collision with a turning/crossing vehicle,Turning accident,Daylight,Wet/moist/slippery,2215,385748.0
2768,2768,192071,2,Boxhagener Platz,2019,2,7,4,3,2,2,0,1,1,0,0,0,0,0.0,Friedrichshain-Kreuzberg,Accident with minor injuries,Collision with the vehicle in front/waiting vehicle,Turning accident,Daylight,Dry,1381,290386.0
2769,2769,192072,7,Eisenacher Straße,2019,2,12,7,2,5,2,0,1,1,0,0,0,0,0.0,Tempelhof-Schöneberg,Accident with serious injuries,Collision with a turning/crossing vehicle,Turning accident,Daylight,Dry,1241,350984.0
2770,2770,192073,9,Oberschöneweide West,2019,2,12,7,3,2,6,0,0,1,0,0,0,0,0.0,Treptow-Köpenick,Accident with minor injuries,Collision with the vehicle in front/waiting vehicle,Collision involving vehicles going in the same way,Daylight,Dry,892,273689.0
2771,2771,192074,3,Gustav-Adolf-Straße,2019,2,14,7,3,5,3,0,1,0,0,0,0,1,0.0,Pankow,Accident with minor injuries,Collision with a turning/crossing vehicle,Turning/Crossing accident,Daylight,Dry,1219,409335.0