,Unnamed: 0,object id,district,street,year,month,hour of day,weekday,category,accident type,accident type 2,light situation,bike involved,car involved,pedestrian involved,motor bike involved,big track involved,other vehicle involved,road condition,district name,category name,accident detail,accident type detail,light condition,road condition detail,accident count by district,est. population
2772,2772,192075,6,Schütte-Lanz-Straße,2019,2,18,5,2,0,3,1,0,0,0,0,0,1,0.0,Steglitz-Zehlendorf,Accident with serious injuries,Others,Turning/Crossing accident,Twilight,Dry,851,310071.0
2773,2773,192076,4,Breitscheidplatz,2019,2,10,6,3,1,5,0,0,1,0,0,1,0,0.0,Charlottenburg-Wilmersdorf,Accident with minor injuries,Collision with a moving/standing/parked vehicle,Accident involving parked vehicles,Daylight,Dry,1727,343592.0
2774,2774,192077,10,Havemannstraße,2019,2,12,6,3,5,3,0,0,1,0,0,0,0,0.0,Marzahn-Hellersdorf,Accident with minor injuries,Collision with a turning/crossing vehicle,Turning/Crossing accident,Daylight,Dry,586,269967.0
2775,2775,192078,4,Reichsstraße,2019,2,13,4,3,5,3,0,0,1,0,0,0,0,0.0,Charlottenburg-Wilmersdorf,Accident with minor injuries,Collision with a turning/crossing vehicle,Turning/Crossing accident,Daylight,Dry,1727,343592.0
2776,2776,192079,11,Wartenberg Süd,2019,2,9,6,2,5,3,0,0,1,0,0,0,0,0.0,Lichtenberg,Accident with serious injuries,Collision with a turning/crossing vehicle,Turning/Crossing accident,Daylight,Dry,679,294201.0
2777,2777,192080,11,Fennpfuhl Ost,2019,2,14,6,3,0,7,0,0,0,0,0,0,1,0.0,Lichtenberg,Accident with minor injuries,Others,Others,Daylight,Dry,679,294201.0
2778,2778,192081,11,Hauptstraße,2019,2,15,4,3,5,3,0,0,1,0,0,0,0,1.0,Lichtenberg,Accident with minor injuries,Collision with a turning/crossing vehicle,Turning/Crossing accident,Daylight,Wet/moist/slippery,679,294201.0
2779,2779,192082,2,Boxhagener Platz,2019,2,23,6,3,6,7,2,0,1,1,0,0,0,0.0,Friedrichshain-Kreuzberg,Accident with minor injuries,Collision between vehicle and pedestrian,Others,Dark,Dry,1381,290386.0
2780,2780,192083,4,Bismarckallee,2019,2,9,6,3,0,6,0,0,1,0,0,0,0,0.0,Charlottenburg-Wilmersdorf,Accident with minor injuries,Others,Collision involving vehicles going in the same way,Daylight,Dry,1727,343592.0
2781,2781,192084,10,Springpfuhl,2019,2,5,6,3,6,4,2,0,1,1,0,0,0,0.0,Marzahn-Hellersdorf,Accident with minor injuries,Collision between vehicle and pedestrian,Pedestrian crossing accident,Dark,Dry,586,269967.0
2782,2782,192085,11,Herzbergstraße,2019,2,15,4,2,3,6,0,0,1,0,1,0,0,1.0,Lichtenberg,Accident with serious injuries,Collision with a vehicle traveling laterally in the same direction,Collision involving vehicles going in the same way,Daylight,Wet/moist/slippery,679,294201.0
2783,2783,192086,4,Breitscheidplatz,2019,2,15,6,2,5,2,0,0,1,0,1,0,0,0.0,Charlottenburg-Wilmersdorf,Accident with serious injuries,Collision with a turning/crossing vehicle,Turning accident,Daylight,Dry,1727,343592.0
2784,2784,192087,6,Stadtpark,2019,2,17,6,3,5,2,1,0,1,0,0,0,0,0.0,Steglitz-Zehlendorf,Accident with minor injuries,Collision with a turning/crossing vehicle,Turning accident,Twilight,Dry,851,310071.0
2785,2785,192088,1,Unter den Linden Nord,2019,2,18,6,3,6,4,1,0,1,1,0,0,0,0.0,Mitte,Accident with minor injuries,Collision between vehicle and pedestrian,Pedestrian crossing accident,Twilight,Dry,2215,385748.0
2786,2786,192089,1,Reinickendorfer Straße,2019,2,21,5,2,5,2,2,1,0,0,0,1,0,0.0,Mitte,Accident with serious injuries,Collision with a turning/crossing vehicle,Turning accident,Dark,Dry,2215,385748.0
2787,2787,192090,6,Thielallee,2019,2,2,6,2,5,3,2,0,1,0,0,0,0,1.0,Steglitz-Zehlendorf,Accident with serious injuries,Collision with a turning/crossing vehicle,Turning/Crossing accident,Dark,Wet/moist/slippery,851,310071.0
2788,2788,192091,11,Wartenberg Nord,2019,2,5,6,3,5,3,2,0,1,0,0,0,0,0.0,Lichtenberg,Accident with minor injuries,Collision with a turning/crossing vehicle,Turning/Crossing accident,Dark,Dry,679,294201.0
2789,2789,192092,3,Wilhelmsruh,2019,2,5,6,3,2,6,2,0,1,0,0,0,0,0.0,Pankow,Accident with minor injuries,Collision with the vehicle in front/waiting vehicle,Collision involving vehicles going in the same way,Dark,Dry,1219,409335.0
2790,2790,192093,1,Westliche Müllerstraße,2019,2,15,4,3,5,3,0,0,1,0,1,0,0,1.0,Mitte,Accident with minor injuries,Collision with a turning/crossing vehicle,Turning/Crossing accident,Daylight,Wet/moist/slippery,2215,385748.0
2791,2791,192094,3,Volkspark Prenzlauer Berg,2019,2,8,6,3,2,6,0,0,1,0,0,0,1,0.0,Pankow,Accident with minor injuries,Collision with the vehicle in front/waiting vehicle,Collision involving vehicles going in the same way,Daylight,Dry,1219,409335.0
2792,2792,192095,4,Hindemithplatz,2019,2,9,6,2,1,5,0,1,0,0,0,0,1,1.0,Charlottenburg-Wilmersdorf,Accident with serious injuries,Collision with a moving/standing/parked vehicle,Accident involving parked vehicles,Daylight,Wet/moist/slippery,1727,343592.0
2793,2793,192096,3,Buchholz,2019,2,11,6,3,0,2,0,0,1,0,0,0,1,0.0,Pankow,Accident with minor injuries,Others,Turning accident,Daylight,Dry,1219,409335.0
2794,2794,192097,8,Körnerpark,2019,2,11,6,3,5,3,0,0,1,0,0,0,0,0.0,Neukölln,Accident with minor injuries,Collision with a turning/crossing vehicle,Turning/Crossing accident,Daylight,Dry,934,329917.0
2795,2795,192098,9,Müggelheim,2019,2,11,6,3,4,2,0,0,1,0,0,0,0,0.0,Treptow-Köpenick,Accident with minor injuries,Collision with oncoming vehicle,Turning accident,Daylight,Dry,892,273689.0
2796,2796,192099,2,Andreasviertel,2019,2,16,5,3,5,2,0,1,1,0,0,0,0,0.0,Friedrichshain-Kreuzberg,Accident with minor injuries,Collision with a turning/crossing vehicle,Turning accident,Daylight,Dry,1381,290386.0
2797,2797,192100,3,Buchholz,2019,2,13,6,2,6,4,0,0,1,1,0,0,0,0.0,Pankow,Accident with serious injuries,Collision between vehicle and pedestrian,Pedestrian crossing accident,Daylight,Dry,1219,409335.0
2798,2798,192101,5,Zitadellenweg,2019,2,14,6,3,2,6,0,0,1,0,0,0,0,0.0,Spandau,Accident with minor injuries,Collision with the vehicle in front/waiting vehicle,Collision involving vehicles going in the same way,Daylight,Dry,798,245197.0
2799,2799,192102,2,Graefekiez,2019,2,14,6,3,2,6,0,0,1,0,0,0,0,0.0,Friedrichshain-Kreuzberg,Accident with minor injuries,Collision with the vehicle in front/waiting vehicle,Collision involving vehicles going in the same way,Daylight,Dry,1381,290386.0
2800,2800,192103,12,Heiligensee,2019,2,14,6,3,5,3,0,0,1,0,0,0,0,0.0,Reinickendorf,Accident with minor injuries,Collision with a turning/crossing vehicle,Turning/Crossing accident,Daylight,Dry,867,266408.0
2801,2801,192104,1,Arkonaplatz,2019,2,20,5,3,6,7,2,1,0,1,0,0,0,0.0,Mitte,Accident with minor injuries,Collision between vehicle and pedestrian,Others,Dark,Dry,2215,385748.0
2802,2802,192105,7,Volkspark (Rudolf-Wilde-Park),2019,2,15,6,3,1,5,0,1,1,0,0,0,0,0.0,Tempelhof-Schöneberg,Accident with minor injuries,Collision with a moving/standing/parked vehicle,Accident involving parked vehicles,Daylight,Dry,1241,350984.0
2803,2803,192106,6,Oberhofer Platz,2019,2,5,6,2,9,1,1,0,1,0,0,0,0,1.0,Steglitz-Zehlendorf,Accident with serious injuries,Departure from the roadway to the left,Driving accident,Twilight,Wet/moist/slippery,851,310071.0
2804,2804,192107,12,Ziekowstraße/Freie Scholle,2019,2,20,5,2,9,1,2,0,1,0,0,0,0,1.0,Reinickendorf,Accident with serious injuries,Departure from the roadway to the left,Driving accident,Dark,Wet/moist/slippery,867,266408.0
2805,2805,192108,10,Alte Hellersdorfer Straße,2019,2,15,4,3,2,6,0,0,1,0,0,0,1,0.0,Marzahn-Hellersdorf,Accident with minor injuries,Collision with the vehicle in front/waiting vehicle,Collision involving vehicles going in the same way,Daylight,Dry,586,269967.0
2806,2806,192109,1,Heine-Viertel Ost,2019,2,5,5,3,5,3,2,0,1,0,1,0,0,0.0,Mitte,Accident with minor injuries,Collision with a turning/crossing vehicle,Turning/Crossing accident,Dark,Dry,2215,385748.0
2807,2807,192110,3,Buch,2019,2,10,5,3,5,2,0,0,1,0,0,0,0,0.0,Pankow,Accident with minor injuries,Collision with a turning/crossing vehicle,Turning accident,Daylight,Dry,1219,409335.0
2808,2808,192111,6,Zehlendorf Mitte,2019,2,10,5,3,2,2,0,0,1,0,0,0,0,0.0,Steglitz-Zehlendorf,Accident with minor injuries,Collision with the vehicle in front/waiting vehicle,Turning accident,Daylight,Dry,851,310071.0
2809,2809,192112,9,Grünau,2019,2,11,5,3,2,7,0,0,1,0,0,0,1,0.0,Treptow-Köpenick,Accident with minor injuries,Collision with the vehicle in front/waiting vehicle,Others,Daylight,Dry,892,273689.0
2810,2810,192113,8,Glasower Straße,2019,2,13,5,3,5,3,0,0,1,0,0,0,0,0.0,Neukölln,Accident with minor injuries,Collision with a turning/crossing vehicle,Turning/Crossing accident,Daylight,Dry,934,329917.0
2811,2811,192114,5,Zitadellenweg,2019,2,15,5,3,5,7,0,0,1,0,0,0,1,1.0,Spandau,Accident with minor injuries,Collision with a turning/crossing vehicle,Others,Daylight,Wet/moist/slippery,798,245197.0
2812,2812,192115,7,Manteuffelstraße,2019,2,14,5,3,5,2,0,1,1,0,0,0,0,0.0,Tempelhof-Schöneberg,Accident with minor injuries,Collision with a turning/crossing vehicle,Turning accident,Daylight,Dry,1241,350984.0
2813,2813,192116,7,Neu-Tempelhof,2019,2,17,5,3,3,6,2,0,1,0,0,0,0,0.0,Tempelhof-Schöneberg,Accident with minor injuries,Collision with a vehicle traveling laterally in the same direction,Collision involving vehicles going in the same way,Dark,Dry,1241,350984.0
2814,2814,192117,3,Volkspark Prenzlauer Berg,2019,2,18,5,3,2,2,2,0,1,0,0,0,0,0.0,Pankow,Accident with minor injuries,Collision with the vehicle in front/waiting vehicle,Turning accident,Dark,Dry,1219,409335.0
2815,2815,192118,10,Kaulsdorf Nord,2019,2,20,5,3,5,3,2,0,1,0,0,0,0,0.0,Marzahn-Hellersdorf,Accident with minor injuries,Collision with a turning/crossing vehicle,Turning/Crossing accident,Dark,Dry,586,269967.0
2816,2816,192119,9,Späthsfelde,2019,2,16,4,3,2,6,0,0,1,0,0,0,1,0.0,Treptow-Köpenick,Accident with minor injuries,Collision with the vehicle in front/waiting vehicle,Collision involving vehicles going in the same way,Daylight,Dry,892,273689.0
2817,2817,192120,7,Manteuffelstraße,2019,2,20,5,3,2,6,2,0,1,0,0,0,0,0.0,Tempelhof-Schöneberg,Accident with minor injuries,Collision with the vehicle in front/waiting vehicle,Collision involving vehicles going in the same way,Dark,Dry,1241,350984.0
2818,2818,192121,5,Zitadellenweg,2019,2,21,5,3,2,6,2,0,1,0,0,1,0,0.0,Spandau,Accident with minor injuries,Collision with the vehicle in front/waiting vehicle,Collision involving vehicles going in the same way,Dark,Dry,798,245197.0
2819,2819,192122,9,Baumschulenstraße,2019,2,21,5,3,5,3,2,0,1,0,0,0,0,0.0,Treptow-Köpenick,Accident with minor injuries,Collision with a turning/crossing vehicle,Turning/Crossing accident,Dark,Dry,892,273689.0
2820,2820,192123,4,Kaiserin-Augusta-Allee,2019,2,16,4,2,5,7,0,0,1,0,1,0,0,0.0,Charlottenburg-Wilmersdorf,Accident with serious injuries,Collision with a turning/crossing vehicle,Others,Daylight,Dry,1727,343592.0
2821,2821,192124,4,Motardstraße,2019,2,18,5,2,2,6,1,0,1,0,1,0,0,1.0,Charlottenburg-Wilmersdorf,Accident with serious injuries,Collision with the vehicle in front/waiting vehicle,Collision involving vehicles going in the same way,Twilight,Wet/moist/slippery,1727,343592.0
2822,2822,192125,1,Gesundbrunnen,2019,2,23,5,3,5,2,2,0,1,0,0,0,0,0.0,Mitte,Accident with minor injuries,Collision with a turning/crossing vehicle,Turning accident,Dark,Dry,2215,385748.0
2823,2823,192126,6,Lankwitz Süd,2019,2,16,5,3,5,3,0,0,1,0,0,0,0,1.0,Steglitz-Zehlendorf,Accident with minor injuries,Collision with a turning/crossing vehicle,Turning/Crossing accident,Daylight,Wet/moist/slippery,851,310071.0
2824,2824,192127,5,Tiefwerder,2019,2,11,5,3,2,6,0,0,1,0,0,0,0,0.0,Spandau,Accident with minor injuries,Collision with the vehicle in front/waiting vehicle,Collision involving vehicles going in the same way,Daylight,Dry,798,245197.0
2825,2825,192128,1,Heine-Viertel West,2019,2,14,6,3,2,6,0,1,1,0,0,0,0,0.0,Mitte,Accident with minor injuries,Collision with the vehicle in front/waiting vehicle,Collision involving vehicles going in the same way,Daylight,Dry,2215,385748.0
2826,2826,192129,11,Dorf Wartenberg,2019,2,17,5,3,0,7,2,0,0,0,0,1,0,1.0,Lichtenberg,Accident with minor injuries,Others,Others,Dark,Wet/moist/slippery,679,294201.0
2827,2827,192130,8,Gropiusstadt Ost,2019,2,20,5,3,6,7,2,0,1,1,0,0,0,0.0,Neukölln,Accident with minor injuries,Collision between vehicle and pedestrian,Others,Dark,Dry,934,329917.0
2828,2828,192131,1,Alexanderplatzviertel,2019,2,16,4,3,0,4,1,0,0,1,0,0,1,1.0,Mitte,Accident with minor injuries,Others,Pedestrian crossing accident,Twilight,Wet/moist/slippery,2215,385748.0
2829,2829,192132,12,Scharnweberstraße,2019,2,11,4,3,2,6,0,0,1,0,0,0,0,0.0,Reinickendorf,Accident with minor injuries,Collision with the vehicle in front/waiting vehicle,Collision involving vehicles going in the same way,Daylight,Dry,867,266408.0
2830,2830,192133,12,Reinickes Hof,2019,2,10,4,3,2,6,0,0,1,0,0,0,0,0.0,Reinickendorf,Accident with minor injuries,Collision with the vehicle in front/waiting vehicle,Collision involving vehicles going in the same way,Daylight,Dry,867,266408.0
2831,2831,192134,8,Buckow Ost,2019,2,16,4,2,5,2,0,0,1,0,1,0,0,0.0,Neukölln,Accident with serious injuries,Collision with a turning/crossing vehicle,Turning accident,Daylight,Dry,934,329917.0
2832,2832,192135,3,Alt-Karow,2019,2,12,4,3,5,3,0,0,1,0,0,0,0,1.0,Pankow,Accident with minor injuries,Collision with a turning/crossing vehicle,Turning/Crossing accident,Daylight,Wet/moist/slippery,1219,409335.0
2833,2833,192136,2,Andreasviertel,2019,2,22,4,3,6,4,2,1,0,1,0,0,0,0.0,Friedrichshain-Kreuzberg,Accident with minor injuries,Collision between vehicle and pedestrian,Pedestrian crossing accident,Dark,Dry,1381,290386.0
2834,2834,192137,3,Weißer See,2019,2,15,4,3,2,2,0,0,1,0,0,0,0,0.0,Pankow,Accident with minor injuries,Collision with the vehicle in front/waiting vehicle,Turning accident,Daylight,Dry,1219,409335.0
2835,2835,192138,12,Schorfheidestraße,2019,2,15,4,3,6,7,0,0,1,1,0,0,0,0.0,Reinickendorf,Accident with minor injuries,Collision between vehicle and pedestrian,Others,Daylight,Dry,867,266408.0
2836,2836,192139,6,Botanischer Garten,2019,2,16,5,3,5,3,0,0,1,0,0,0,0,0.0,Steglitz-Zehlendorf,Accident with minor injuries,Collision with a turning/crossing vehicle,Turning/Crossing accident,Daylight,Dry,851,310071.0
2837,2837,192140,11,Landsberger Allee,2019,2,15,4,2,5,3,0,1,1,0,0,0,0,0.0,Lichtenberg,Accident with serious injuries,Collision with a turning/crossing vehicle,Turning/Crossing accident,Daylight,Dry,679,294201.0
2838,2838,192141,10,Gut Hellersdorf,2019,2,14,4,3,5,3,0,0,1,0,0,0,0,0.0,Marzahn-Hellersdorf,Accident with minor injuries,Collision with a turning/crossing vehicle,Turning/Crossing accident,Daylight,Dry,586,269967.0
2839,2839,192142,5,Gartenfelder Straße,2019,2,12,4,3,1,5,0,0,1,0,0,1,0,0.0,Spandau,Accident with minor injuries,Collision with a moving/standing/parked vehicle,Accident involving parked vehicles,Daylight,Dry,798,245197.0
2840,2840,192143,1,Westhafen,2019,2,13,6,3,2,2,0,0,1,0,0,0,1,0.0,Mitte,Accident with minor injuries,Collision with the vehicle in front/waiting vehicle,Turning accident,Daylight,Dry,2215,385748.0
2841,2841,192144,3,Heinersdorf,2019,2,14,4,3,2,7,0,0,1,0,0,0,0,0.0,Pankow,Accident with minor injuries,Collision with the vehicle in front/waiting vehicle,Others,Daylight,Dry,1219,409335.0
2842,2842,192145,1,Rehberge,2019,2,14,4,2,5,2,0,0,1,0,0,0,0,0.0,Mitte,Accident with serious injuries,Collision with a turning/crossing vehicle,Turning accident,Daylight,Dry,2215,385748.0
2843,2843,192146,9,Johannisthal West,2019,2,11,4,3,9,1,0,0,1,0,0,0,0,0.0,Treptow-Köpenick,Accident with minor injuries,Departure from the roadway to the left,Driving accident,Daylight,Dry,892,273689.0
2844,2844,192147,1,Oranienburger Straße,2019,2,13,4,3,6,7,0,0,1,1,0,0,0,0.0,Mitte,Accident with minor injuries,Collision between vehicle and pedestrian,Others,Daylight,Dry,2215,385748.0
2845,2845,192148,7,Rathaus Tempelhof,2019,2,13,4,3,6,4,0,0,1,1,0,0,0,0.0,Tempelhof-Schöneberg,Accident with minor injuries,Collision between vehicle and pedestrian,Pedestrian crossing accident,Daylight,Dry,1241,350984.0
2846,2846,192149,3,Arnimplatz,2019,2,20,4,3,6,2,2,0,1,1,0,0,0,1.0,Pankow,Accident with minor injuries,Collision between vehicle and pedestrian,Turning accident,Dark,Wet/moist/slippery,1219,409335.0
2847,2847,192150,11,Victoriastadt,2019,2,11,4,3,1,5,0,1,0,0,0,1,1,0.0,Lichtenberg,Accident with minor injuries,Collision with a moving/standing/parked vehicle,Accident involving parked vehicles,Daylight,Dry,679,294201.0
2848,2848,192151,7,Marienfelde Süd,2019,2,10,4,3,5,3,0,0,1,0,0,0,1,1.0,Tempelhof-Schöneberg,Accident with minor injuries,Collision with a turning/crossing vehicle,Turning/Crossing accident,Daylight,Wet/moist/slippery,1241,350984.0
2849,2849,192152,12,Wittenau Süd,2019,2,9,4,2,9,1,0,0,1,0,0,0,0,1.0,Reinickendorf,Accident with serious injuries,Departure from the roadway to the left,Driving accident,Daylight,Wet/moist/slippery,867,266408.0
2850,2850,192153,6,Goerzwerke,2019,2,19,5,3,2,6,2,0,1,0,0,0,0,0.0,Steglitz-Zehlendorf,Accident with minor injuries,Collision with the vehicle in front/waiting vehicle,Collision involving vehicles going in the same way,Dark,Dry,851,310071.0
2851,2851,192154,3,Weißenseer Spitze,2019,2,9,4,3,5,3,0,0,1,0,0,0,0,0.0,Pankow,Accident with minor injuries,Collision with a turning/crossing vehicle,Turning/Crossing accident,Daylight,Dry,1219,409335.0
2852,2852,192155,8,Rixdorf,2019,2,8,4,3,9,1,0,1,0,0,0,0,0,0.0,Neukölln,Accident with minor injuries,Departure from the roadway to the left,Driving accident,Daylight,Dry,934,329917.0
2853,2853,192156,12,Tegel Süd,2019,2,7,4,3,0,5,0,0,1,0,0,1,0,0.0,Reinickendorf,Accident with minor injuries,Others,Accident involving parked vehicles,Daylight,Dry,867,266408.0
2854,2854,192157,1,Leopoldplatz,2019,2,5,4,3,6,4,2,0,1,1,0,0,0,1.0,Mitte,Accident with minor injuries,Collision between vehicle and pedestrian,Pedestrian crossing accident,Dark,Wet/moist/slippery,2215,385748.0
2855,2855,192158,12,Heiligensee,2019,2,7,4,2,5,2,0,1,1,0,0,0,0,0.0,Reinickendorf,Accident with serious injuries,Collision with a turning/crossing vehicle,Turning accident,Daylight,Dry,867,266408.0
2856,2856,192159,2,Weberwiese,2019,2,19,4,3,1,5,2,1,1,0,0,0,0,0.0,Friedrichshain-Kreuzberg,Accident with minor injuries,Collision with a moving/standing/parked vehicle,Accident involving parked vehicles,Dark,Dry,1381,290386.0
2857,2857,192160,1,Karl-Marx-Allee,2019,2,19,4,3,0,6,1,0,1,0,0,0,1,0.0,Mitte,Accident with minor injuries,Others,Collision involving vehicles going in the same way,Twilight,Dry,2215,385748.0
2858,2858,192161,4,Spreestadt,2019,2,18,4,3,0,1,2,1,0,0,0,0,0,0.0,Charlottenburg-Wilmersdorf,Accident with minor injuries,Others,Driving accident,Dark,Dry,1727,343592.0
2859,2859,192162,5,Borkumer Straße,2019,2,16,4,3,0,2,0,0,0,0,0,0,1,0.0,Spandau,Accident with minor injuries,Others,Turning accident,Daylight,Dry,798,245197.0
2860,2860,192163,10,Mahlsdorf Süd,2019,2,6,4,3,5,2,2,0,1,0,0,0,1,1.0,Marzahn-Hellersdorf,Accident with minor injuries,Collision with a turning/crossing vehicle,Turning accident,Dark,Wet/moist/slippery,586,269967.0
2861,2861,192164,6,Zehlendorf Eiche,2019,2,8,3,3,5,3,0,1,1,0,0,0,0,1.0,Steglitz-Zehlendorf,Accident with minor injuries,Collision with a turning/crossing vehicle,Turning/Crossing accident,Daylight,Wet/moist/slippery,851,310071.0
2862,2862,192165,2,Reichenberger Straße,2019,2,15,3,3,5,3,0,0,1,0,0,0,0,0.0,Friedrichshain-Kreuzberg,Accident with minor injuries,Collision with a turning/crossing vehicle,Turning/Crossing accident,Daylight,Dry,1381,290386.0
2863,2863,192166,2,Wriezener Bahnhof/Entwicklungsgebiet,2019,2,11,3,3,5,2,0,0,1,0,0,0,0,0.0,Friedrichshain-Kreuzberg,Accident with minor injuries,Collision with a turning/crossing vehicle,Turning accident,Daylight,Dry,1381,290386.0
2864,2864,192167,3,Karow Nord,2019,2,16,5,3,5,3,1,0,1,0,0,0,0,1.0,Pankow,Accident with minor injuries,Collision with a turning/crossing vehicle,Turning/Crossing accident,Twilight,Wet/moist/slippery,1219,409335.0
2865,2865,192168,7,Marienhöhe,2019,2,10,3,3,5,2,0,1,1,0,0,0,0,1.0,Tempelhof-Schöneberg,Accident with minor injuries,Collision with a turning/crossing vehicle,Turning accident,Daylight,Wet/moist/slippery,1241,350984.0
2866,2866,192169,2,Stralauer Kiez,2019,2,5,3,2,5,3,2,0,1,0,0,0,0,0.0,Friedrichshain-Kreuzberg,Accident with serious injuries,Collision with a turning/crossing vehicle,Turning/Crossing accident,Dark,Dry,1381,290386.0
2867,2867,192170,6,Markelstraße,2019,2,11,3,3,5,3,0,0,1,0,1,0,0,1.0,Steglitz-Zehlendorf,Accident with minor injuries,Collision with a turning/crossing vehicle,Turning/Crossing accident,Daylight,Wet/moist/slippery,851,310071.0
2868,2868,192171,1,Arkonaplatz,2019,2,20,4,2,5,3,2,0,1,0,0,0,0,1.0,Mitte,Accident with serious injuries,Collision with a turning/crossing vehicle,Turning/Crossing accident,Dark,Wet/moist/slippery,2215,385748.0
2869,2869,192172,2,Moritzplatz,2019,2,12,3,3,6,4,0,0,1,1,0,0,0,1.0,Friedrichshain-Kreuzberg,Accident with minor injuries,Collision between vehicle and pedestrian,Pedestrian crossing accident,Daylight,Wet/moist/slippery,1381,290386.0
2870,2870,192173,1,Oranienburger Straße,2019,2,15,3,3,2,6,0,0,1,0,0,0,0,0.0,Mitte,Accident with minor injuries,Collision with the vehicle in front/waiting vehicle,Collision involving vehicles going in the same way,Daylight,Dry,2215,385748.0
2871,2871,192174,4,George-Grosz-Platz,2019,2,7,3,3,5,3,0,0,1,0,0,0,0,1.0,Charlottenburg-Wilmersdorf,Accident with minor injuries,Collision with a turning/crossing vehicle,Turning/Crossing accident,Daylight,Wet/moist/slippery,1727,343592.0
2872,2872,192175,2,Moritzplatz,2019,2,17,3,3,6,7,2,0,1,1,0,0,0,0.0,Friedrichshain-Kreuzberg,Accident with minor injuries,Collision between vehicle and pedestrian,Others,Dark,Dry,1381,290386.0
2873,2873,192176,9,Spindlersfeld,2019,2,20,3,3,2,6,2,0,1,0,0,0,0,1.0,Treptow-Köpenick,Accident with minor injuries,Collision with the vehicle in front/waiting vehicle,Collision involving vehicles going in the same way,Dark,Wet/moist/slippery,892,273689.0
2874,2874,192177,12,Mellerbogen,2019,2,22,3,3,6,2,2,0,1,1,0,0,0,0.0,Reinickendorf,Accident with minor injuries,Collision between vehicle and pedestrian,Turning accident,Dark,Dry,867,266408.0
2875,2875,192178,1,Charitéviertel,2019,2,6,4,3,6,2,1,0,1,1,0,0,0,1.0,Mitte,Accident with minor injuries,Collision between vehicle and pedestrian,Turning accident,Twilight,Wet/moist/slippery,2215,385748.0
2876,2876,192179,1,Charitéviertel,2019,2,22,3,3,5,2,2,0,1,0,0,0,0,0.0,Mitte,Accident with minor injuries,Collision with a turning/crossing vehicle,Turning accident,Dark,Dry,2215,385748.0
2877,2877,192180,7,Dennewitzplatz,2019,2,22,3,3,0,2,2,0,1,0,1,0,0,0.0,Tempelhof-Schöneberg,Accident with minor injuries,Others,Turning accident,Dark,Dry,1241,350984.0
2878,2878,192181,12,Wittenau Süd,2019,2,21,3,3,5,2,2,0,1,0,0,0,0,0.0,Reinickendorf,Accident with minor injuries,Collision with a turning/crossing vehicle,Turning accident,Dark,Dry,867,266408.0
2879,2879,192182,4,Schloßstraße,2019,2,11,3,2,5,2,0,1,1,0,0,0,0,1.0,Charlottenburg-Wilmersdorf,Accident with serious injuries,Collision with a turning/crossing vehicle,Turning accident,Daylight,Wet/moist/slippery,1727,343592.0
2880,2880,192183,10,Alt-Mahlsdorf,2019,2,15,5,3,5,2,0,1,1,0,0,0,0,0.0,Marzahn-Hellersdorf,Accident with minor injuries,Collision with a turning/crossing vehicle,Turning accident,Daylight,Dry,586,269967.0
2881,2881,192184,8,Reuterkiez,2019,2,17,3,2,5,2,2,0,1,0,1,0,0,1.0,Neukölln,Accident with serious injuries,Collision with a turning/crossing vehicle,Turning accident,Dark,Wet/moist/slippery,934,329917.0
2882,2882,192185,4,Plötzensee,2019,2,11,3,2,4,6,0,0,1,0,0,0,1,0.0,Charlottenburg-Wilmersdorf,Accident with serious injuries,Collision with oncoming vehicle,Collision involving vehicles going in the same way,Daylight,Dry,1727,343592.0
2883,2883,192186,7,Rathaus Tempelhof,2019,2,13,3,2,2,6,0,0,1,0,0,0,0,1.0,Tempelhof-Schöneberg,Accident with serious injuries,Collision with the vehicle in front/waiting vehicle,Collision involving vehicles going in the same way,Daylight,Wet/moist/slippery,1241,350984.0
2884,2884,192187,6,Königsberger Straße,2019,2,18,4,3,2,6,2,0,1,0,0,0,0,1.0,Steglitz-Zehlendorf,Accident with minor injuries,Collision with the vehicle in front/waiting vehicle,Collision involving vehicles going in the same way,Dark,Wet/moist/slippery,851,310071.0
2885,2885,192188,5,Zitadellenweg,2019,2,17,3,3,1,6,2,0,1,0,0,0,0,1.0,Spandau,Accident with minor injuries,Collision with a moving/standing/parked vehicle,Collision involving vehicles going in the same way,Dark,Wet/moist/slippery,798,245197.0
2886,2886,192189,5,Carl-Schurz-Straße,2019,2,12,3,2,1,5,0,1,1,0,0,0,0,1.0,Spandau,Accident with serious injuries,Collision with a moving/standing/parked vehicle,Accident involving parked vehicles,Daylight,Wet/moist/slippery,798,245197.0
2887,2887,192190,8,Donaustraße,2019,2,21,3,3,0,1,2,1,0,0,0,0,0,1.0,Neukölln,Accident with minor injuries,Others,Driving accident,Dark,Wet/moist/slippery,934,329917.0
2888,2888,192191,4,Rathaus Wilmersdorf,2019,2,10,6,3,6,2,0,0,1,1,0,0,0,0.0,Charlottenburg-Wilmersdorf,Accident with minor injuries,Collision between vehicle and pedestrian,Turning accident,Daylight,Dry,1727,343592.0
2889,2889,192192,7,Schöneberger Insel,2019,2,14,3,3,8,1,0,0,1,0,0,0,0,0.0,Tempelhof-Schöneberg,Accident with minor injuries,Departure from the roadway to the right,Driving accident,Daylight,Dry,1241,350984.0
2890,2890,192193,12,Scharnweberstraße,2019,2,9,2,3,5,3,0,1,1,0,0,0,0,1.0,Reinickendorf,Accident with minor injuries,Collision with a turning/crossing vehicle,Turning/Crossing accident,Daylight,Wet/moist/slippery,867,266408.0