,Unnamed: 0,object id,district,street,year,month,hour of day,weekday,category,accident type,accident type 2,light situation,bike involved,car involved,pedestrian involved,motor bike involved,big track involved,other vehicle involved,road condition,district name,category name,accident detail,accident type detail,light condition,road condition detail,accident count by district,est. population
3007,3007,192310,5,Hakenfelde Nord,2019,2,13,7,3,0,7,0,0,1,0,0,0,0,0.0,Spandau,Accident with minor injuries,Others,Others,Daylight,Dry,798,245197.0
3008,3008,192311,4,Amtsgerichtsplatz,2019,2,20,4,3,5,3,2,1,1,0,0,0,0,0.0,Charlottenburg-Wilmersdorf,Accident with minor injuries,Collision with a turning/crossing vehicle,Turning/Crossing accident,Dark,Dry,1727,343592.0
3009,3009,192312,3,Kollwitzplatz,2019,2,12,7,3,2,6,0,0,1,0,0,0,0,0.0,Pankow,Accident with minor injuries,Collision with the vehicle in front/waiting vehicle,Collision involving vehicles going in the same way,Daylight,Dry,1219,409335.0
3010,3010,192313,7,Hundsteinweg,2019,2,12,7,2,6,4,0,0,1,1,0,0,0,0.0,Tempelhof-Schöneberg,Accident with serious injuries,Collision between vehicle and pedestrian,Pedestrian crossing accident,Daylight,Dry,1241,350984.0
3011,3011,192314,11,Mühlengrund,2019,2,12,7,3,6,4,0,1,0,1,0,0,0,0.0,Lichtenberg,Accident with minor injuries,Collision between vehicle and pedestrian,Pedestrian crossing accident,Daylight,Dry,679,294201.0
3012,3012,192315,4,Hagenplatz,2019,2,19,4,3,3,6,2,0,1,0,0,0,0,0.0,Charlottenburg-Wilmersdorf,Accident with minor injuries,Collision with a vehicle traveling laterally in the same direction,Collision involving vehicles going in the same way,Dark,Dry,1727,343592.0
3013,3013,192316,4,Amtsgerichtsplatz,2019,2,11,7,3,0,1,0,0,0,0,1,0,0,0.0,Charlottenburg-Wilmersdorf,Accident with minor injuries,Others,Driving accident,Daylight,Dry,1727,343592.0
3014,3014,192317,9,Baumschulenstraße,2019,2,11,7,3,5,2,0,1,1,0,0,0,0,0.0,Treptow-Köpenick,Accident with minor injuries,Collision with a turning/crossing vehicle,Turning accident,Daylight,Dry,892,273689.0
3015,3015,192318,4,Messegelände,2019,2,11,7,3,5,2,0,1,1,0,0,0,0,0.0,Charlottenburg-Wilmersdorf,Accident with minor injuries,Collision with a turning/crossing vehicle,Turning accident,Daylight,Dry,1727,343592.0
3016,3016,192319,12,Alt-Tegel,2019,2,19,4,2,6,4,2,0,1,1,0,0,0,0.0,Reinickendorf,Accident with serious injuries,Collision between vehicle and pedestrian,Pedestrian crossing accident,Dark,Dry,867,266408.0
3017,3017,192320,10,Marzahner Chaussee,2019,2,10,7,3,2,6,0,0,1,0,0,0,0,0.0,Marzahn-Hellersdorf,Accident with minor injuries,Collision with the vehicle in front/waiting vehicle,Collision involving vehicles going in the same way,Daylight,Dry,586,269967.0
3018,3018,192321,2,Lausitzer Platz,2019,2,1,7,3,1,5,2,1,1,0,0,0,0,0.0,Friedrichshain-Kreuzberg,Accident with minor injuries,Collision with a moving/standing/parked vehicle,Accident involving parked vehicles,Dark,Dry,1381,290386.0
3019,3019,192322,1,Wilhelmstraße,2019,2,19,4,3,5,2,2,1,0,0,0,0,1,0.0,Mitte,Accident with minor injuries,Collision with a turning/crossing vehicle,Turning accident,Dark,Dry,2215,385748.0
3020,3020,192323,9,Elsenstraße,2019,2,3,7,2,5,3,2,0,1,0,0,0,0,0.0,Treptow-Köpenick,Accident with serious injuries,Collision with a turning/crossing vehicle,Turning/Crossing accident,Dark,Dry,892,273689.0
3021,3021,192324,5,Ackerstraße,2019,2,9,7,3,5,2,0,0,1,0,0,0,0,0.0,Spandau,Accident with minor injuries,Collision with a turning/crossing vehicle,Turning accident,Daylight,Dry,798,245197.0
3022,3022,192325,12,Treuenbrietzener Straße,2019,2,10,7,3,6,7,0,0,1,1,0,0,0,0.0,Reinickendorf,Accident with minor injuries,Collision between vehicle and pedestrian,Others,Daylight,Dry,867,266408.0
3023,3023,192326,8,Vogelviertel Süd,2019,2,19,4,3,6,2,2,0,1,1,0,0,0,0.0,Neukölln,Accident with minor injuries,Collision between vehicle and pedestrian,Turning accident,Dark,Dry,934,329917.0
3024,3024,192327,1,Emdener Straße,2019,2,10,7,3,2,6,0,0,1,0,0,0,0,0.0,Mitte,Accident with minor injuries,Collision with the vehicle in front/waiting vehicle,Collision involving vehicles going in the same way,Daylight,Dry,2215,385748.0
3025,3025,192328,11,Victoriastadt,2019,2,19,5,2,0,1,2,1,0,0,0,0,0,0.0,Lichtenberg,Accident with serious injuries,Others,Driving accident,Dark,Dry,679,294201.0
3026,3026,192329,1,Alexanderplatzviertel,2019,2,19,7,3,2,6,2,0,1,0,0,0,0,0.0,Mitte,Accident with minor injuries,Collision with the vehicle in front/waiting vehicle,Collision involving vehicles going in the same way,Dark,Dry,2215,385748.0
3027,3027,192330,12,Borsigwalde,2019,2,17,7,3,5,3,1,0,1,0,0,0,1,0.0,Reinickendorf,Accident with minor injuries,Collision with a turning/crossing vehicle,Turning/Crossing accident,Twilight,Dry,867,266408.0
3028,3028,192331,4,Karl-August-Platz,2019,2,18,4,3,1,5,1,1,1,0,0,0,0,0.0,Charlottenburg-Wilmersdorf,Accident with minor injuries,Collision with a moving/standing/parked vehicle,Accident involving parked vehicles,Twilight,Dry,1727,343592.0
3029,3029,192332,1,Charitéviertel,2019,2,10,5,3,1,5,0,1,1,0,0,0,0,0.0,Mitte,Accident with minor injuries,Collision with a moving/standing/parked vehicle,Accident involving parked vehicles,Daylight,Dry,2215,385748.0
3030,3030,192333,3,Erich-Weinert-Straße,2019,2,17,7,3,2,6,2,0,1,0,0,0,0,0.0,Pankow,Accident with minor injuries,Collision with the vehicle in front/waiting vehicle,Collision involving vehicles going in the same way,Dark,Dry,1219,409335.0
3031,3031,192334,1,Charitéviertel,2019,2,16,7,3,5,3,0,1,1,0,0,0,0,0.0,Mitte,Accident with minor injuries,Collision with a turning/crossing vehicle,Turning/Crossing accident,Daylight,Dry,2215,385748.0
3032,3032,192335,7,Marienfelde Nordost,2019,2,18,4,3,5,3,2,0,1,0,0,0,0,0.0,Tempelhof-Schöneberg,Accident with minor injuries,Collision with a turning/crossing vehicle,Turning/Crossing accident,Dark,Dry,1241,350984.0
3033,3033,192336,3,Komponistenviertel Weißensee,2019,2,15,7,3,5,3,0,0,1,0,0,0,0,0.0,Pankow,Accident with minor injuries,Collision with a turning/crossing vehicle,Turning/Crossing accident,Daylight,Dry,1219,409335.0
3034,3034,192337,1,Alexanderplatzviertel,2019,2,13,7,3,6,7,0,0,1,1,0,0,0,0.0,Mitte,Accident with minor injuries,Collision between vehicle and pedestrian,Others,Daylight,Dry,2215,385748.0
3035,3035,192338,3,Kollwitzplatz,2019,2,17,4,3,2,7,1,1,1,0,0,0,0,0.0,Pankow,Accident with minor injuries,Collision with the vehicle in front/waiting vehicle,Others,Twilight,Dry,1219,409335.0
3036,3036,192339,12,Breitkopfbecken,2019,2,13,7,2,6,7,0,0,0,1,0,0,1,0.0,Reinickendorf,Accident with serious injuries,Collision between vehicle and pedestrian,Others,Daylight,Dry,867,266408.0
3037,3037,192340,4,Preußenpark,2019,2,9,6,3,0,5,0,0,1,0,1,0,0,0.0,Charlottenburg-Wilmersdorf,Accident with minor injuries,Others,Accident involving parked vehicles,Daylight,Dry,1727,343592.0
3038,3038,192341,3,Eldenaer Straße,2019,2,18,4,3,5,3,1,1,0,0,0,0,0,0.0,Pankow,Accident with minor injuries,Collision with a turning/crossing vehicle,Turning/Crossing accident,Twilight,Dry,1219,409335.0
3039,3039,192342,6,Lichterfelde Süd,2019,2,18,6,3,3,2,2,1,1,0,0,0,0,1.0,Steglitz-Zehlendorf,Accident with minor injuries,Collision with a vehicle traveling laterally in the same direction,Turning accident,Dark,Wet/moist/slippery,851,310071.0
3040,3040,192343,3,Arnimplatz,2019,2,13,4,3,5,2,0,1,1,0,0,0,0,0.0,Pankow,Accident with minor injuries,Collision with a turning/crossing vehicle,Turning accident,Daylight,Dry,1219,409335.0
3041,3041,192344,6,Bergstraße,2019,2,14,6,3,2,6,0,0,1,0,0,0,0,0.0,Steglitz-Zehlendorf,Accident with minor injuries,Collision with the vehicle in front/waiting vehicle,Collision involving vehicles going in the same way,Daylight,Dry,851,310071.0
3042,3042,192345,6,Zehlendorf Süd,2019,2,8,6,3,2,6,0,0,1,0,0,0,1,0.0,Steglitz-Zehlendorf,Accident with minor injuries,Collision with the vehicle in front/waiting vehicle,Collision involving vehicles going in the same way,Daylight,Dry,851,310071.0
3043,3043,192346,4,Rathaus Wilmersdorf,2019,2,17,4,3,5,2,0,1,1,0,0,0,0,0.0,Charlottenburg-Wilmersdorf,Accident with minor injuries,Collision with a turning/crossing vehicle,Turning accident,Daylight,Dry,1727,343592.0
3044,3044,192347,4,Halensee,2019,2,21,6,3,5,2,2,1,1,0,0,0,0,0.0,Charlottenburg-Wilmersdorf,Accident with minor injuries,Collision with a turning/crossing vehicle,Turning accident,Dark,Dry,1727,343592.0
3045,3045,192348,11,Zingster Straße West,2019,2,13,6,3,6,4,0,0,1,1,0,0,0,0.0,Lichtenberg,Accident with minor injuries,Collision between vehicle and pedestrian,Pedestrian crossing accident,Daylight,Dry,679,294201.0
3046,3046,192349,1,Sparrplatz,2019,2,12,6,3,5,2,0,1,0,0,0,1,0,0.0,Mitte,Accident with minor injuries,Collision with a turning/crossing vehicle,Turning accident,Daylight,Dry,2215,385748.0
3047,3047,192350,1,Gesundbrunnen,2019,2,16,4,3,2,6,1,0,1,0,0,0,1,0.0,Mitte,Accident with minor injuries,Collision with the vehicle in front/waiting vehicle,Collision involving vehicles going in the same way,Twilight,Dry,2215,385748.0
3048,3048,192351,2,Friedenstraße,2019,2,13,6,3,6,2,0,0,1,1,0,0,0,0.0,Friedrichshain-Kreuzberg,Accident with minor injuries,Collision between vehicle and pedestrian,Turning accident,Daylight,Dry,1381,290386.0
3049,3049,192352,5,Carl-Schurz-Straße,2019,2,13,6,3,6,4,0,0,1,1,0,0,0,0.0,Spandau,Accident with minor injuries,Collision between vehicle and pedestrian,Pedestrian crossing accident,Daylight,Dry,798,245197.0
3050,3050,192353,1,Reinickendorfer Straße,2019,2,14,6,3,2,2,0,1,1,0,0,0,0,0.0,Mitte,Accident with minor injuries,Collision with the vehicle in front/waiting vehicle,Turning accident,Daylight,Dry,2215,385748.0
3051,3051,192354,6,Berlepschstraße,2019,2,17,4,3,2,6,2,1,1,0,0,0,0,0.0,Steglitz-Zehlendorf,Accident with minor injuries,Collision with the vehicle in front/waiting vehicle,Collision involving vehicles going in the same way,Dark,Dry,851,310071.0
3052,3052,192355,3,Kollwitzplatz,2019,2,13,6,3,0,3,0,1,0,0,1,0,0,0.0,Pankow,Accident with minor injuries,Others,Turning/Crossing accident,Daylight,Dry,1219,409335.0
3053,3053,192356,3,Bucher Forst,2019,2,14,6,3,2,6,0,0,1,0,0,0,0,0.0,Pankow,Accident with minor injuries,Collision with the vehicle in front/waiting vehicle,Collision involving vehicles going in the same way,Daylight,Dry,1219,409335.0
3054,3054,192357,2,Friedenstraße,2019,2,14,6,3,1,5,0,1,1,0,0,0,0,0.0,Friedrichshain-Kreuzberg,Accident with minor injuries,Collision with a moving/standing/parked vehicle,Accident involving parked vehicles,Daylight,Dry,1381,290386.0
3055,3055,192358,8,Buckow Mitte,2019,2,16,4,3,1,5,0,0,1,0,0,0,0,0.0,Neukölln,Accident with minor injuries,Collision with a moving/standing/parked vehicle,Accident involving parked vehicles,Daylight,Dry,934,329917.0
3056,3056,192359,9,Oberschöneweide West,2019,2,14,6,3,6,4,0,0,1,1,0,0,0,0.0,Treptow-Köpenick,Accident with minor injuries,Collision between vehicle and pedestrian,Pedestrian crossing accident,Daylight,Dry,892,273689.0
3057,3057,192360,9,Adlershof West,2019,2,10,4,3,2,6,0,0,1,0,0,0,0,0.0,Treptow-Köpenick,Accident with minor injuries,Collision with the vehicle in front/waiting vehicle,Collision involving vehicles going in the same way,Daylight,Dry,892,273689.0
3058,3058,192361,2,Friedenstraße,2019,2,7,6,3,6,7,0,0,1,1,0,0,0,0.0,Friedrichshain-Kreuzberg,Accident with minor injuries,Collision between vehicle and pedestrian,Others,Daylight,Dry,1381,290386.0
3059,3059,192362,2,Wriezener Bahnhof/Entwicklungsgebiet,2019,2,15,6,3,5,3,0,1,1,0,0,0,0,0.0,Friedrichshain-Kreuzberg,Accident with minor injuries,Collision with a turning/crossing vehicle,Turning/Crossing accident,Daylight,Dry,1381,290386.0
3060,3060,192363,1,Humboldthain Süd,2019,2,15,4,3,5,3,0,0,1,0,0,0,0,0.0,Mitte,Accident with minor injuries,Collision with a turning/crossing vehicle,Turning/Crossing accident,Daylight,Dry,2215,385748.0
3061,3061,192364,2,Chamissokiez,2019,2,12,6,3,5,7,0,1,1,0,0,0,0,0.0,Friedrichshain-Kreuzberg,Accident with minor injuries,Collision with a turning/crossing vehicle,Others,Daylight,Dry,1381,290386.0
3062,3062,192365,7,Friedenau,2019,2,5,6,3,0,5,2,0,0,0,0,0,1,0.0,Tempelhof-Schöneberg,Accident with minor injuries,Others,Accident involving parked vehicles,Dark,Dry,1241,350984.0
3063,3063,192366,1,Leipziger Straße,2019,2,16,6,3,5,3,0,0,1,0,0,0,0,0.0,Mitte,Accident with minor injuries,Collision with a turning/crossing vehicle,Turning/Crossing accident,Daylight,Dry,2215,385748.0
3064,3064,192367,4,George-Grosz-Platz,2019,2,15,4,3,1,5,0,1,1,0,0,0,0,0.0,Charlottenburg-Wilmersdorf,Accident with minor injuries,Collision with a moving/standing/parked vehicle,Accident involving parked vehicles,Daylight,Dry,1727,343592.0
3065,3065,192368,2,Reichenberger Straße,2019,2,11,6,3,5,5,0,0,1,0,1,0,0,0.0,Friedrichshain-Kreuzberg,Accident with minor injuries,Collision with a turning/crossing vehicle,Accident involving parked vehicles,Daylight,Dry,1381,290386.0
3066,3066,192369,2,Wriezener Bahnhof/Entwicklungsgebiet,2019,2,16,6,3,1,5,0,1,1,0,0,0,1,0.0,Friedrichshain-Kreuzberg,Accident with minor injuries,Collision with a moving/standing/parked vehicle,Accident involving parked vehicles,Daylight,Dry,1381,290386.0
3067,3067,192370,3,Gustav-Adolf-Straße,2019,2,11,6,3,5,2,0,0,0,0,1,1,0,1.0,Pankow,Accident with minor injuries,Collision with a turning/crossing vehicle,Turning accident,Daylight,Wet/moist/slippery,1219,409335.0
3068,3068,192371,11,Malchower Weg,2019,2,16,6,3,2,7,0,0,1,0,0,0,0,0.0,Lichtenberg,Accident with minor injuries,Collision with the vehicle in front/waiting vehicle,Others,Daylight,Dry,679,294201.0
3069,3069,192372,8,Alt-Rudow,2019,2,15,4,2,6,4,0,0,1,1,0,0,0,0.0,Neukölln,Accident with serious injuries,Collision between vehicle and pedestrian,Pedestrian crossing accident,Daylight,Dry,934,329917.0
3070,3070,192373,4,Tegeler Weg,2019,2,11,6,3,2,6,0,0,0,0,0,1,1,0.0,Charlottenburg-Wilmersdorf,Accident with minor injuries,Collision with the vehicle in front/waiting vehicle,Collision involving vehicles going in the same way,Daylight,Dry,1727,343592.0
3071,3071,192374,4,Preußenpark,2019,2,10,6,3,5,3,0,0,1,0,0,0,0,0.0,Charlottenburg-Wilmersdorf,Accident with minor injuries,Collision with a turning/crossing vehicle,Turning/Crossing accident,Daylight,Dry,1727,343592.0
3072,3072,192375,1,Oranienburger Straße,2019,2,18,6,3,1,5,1,1,1,0,0,0,0,0.0,Mitte,Accident with minor injuries,Collision with a moving/standing/parked vehicle,Accident involving parked vehicles,Twilight,Dry,2215,385748.0
3073,3073,192376,5,Borkumer Straße,2019,2,7,4,3,0,2,0,1,1,0,0,0,0,0.0,Spandau,Accident with minor injuries,Others,Turning accident,Daylight,Dry,798,245197.0
3074,3074,192377,3,Falkplatz,2019,2,14,6,3,5,2,0,1,1,0,0,0,0,0.0,Pankow,Accident with minor injuries,Collision with a turning/crossing vehicle,Turning accident,Daylight,Dry,1219,409335.0
3075,3075,192378,3,Falkplatz,2019,2,19,6,3,2,6,2,0,1,0,1,0,0,0.0,Pankow,Accident with minor injuries,Collision with the vehicle in front/waiting vehicle,Collision involving vehicles going in the same way,Dark,Dry,1219,409335.0
3076,3076,192379,4,Droysenstraße,2019,2,5,4,3,6,4,2,0,1,1,0,0,0,0.0,Charlottenburg-Wilmersdorf,Accident with minor injuries,Collision between vehicle and pedestrian,Pedestrian crossing accident,Dark,Dry,1727,343592.0
3077,3077,192380,11,Rüdigerstraße,2019,2,10,6,3,5,2,0,1,1,0,0,0,0,0.0,Lichtenberg,Accident with minor injuries,Collision with a turning/crossing vehicle,Turning accident,Daylight,Dry,679,294201.0
3078,3078,192381,4,Ludwigkirchplatz,2019,2,19,6,3,6,7,2,0,1,1,0,0,0,0.0,Charlottenburg-Wilmersdorf,Accident with minor injuries,Collision between vehicle and pedestrian,Others,Dark,Dry,1727,343592.0
3079,3079,192382,2,Traveplatz,2019,2,20,6,3,5,3,2,1,1,0,0,0,0,0.0,Friedrichshain-Kreuzberg,Accident with minor injuries,Collision with a turning/crossing vehicle,Turning/Crossing accident,Dark,Dry,1381,290386.0
3080,3080,192383,5,Carl-Schurz-Straße,2019,2,7,3,3,2,6,0,0,1,0,0,0,0,0.0,Spandau,Accident with minor injuries,Collision with the vehicle in front/waiting vehicle,Collision involving vehicles going in the same way,Daylight,Dry,798,245197.0
3081,3081,192384,7,Nahariyastraße,2019,2,20,6,3,6,4,2,1,0,1,0,0,0,0.0,Tempelhof-Schöneberg,Accident with minor injuries,Collision between vehicle and pedestrian,Pedestrian crossing accident,Dark,Dry,1241,350984.0
3082,3082,192385,4,Eisenzahnstraße,2019,2,21,6,3,5,2,2,0,1,0,0,0,0,0.0,Charlottenburg-Wilmersdorf,Accident with minor injuries,Collision with a turning/crossing vehicle,Turning accident,Dark,Dry,1727,343592.0
3083,3083,192386,10,Mahlsdorf Nord,2019,2,11,6,2,5,3,0,1,1,0,0,0,0,0.0,Marzahn-Hellersdorf,Accident with serious injuries,Collision with a turning/crossing vehicle,Turning/Crossing accident,Daylight,Dry,586,269967.0
3084,3084,192387,5,Kurstraße,2019,2,13,3,3,5,3,0,0,1,0,0,0,0,0.0,Spandau,Accident with minor injuries,Collision with a turning/crossing vehicle,Turning/Crossing accident,Daylight,Dry,798,245197.0
3085,3085,192388,1,Sparrplatz,2019,2,9,6,3,2,6,0,0,1,0,0,0,1,0.0,Mitte,Accident with minor injuries,Collision with the vehicle in front/waiting vehicle,Collision involving vehicles going in the same way,Daylight,Dry,2215,385748.0
3086,3086,192389,8,Buckow Mitte,2019,2,14,6,3,5,2,0,0,1,0,0,0,1,0.0,Neukölln,Accident with minor injuries,Collision with a turning/crossing vehicle,Turning accident,Daylight,Dry,934,329917.0
3087,3087,192390,10,Ringkolonnaden,2019,2,7,3,3,5,3,0,0,1,0,0,0,1,0.0,Marzahn-Hellersdorf,Accident with minor injuries,Collision with a turning/crossing vehicle,Turning/Crossing accident,Daylight,Dry,586,269967.0
3088,3088,192391,12,Waldidyll/Flughafensee,2019,2,16,6,2,3,6,0,1,1,0,0,0,0,0.0,Reinickendorf,Accident with serious injuries,Collision with a vehicle traveling laterally in the same direction,Collision involving vehicles going in the same way,Daylight,Dry,867,266408.0
3089,3089,192392,6,Alt-Lankwitz,2019,2,20,6,3,0,1,2,0,0,0,1,0,0,0.0,Steglitz-Zehlendorf,Accident with minor injuries,Others,Driving accident,Dark,Dry,851,310071.0
3090,3090,192393,9,Dammvorstadt,2019,2,16,6,2,0,1,0,0,0,0,1,0,0,0.0,Treptow-Köpenick,Accident with serious injuries,Others,Driving accident,Daylight,Dry,892,273689.0
3091,3091,192394,12,Waldidyll/Flughafensee,2019,2,12,3,3,6,4,0,0,1,1,0,0,0,0.0,Reinickendorf,Accident with minor injuries,Collision between vehicle and pedestrian,Pedestrian crossing accident,Daylight,Dry,867,266408.0
3092,3092,192395,7,Bayerischer Platz,2019,2,16,5,3,3,6,0,0,1,0,0,0,0,0.0,Tempelhof-Schöneberg,Accident with minor injuries,Collision with a vehicle traveling laterally in the same direction,Collision involving vehicles going in the same way,Daylight,Dry,1241,350984.0
3093,3093,192396,7,Marienhöhe,2019,2,15,5,3,5,2,0,0,1,0,0,0,1,0.0,Tempelhof-Schöneberg,Accident with minor injuries,Collision with a turning/crossing vehicle,Turning accident,Daylight,Dry,1241,350984.0
3094,3094,192397,7,Bayerischer Platz,2019,2,18,5,2,6,2,2,0,1,1,0,0,0,1.0,Tempelhof-Schöneberg,Accident with serious injuries,Collision between vehicle and pedestrian,Turning accident,Dark,Wet/moist/slippery,1241,350984.0
3095,3095,192398,7,John-Locke-Straße,2019,2,15,3,3,5,3,0,0,1,0,0,0,0,0.0,Tempelhof-Schöneberg,Accident with minor injuries,Collision with a turning/crossing vehicle,Turning/Crossing accident,Daylight,Dry,1241,350984.0
3096,3096,192399,8,Hertzbergplatz,2019,2,16,5,3,1,5,0,0,1,0,0,0,0,1.0,Neukölln,Accident with minor injuries,Collision with a moving/standing/parked vehicle,Accident involving parked vehicles,Daylight,Wet/moist/slippery,934,329917.0
3097,3097,192400,8,Reuterkiez,2019,2,20,5,3,6,2,2,0,1,1,0,0,0,0.0,Neukölln,Accident with minor injuries,Collision between vehicle and pedestrian,Turning accident,Dark,Dry,934,329917.0
3098,3098,192401,7,Friedenau,2019,2,11,5,3,2,6,0,0,1,0,0,0,0,1.0,Tempelhof-Schöneberg,Accident with minor injuries,Collision with the vehicle in front/waiting vehicle,Collision involving vehicles going in the same way,Daylight,Wet/moist/slippery,1241,350984.0
3099,3099,192402,4,Breite Straße,2019,2,21,5,3,6,2,2,0,1,1,0,0,0,1.0,Charlottenburg-Wilmersdorf,Accident with minor injuries,Collision between vehicle and pedestrian,Turning accident,Dark,Wet/moist/slippery,1727,343592.0
3100,3100,192403,10,Mahlsdorf Süd,2019,2,12,3,3,5,3,0,0,1,0,0,0,0,0.0,Marzahn-Hellersdorf,Accident with minor injuries,Collision with a turning/crossing vehicle,Turning/Crossing accident,Daylight,Dry,586,269967.0
3101,3101,192404,1,Nördlicher Landwehrkanal,2019,2,19,5,2,5,2,2,0,1,0,1,0,0,1.0,Mitte,Accident with serious injuries,Collision with a turning/crossing vehicle,Turning accident,Dark,Wet/moist/slippery,2215,385748.0
3102,3102,192405,2,Oranienplatz,2019,2,19,5,3,6,2,2,0,1,1,0,0,0,1.0,Friedrichshain-Kreuzberg,Accident with minor injuries,Collision between vehicle and pedestrian,Turning accident,Dark,Wet/moist/slippery,1381,290386.0
3103,3103,192406,2,Lausitzer Platz,2019,2,9,3,3,3,6,0,1,0,0,0,1,0,0.0,Friedrichshain-Kreuzberg,Accident with minor injuries,Collision with a vehicle traveling laterally in the same direction,Collision involving vehicles going in the same way,Daylight,Dry,1381,290386.0
3104,3104,192407,1,Wittenbergplatz/Viktoria-Luise-Platz,2019,2,19,5,3,5,3,2,1,1,0,0,0,0,1.0,Mitte,Accident with minor injuries,Collision with a turning/crossing vehicle,Turning/Crossing accident,Dark,Wet/moist/slippery,2215,385748.0
3105,3105,192408,8,Reuterkiez,2019,2,19,5,3,5,2,2,0,0,0,1,0,1,1.0,Neukölln,Accident with minor injuries,Collision with a turning/crossing vehicle,Turning accident,Dark,Wet/moist/slippery,934,329917.0
3106,3106,192409,2,Wriezener Bahnhof/Entwicklungsgebiet,2019,2,9,3,3,5,2,0,1,1,0,0,0,0,0.0,Friedrichshain-Kreuzberg,Accident with minor injuries,Collision with a turning/crossing vehicle,Turning accident,Daylight,Dry,1381,290386.0
3107,3107,192410,10,Mahlsdorf Nord,2019,2,19,5,2,6,2,2,0,1,1,0,0,0,1.0,Marzahn-Hellersdorf,Accident with serious injuries,Collision between vehicle and pedestrian,Turning accident,Dark,Wet/moist/slippery,586,269967.0
3108,3108,192411,4,Reichsstraße,2019,2,13,4,3,6,2,0,0,1,1,0,0,0,0.0,Charlottenburg-Wilmersdorf,Accident with minor injuries,Collision between vehicle and pedestrian,Turning accident,Daylight,Dry,1727,343592.0
3109,3109,192412,7,Hundsteinweg,2019,2,18,5,3,5,2,1,0,1,0,1,0,0,1.0,Tempelhof-Schöneberg,Accident with minor injuries,Collision with a turning/crossing vehicle,Turning accident,Twilight,Wet/moist/slippery,1241,350984.0
3110,3110,192413,5,Gartenfelder Straße,2019,2,17,5,3,5,7,2,0,1,0,1,0,0,1.0,Spandau,Accident with minor injuries,Collision with a turning/crossing vehicle,Others,Dark,Wet/moist/slippery,798,245197.0
3111,3111,192414,1,Körnerstraße,2019,2,8,3,3,5,2,0,1,1,0,0,0,0,0.0,Mitte,Accident with minor injuries,Collision with a turning/crossing vehicle,Turning accident,Daylight,Dry,2215,385748.0
3112,3112,192415,3,Erich-Weinert-Straße,2019,2,17,5,3,5,3,2,1,1,0,0,0,0,1.0,Pankow,Accident with minor injuries,Collision with a turning/crossing vehicle,Turning/Crossing accident,Dark,Wet/moist/slippery,1219,409335.0
3113,3113,192416,1,Leipziger Straße,2019,2,15,4,3,2,6,0,0,1,0,0,0,0,0.0,Mitte,Accident with minor injuries,Collision with the vehicle in front/waiting vehicle,Collision involving vehicles going in the same way,Daylight,Dry,2215,385748.0
3114,3114,192417,4,Droysenstraße,2019,2,16,5,3,5,7,0,0,1,0,0,0,0,1.0,Charlottenburg-Wilmersdorf,Accident with minor injuries,Collision with a turning/crossing vehicle,Others,Daylight,Wet/moist/slippery,1727,343592.0
3115,3115,192418,12,Alt-Tegel,2019,2,16,5,3,0,2,0,1,1,0,0,0,0,1.0,Reinickendorf,Accident with minor injuries,Others,Turning accident,Daylight,Wet/moist/slippery,867,266408.0
3116,3116,192419,9,Johannisthal Ost,2019,2,6,3,3,3,6,0,0,1,0,0,0,0,0.0,Treptow-Köpenick,Accident with minor injuries,Collision with a vehicle traveling laterally in the same direction,Collision involving vehicles going in the same way,Daylight,Dry,892,273689.0
3117,3117,192420,6,Zehlendorf Mitte,2019,2,10,5,3,0,7,0,0,1,0,0,0,0,1.0,Steglitz-Zehlendorf,Accident with minor injuries,Others,Others,Daylight,Wet/moist/slippery,851,310071.0
3118,3118,192421,11,Rummelsburg,2019,2,8,5,3,2,2,0,0,1,0,0,0,0,1.0,Lichtenberg,Accident with minor injuries,Collision with the vehicle in front/waiting vehicle,Turning accident,Daylight,Wet/moist/slippery,679,294201.0
3119,3119,192422,8,Handwerker-Siedlung,2019,2,8,5,3,5,2,0,0,1,0,0,0,1,1.0,Neukölln,Accident with minor injuries,Collision with a turning/crossing vehicle,Turning accident,Daylight,Wet/moist/slippery,934,329917.0
3120,3120,192423,11,Hauptstraße,2019,2,18,3,3,1,1,2,0,1,0,0,0,0,0.0,Lichtenberg,Accident with minor injuries,Collision with a moving/standing/parked vehicle,Driving accident,Dark,Dry,679,294201.0
3121,3121,192424,1,Unter den Linden Nord,2019,2,8,5,3,6,7,0,0,1,1,0,0,0,1.0,Mitte,Accident with minor injuries,Collision between vehicle and pedestrian,Others,Daylight,Wet/moist/slippery,2215,385748.0
3122,3122,192425,10,Oberfeldstraße,2019,2,7,5,3,5,2,0,0,1,0,0,0,1,0.0,Marzahn-Hellersdorf,Accident with minor injuries,Collision with a turning/crossing vehicle,Turning accident,Daylight,Dry,586,269967.0
3123,3123,192426,1,Brunnenstraße,2019,2,6,5,3,6,2,0,0,1,1,0,0,0,1.0,Mitte,Accident with minor injuries,Collision between vehicle and pedestrian,Turning accident,Daylight,Wet/moist/slippery,2215,385748.0
3124,3124,192427,6,Augustaplatz,2019,2,8,4,3,5,7,0,0,1,0,0,0,0,0.0,Steglitz-Zehlendorf,Accident with minor injuries,Collision with a turning/crossing vehicle,Others,Daylight,Dry,851,310071.0
3125,3125,192428,9,Köllnische Vorstadt,2019,2,6,5,2,5,2,0,1,1,0,0,0,0,1.0,Treptow-Köpenick,Accident with serious injuries,Collision with a turning/crossing vehicle,Turning accident,Daylight,Wet/moist/slippery,892,273689.0