,Unnamed: 0,object id,district,street,year,month,hour of day,weekday,category,accident type,accident type 2,light situation,bike involved,car involved,pedestrian involved,motor bike involved,big track involved,other vehicle involved,road condition,district name,category name,accident detail,accident type detail,light condition,road condition detail,accident count by district,est. population
3364,3364,192667,3,Bucher Forst,2019,3,14,7,2,5,2,0,0,1,0,0,0,0,1.0,Pankow,Accident with serious injuries,Collision with a turning/crossing vehicle,Turning accident,Daylight,Wet/moist/slippery,1219,409335.0
3365,3365,192668,5,Carl-Schurz-Straße,2019,3,15,7,3,0,6,0,0,1,0,1,0,0,1.0,Spandau,Accident with minor injuries,Others,Collision involving vehicles going in the same way,Daylight,Wet/moist/slippery,798,245197.0
3366,3366,192669,12,Waldidyll/Flughafensee,2019,3,20,5,3,6,4,2,0,0,1,1,0,0,1.0,Reinickendorf,Accident with minor injuries,Collision between vehicle and pedestrian,Pedestrian crossing accident,Dark,Wet/moist/slippery,867,266408.0
3367,3367,192670,5,Freiheit,2019,3,8,7,2,1,5,0,0,1,0,1,0,0,1.0,Spandau,Accident with serious injuries,Collision with a moving/standing/parked vehicle,Accident involving parked vehicles,Daylight,Wet/moist/slippery,798,245197.0
3368,3368,192671,8,Vogelviertel Süd,2019,3,16,7,3,5,3,0,0,1,0,0,0,0,1.0,Neukölln,Accident with minor injuries,Collision with a turning/crossing vehicle,Turning/Crossing accident,Daylight,Wet/moist/slippery,934,329917.0
3369,3369,192672,12,Ziekowstraße/Freie Scholle,2019,3,17,7,3,6,4,1,0,1,1,0,0,0,0.0,Reinickendorf,Accident with minor injuries,Collision between vehicle and pedestrian,Pedestrian crossing accident,Twilight,Dry,867,266408.0
3370,3370,192673,4,Droysenstraße,2019,3,20,5,3,5,2,2,1,1,0,0,0,0,1.0,Charlottenburg-Wilmersdorf,Accident with minor injuries,Collision with a turning/crossing vehicle,Turning accident,Dark,Wet/moist/slippery,1727,343592.0
3371,3371,192674,7,Marienfelde Süd,2019,3,17,7,3,5,7,1,0,1,0,0,0,0,1.0,Tempelhof-Schöneberg,Accident with minor injuries,Collision with a turning/crossing vehicle,Others,Twilight,Wet/moist/slippery,1241,350984.0
3372,3372,192675,5,Ackerstraße,2019,3,20,5,2,5,7,2,0,1,0,0,0,0,1.0,Spandau,Accident with serious injuries,Collision with a turning/crossing vehicle,Others,Dark,Wet/moist/slippery,798,245197.0
3373,3373,192676,12,Breitkopfbecken,2019,3,19,7,3,6,2,2,0,1,1,0,0,0,1.0,Reinickendorf,Accident with minor injuries,Collision between vehicle and pedestrian,Turning accident,Dark,Wet/moist/slippery,867,266408.0
3374,3374,192677,7,Manteuffelstraße,2019,3,13,7,3,2,7,0,0,1,0,0,0,0,0.0,Tempelhof-Schöneberg,Accident with minor injuries,Collision with the vehicle in front/waiting vehicle,Others,Daylight,Dry,1241,350984.0
3375,3375,192678,4,Droysenstraße,2019,3,22,5,3,6,2,2,0,1,1,0,0,0,1.0,Charlottenburg-Wilmersdorf,Accident with minor injuries,Collision between vehicle and pedestrian,Turning accident,Dark,Wet/moist/slippery,1727,343592.0
3376,3376,192679,12,Schäfersee,2019,3,23,5,3,1,5,2,1,1,0,0,0,1,1.0,Reinickendorf,Accident with minor injuries,Collision with a moving/standing/parked vehicle,Accident involving parked vehicles,Dark,Wet/moist/slippery,867,266408.0
3377,3377,192680,4,Droysenstraße,2019,3,12,7,3,3,6,0,0,1,0,0,0,0,0.0,Charlottenburg-Wilmersdorf,Accident with minor injuries,Collision with a vehicle traveling laterally in the same direction,Collision involving vehicles going in the same way,Daylight,Dry,1727,343592.0
3378,3378,192681,6,Zehlendorf Mitte,2019,3,9,7,3,5,3,0,0,1,0,0,0,0,1.0,Steglitz-Zehlendorf,Accident with minor injuries,Collision with a turning/crossing vehicle,Turning/Crossing accident,Daylight,Wet/moist/slippery,851,310071.0
3379,3379,192682,12,Scharnweberstraße,2019,3,16,5,3,2,6,0,0,1,0,0,0,0,1.0,Reinickendorf,Accident with minor injuries,Collision with the vehicle in front/waiting vehicle,Collision involving vehicles going in the same way,Daylight,Wet/moist/slippery,867,266408.0
3380,3380,192683,12,Schäfersee,2019,3,9,7,3,5,2,0,0,1,0,0,0,1,0.0,Reinickendorf,Accident with minor injuries,Collision with a turning/crossing vehicle,Turning accident,Daylight,Dry,867,266408.0
3381,3381,192684,10,Alte Hellersdorfer Straße,2019,3,15,7,3,6,4,0,1,0,1,0,0,0,1.0,Marzahn-Hellersdorf,Accident with minor injuries,Collision between vehicle and pedestrian,Pedestrian crossing accident,Daylight,Wet/moist/slippery,586,269967.0
3382,3382,192685,8,Schulenburgpark,2019,3,14,5,3,5,7,0,0,1,0,0,0,1,1.0,Neukölln,Accident with minor injuries,Collision with a turning/crossing vehicle,Others,Daylight,Wet/moist/slippery,934,329917.0
3383,3383,192686,2,Viktoriapark,2019,3,2,7,3,5,2,2,0,1,0,0,0,0,0.0,Friedrichshain-Kreuzberg,Accident with minor injuries,Collision with a turning/crossing vehicle,Turning accident,Dark,Dry,1381,290386.0
3384,3384,192687,2,Mehringplatz,2019,3,19,7,2,6,4,2,0,1,1,0,0,0,1.0,Friedrichshain-Kreuzberg,Accident with serious injuries,Collision between vehicle and pedestrian,Pedestrian crossing accident,Dark,Wet/moist/slippery,1381,290386.0
3385,3385,192688,9,Späthsfelde,2019,3,15,5,3,2,6,0,0,1,0,0,0,0,1.0,Treptow-Köpenick,Accident with minor injuries,Collision with the vehicle in front/waiting vehicle,Collision involving vehicles going in the same way,Daylight,Wet/moist/slippery,892,273689.0
3386,3386,192689,6,Lichterfelde West,2019,3,19,7,2,5,2,2,1,1,0,0,0,0,1.0,Steglitz-Zehlendorf,Accident with serious injuries,Collision with a turning/crossing vehicle,Turning accident,Dark,Wet/moist/slippery,851,310071.0
3387,3387,192690,9,Dorf Altglienicke,2019,3,16,5,3,5,2,1,0,1,0,0,0,0,1.0,Treptow-Köpenick,Accident with minor injuries,Collision with a turning/crossing vehicle,Turning accident,Twilight,Wet/moist/slippery,892,273689.0
3388,3388,192691,12,Schorfheidestraße,2019,3,19,7,3,6,2,2,0,1,1,0,0,0,1.0,Reinickendorf,Accident with minor injuries,Collision between vehicle and pedestrian,Turning accident,Dark,Wet/moist/slippery,867,266408.0
3389,3389,192692,4,Schlangenbader Straße,2019,3,19,7,3,5,2,2,0,1,0,0,0,0,1.0,Charlottenburg-Wilmersdorf,Accident with minor injuries,Collision with a turning/crossing vehicle,Turning accident,Dark,Wet/moist/slippery,1727,343592.0
3390,3390,192693,4,Prager Platz,2019,3,23,5,2,9,1,2,0,1,0,0,0,0,1.0,Charlottenburg-Wilmersdorf,Accident with serious injuries,Departure from the roadway to the left,Driving accident,Dark,Wet/moist/slippery,1727,343592.0
3391,3391,192694,6,Südende,2019,3,19,7,3,6,2,2,0,1,1,0,0,0,1.0,Steglitz-Zehlendorf,Accident with minor injuries,Collision between vehicle and pedestrian,Turning accident,Dark,Wet/moist/slippery,851,310071.0
3392,3392,192695,8,Silbersteinstraße,2019,3,20,7,3,5,3,2,1,1,0,0,0,0,1.0,Neukölln,Accident with minor injuries,Collision with a turning/crossing vehicle,Turning/Crossing accident,Dark,Wet/moist/slippery,934,329917.0
3393,3393,192696,9,Köllnische Vorstadt,2019,3,20,7,3,8,1,2,0,1,0,0,0,0,1.0,Treptow-Köpenick,Accident with minor injuries,Departure from the roadway to the right,Driving accident,Dark,Wet/moist/slippery,892,273689.0
3394,3394,192697,8,Silbersteinstraße,2019,3,18,5,3,6,2,1,0,1,1,0,0,0,0.0,Neukölln,Accident with minor injuries,Collision between vehicle and pedestrian,Turning accident,Twilight,Dry,934,329917.0
3395,3395,192698,8,Parchimer Allee,2019,3,10,7,3,5,2,0,0,1,0,0,0,0,0.0,Neukölln,Accident with minor injuries,Collision with a turning/crossing vehicle,Turning accident,Daylight,Dry,934,329917.0
3396,3396,192699,9,Adlershof West,2019,3,20,7,3,5,3,2,0,1,0,0,0,0,1.0,Treptow-Köpenick,Accident with minor injuries,Collision with a turning/crossing vehicle,Turning/Crossing accident,Dark,Wet/moist/slippery,892,273689.0
3397,3397,192700,8,Buschkrugallee Nord,2019,3,21,7,2,6,4,2,0,1,1,0,0,0,1.0,Neukölln,Accident with serious injuries,Collision between vehicle and pedestrian,Pedestrian crossing accident,Dark,Wet/moist/slippery,934,329917.0
3398,3398,192701,1,Humboldthain Süd,2019,3,18,5,3,0,1,2,0,0,0,1,0,0,1.0,Mitte,Accident with minor injuries,Others,Driving accident,Dark,Wet/moist/slippery,2215,385748.0
3399,3399,192702,4,Breitscheidplatz,2019,3,22,7,3,5,3,2,0,1,0,0,0,0,1.0,Charlottenburg-Wilmersdorf,Accident with minor injuries,Collision with a turning/crossing vehicle,Turning/Crossing accident,Dark,Wet/moist/slippery,1727,343592.0
3400,3400,192703,8,Körnerpark,2019,3,23,7,3,5,3,2,0,1,0,0,0,0,1.0,Neukölln,Accident with minor injuries,Collision with a turning/crossing vehicle,Turning/Crossing accident,Dark,Wet/moist/slippery,934,329917.0
3401,3401,192704,8,Rixdorf,2019,3,11,6,3,5,3,0,0,1,0,0,0,0,1.0,Neukölln,Accident with minor injuries,Collision with a turning/crossing vehicle,Turning/Crossing accident,Daylight,Wet/moist/slippery,934,329917.0
3402,3402,192705,7,John-Locke-Straße,2019,3,13,5,3,5,3,0,1,1,0,0,0,0,0.0,Tempelhof-Schöneberg,Accident with minor injuries,Collision with a turning/crossing vehicle,Turning/Crossing accident,Daylight,Dry,1241,350984.0
3403,3403,192706,1,Reinickendorfer Straße,2019,3,23,6,2,6,4,2,0,1,1,0,0,0,0.0,Mitte,Accident with serious injuries,Collision between vehicle and pedestrian,Pedestrian crossing accident,Dark,Dry,2215,385748.0
3404,3404,192707,9,Köpenick Nord,2019,3,1,5,3,9,1,2,0,1,0,0,0,0,1.0,Treptow-Köpenick,Accident with minor injuries,Departure from the roadway to the left,Driving accident,Dark,Wet/moist/slippery,892,273689.0
3405,3405,192708,3,Falkplatz,2019,3,23,6,3,6,4,2,0,1,1,0,0,0,0.0,Pankow,Accident with minor injuries,Collision between vehicle and pedestrian,Pedestrian crossing accident,Dark,Dry,1219,409335.0
3406,3406,192709,2,Mehringplatz,2019,3,17,6,3,2,6,0,1,1,0,0,0,0,0.0,Friedrichshain-Kreuzberg,Accident with minor injuries,Collision with the vehicle in front/waiting vehicle,Collision involving vehicles going in the same way,Daylight,Dry,1381,290386.0
3407,3407,192710,3,Buch,2019,3,6,5,2,6,4,0,0,1,1,0,0,0,1.0,Pankow,Accident with serious injuries,Collision between vehicle and pedestrian,Pedestrian crossing accident,Daylight,Wet/moist/slippery,1219,409335.0
3408,3408,192711,9,Oberschöneweide West,2019,3,17,6,2,1,1,0,0,1,0,0,0,1,0.0,Treptow-Köpenick,Accident with serious injuries,Collision with a moving/standing/parked vehicle,Driving accident,Daylight,Dry,892,273689.0
3409,3409,192712,3,Pankow Zentrum,2019,3,16,6,2,6,4,0,0,1,1,0,0,0,0.0,Pankow,Accident with serious injuries,Collision between vehicle and pedestrian,Pedestrian crossing accident,Daylight,Dry,1219,409335.0
3410,3410,192713,3,Humannplatz,2019,3,14,6,3,5,3,0,0,1,0,0,0,0,1.0,Pankow,Accident with minor injuries,Collision with a turning/crossing vehicle,Turning/Crossing accident,Daylight,Wet/moist/slippery,1219,409335.0
3411,3411,192714,8,Gewerbegebiet Ederstraße,2019,3,13,5,3,5,3,0,0,1,0,0,0,0,1.0,Neukölln,Accident with minor injuries,Collision with a turning/crossing vehicle,Turning/Crossing accident,Daylight,Wet/moist/slippery,934,329917.0
3412,3412,192715,2,Moritzplatz,2019,3,8,6,3,5,3,0,1,1,0,0,0,0,0.0,Friedrichshain-Kreuzberg,Accident with minor injuries,Collision with a turning/crossing vehicle,Turning/Crossing accident,Daylight,Dry,1381,290386.0
3413,3413,192716,9,Baumschulenstraße,2019,3,19,5,3,3,6,2,1,0,0,0,0,0,1.0,Treptow-Köpenick,Accident with minor injuries,Collision with a vehicle traveling laterally in the same direction,Collision involving vehicles going in the same way,Dark,Wet/moist/slippery,892,273689.0
3414,3414,192717,4,Flinsberger Platz,2019,3,5,5,3,0,3,2,0,1,0,1,0,0,1.0,Charlottenburg-Wilmersdorf,Accident with minor injuries,Others,Turning/Crossing accident,Dark,Wet/moist/slippery,1727,343592.0
3415,3415,192718,1,Gesundbrunnen,2019,3,17,5,3,2,6,0,0,1,0,0,0,0,1.0,Mitte,Accident with minor injuries,Collision with the vehicle in front/waiting vehicle,Collision involving vehicles going in the same way,Daylight,Wet/moist/slippery,2215,385748.0
3416,3416,192719,4,Schaperstraße,2019,3,6,5,2,5,2,0,1,1,0,0,0,0,1.0,Charlottenburg-Wilmersdorf,Accident with serious injuries,Collision with a turning/crossing vehicle,Turning accident,Daylight,Wet/moist/slippery,1727,343592.0
3417,3417,192720,9,Oberschöneweide West,2019,3,7,5,3,5,3,0,0,1,0,0,0,1,1.0,Treptow-Köpenick,Accident with minor injuries,Collision with a turning/crossing vehicle,Turning/Crossing accident,Daylight,Wet/moist/slippery,892,273689.0
3418,3418,192721,8,Zittauer Straße,2019,3,8,5,2,5,3,0,1,1,0,0,0,0,1.0,Neukölln,Accident with serious injuries,Collision with a turning/crossing vehicle,Turning/Crossing accident,Daylight,Wet/moist/slippery,934,329917.0
3419,3419,192722,6,Dahlem,2019,3,22,5,3,6,7,2,0,1,1,0,0,0,1.0,Steglitz-Zehlendorf,Accident with minor injuries,Collision between vehicle and pedestrian,Others,Dark,Wet/moist/slippery,851,310071.0
3420,3420,192723,2,Moritzplatz,2019,3,23,5,3,5,3,2,1,1,0,0,0,0,0.0,Friedrichshain-Kreuzberg,Accident with minor injuries,Collision with a turning/crossing vehicle,Turning/Crossing accident,Dark,Dry,1381,290386.0
3421,3421,192724,2,Oranienplatz,2019,3,20,5,3,1,5,2,1,1,0,0,0,0,1.0,Friedrichshain-Kreuzberg,Accident with minor injuries,Collision with a moving/standing/parked vehicle,Accident involving parked vehicles,Dark,Wet/moist/slippery,1381,290386.0
3422,3422,192725,3,Heinersdorf,2019,3,13,5,3,5,3,0,0,1,0,0,0,1,1.0,Pankow,Accident with minor injuries,Collision with a turning/crossing vehicle,Turning/Crossing accident,Daylight,Wet/moist/slippery,1219,409335.0
3423,3423,192726,10,Adele-Sandrock-Straße,2019,3,20,5,3,5,3,2,0,1,0,0,0,0,0.0,Marzahn-Hellersdorf,Accident with minor injuries,Collision with a turning/crossing vehicle,Turning/Crossing accident,Dark,Dry,586,269967.0
3424,3424,192727,8,Schillerpromenade,2019,3,19,5,3,2,5,2,1,1,0,0,0,0,0.0,Neukölln,Accident with minor injuries,Collision with the vehicle in front/waiting vehicle,Accident involving parked vehicles,Dark,Dry,934,329917.0
3425,3425,192728,9,Köpenick Nord,2019,3,8,5,3,5,3,0,1,1,0,0,0,0,1.0,Treptow-Köpenick,Accident with minor injuries,Collision with a turning/crossing vehicle,Turning/Crossing accident,Daylight,Wet/moist/slippery,892,273689.0
3426,3426,192729,6,Lankwitz Kirche,2019,3,18,5,3,6,2,1,0,1,1,0,0,0,0.0,Steglitz-Zehlendorf,Accident with minor injuries,Collision between vehicle and pedestrian,Turning accident,Twilight,Dry,851,310071.0
3427,3427,192730,2,Viktoriapark,2019,3,18,5,3,5,2,2,1,1,0,0,0,0,1.0,Friedrichshain-Kreuzberg,Accident with minor injuries,Collision with a turning/crossing vehicle,Turning accident,Dark,Wet/moist/slippery,1381,290386.0
3428,3428,192731,2,Oranienplatz,2019,3,18,5,3,2,6,0,1,1,0,0,0,0,1.0,Friedrichshain-Kreuzberg,Accident with minor injuries,Collision with the vehicle in front/waiting vehicle,Collision involving vehicles going in the same way,Daylight,Wet/moist/slippery,1381,290386.0
3429,3429,192732,6,Lichterfelde West,2019,3,8,5,3,1,5,0,1,1,0,0,0,0,1.0,Steglitz-Zehlendorf,Accident with minor injuries,Collision with a moving/standing/parked vehicle,Accident involving parked vehicles,Daylight,Wet/moist/slippery,851,310071.0
3430,3430,192733,12,Scharnweberstraße,2019,3,17,5,3,3,6,0,0,1,0,0,0,1,1.0,Reinickendorf,Accident with minor injuries,Collision with a vehicle traveling laterally in the same direction,Collision involving vehicles going in the same way,Daylight,Wet/moist/slippery,867,266408.0
3431,3431,192734,2,Lausitzer Platz,2019,3,17,5,3,5,3,1,0,1,0,1,0,0,1.0,Friedrichshain-Kreuzberg,Accident with minor injuries,Collision with a turning/crossing vehicle,Turning/Crossing accident,Twilight,Wet/moist/slippery,1381,290386.0
3432,3432,192735,4,Karl-August-Platz,2019,3,17,5,3,2,6,0,0,1,0,0,0,0,0.0,Charlottenburg-Wilmersdorf,Accident with minor injuries,Collision with the vehicle in front/waiting vehicle,Collision involving vehicles going in the same way,Daylight,Dry,1727,343592.0
3433,3433,192736,2,Oranienplatz,2019,3,17,5,3,6,4,0,1,0,1,0,0,0,1.0,Friedrichshain-Kreuzberg,Accident with minor injuries,Collision between vehicle and pedestrian,Pedestrian crossing accident,Daylight,Wet/moist/slippery,1381,290386.0
3434,3434,192737,1,Sparrplatz,2019,3,12,5,3,5,2,0,0,1,0,0,0,0,1.0,Mitte,Accident with minor injuries,Collision with a turning/crossing vehicle,Turning accident,Daylight,Wet/moist/slippery,2215,385748.0
3435,3435,192738,9,Dammvorstadt,2019,3,17,5,3,2,1,0,0,1,0,0,0,0,0.0,Treptow-Köpenick,Accident with minor injuries,Collision with the vehicle in front/waiting vehicle,Driving accident,Daylight,Dry,892,273689.0
3436,3436,192739,3,Buch,2019,3,16,5,3,0,3,0,0,1,0,1,0,0,1.0,Pankow,Accident with minor injuries,Others,Turning/Crossing accident,Daylight,Wet/moist/slippery,1219,409335.0
3437,3437,192740,1,Emdener Straße,2019,3,12,5,3,2,6,0,0,1,0,0,0,0,1.0,Mitte,Accident with minor injuries,Collision with the vehicle in front/waiting vehicle,Collision involving vehicles going in the same way,Daylight,Wet/moist/slippery,2215,385748.0
3438,3438,192741,1,Invalidenstraße,2019,3,16,5,3,2,7,0,1,1,0,0,0,0,1.0,Mitte,Accident with minor injuries,Collision with the vehicle in front/waiting vehicle,Others,Daylight,Wet/moist/slippery,2215,385748.0
3439,3439,192742,1,Thomasiusstraße,2019,3,16,5,3,2,2,0,0,1,0,1,0,0,1.0,Mitte,Accident with minor injuries,Collision with the vehicle in front/waiting vehicle,Turning accident,Daylight,Wet/moist/slippery,2215,385748.0
3440,3440,192743,8,Buckow Mitte,2019,3,15,5,3,2,1,0,0,1,0,0,0,0,0.0,Neukölln,Accident with minor injuries,Collision with the vehicle in front/waiting vehicle,Driving accident,Daylight,Dry,934,329917.0
3441,3441,192744,10,Kaulsdorf Nord,2019,3,10,5,3,5,3,0,0,1,0,0,0,0,1.0,Marzahn-Hellersdorf,Accident with minor injuries,Collision with a turning/crossing vehicle,Turning/Crossing accident,Daylight,Wet/moist/slippery,586,269967.0
3442,3442,192745,2,Lausitzer Platz,2019,3,7,5,3,5,2,0,1,1,0,0,0,0,1.0,Friedrichshain-Kreuzberg,Accident with minor injuries,Collision with a turning/crossing vehicle,Turning accident,Daylight,Wet/moist/slippery,1381,290386.0
3443,3443,192746,12,Scharnweberstraße,2019,3,8,5,2,5,3,0,0,1,0,0,1,0,0.0,Reinickendorf,Accident with serious injuries,Collision with a turning/crossing vehicle,Turning/Crossing accident,Daylight,Dry,867,266408.0
3444,3444,192747,1,Arkonaplatz,2019,3,8,5,3,2,6,0,0,1,0,1,0,0,1.0,Mitte,Accident with minor injuries,Collision with the vehicle in front/waiting vehicle,Collision involving vehicles going in the same way,Daylight,Wet/moist/slippery,2215,385748.0
3445,3445,192748,10,Oberfeldstraße,2019,3,10,5,3,5,7,0,0,1,0,0,0,0,1.0,Marzahn-Hellersdorf,Accident with minor injuries,Collision with a turning/crossing vehicle,Others,Daylight,Wet/moist/slippery,586,269967.0
3446,3446,192749,11,Große-Leege-Straße,2019,3,10,5,3,5,2,0,1,1,0,0,0,0,0.0,Lichtenberg,Accident with minor injuries,Collision with a turning/crossing vehicle,Turning accident,Daylight,Dry,679,294201.0
3447,3447,192750,10,Marzahner Chaussee,2019,3,9,5,3,2,6,0,0,1,0,0,0,0,1.0,Marzahn-Hellersdorf,Accident with minor injuries,Collision with the vehicle in front/waiting vehicle,Collision involving vehicles going in the same way,Daylight,Wet/moist/slippery,586,269967.0
3448,3448,192751,4,Wilhelmsaue,2019,3,12,5,3,5,2,0,1,1,0,0,0,0,0.0,Charlottenburg-Wilmersdorf,Accident with minor injuries,Collision with a turning/crossing vehicle,Turning accident,Daylight,Dry,1727,343592.0
3449,3449,192752,9,Bölschestraße,2019,3,12,5,3,1,5,0,1,1,0,0,0,0,0.0,Treptow-Köpenick,Accident with minor injuries,Collision with a moving/standing/parked vehicle,Accident involving parked vehicles,Daylight,Dry,892,273689.0
3450,3450,192753,1,Brunnenstraße,2019,3,9,5,3,5,5,0,1,1,0,0,0,0,1.0,Mitte,Accident with minor injuries,Collision with a turning/crossing vehicle,Accident involving parked vehicles,Daylight,Wet/moist/slippery,2215,385748.0
3451,3451,192754,9,Köpenick Nord,2019,3,12,5,3,2,2,0,0,1,0,0,0,0,0.0,Treptow-Köpenick,Accident with minor injuries,Collision with the vehicle in front/waiting vehicle,Turning accident,Daylight,Dry,892,273689.0
3452,3452,192755,3,Pankow Zentrum,2019,3,14,5,3,3,6,0,1,1,0,0,0,0,0.0,Pankow,Accident with minor injuries,Collision with a vehicle traveling laterally in the same direction,Collision involving vehicles going in the same way,Daylight,Dry,1219,409335.0
3453,3453,192756,4,Bismarckallee,2019,3,6,4,2,5,3,0,1,1,0,0,0,0,1.0,Charlottenburg-Wilmersdorf,Accident with serious injuries,Collision with a turning/crossing vehicle,Turning/Crossing accident,Daylight,Wet/moist/slippery,1727,343592.0
3454,3454,192757,4,Prager Platz,2019,3,14,5,3,6,7,0,0,1,1,0,0,0,0.0,Charlottenburg-Wilmersdorf,Accident with minor injuries,Collision between vehicle and pedestrian,Others,Daylight,Dry,1727,343592.0
3455,3455,192758,3,Humannplatz,2019,3,7,5,3,6,4,0,1,0,1,0,0,0,1.0,Pankow,Accident with minor injuries,Collision between vehicle and pedestrian,Pedestrian crossing accident,Daylight,Wet/moist/slippery,1219,409335.0
3456,3456,192759,7,Manteuffelstraße,2019,3,13,4,2,6,4,0,1,0,1,0,0,0,1.0,Tempelhof-Schöneberg,Accident with serious injuries,Collision between vehicle and pedestrian,Pedestrian crossing accident,Daylight,Wet/moist/slippery,1241,350984.0
3457,3457,192760,11,Karlshorst Nord,2019,3,5,5,3,5,3,2,1,0,0,0,0,1,1.0,Lichtenberg,Accident with minor injuries,Collision with a turning/crossing vehicle,Turning/Crossing accident,Dark,Wet/moist/slippery,679,294201.0
3458,3458,192761,9,Köpenick Nord,2019,3,9,4,3,2,2,0,0,1,0,0,0,0,0.0,Treptow-Köpenick,Accident with minor injuries,Collision with the vehicle in front/waiting vehicle,Turning accident,Daylight,Dry,892,273689.0
3459,3459,192762,3,Blankenfelde,2019,3,9,5,3,2,6,0,0,1,0,0,1,0,0.0,Pankow,Accident with minor injuries,Collision with the vehicle in front/waiting vehicle,Collision involving vehicles going in the same way,Daylight,Dry,1219,409335.0
3460,3460,192763,4,Messegelände,2019,3,8,5,3,5,2,0,0,1,0,0,0,0,0.0,Charlottenburg-Wilmersdorf,Accident with minor injuries,Collision with a turning/crossing vehicle,Turning accident,Daylight,Dry,1727,343592.0
3461,3461,192764,3,Niederschönhausen,2019,3,15,4,3,0,3,0,1,1,0,0,0,0,1.0,Pankow,Accident with minor injuries,Others,Turning/Crossing accident,Daylight,Wet/moist/slippery,1219,409335.0
3462,3462,192765,7,Wittenbergplatz/Viktoria-Luise-Platz,2019,3,9,5,2,5,3,0,1,1,0,0,0,0,1.0,Tempelhof-Schöneberg,Accident with serious injuries,Collision with a turning/crossing vehicle,Turning/Crossing accident,Daylight,Wet/moist/slippery,1241,350984.0
3463,3463,192766,1,Invalidenstraße,2019,3,20,4,2,6,4,2,0,1,1,0,0,0,1.0,Mitte,Accident with serious injuries,Collision between vehicle and pedestrian,Pedestrian crossing accident,Dark,Wet/moist/slippery,2215,385748.0
3464,3464,192767,11,Falkenberg West,2019,3,0,5,2,6,4,2,0,1,1,0,0,0,0.0,Lichtenberg,Accident with serious injuries,Collision between vehicle and pedestrian,Pedestrian crossing accident,Dark,Dry,679,294201.0
3465,3465,192768,8,Tempelhofer Weg,2019,3,14,4,3,3,6,0,0,1,0,0,1,0,0.0,Neukölln,Accident with minor injuries,Collision with a vehicle traveling laterally in the same direction,Collision involving vehicles going in the same way,Daylight,Dry,934,329917.0
3466,3466,192769,4,Breitscheidplatz,2019,3,23,4,3,6,2,2,0,1,1,0,0,0,1.0,Charlottenburg-Wilmersdorf,Accident with minor injuries,Collision between vehicle and pedestrian,Turning accident,Dark,Wet/moist/slippery,1727,343592.0
3467,3467,192770,4,Schaperstraße,2019,3,10,4,3,5,2,0,0,1,0,0,0,0,0.0,Charlottenburg-Wilmersdorf,Accident with minor injuries,Collision with a turning/crossing vehicle,Turning accident,Daylight,Dry,1727,343592.0
3468,3468,192771,5,An der Kappe,2019,3,16,4,3,5,2,0,0,1,0,0,0,0,0.0,Spandau,Accident with minor injuries,Collision with a turning/crossing vehicle,Turning accident,Daylight,Dry,798,245197.0
3469,3469,192772,9,Adlershof Ost,2019,3,5,4,3,2,6,2,1,0,0,0,0,1,0.0,Treptow-Köpenick,Accident with minor injuries,Collision with the vehicle in front/waiting vehicle,Collision involving vehicles going in the same way,Dark,Dry,892,273689.0
3470,3470,192773,12,Schorfheidestraße,2019,3,5,4,3,5,3,2,0,1,0,0,0,0,1.0,Reinickendorf,Accident with minor injuries,Collision with a turning/crossing vehicle,Turning/Crossing accident,Dark,Wet/moist/slippery,867,266408.0
3471,3471,192774,10,Mahlsdorf Süd,2019,3,11,4,2,5,3,0,1,1,0,0,0,0,0.0,Marzahn-Hellersdorf,Accident with serious injuries,Collision with a turning/crossing vehicle,Turning/Crossing accident,Daylight,Dry,586,269967.0
3472,3472,192775,3,Blankenburg,2019,3,12,6,3,5,3,0,1,1,0,0,0,0,1.0,Pankow,Accident with minor injuries,Collision with a turning/crossing vehicle,Turning/Crossing accident,Daylight,Wet/moist/slippery,1219,409335.0
3473,3473,192776,2,Hausburgviertel,2019,3,20,4,2,6,2,2,0,1,1,0,0,0,0.0,Friedrichshain-Kreuzberg,Accident with serious injuries,Collision between vehicle and pedestrian,Turning accident,Dark,Dry,1381,290386.0
3474,3474,192777,4,Schaperstraße,2019,3,20,4,3,5,2,2,1,1,0,0,0,0,0.0,Charlottenburg-Wilmersdorf,Accident with minor injuries,Collision with a turning/crossing vehicle,Turning accident,Dark,Dry,1727,343592.0
3475,3475,192778,6,Bismarckstraße,2019,3,5,4,3,6,2,2,0,1,1,0,0,0,1.0,Steglitz-Zehlendorf,Accident with minor injuries,Collision between vehicle and pedestrian,Turning accident,Dark,Wet/moist/slippery,851,310071.0
3476,3476,192779,5,Gütersloher Weg,2019,3,20,4,2,6,2,2,0,1,1,0,0,0,0.0,Spandau,Accident with serious injuries,Collision between vehicle and pedestrian,Turning accident,Dark,Dry,798,245197.0
3477,3477,192780,12,Waldidyll/Flughafensee,2019,3,19,4,3,5,2,2,0,1,0,0,0,0,0.0,Reinickendorf,Accident with minor injuries,Collision with a turning/crossing vehicle,Turning accident,Dark,Dry,867,266408.0
3478,3478,192781,1,Heine-Viertel Ost,2019,3,6,4,3,5,5,2,0,1,0,1,0,0,1.0,Mitte,Accident with minor injuries,Collision with a turning/crossing vehicle,Accident involving parked vehicles,Dark,Wet/moist/slippery,2215,385748.0