,Unnamed: 0,object id,district,street,year,month,hour of day,weekday,category,accident type,accident type 2,light situation,bike involved,car involved,pedestrian involved,motor bike involved,big track involved,other vehicle involved,road condition,district name,category name,accident detail,accident type detail,light condition,road condition detail,accident count by district,est. population
3479,3479,192782,2,Reichenberger Straße,2019,3,19,4,3,4,5,2,0,1,0,0,0,1,0.0,Friedrichshain-Kreuzberg,Accident with minor injuries,Collision with oncoming vehicle,Accident involving parked vehicles,Dark,Dry,1381,290386.0
3480,3480,192783,12,Hermsdorf,2019,3,18,4,3,5,3,1,0,1,0,0,0,0,1.0,Reinickendorf,Accident with minor injuries,Collision with a turning/crossing vehicle,Turning/Crossing accident,Twilight,Wet/moist/slippery,867,266408.0
3481,3481,192784,2,Rathaus Yorckstraße,2019,3,16,4,3,2,2,0,0,1,0,0,0,0,0.0,Friedrichshain-Kreuzberg,Accident with minor injuries,Collision with the vehicle in front/waiting vehicle,Turning accident,Daylight,Dry,1381,290386.0
3482,3482,192785,8,Rixdorf,2019,3,16,4,2,3,6,0,0,1,0,1,0,1,0.0,Neukölln,Accident with serious injuries,Collision with a vehicle traveling laterally in the same direction,Collision involving vehicles going in the same way,Daylight,Dry,934,329917.0
3483,3483,192786,11,Zingster Straße West,2019,3,6,4,3,4,7,2,0,1,0,0,0,0,0.0,Lichtenberg,Accident with minor injuries,Collision with oncoming vehicle,Others,Dark,Dry,679,294201.0
3484,3484,192787,3,Kollwitzplatz,2019,3,15,4,3,5,3,0,0,1,0,0,0,0,0.0,Pankow,Accident with minor injuries,Collision with a turning/crossing vehicle,Turning/Crossing accident,Daylight,Dry,1219,409335.0
3485,3485,192788,9,Siedlung Kämmereiheide,2019,3,7,4,3,5,2,0,1,0,0,0,0,1,0.0,Treptow-Köpenick,Accident with minor injuries,Collision with a turning/crossing vehicle,Turning accident,Daylight,Dry,892,273689.0
3486,3486,192789,10,Alt-Mahlsdorf,2019,3,15,4,3,6,4,0,0,0,1,0,0,1,0.0,Marzahn-Hellersdorf,Accident with minor injuries,Collision between vehicle and pedestrian,Pedestrian crossing accident,Daylight,Dry,586,269967.0
3487,3487,192790,4,Kaiserin-Augusta-Allee,2019,3,7,4,3,1,5,0,1,1,0,0,0,0,0.0,Charlottenburg-Wilmersdorf,Accident with minor injuries,Collision with a moving/standing/parked vehicle,Accident involving parked vehicles,Daylight,Dry,1727,343592.0
3488,3488,192791,4,Schloßgarten,2019,3,13,4,3,5,2,0,1,1,0,0,0,0,0.0,Charlottenburg-Wilmersdorf,Accident with minor injuries,Collision with a turning/crossing vehicle,Turning accident,Daylight,Dry,1727,343592.0
3489,3489,192792,11,Rüdigerstraße,2019,3,19,5,3,6,2,2,0,1,1,0,0,0,1.0,Lichtenberg,Accident with minor injuries,Collision between vehicle and pedestrian,Turning accident,Dark,Wet/moist/slippery,679,294201.0
3490,3490,192793,4,Breitscheidplatz,2019,3,12,4,3,1,5,0,1,1,0,0,0,0,0.0,Charlottenburg-Wilmersdorf,Accident with minor injuries,Collision with a moving/standing/parked vehicle,Accident involving parked vehicles,Daylight,Dry,1727,343592.0
3491,3491,192794,1,Heidestraße,2019,3,13,4,3,5,2,0,0,1,0,0,0,0,0.0,Mitte,Accident with minor injuries,Collision with a turning/crossing vehicle,Turning accident,Daylight,Dry,2215,385748.0
3492,3492,192795,6,Königsberger Straße,2019,3,11,4,3,5,7,0,1,1,0,0,0,0,0.0,Steglitz-Zehlendorf,Accident with minor injuries,Collision with a turning/crossing vehicle,Others,Daylight,Dry,851,310071.0
3493,3493,192796,7,Friedenau,2019,3,13,4,3,1,7,0,0,1,0,0,0,1,0.0,Tempelhof-Schöneberg,Accident with minor injuries,Collision with a moving/standing/parked vehicle,Others,Daylight,Dry,1241,350984.0
3494,3494,192797,1,Stülerstraße,2019,3,11,4,3,5,3,0,1,1,0,0,0,0,0.0,Mitte,Accident with minor injuries,Collision with a turning/crossing vehicle,Turning/Crossing accident,Daylight,Dry,2215,385748.0
3495,3495,192798,1,Wilhelmstraße,2019,3,11,4,2,5,2,0,1,1,0,0,0,0,0.0,Mitte,Accident with serious injuries,Collision with a turning/crossing vehicle,Turning accident,Daylight,Dry,2215,385748.0
3496,3496,192799,1,Heidestraße,2019,3,13,4,3,5,2,0,1,1,0,0,0,0,0.0,Mitte,Accident with minor injuries,Collision with a turning/crossing vehicle,Turning accident,Daylight,Dry,2215,385748.0
3497,3497,192800,7,John-Locke-Straße,2019,3,11,4,3,5,2,0,0,1,0,1,0,0,0.0,Tempelhof-Schöneberg,Accident with minor injuries,Collision with a turning/crossing vehicle,Turning accident,Daylight,Dry,1241,350984.0
3498,3498,192801,4,Spreestadt,2019,3,9,4,3,6,4,0,1,0,1,0,0,0,0.0,Charlottenburg-Wilmersdorf,Accident with minor injuries,Collision between vehicle and pedestrian,Pedestrian crossing accident,Daylight,Dry,1727,343592.0
3499,3499,192802,9,Dammvorstadt,2019,3,8,4,3,3,6,0,0,0,0,1,0,1,0.0,Treptow-Köpenick,Accident with minor injuries,Collision with a vehicle traveling laterally in the same direction,Collision involving vehicles going in the same way,Daylight,Dry,892,273689.0
3500,3500,192803,7,Kaiser-Wilhelm-Platz,2019,3,15,4,2,6,4,0,0,1,1,0,0,0,0.0,Tempelhof-Schöneberg,Accident with serious injuries,Collision between vehicle and pedestrian,Pedestrian crossing accident,Daylight,Dry,1241,350984.0
3501,3501,192804,1,Humboldthain Nordwest,2019,3,7,4,3,5,2,0,0,1,0,0,0,0,0.0,Mitte,Accident with minor injuries,Collision with a turning/crossing vehicle,Turning accident,Daylight,Dry,2215,385748.0
3502,3502,192805,4,Spreestadt,2019,3,15,4,3,2,6,0,0,1,0,0,0,1,0.0,Charlottenburg-Wilmersdorf,Accident with minor injuries,Collision with the vehicle in front/waiting vehicle,Collision involving vehicles going in the same way,Daylight,Dry,1727,343592.0
3503,3503,192806,3,Heinersdorf,2019,3,7,4,3,5,2,0,1,1,0,0,0,0,0.0,Pankow,Accident with minor injuries,Collision with a turning/crossing vehicle,Turning accident,Daylight,Dry,1219,409335.0
3504,3504,192807,10,Mahlsdorf Nord,2019,3,6,4,3,6,4,1,0,1,1,0,0,0,0.0,Marzahn-Hellersdorf,Accident with minor injuries,Collision between vehicle and pedestrian,Pedestrian crossing accident,Twilight,Dry,586,269967.0
3505,3505,192808,5,Carl-Schurz-Straße,2019,3,15,4,3,0,2,0,0,1,0,0,0,1,0.0,Spandau,Accident with minor injuries,Others,Turning accident,Daylight,Dry,798,245197.0
3506,3506,192809,3,Pankow Zentrum,2019,3,15,3,3,5,3,0,1,1,0,0,0,0,0.0,Pankow,Accident with minor injuries,Collision with a turning/crossing vehicle,Turning/Crossing accident,Daylight,Dry,1219,409335.0
3507,3507,192810,4,Droysenstraße,2019,3,19,5,3,5,3,2,1,1,0,0,0,0,1.0,Charlottenburg-Wilmersdorf,Accident with minor injuries,Collision with a turning/crossing vehicle,Turning/Crossing accident,Dark,Wet/moist/slippery,1727,343592.0
3508,3508,192811,6,Fichtenberg,2019,3,8,3,3,5,3,0,1,0,0,0,0,1,0.0,Steglitz-Zehlendorf,Accident with minor injuries,Collision with a turning/crossing vehicle,Turning/Crossing accident,Daylight,Dry,851,310071.0
3509,3509,192812,4,Eisenzahnstraße,2019,3,21,3,3,6,2,2,1,0,1,0,0,0,0.0,Charlottenburg-Wilmersdorf,Accident with minor injuries,Collision between vehicle and pedestrian,Turning accident,Dark,Dry,1727,343592.0
3510,3510,192813,2,Boxhagener Platz,2019,3,19,3,3,5,3,2,0,1,0,0,0,1,1.0,Friedrichshain-Kreuzberg,Accident with minor injuries,Collision with a turning/crossing vehicle,Turning/Crossing accident,Dark,Wet/moist/slippery,1381,290386.0
3511,3511,192814,11,Fennpfuhl Ost,2019,3,16,4,2,5,7,0,0,1,0,1,0,0,0.0,Lichtenberg,Accident with serious injuries,Collision with a turning/crossing vehicle,Others,Daylight,Dry,679,294201.0
3512,3512,192815,4,Bismarckallee,2019,3,19,3,3,2,6,2,0,1,0,0,0,0,1.0,Charlottenburg-Wilmersdorf,Accident with minor injuries,Collision with the vehicle in front/waiting vehicle,Collision involving vehicles going in the same way,Dark,Wet/moist/slippery,1727,343592.0
3513,3513,192816,2,Moritzplatz,2019,3,19,3,3,5,2,2,1,1,0,0,0,0,0.0,Friedrichshain-Kreuzberg,Accident with minor injuries,Collision with a turning/crossing vehicle,Turning accident,Dark,Dry,1381,290386.0
3514,3514,192817,4,Alt-Lietzow,2019,3,16,4,3,2,7,0,1,1,0,0,0,0,0.0,Charlottenburg-Wilmersdorf,Accident with minor injuries,Collision with the vehicle in front/waiting vehicle,Others,Daylight,Dry,1727,343592.0
3515,3515,192818,7,Kaiser-Wilhelm-Platz,2019,3,18,3,3,6,2,2,0,1,1,0,0,0,1.0,Tempelhof-Schöneberg,Accident with minor injuries,Collision between vehicle and pedestrian,Turning accident,Dark,Wet/moist/slippery,1241,350984.0
3516,3516,192819,1,Nördlicher Landwehrkanal,2019,3,18,3,3,5,3,2,1,1,0,0,0,0,1.0,Mitte,Accident with minor injuries,Collision with a turning/crossing vehicle,Turning/Crossing accident,Dark,Wet/moist/slippery,2215,385748.0
3517,3517,192820,8,Treptower Straße Nord,2019,3,19,3,3,5,2,2,1,1,0,0,0,0,1.0,Neukölln,Accident with minor injuries,Collision with a turning/crossing vehicle,Turning accident,Dark,Wet/moist/slippery,934,329917.0
3518,3518,192821,5,Kurstraße,2019,3,16,4,2,5,7,0,0,1,0,0,0,0,0.0,Spandau,Accident with serious injuries,Collision with a turning/crossing vehicle,Others,Daylight,Dry,798,245197.0
3519,3519,192822,7,Rathaus Tempelhof,2019,3,17,3,3,5,3,2,0,1,0,0,0,0,1.0,Tempelhof-Schöneberg,Accident with minor injuries,Collision with a turning/crossing vehicle,Turning/Crossing accident,Dark,Wet/moist/slippery,1241,350984.0
3520,3520,192823,7,Franziusweg/Rohrbachstraße,2019,3,18,4,3,5,2,1,1,1,0,0,0,0,0.0,Tempelhof-Schöneberg,Accident with minor injuries,Collision with a turning/crossing vehicle,Turning accident,Twilight,Dry,1241,350984.0
3521,3521,192824,1,Lüneburger Straße,2019,3,17,3,2,6,4,1,0,1,1,0,0,0,1.0,Mitte,Accident with serious injuries,Collision between vehicle and pedestrian,Pedestrian crossing accident,Twilight,Wet/moist/slippery,2215,385748.0
3522,3522,192825,8,Rixdorf,2019,3,16,3,2,6,7,0,0,1,1,0,0,0,0.0,Neukölln,Accident with serious injuries,Collision between vehicle and pedestrian,Others,Daylight,Dry,934,329917.0
3523,3523,192826,2,Urbanstraße,2019,3,20,4,3,0,1,2,1,1,0,0,0,0,0.0,Friedrichshain-Kreuzberg,Accident with minor injuries,Others,Driving accident,Dark,Dry,1381,290386.0
3524,3524,192827,9,Hirschgarten,2019,3,15,3,3,5,3,2,1,1,0,0,0,0,0.0,Treptow-Köpenick,Accident with minor injuries,Collision with a turning/crossing vehicle,Turning/Crossing accident,Dark,Dry,892,273689.0
3525,3525,192828,1,Stülerstraße,2019,3,15,3,3,3,6,0,0,1,0,1,0,0,1.0,Mitte,Accident with minor injuries,Collision with a vehicle traveling laterally in the same direction,Collision involving vehicles going in the same way,Daylight,Wet/moist/slippery,2215,385748.0
3526,3526,192829,6,Komponistenviertel Lankwitz,2019,3,23,4,3,6,7,2,0,1,1,0,0,0,1.0,Steglitz-Zehlendorf,Accident with minor injuries,Collision between vehicle and pedestrian,Others,Dark,Wet/moist/slippery,851,310071.0
3527,3527,192830,4,Park Ruhwald,2019,3,10,3,3,6,3,0,0,1,1,0,0,0,1.0,Charlottenburg-Wilmersdorf,Accident with minor injuries,Collision between vehicle and pedestrian,Turning/Crossing accident,Daylight,Wet/moist/slippery,1727,343592.0
3528,3528,192831,10,Gut Hellersdorf,2019,3,12,3,2,0,3,0,0,1,0,1,0,0,1.0,Marzahn-Hellersdorf,Accident with serious injuries,Others,Turning/Crossing accident,Daylight,Wet/moist/slippery,586,269967.0
3529,3529,192832,6,Dahlem,2019,3,12,3,2,5,2,0,0,1,0,0,1,0,0.0,Steglitz-Zehlendorf,Accident with serious injuries,Collision with a turning/crossing vehicle,Turning accident,Daylight,Dry,851,310071.0
3530,3530,192833,4,Breitscheidplatz,2019,3,16,3,3,2,6,0,0,1,0,0,0,1,0.0,Charlottenburg-Wilmersdorf,Accident with minor injuries,Collision with the vehicle in front/waiting vehicle,Collision involving vehicles going in the same way,Daylight,Dry,1727,343592.0
3531,3531,192834,11,Landsberger Allee,2019,3,6,3,3,6,4,1,0,0,1,1,0,0,0.0,Lichtenberg,Accident with minor injuries,Collision between vehicle and pedestrian,Pedestrian crossing accident,Twilight,Dry,679,294201.0
3532,3532,192835,1,Arkonaplatz,2019,3,6,3,3,5,2,0,1,1,0,0,0,0,0.0,Mitte,Accident with minor injuries,Collision with a turning/crossing vehicle,Turning accident,Daylight,Dry,2215,385748.0
3533,3533,192836,2,Mehringplatz,2019,3,9,3,2,1,5,0,1,1,0,0,0,0,0.0,Friedrichshain-Kreuzberg,Accident with serious injuries,Collision with a moving/standing/parked vehicle,Accident involving parked vehicles,Daylight,Dry,1381,290386.0
3534,3534,192837,12,Rollbergesiedlung,2019,3,6,3,3,0,3,0,0,1,0,1,0,0,1.0,Reinickendorf,Accident with minor injuries,Others,Turning/Crossing accident,Daylight,Wet/moist/slippery,867,266408.0
3535,3535,192838,7,Friedenau,2019,3,19,3,3,0,2,2,0,1,0,0,0,1,0.0,Tempelhof-Schöneberg,Accident with minor injuries,Others,Turning accident,Dark,Dry,1241,350984.0
3536,3536,192839,1,Unter den Linden Süd,2019,3,6,3,3,5,3,0,0,1,0,0,0,0,0.0,Mitte,Accident with minor injuries,Collision with a turning/crossing vehicle,Turning/Crossing accident,Daylight,Dry,2215,385748.0
3537,3537,192840,1,Westhafen,2019,3,7,3,3,3,6,0,1,0,0,0,1,0,0.0,Mitte,Accident with minor injuries,Collision with a vehicle traveling laterally in the same direction,Collision involving vehicles going in the same way,Daylight,Dry,2215,385748.0
3538,3538,192841,3,Schönholz,2019,3,19,3,2,5,3,2,1,1,0,0,0,0,0.0,Pankow,Accident with serious injuries,Collision with a turning/crossing vehicle,Turning/Crossing accident,Dark,Dry,1219,409335.0
3539,3539,192842,3,Helmholtzplatz,2019,3,8,3,3,2,2,0,1,1,0,0,0,0,0.0,Pankow,Accident with minor injuries,Collision with the vehicle in front/waiting vehicle,Turning accident,Daylight,Dry,1219,409335.0
3540,3540,192843,2,Urbanstraße,2019,3,8,3,3,5,3,0,1,1,0,0,0,0,0.0,Friedrichshain-Kreuzberg,Accident with minor injuries,Collision with a turning/crossing vehicle,Turning/Crossing accident,Daylight,Dry,1381,290386.0
3541,3541,192844,6,Königsberger Straße,2019,3,17,3,3,0,2,0,1,1,0,0,0,0,1.0,Steglitz-Zehlendorf,Accident with minor injuries,Others,Turning accident,Daylight,Wet/moist/slippery,851,310071.0
3542,3542,192845,3,Weißer See,2019,3,19,3,3,5,3,2,0,1,0,0,0,0,0.0,Pankow,Accident with minor injuries,Collision with a turning/crossing vehicle,Turning/Crossing accident,Dark,Dry,1219,409335.0
3543,3543,192846,1,Humboldthain Süd,2019,3,9,3,3,6,4,0,0,1,1,0,0,0,0.0,Mitte,Accident with minor injuries,Collision between vehicle and pedestrian,Pedestrian crossing accident,Daylight,Dry,2215,385748.0
3544,3544,192847,1,Leopoldplatz,2019,3,5,5,3,0,6,2,0,1,0,1,0,0,1.0,Mitte,Accident with minor injuries,Others,Collision involving vehicles going in the same way,Dark,Wet/moist/slippery,2215,385748.0
3545,3545,192848,1,Heine-Viertel West,2019,3,9,3,3,5,2,0,1,1,0,0,0,0,0.0,Mitte,Accident with minor injuries,Collision with a turning/crossing vehicle,Turning accident,Daylight,Dry,2215,385748.0
3546,3546,192849,4,Park Ruhwald,2019,3,17,3,3,5,2,1,1,1,0,0,0,0,0.0,Charlottenburg-Wilmersdorf,Accident with minor injuries,Collision with a turning/crossing vehicle,Turning accident,Twilight,Dry,1727,343592.0
3547,3547,192850,6,Lichterfelde West,2019,3,10,3,3,5,3,0,0,1,0,0,0,0,0.0,Steglitz-Zehlendorf,Accident with minor injuries,Collision with a turning/crossing vehicle,Turning/Crossing accident,Daylight,Dry,851,310071.0
3548,3548,192851,4,Alt-Lietzow,2019,3,11,3,3,5,3,0,0,1,0,0,0,0,0.0,Charlottenburg-Wilmersdorf,Accident with minor injuries,Collision with a turning/crossing vehicle,Turning/Crossing accident,Daylight,Dry,1727,343592.0
3549,3549,192852,5,Zitadellenweg,2019,3,16,3,3,5,3,0,1,1,0,0,0,0,0.0,Spandau,Accident with minor injuries,Collision with a turning/crossing vehicle,Turning/Crossing accident,Daylight,Dry,798,245197.0
3550,3550,192853,4,Prager Platz,2019,3,11,3,3,5,2,0,1,1,0,0,0,0,0.0,Charlottenburg-Wilmersdorf,Accident with minor injuries,Collision with a turning/crossing vehicle,Turning accident,Daylight,Dry,1727,343592.0
3551,3551,192854,4,Schloßstraße,2019,3,18,3,3,5,3,2,1,1,0,0,0,0,1.0,Charlottenburg-Wilmersdorf,Accident with minor injuries,Collision with a turning/crossing vehicle,Turning/Crossing accident,Dark,Wet/moist/slippery,1727,343592.0
3552,3552,192855,1,Leipziger Straße,2019,3,16,3,3,5,7,0,0,1,0,0,0,0,0.0,Mitte,Accident with minor injuries,Collision with a turning/crossing vehicle,Others,Daylight,Dry,2215,385748.0
3553,3553,192856,2,Boxhagener Platz,2019,3,16,3,3,1,5,0,1,1,0,0,0,0,1.0,Friedrichshain-Kreuzberg,Accident with minor injuries,Collision with a moving/standing/parked vehicle,Accident involving parked vehicles,Daylight,Wet/moist/slippery,1381,290386.0
3554,3554,192857,11,Fennpfuhl West,2019,3,17,3,3,5,3,0,0,1,0,0,0,0,0.0,Lichtenberg,Accident with minor injuries,Collision with a turning/crossing vehicle,Turning/Crossing accident,Daylight,Dry,679,294201.0
3555,3555,192858,2,Rathaus Yorckstraße,2019,3,16,3,2,6,4,0,0,1,1,0,0,0,0.0,Friedrichshain-Kreuzberg,Accident with serious injuries,Collision between vehicle and pedestrian,Pedestrian crossing accident,Daylight,Dry,1381,290386.0
3556,3556,192859,7,Manteuffelstraße,2019,3,16,3,3,5,3,0,1,1,0,0,0,0,0.0,Tempelhof-Schöneberg,Accident with minor injuries,Collision with a turning/crossing vehicle,Turning/Crossing accident,Daylight,Dry,1241,350984.0
3557,3557,192860,1,Nördlicher Landwehrkanal,2019,3,9,2,3,1,5,0,1,1,0,0,0,0,0.0,Mitte,Accident with minor injuries,Collision with a moving/standing/parked vehicle,Accident involving parked vehicles,Daylight,Dry,2215,385748.0
3558,3558,192861,1,Invalidenstraße,2019,3,17,3,3,5,3,0,1,0,0,0,1,0,0.0,Mitte,Accident with minor injuries,Collision with a turning/crossing vehicle,Turning/Crossing accident,Daylight,Dry,2215,385748.0
3559,3559,192862,2,Graefekiez,2019,3,18,2,3,2,2,2,0,1,0,0,0,0,1.0,Friedrichshain-Kreuzberg,Accident with minor injuries,Collision with the vehicle in front/waiting vehicle,Turning accident,Dark,Wet/moist/slippery,1381,290386.0
3560,3560,192863,8,Treptower Straße Nord,2019,3,18,5,3,5,3,2,1,1,0,0,0,0,1.0,Neukölln,Accident with minor injuries,Collision with a turning/crossing vehicle,Turning/Crossing accident,Dark,Wet/moist/slippery,934,329917.0
3561,3561,192864,4,Preußenpark,2019,3,16,2,3,6,4,0,0,1,1,0,0,0,0.0,Charlottenburg-Wilmersdorf,Accident with minor injuries,Collision between vehicle and pedestrian,Pedestrian crossing accident,Daylight,Dry,1727,343592.0
3562,3562,192865,4,Prager Platz,2019,3,16,2,3,2,6,1,0,1,0,0,0,0,1.0,Charlottenburg-Wilmersdorf,Accident with minor injuries,Collision with the vehicle in front/waiting vehicle,Collision involving vehicles going in the same way,Twilight,Wet/moist/slippery,1727,343592.0
3563,3563,192866,2,Graefekiez,2019,3,16,2,3,5,3,0,1,1,0,0,0,0,0.0,Friedrichshain-Kreuzberg,Accident with minor injuries,Collision with a turning/crossing vehicle,Turning/Crossing accident,Daylight,Dry,1381,290386.0
3564,3564,192867,6,Schloßstraße,2019,3,15,2,3,2,6,0,0,1,0,0,0,0,0.0,Steglitz-Zehlendorf,Accident with minor injuries,Collision with the vehicle in front/waiting vehicle,Collision involving vehicles going in the same way,Daylight,Dry,851,310071.0
3565,3565,192868,1,Huttenkiez,2019,3,14,2,3,5,7,0,0,1,0,1,0,0,0.0,Mitte,Accident with minor injuries,Collision with a turning/crossing vehicle,Others,Daylight,Dry,2215,385748.0
3566,3566,192869,5,Zitadellenweg,2019,3,14,3,3,2,6,0,0,1,0,0,0,0,0.0,Spandau,Accident with minor injuries,Collision with the vehicle in front/waiting vehicle,Collision involving vehicles going in the same way,Daylight,Dry,798,245197.0
3567,3567,192870,10,Alt-Marzahn,2019,3,14,2,3,5,3,0,0,1,0,0,0,0,0.0,Marzahn-Hellersdorf,Accident with minor injuries,Collision with a turning/crossing vehicle,Turning/Crossing accident,Daylight,Dry,586,269967.0
3568,3568,192871,6,Oberhofer Platz,2019,3,12,2,3,3,6,0,1,1,0,0,0,0,1.0,Steglitz-Zehlendorf,Accident with minor injuries,Collision with a vehicle traveling laterally in the same direction,Collision involving vehicles going in the same way,Daylight,Wet/moist/slippery,851,310071.0
3569,3569,192872,3,Helmholtzplatz,2019,3,11,3,3,5,7,0,1,0,0,0,0,1,0.0,Pankow,Accident with minor injuries,Collision with a turning/crossing vehicle,Others,Daylight,Dry,1219,409335.0
3570,3570,192873,7,Marienfelde Süd,2019,3,13,2,3,5,2,0,0,1,0,0,0,1,1.0,Tempelhof-Schöneberg,Accident with minor injuries,Collision with a turning/crossing vehicle,Turning accident,Daylight,Wet/moist/slippery,1241,350984.0
3571,3571,192874,6,Lichterfelde Süd,2019,3,13,2,3,1,5,0,0,1,0,1,0,0,1.0,Steglitz-Zehlendorf,Accident with minor injuries,Collision with a moving/standing/parked vehicle,Accident involving parked vehicles,Daylight,Wet/moist/slippery,851,310071.0
3572,3572,192875,8,Flughafenstraße,2019,3,10,3,3,5,3,0,1,0,0,0,0,1,1.0,Neukölln,Accident with minor injuries,Collision with a turning/crossing vehicle,Turning/Crossing accident,Daylight,Wet/moist/slippery,934,329917.0
3573,3573,192876,7,Neu-Tempelhof,2019,3,12,2,3,5,3,0,0,1,0,0,0,0,1.0,Tempelhof-Schöneberg,Accident with minor injuries,Collision with a turning/crossing vehicle,Turning/Crossing accident,Daylight,Wet/moist/slippery,1241,350984.0
3574,3574,192877,4,Tegeler Weg,2019,3,12,2,3,5,3,0,0,1,0,0,0,0,1.0,Charlottenburg-Wilmersdorf,Accident with minor injuries,Collision with a turning/crossing vehicle,Turning/Crossing accident,Daylight,Wet/moist/slippery,1727,343592.0
3575,3575,192878,1,Gesundbrunnen,2019,3,11,2,3,1,5,0,0,1,0,1,0,0,0.0,Mitte,Accident with minor injuries,Collision with a moving/standing/parked vehicle,Accident involving parked vehicles,Daylight,Dry,2215,385748.0
3576,3576,192879,4,Prager Platz,2019,3,10,3,3,6,4,0,1,0,1,0,0,0,0.0,Charlottenburg-Wilmersdorf,Accident with minor injuries,Collision between vehicle and pedestrian,Pedestrian crossing accident,Daylight,Dry,1727,343592.0
3577,3577,192880,4,Königin-Elisabeth-Straße,2019,3,9,2,3,2,6,0,0,1,0,0,0,0,1.0,Charlottenburg-Wilmersdorf,Accident with minor injuries,Collision with the vehicle in front/waiting vehicle,Collision involving vehicles going in the same way,Daylight,Wet/moist/slippery,1727,343592.0
3578,3578,192881,8,Rixdorf,2019,3,17,5,3,2,6,2,0,1,0,0,0,0,1.0,Neukölln,Accident with minor injuries,Collision with the vehicle in front/waiting vehicle,Collision involving vehicles going in the same way,Dark,Wet/moist/slippery,934,329917.0
3579,3579,192882,4,Ernst-Reuter-Platz,2019,3,6,2,3,3,6,0,0,1,0,0,0,0,1.0,Charlottenburg-Wilmersdorf,Accident with minor injuries,Collision with a vehicle traveling laterally in the same direction,Collision involving vehicles going in the same way,Daylight,Wet/moist/slippery,1727,343592.0
3580,3580,192883,4,George-Grosz-Platz,2019,3,18,2,3,5,2,1,0,1,0,1,0,0,1.0,Charlottenburg-Wilmersdorf,Accident with minor injuries,Collision with a turning/crossing vehicle,Turning accident,Twilight,Wet/moist/slippery,1727,343592.0
3581,3581,192884,4,Schaperstraße,2019,3,9,3,3,5,2,0,0,1,0,1,0,0,0.0,Charlottenburg-Wilmersdorf,Accident with minor injuries,Collision with a turning/crossing vehicle,Turning accident,Daylight,Dry,1727,343592.0
3582,3582,192885,1,Leipziger Straße,2019,3,19,2,3,5,3,2,1,1,0,0,0,0,1.0,Mitte,Accident with minor injuries,Collision with a turning/crossing vehicle,Turning/Crossing accident,Dark,Wet/moist/slippery,2215,385748.0
3583,3583,192886,9,Adlershof West,2019,3,19,2,3,5,3,2,1,1,0,0,0,0,1.0,Treptow-Köpenick,Accident with minor injuries,Collision with a turning/crossing vehicle,Turning/Crossing accident,Dark,Wet/moist/slippery,892,273689.0
3584,3584,192887,2,Rathaus Yorckstraße,2019,3,8,3,2,6,2,0,0,0,1,0,1,0,0.0,Friedrichshain-Kreuzberg,Accident with serious injuries,Collision between vehicle and pedestrian,Turning accident,Daylight,Dry,1381,290386.0
3585,3585,192888,2,Graefekiez,2019,3,20,2,2,5,3,2,1,1,0,0,0,0,1.0,Friedrichshain-Kreuzberg,Accident with serious injuries,Collision with a turning/crossing vehicle,Turning/Crossing accident,Dark,Wet/moist/slippery,1381,290386.0
3586,3586,192889,1,Heidestraße,2019,3,22,2,2,5,2,2,0,1,0,0,0,0,1.0,Mitte,Accident with serious injuries,Collision with a turning/crossing vehicle,Turning accident,Dark,Wet/moist/slippery,2215,385748.0
3587,3587,192890,9,Elsenstraße,2019,3,8,3,3,5,3,0,1,1,0,0,0,0,1.0,Treptow-Köpenick,Accident with minor injuries,Collision with a turning/crossing vehicle,Turning/Crossing accident,Daylight,Wet/moist/slippery,892,273689.0
3588,3588,192891,1,Charitéviertel,2019,3,23,2,2,6,4,2,0,1,1,0,0,0,0.0,Mitte,Accident with serious injuries,Collision between vehicle and pedestrian,Pedestrian crossing accident,Dark,Dry,2215,385748.0
3589,3589,192892,1,Wilhelmstraße,2019,3,8,3,3,5,3,0,1,1,0,0,0,0,1.0,Mitte,Accident with minor injuries,Collision with a turning/crossing vehicle,Turning/Crossing accident,Daylight,Wet/moist/slippery,2215,385748.0
3590,3590,192893,5,Carl-Schurz-Straße,2019,3,17,2,2,6,4,1,0,1,1,0,0,0,1.0,Spandau,Accident with serious injuries,Collision between vehicle and pedestrian,Pedestrian crossing accident,Twilight,Wet/moist/slippery,798,245197.0
3591,3591,192894,9,Adlershof Ost,2019,3,8,2,3,5,3,0,0,1,0,0,0,0,0.0,Treptow-Köpenick,Accident with minor injuries,Collision with a turning/crossing vehicle,Turning/Crossing accident,Daylight,Dry,892,273689.0
3592,3592,192895,2,Viktoriapark,2019,3,0,3,3,5,3,2,0,1,0,0,0,0,1.0,Friedrichshain-Kreuzberg,Accident with minor injuries,Collision with a turning/crossing vehicle,Turning/Crossing accident,Dark,Wet/moist/slippery,1381,290386.0
3593,3593,192896,11,Rüdigerstraße,2019,3,17,2,2,0,1,0,1,0,0,0,0,0,1.0,Lichtenberg,Accident with serious injuries,Others,Driving accident,Daylight,Wet/moist/slippery,679,294201.0
3594,3594,192897,5,Carl-Schurz-Straße,2019,3,6,3,3,0,6,0,0,0,0,1,0,1,1.0,Spandau,Accident with minor injuries,Others,Collision involving vehicles going in the same way,Daylight,Wet/moist/slippery,798,245197.0
3595,3595,192898,10,Mahlsdorf Süd,2019,3,4,2,3,0,6,2,0,1,0,0,0,1,1.0,Marzahn-Hellersdorf,Accident with minor injuries,Others,Collision involving vehicles going in the same way,Dark,Wet/moist/slippery,586,269967.0
3596,3596,192899,1,Westliche Müllerstraße,2019,3,13,2,3,0,1,0,0,0,0,1,0,0,1.0,Mitte,Accident with minor injuries,Others,Driving accident,Daylight,Wet/moist/slippery,2215,385748.0
3597,3597,192900,6,Zehlendorf Süd,2019,3,7,3,3,5,2,0,1,1,0,0,0,0,0.0,Steglitz-Zehlendorf,Accident with minor injuries,Collision with a turning/crossing vehicle,Turning accident,Daylight,Dry,851,310071.0