,Unnamed: 0,object id,district,street,year,month,hour of day,weekday,category,accident type,accident type 2,light situation,bike involved,car involved,pedestrian involved,motor bike involved,big track involved,other vehicle involved,road condition,district name,category name,accident detail,accident type detail,light condition,road condition detail,accident count by district,est. population
3598,3598,192901,12,Dannenwalder Weg,2019,3,18,1,3,5,2,1,1,1,0,0,0,0,0.0,Reinickendorf,Accident with minor injuries,Collision with a turning/crossing vehicle,Turning accident,Twilight,Dry,867,266408.0
3599,3599,192902,8,Buschkrugallee Nord,2019,3,13,1,3,5,2,0,0,1,0,0,0,0,1.0,Neukölln,Accident with minor injuries,Collision with a turning/crossing vehicle,Turning accident,Daylight,Wet/moist/slippery,934,329917.0
3600,3600,192903,4,Karl-August-Platz,2019,3,7,3,3,3,6,0,0,1,0,1,0,0,0.0,Charlottenburg-Wilmersdorf,Accident with minor injuries,Collision with a vehicle traveling laterally in the same direction,Collision involving vehicles going in the same way,Daylight,Dry,1727,343592.0
3601,3601,192904,9,Dorf Altglienicke,2019,3,0,1,2,1,5,2,0,1,0,0,0,0,0.0,Treptow-Köpenick,Accident with serious injuries,Collision with a moving/standing/parked vehicle,Accident involving parked vehicles,Dark,Dry,892,273689.0
3602,3602,192905,4,Park Ruhwald,2019,3,22,1,3,4,1,2,0,1,0,0,0,1,1.0,Charlottenburg-Wilmersdorf,Accident with minor injuries,Collision with oncoming vehicle,Driving accident,Dark,Wet/moist/slippery,1727,343592.0
3603,3603,192906,1,Humboldthain Nordwest,2019,3,16,3,3,2,6,0,0,1,0,0,0,0,0.0,Mitte,Accident with minor injuries,Collision with the vehicle in front/waiting vehicle,Collision involving vehicles going in the same way,Daylight,Dry,2215,385748.0
3604,3604,192907,3,Falkplatz,2019,3,18,1,3,0,6,2,0,1,0,1,0,0,1.0,Pankow,Accident with minor injuries,Others,Collision involving vehicles going in the same way,Dark,Wet/moist/slippery,1219,409335.0
3605,3605,192908,3,Heinersdorf,2019,3,8,3,3,5,2,0,1,1,0,0,0,0,1.0,Pankow,Accident with minor injuries,Collision with a turning/crossing vehicle,Turning accident,Daylight,Wet/moist/slippery,1219,409335.0
3606,3606,192909,1,Karl-Marx-Allee,2019,3,17,1,3,5,2,1,1,1,0,0,0,0,1.0,Mitte,Accident with minor injuries,Collision with a turning/crossing vehicle,Turning accident,Twilight,Wet/moist/slippery,2215,385748.0
3607,3607,192910,5,Borkumer Straße,2019,3,16,1,3,2,1,0,0,1,0,1,0,0,1.0,Spandau,Accident with minor injuries,Collision with the vehicle in front/waiting vehicle,Driving accident,Daylight,Wet/moist/slippery,798,245197.0
3608,3608,192911,5,Adamstraße,2019,3,16,3,3,6,4,0,0,1,1,0,0,0,0.0,Spandau,Accident with minor injuries,Collision between vehicle and pedestrian,Pedestrian crossing accident,Daylight,Dry,798,245197.0
3609,3609,192912,2,Wassertorplatz,2019,3,15,1,3,3,6,0,0,1,0,1,0,0,1.0,Friedrichshain-Kreuzberg,Accident with minor injuries,Collision with a vehicle traveling laterally in the same direction,Collision involving vehicles going in the same way,Daylight,Wet/moist/slippery,1381,290386.0
3610,3610,192913,4,Kranzallee,2019,3,15,1,3,5,3,0,0,1,0,0,0,0,1.0,Charlottenburg-Wilmersdorf,Accident with minor injuries,Collision with a turning/crossing vehicle,Turning/Crossing accident,Daylight,Wet/moist/slippery,1727,343592.0
3611,3611,192914,12,Klixstraße,2019,3,10,1,3,5,3,0,0,1,0,0,0,0,1.0,Reinickendorf,Accident with minor injuries,Collision with a turning/crossing vehicle,Turning/Crossing accident,Daylight,Wet/moist/slippery,867,266408.0
3612,3612,192915,3,Pankow Zentrum,2019,3,8,3,3,1,5,0,1,1,0,0,0,0,1.0,Pankow,Accident with minor injuries,Collision with a moving/standing/parked vehicle,Accident involving parked vehicles,Daylight,Wet/moist/slippery,1219,409335.0
3613,3613,192916,6,Teltower Damm,2019,3,4,1,2,6,4,2,0,0,1,0,0,1,1.0,Steglitz-Zehlendorf,Accident with serious injuries,Collision between vehicle and pedestrian,Pedestrian crossing accident,Dark,Wet/moist/slippery,851,310071.0
3614,3614,192917,2,Graefekiez,2019,3,23,1,3,2,2,2,0,1,0,0,0,0,1.0,Friedrichshain-Kreuzberg,Accident with minor injuries,Collision with the vehicle in front/waiting vehicle,Turning accident,Dark,Wet/moist/slippery,1381,290386.0
3615,3615,192918,6,Schütte-Lanz-Straße,2019,3,10,1,3,2,6,0,0,1,0,0,0,0,1.0,Steglitz-Zehlendorf,Accident with minor injuries,Collision with the vehicle in front/waiting vehicle,Collision involving vehicles going in the same way,Daylight,Wet/moist/slippery,851,310071.0
3616,3616,192919,3,Pankow Zentrum,2019,3,16,3,3,2,6,0,1,1,0,0,0,0,0.0,Pankow,Accident with minor injuries,Collision with the vehicle in front/waiting vehicle,Collision involving vehicles going in the same way,Daylight,Dry,1219,409335.0
3617,3617,192920,1,Sparrplatz,2019,3,10,1,3,5,3,0,0,1,0,0,0,0,0.0,Mitte,Accident with minor injuries,Collision with a turning/crossing vehicle,Turning/Crossing accident,Daylight,Dry,2215,385748.0
3618,3618,192921,1,Reinickendorfer Straße,2019,3,23,1,3,9,1,2,0,1,0,0,0,0,1.0,Mitte,Accident with minor injuries,Departure from the roadway to the left,Driving accident,Dark,Wet/moist/slippery,2215,385748.0
3619,3619,192922,7,Nollendorfplatz,2019,3,13,7,3,2,6,0,0,1,0,0,0,0,0.0,Tempelhof-Schöneberg,Accident with minor injuries,Collision with the vehicle in front/waiting vehicle,Collision involving vehicles going in the same way,Daylight,Dry,1241,350984.0
3620,3620,192923,7,Marienhöhe,2019,3,16,3,3,2,6,0,0,1,0,0,1,0,0.0,Tempelhof-Schöneberg,Accident with minor injuries,Collision with the vehicle in front/waiting vehicle,Collision involving vehicles going in the same way,Daylight,Dry,1241,350984.0
3621,3621,192924,1,Alexanderplatzviertel,2019,3,17,7,3,6,4,1,0,1,1,0,0,0,0.0,Mitte,Accident with minor injuries,Collision between vehicle and pedestrian,Pedestrian crossing accident,Twilight,Dry,2215,385748.0
3622,3622,192925,3,Weißer See,2019,3,16,3,3,3,6,0,0,1,0,0,0,1,0.0,Pankow,Accident with minor injuries,Collision with a vehicle traveling laterally in the same direction,Collision involving vehicles going in the same way,Daylight,Dry,1219,409335.0
3623,3623,192926,4,Alt-Lietzow,2019,3,18,7,3,5,2,2,1,1,0,0,0,0,0.0,Charlottenburg-Wilmersdorf,Accident with minor injuries,Collision with a turning/crossing vehicle,Turning accident,Dark,Dry,1727,343592.0
3624,3624,192927,5,Weinmeisterhornweg,2019,3,14,7,3,5,3,0,0,1,0,0,0,0,0.0,Spandau,Accident with minor injuries,Collision with a turning/crossing vehicle,Turning/Crossing accident,Daylight,Dry,798,245197.0
3625,3625,192928,4,Klausenerplatz,2019,3,14,3,3,1,5,0,0,1,0,1,0,0,0.0,Charlottenburg-Wilmersdorf,Accident with minor injuries,Collision with a moving/standing/parked vehicle,Accident involving parked vehicles,Daylight,Dry,1727,343592.0
3626,3626,192929,11,Orankesee,2019,3,13,7,3,5,2,0,0,1,0,0,0,0,0.0,Lichtenberg,Accident with minor injuries,Collision with a turning/crossing vehicle,Turning accident,Daylight,Dry,679,294201.0
3627,3627,192930,4,Spreestadt,2019,3,12,7,3,3,1,0,1,0,0,0,0,1,0.0,Charlottenburg-Wilmersdorf,Accident with minor injuries,Collision with a vehicle traveling laterally in the same direction,Driving accident,Daylight,Dry,1727,343592.0
3628,3628,192931,3,Rennbahnstraße,2019,3,18,7,3,5,3,2,0,1,0,0,0,0,0.0,Pankow,Accident with minor injuries,Collision with a turning/crossing vehicle,Turning/Crossing accident,Dark,Dry,1219,409335.0
3629,3629,192932,4,Jungfernheide,2019,3,14,3,2,5,2,0,0,1,0,1,0,0,0.0,Charlottenburg-Wilmersdorf,Accident with serious injuries,Collision with a turning/crossing vehicle,Turning accident,Daylight,Dry,1727,343592.0
3630,3630,192933,7,Kaiser-Wilhelm-Platz,2019,3,12,7,3,6,4,0,1,0,1,0,0,0,0.0,Tempelhof-Schöneberg,Accident with minor injuries,Collision between vehicle and pedestrian,Pedestrian crossing accident,Daylight,Dry,1241,350984.0
3631,3631,192934,9,Adlershof Ost,2019,3,18,5,2,6,2,2,0,1,1,0,0,0,1.0,Treptow-Köpenick,Accident with serious injuries,Collision between vehicle and pedestrian,Turning accident,Dark,Wet/moist/slippery,892,273689.0
3632,3632,192935,2,Friedenstraße,2019,3,12,7,3,5,7,0,0,1,0,0,0,0,0.0,Friedrichshain-Kreuzberg,Accident with minor injuries,Collision with a turning/crossing vehicle,Others,Daylight,Dry,1381,290386.0
3633,3633,192936,1,Stephankiez,2019,3,6,7,3,2,6,2,0,1,0,0,0,1,1.0,Mitte,Accident with minor injuries,Collision with the vehicle in front/waiting vehicle,Collision involving vehicles going in the same way,Dark,Wet/moist/slippery,2215,385748.0
3634,3634,192937,1,Wilhelmstraße,2019,3,19,7,3,2,2,2,0,1,0,0,0,0,0.0,Mitte,Accident with minor injuries,Collision with the vehicle in front/waiting vehicle,Turning accident,Dark,Dry,2215,385748.0
3635,3635,192938,12,Teichstraße,2019,3,14,3,3,5,3,0,0,1,0,0,0,0,0.0,Reinickendorf,Accident with minor injuries,Collision with a turning/crossing vehicle,Turning/Crossing accident,Daylight,Dry,867,266408.0
3636,3636,192939,8,Alt-Rudow,2019,3,19,7,2,6,7,2,1,0,1,0,0,0,0.0,Neukölln,Accident with serious injuries,Collision between vehicle and pedestrian,Others,Dark,Dry,934,329917.0
3637,3637,192940,1,Humboldthain Süd,2019,3,18,5,3,5,2,1,1,1,0,0,0,0,1.0,Mitte,Accident with minor injuries,Collision with a turning/crossing vehicle,Turning accident,Twilight,Wet/moist/slippery,2215,385748.0
3638,3638,192941,5,Maulbeerallee,2019,3,18,7,2,1,1,2,0,1,0,0,0,0,0.0,Spandau,Accident with serious injuries,Collision with a moving/standing/parked vehicle,Driving accident,Dark,Dry,798,245197.0
3639,3639,192942,3,Kollwitzplatz,2019,3,1,7,3,5,5,2,0,1,0,0,0,0,0.0,Pankow,Accident with minor injuries,Collision with a turning/crossing vehicle,Accident involving parked vehicles,Dark,Dry,1219,409335.0
3640,3640,192943,4,Preußenpark,2019,3,18,2,3,6,2,1,0,1,1,0,0,0,0.0,Charlottenburg-Wilmersdorf,Accident with minor injuries,Collision between vehicle and pedestrian,Turning accident,Twilight,Dry,1727,343592.0
3641,3641,192944,11,Karlshorst Süd,2019,3,1,7,3,0,1,2,1,0,0,0,0,0,0.0,Lichtenberg,Accident with minor injuries,Others,Driving accident,Dark,Dry,679,294201.0
3642,3642,192945,2,Boxhagener Platz,2019,3,15,6,2,5,2,0,1,1,0,0,0,0,0.0,Friedrichshain-Kreuzberg,Accident with serious injuries,Collision with a turning/crossing vehicle,Turning accident,Daylight,Dry,1381,290386.0
3643,3643,192946,3,Pankow Süd,2019,3,14,2,3,2,6,0,0,1,0,0,0,0,1.0,Pankow,Accident with minor injuries,Collision with the vehicle in front/waiting vehicle,Collision involving vehicles going in the same way,Daylight,Wet/moist/slippery,1219,409335.0
3644,3644,192947,1,Wilhelmstraße,2019,3,17,6,3,2,2,1,0,1,0,0,0,0,0.0,Mitte,Accident with minor injuries,Collision with the vehicle in front/waiting vehicle,Turning accident,Twilight,Dry,2215,385748.0
3645,3645,192948,8,Parchimer Allee,2019,3,17,6,3,6,4,0,1,0,1,0,0,0,0.0,Neukölln,Accident with minor injuries,Collision between vehicle and pedestrian,Pedestrian crossing accident,Daylight,Dry,934,329917.0
3646,3646,192949,2,Wassertorplatz,2019,3,16,6,3,2,3,0,1,0,0,0,0,1,0.0,Friedrichshain-Kreuzberg,Accident with minor injuries,Collision with the vehicle in front/waiting vehicle,Turning/Crossing accident,Daylight,Dry,1381,290386.0
3647,3647,192950,2,Urbanstraße,2019,3,19,2,3,6,2,2,0,1,1,0,0,0,1.0,Friedrichshain-Kreuzberg,Accident with minor injuries,Collision between vehicle and pedestrian,Turning accident,Dark,Wet/moist/slippery,1381,290386.0
3648,3648,192951,3,Pankow Zentrum,2019,3,13,6,3,6,3,0,0,1,1,0,0,0,0.0,Pankow,Accident with minor injuries,Collision between vehicle and pedestrian,Turning/Crossing accident,Daylight,Dry,1219,409335.0
3649,3649,192952,4,Reichsstraße,2019,3,12,2,3,6,2,0,0,1,1,0,0,0,0.0,Charlottenburg-Wilmersdorf,Accident with minor injuries,Collision between vehicle and pedestrian,Turning accident,Daylight,Dry,1727,343592.0
3650,3650,192953,4,Breitscheidplatz,2019,3,14,6,3,2,2,0,0,0,0,0,0,1,0.0,Charlottenburg-Wilmersdorf,Accident with minor injuries,Collision with the vehicle in front/waiting vehicle,Turning accident,Daylight,Dry,1727,343592.0
3651,3651,192954,5,Adamstraße,2019,3,14,6,2,5,3,0,1,0,0,1,0,0,0.0,Spandau,Accident with serious injuries,Collision with a turning/crossing vehicle,Turning/Crossing accident,Daylight,Dry,798,245197.0
3652,3652,192955,6,Mittelstraße,2019,3,12,2,3,5,7,0,0,1,0,1,0,0,1.0,Steglitz-Zehlendorf,Accident with minor injuries,Collision with a turning/crossing vehicle,Others,Daylight,Wet/moist/slippery,851,310071.0
3653,3653,192956,4,Halensee,2019,3,12,6,3,5,3,0,0,1,0,0,0,0,0.0,Charlottenburg-Wilmersdorf,Accident with minor injuries,Collision with a turning/crossing vehicle,Turning/Crossing accident,Daylight,Dry,1727,343592.0
3654,3654,192957,9,Adlershof West,2019,3,13,6,3,5,2,0,1,1,0,0,0,0,0.0,Treptow-Köpenick,Accident with minor injuries,Collision with a turning/crossing vehicle,Turning accident,Daylight,Dry,892,273689.0
3655,3655,192958,6,Thielallee,2019,3,14,6,3,0,7,0,0,1,0,0,0,0,0.0,Steglitz-Zehlendorf,Accident with minor injuries,Others,Others,Daylight,Dry,851,310071.0
3656,3656,192959,1,Alexanderplatzviertel,2019,3,8,6,3,5,7,0,0,1,0,1,0,0,0.0,Mitte,Accident with minor injuries,Collision with a turning/crossing vehicle,Others,Daylight,Dry,2215,385748.0
3657,3657,192960,5,Gartenfelder Straße,2019,3,7,2,3,0,5,0,0,1,0,0,0,0,0.0,Spandau,Accident with minor injuries,Others,Accident involving parked vehicles,Daylight,Dry,798,245197.0
3658,3658,192961,10,Biesdorf Süd,2019,3,8,6,2,0,6,0,0,1,0,0,0,1,0.0,Marzahn-Hellersdorf,Accident with serious injuries,Others,Collision involving vehicles going in the same way,Daylight,Dry,586,269967.0
3659,3659,192962,3,Niederschönhausen,2019,3,14,6,3,5,3,0,1,1,0,0,0,0,0.0,Pankow,Accident with minor injuries,Collision with a turning/crossing vehicle,Turning/Crossing accident,Daylight,Dry,1219,409335.0
3660,3660,192963,9,Hirschgarten,2019,3,8,2,3,5,3,0,1,1,0,0,0,0,1.0,Treptow-Köpenick,Accident with minor injuries,Collision with a turning/crossing vehicle,Turning/Crossing accident,Daylight,Wet/moist/slippery,892,273689.0
3661,3661,192964,1,Arkonaplatz,2019,3,1,6,3,3,6,2,0,1,0,0,0,0,0.0,Mitte,Accident with minor injuries,Collision with a vehicle traveling laterally in the same direction,Collision involving vehicles going in the same way,Dark,Dry,2215,385748.0
3662,3662,192965,8,Körnerpark,2019,3,19,6,3,5,3,2,0,1,0,0,0,0,0.0,Neukölln,Accident with minor injuries,Collision with a turning/crossing vehicle,Turning/Crossing accident,Dark,Dry,934,329917.0
3663,3663,192966,3,Eldenaer Straße,2019,3,18,6,2,4,2,2,0,1,0,1,0,0,0.0,Pankow,Accident with serious injuries,Collision with oncoming vehicle,Turning accident,Dark,Dry,1219,409335.0
3664,3664,192967,8,Reuterkiez,2019,3,10,2,3,2,6,0,0,0,0,0,0,1,0.0,Neukölln,Accident with minor injuries,Collision with the vehicle in front/waiting vehicle,Collision involving vehicles going in the same way,Daylight,Dry,934,329917.0
3665,3665,192968,1,Hansaviertel,2019,3,18,6,3,2,6,2,0,1,0,0,0,0,0.0,Mitte,Accident with minor injuries,Collision with the vehicle in front/waiting vehicle,Collision involving vehicles going in the same way,Dark,Dry,2215,385748.0
3666,3666,192969,4,Preußenpark,2019,3,11,2,3,5,3,0,1,1,0,0,0,0,1.0,Charlottenburg-Wilmersdorf,Accident with minor injuries,Collision with a turning/crossing vehicle,Turning/Crossing accident,Daylight,Wet/moist/slippery,1727,343592.0
3667,3667,192970,5,Gütersloher Weg,2019,3,18,6,3,0,2,2,0,1,0,1,0,0,0.0,Spandau,Accident with minor injuries,Others,Turning accident,Dark,Dry,798,245197.0
3668,3668,192971,10,Kaulsdorf Süd,2019,2,13,5,3,3,6,0,1,0,0,0,0,1,0.0,Marzahn-Hellersdorf,Accident with minor injuries,Collision with a vehicle traveling laterally in the same direction,Collision involving vehicles going in the same way,Daylight,Dry,586,269967.0
3669,3669,192972,10,Biesdorf Süd,2019,3,13,2,3,6,4,0,0,1,1,0,0,0,1.0,Marzahn-Hellersdorf,Accident with minor injuries,Collision between vehicle and pedestrian,Pedestrian crossing accident,Daylight,Wet/moist/slippery,586,269967.0
3670,3670,192973,8,Reuterkiez,2019,2,16,5,3,5,3,0,0,1,0,1,0,0,0.0,Neukölln,Accident with minor injuries,Collision with a turning/crossing vehicle,Turning/Crossing accident,Daylight,Dry,934,329917.0
3671,3671,192974,4,Reichsstraße,2019,2,10,5,3,5,3,0,0,1,0,0,0,0,0.0,Charlottenburg-Wilmersdorf,Accident with minor injuries,Collision with a turning/crossing vehicle,Turning/Crossing accident,Daylight,Dry,1727,343592.0
3672,3672,192975,8,Tempelhofer Weg,2019,3,15,2,3,5,3,0,0,1,0,0,0,0,1.0,Neukölln,Accident with minor injuries,Collision with a turning/crossing vehicle,Turning/Crossing accident,Daylight,Wet/moist/slippery,934,329917.0
3673,3673,192976,5,Motardstraße,2019,2,12,5,3,5,2,0,0,1,0,1,0,0,0.0,Spandau,Accident with minor injuries,Collision with a turning/crossing vehicle,Turning accident,Daylight,Dry,798,245197.0
3674,3674,192977,8,Vogelviertel Süd,2019,2,8,5,3,5,2,0,0,1,0,1,0,0,0.0,Neukölln,Accident with minor injuries,Collision with a turning/crossing vehicle,Turning accident,Daylight,Dry,934,329917.0
3675,3675,192978,12,Ziekowstraße/Freie Scholle,2019,3,15,2,3,2,6,0,0,1,0,0,0,0,0.0,Reinickendorf,Accident with minor injuries,Collision with the vehicle in front/waiting vehicle,Collision involving vehicles going in the same way,Daylight,Dry,867,266408.0
3676,3676,192979,7,Neu-Tempelhof,2019,2,8,5,3,5,7,0,0,1,0,1,0,0,0.0,Tempelhof-Schöneberg,Accident with minor injuries,Collision with a turning/crossing vehicle,Others,Daylight,Dry,1241,350984.0
3677,3677,192980,12,Scharnweberstraße,2019,2,15,5,3,5,3,0,0,1,0,0,0,0,0.0,Reinickendorf,Accident with minor injuries,Collision with a turning/crossing vehicle,Turning/Crossing accident,Daylight,Dry,867,266408.0
3678,3678,192981,8,Vogelviertel Süd,2019,2,15,5,2,5,2,0,0,1,0,0,0,0,0.0,Neukölln,Accident with serious injuries,Collision with a turning/crossing vehicle,Turning accident,Daylight,Dry,934,329917.0
3679,3679,192982,11,Fennpfuhl West,2019,3,16,2,3,2,6,0,0,1,0,0,0,0,1.0,Lichtenberg,Accident with minor injuries,Collision with the vehicle in front/waiting vehicle,Collision involving vehicles going in the same way,Daylight,Wet/moist/slippery,679,294201.0
3680,3680,192983,1,Thomasiusstraße,2019,2,16,5,2,6,4,0,0,1,1,0,0,0,0.0,Mitte,Accident with serious injuries,Collision between vehicle and pedestrian,Pedestrian crossing accident,Daylight,Dry,2215,385748.0
3681,3681,192984,11,Fennpfuhl Ost,2019,3,19,2,3,6,4,2,0,1,1,0,0,0,1.0,Lichtenberg,Accident with minor injuries,Collision between vehicle and pedestrian,Pedestrian crossing accident,Dark,Wet/moist/slippery,679,294201.0
3682,3682,192985,1,Barnimkiez,2019,2,16,5,2,3,6,1,1,0,0,0,0,0,0.0,Mitte,Accident with serious injuries,Collision with a vehicle traveling laterally in the same direction,Collision involving vehicles going in the same way,Twilight,Dry,2215,385748.0
3683,3683,192986,4,Alt-Lietzow,2019,2,16,5,3,5,2,0,1,1,0,0,0,0,0.0,Charlottenburg-Wilmersdorf,Accident with minor injuries,Collision with a turning/crossing vehicle,Turning accident,Daylight,Dry,1727,343592.0
3684,3684,192987,8,Gropiusstadt Nord,2019,3,21,2,2,6,4,2,0,1,1,0,0,0,1.0,Neukölln,Accident with serious injuries,Collision between vehicle and pedestrian,Pedestrian crossing accident,Dark,Wet/moist/slippery,934,329917.0
3685,3685,192988,1,Unter den Linden Süd,2019,2,17,5,3,6,7,1,0,1,1,0,0,0,0.0,Mitte,Accident with minor injuries,Collision between vehicle and pedestrian,Others,Twilight,Dry,2215,385748.0
3686,3686,192989,12,Alt-Tegel,2019,2,11,5,3,6,7,0,0,1,1,0,0,0,0.0,Reinickendorf,Accident with minor injuries,Collision between vehicle and pedestrian,Others,Daylight,Dry,867,266408.0
3687,3687,192990,11,Herzbergstraße,2019,2,11,5,2,5,2,0,0,1,0,1,0,0,0.0,Lichtenberg,Accident with serious injuries,Collision with a turning/crossing vehicle,Turning accident,Daylight,Dry,679,294201.0
3688,3688,192991,2,Chamissokiez,2019,3,22,2,3,2,6,2,1,0,0,0,1,0,1.0,Friedrichshain-Kreuzberg,Accident with minor injuries,Collision with the vehicle in front/waiting vehicle,Collision involving vehicles going in the same way,Dark,Wet/moist/slippery,1381,290386.0
3689,3689,192992,3,Pankow Zentrum,2019,2,11,5,2,6,4,0,0,1,1,0,0,0,0.0,Pankow,Accident with serious injuries,Collision between vehicle and pedestrian,Pedestrian crossing accident,Daylight,Dry,1219,409335.0
3690,3690,192993,5,Gütersloher Weg,2019,3,5,5,2,6,4,2,0,1,1,0,0,0,1.0,Spandau,Accident with serious injuries,Collision between vehicle and pedestrian,Pedestrian crossing accident,Dark,Wet/moist/slippery,798,245197.0
3691,3691,192994,8,Schillerpromenade,2019,3,8,2,3,3,6,0,0,0,0,0,0,1,1.0,Neukölln,Accident with minor injuries,Collision with a vehicle traveling laterally in the same direction,Collision involving vehicles going in the same way,Daylight,Wet/moist/slippery,934,329917.0
3692,3692,192995,2,Graefekiez,2019,3,19,5,3,5,2,2,0,1,0,1,0,0,1.0,Friedrichshain-Kreuzberg,Accident with minor injuries,Collision with a turning/crossing vehicle,Turning accident,Dark,Wet/moist/slippery,1381,290386.0
3693,3693,192996,10,Springpfuhl,2019,3,12,2,3,0,1,0,0,0,0,1,0,0,1.0,Marzahn-Hellersdorf,Accident with minor injuries,Others,Driving accident,Daylight,Wet/moist/slippery,586,269967.0
3694,3694,192997,1,Oranienburger Straße,2019,3,10,1,3,5,2,0,1,1,0,0,0,0,0.0,Mitte,Accident with minor injuries,Collision with a turning/crossing vehicle,Turning accident,Daylight,Dry,2215,385748.0
3695,3695,192998,2,Boxhagener Platz,2019,3,15,5,3,5,3,0,1,1,0,0,0,0,1.0,Friedrichshain-Kreuzberg,Accident with minor injuries,Collision with a turning/crossing vehicle,Turning/Crossing accident,Daylight,Wet/moist/slippery,1381,290386.0
3696,3696,192999,7,Dennewitzplatz,2019,3,20,1,2,0,1,2,0,0,0,1,0,0,0.0,Tempelhof-Schöneberg,Accident with serious injuries,Others,Driving accident,Dark,Dry,1241,350984.0
3697,3697,193000,9,Siedlung Kämmereiheide,2019,3,14,1,2,3,6,0,1,0,0,0,0,0,0.0,Treptow-Köpenick,Accident with serious injuries,Collision with a vehicle traveling laterally in the same direction,Collision involving vehicles going in the same way,Daylight,Dry,892,273689.0
3698,3698,193001,1,Emdener Straße,2019,3,22,5,3,6,2,2,0,1,1,0,0,0,1.0,Mitte,Accident with minor injuries,Collision between vehicle and pedestrian,Turning accident,Dark,Wet/moist/slippery,2215,385748.0
3699,3699,193002,9,Rahnsdorf/Hessenwinkel,2019,3,14,1,3,5,3,0,1,1,0,0,0,0,0.0,Treptow-Köpenick,Accident with minor injuries,Collision with a turning/crossing vehicle,Turning/Crossing accident,Daylight,Dry,892,273689.0
3700,3700,193003,5,Kurstraße,2019,3,16,5,3,1,5,0,1,1,0,0,0,0,1.0,Spandau,Accident with minor injuries,Collision with a moving/standing/parked vehicle,Accident involving parked vehicles,Daylight,Wet/moist/slippery,798,245197.0
3701,3701,193004,11,Weiße Taube,2019,3,13,1,3,3,6,0,1,1,0,0,0,0,0.0,Lichtenberg,Accident with minor injuries,Collision with a vehicle traveling laterally in the same direction,Collision involving vehicles going in the same way,Daylight,Dry,679,294201.0
3702,3702,193005,8,Handwerker-Siedlung,2019,3,16,5,2,5,3,0,0,1,0,0,0,0,1.0,Neukölln,Accident with serious injuries,Collision with a turning/crossing vehicle,Turning/Crossing accident,Daylight,Wet/moist/slippery,934,329917.0
3703,3703,193006,7,Friedenau,2019,3,12,1,3,2,6,0,0,1,0,0,0,0,0.0,Tempelhof-Schöneberg,Accident with minor injuries,Collision with the vehicle in front/waiting vehicle,Collision involving vehicles going in the same way,Daylight,Dry,1241,350984.0
3704,3704,193007,1,Charitéviertel,2019,3,11,1,3,6,4,0,0,1,1,0,0,0,0.0,Mitte,Accident with minor injuries,Collision between vehicle and pedestrian,Pedestrian crossing accident,Daylight,Dry,2215,385748.0
3705,3705,193008,1,Kollwitzplatz,2019,3,11,1,3,2,7,0,1,1,0,0,0,0,0.0,Mitte,Accident with minor injuries,Collision with the vehicle in front/waiting vehicle,Others,Daylight,Dry,2215,385748.0
3706,3706,193009,7,Neu-Tempelhof,2019,3,10,1,3,5,3,0,0,1,0,0,0,0,0.0,Tempelhof-Schöneberg,Accident with minor injuries,Collision with a turning/crossing vehicle,Turning/Crossing accident,Daylight,Dry,1241,350984.0
3707,3707,193010,6,Dahlem,2019,3,10,1,3,5,3,0,0,1,0,0,0,0,0.0,Steglitz-Zehlendorf,Accident with minor injuries,Collision with a turning/crossing vehicle,Turning/Crossing accident,Daylight,Dry,851,310071.0
3708,3708,193011,8,Zittauer Straße,2019,3,14,6,3,5,3,0,0,1,0,0,0,0,0.0,Neukölln,Accident with minor injuries,Collision with a turning/crossing vehicle,Turning/Crossing accident,Daylight,Dry,934,329917.0
3709,3709,193012,4,Breitscheidplatz,2019,3,0,1,3,5,2,2,1,1,0,0,0,0,0.0,Charlottenburg-Wilmersdorf,Accident with minor injuries,Collision with a turning/crossing vehicle,Turning accident,Dark,Dry,1727,343592.0
3710,3710,193013,12,Teichstraße,2019,3,13,1,1,6,4,0,0,0,1,1,0,0,0.0,Reinickendorf,Accident with fatalities,Collision between vehicle and pedestrian,Pedestrian crossing accident,Daylight,Dry,867,266408.0
3711,3711,193014,4,Alt-Lietzow,2019,3,8,5,3,5,2,0,1,1,0,0,0,0,1.0,Charlottenburg-Wilmersdorf,Accident with minor injuries,Collision with a turning/crossing vehicle,Turning accident,Daylight,Wet/moist/slippery,1727,343592.0
3712,3712,193015,10,Kaulsdorf Nord I,2019,3,9,7,3,6,2,0,0,1,1,0,0,0,0.0,Marzahn-Hellersdorf,Accident with minor injuries,Collision between vehicle and pedestrian,Turning accident,Daylight,Dry,586,269967.0
3713,3713,193016,5,Hakenfelde Nord,2019,3,16,5,3,2,6,0,0,1,0,0,0,1,1.0,Spandau,Accident with minor injuries,Collision with the vehicle in front/waiting vehicle,Collision involving vehicles going in the same way,Daylight,Wet/moist/slippery,798,245197.0
3714,3714,193017,1,Rehberge,2019,3,13,7,3,2,6,0,0,1,0,0,0,0,0.0,Mitte,Accident with minor injuries,Collision with the vehicle in front/waiting vehicle,Collision involving vehicles going in the same way,Daylight,Dry,2215,385748.0
3715,3715,193018,10,Alte Hellersdorfer Straße,2019,3,16,5,3,6,4,0,0,1,1,0,0,0,1.0,Marzahn-Hellersdorf,Accident with minor injuries,Collision between vehicle and pedestrian,Pedestrian crossing accident,Daylight,Wet/moist/slippery,586,269967.0