,Unnamed: 0,object id,district,street,year,month,hour of day,weekday,category,accident type,accident type 2,light situation,bike involved,car involved,pedestrian involved,motor bike involved,big track involved,other vehicle involved,road condition,district name,category name,accident detail,accident type detail,light condition,road condition detail,accident count by district,est. population
3836,3836,193139,10,Mahlsdorf Süd,2019,3,7,5,2,5,3,0,0,1,0,1,0,0,0.0,Marzahn-Hellersdorf,Accident with serious injuries,Collision with a turning/crossing vehicle,Turning/Crossing accident,Daylight,Dry,586,269967.0
3837,3837,193140,3,Arnimplatz,2019,3,7,5,3,5,2,0,1,1,0,0,0,0,0.0,Pankow,Accident with minor injuries,Collision with a turning/crossing vehicle,Turning accident,Daylight,Dry,1219,409335.0
3838,3838,193141,8,Wissmannstraße,2019,3,5,4,3,6,2,0,0,1,1,0,0,0,0.0,Neukölln,Accident with minor injuries,Collision between vehicle and pedestrian,Turning accident,Daylight,Dry,934,329917.0
3839,3839,193142,3,Buchholz,2019,3,6,5,3,5,3,1,0,1,0,0,0,0,0.0,Pankow,Accident with minor injuries,Collision with a turning/crossing vehicle,Turning/Crossing accident,Twilight,Dry,1219,409335.0
3840,3840,193143,1,Unter den Linden Süd,2019,3,4,4,3,6,2,2,0,1,1,0,0,0,0.0,Mitte,Accident with minor injuries,Collision between vehicle and pedestrian,Turning accident,Dark,Dry,2215,385748.0
3841,3841,193144,1,Emdener Straße,2019,3,6,5,3,0,1,0,1,0,0,0,0,0,0.0,Mitte,Accident with minor injuries,Others,Driving accident,Daylight,Dry,2215,385748.0
3842,3842,193145,9,Bohnsdorf,2019,3,14,4,2,0,3,0,1,0,0,0,0,1,0.0,Treptow-Köpenick,Accident with serious injuries,Others,Turning/Crossing accident,Daylight,Dry,892,273689.0
3843,3843,193146,12,Klixstraße,2019,3,16,4,3,0,6,0,0,1,0,1,0,0,1.0,Reinickendorf,Accident with minor injuries,Others,Collision involving vehicles going in the same way,Daylight,Wet/moist/slippery,867,266408.0
3844,3844,193147,1,Wilhelmstraße,2019,3,21,4,3,0,6,2,0,1,0,1,0,0,0.0,Mitte,Accident with minor injuries,Others,Collision involving vehicles going in the same way,Dark,Dry,2215,385748.0
3845,3845,193148,1,Humboldthain Nordwest,2019,3,8,4,3,1,5,0,1,0,0,0,0,1,0.0,Mitte,Accident with minor injuries,Collision with a moving/standing/parked vehicle,Accident involving parked vehicles,Daylight,Dry,2215,385748.0
3846,3846,193149,6,Komponistenviertel Lankwitz,2019,3,14,6,3,2,6,0,0,1,0,0,0,0,0.0,Steglitz-Zehlendorf,Accident with minor injuries,Collision with the vehicle in front/waiting vehicle,Collision involving vehicles going in the same way,Daylight,Dry,851,310071.0
3847,3847,193150,12,Waldidyll/Flughafensee,2019,3,21,4,3,5,3,2,0,1,0,0,0,0,0.0,Reinickendorf,Accident with minor injuries,Collision with a turning/crossing vehicle,Turning/Crossing accident,Dark,Dry,867,266408.0
3848,3848,193151,2,Hausburgviertel,2019,3,10,3,3,6,4,0,1,0,1,0,0,0,0.0,Friedrichshain-Kreuzberg,Accident with minor injuries,Collision between vehicle and pedestrian,Pedestrian crossing accident,Daylight,Dry,1381,290386.0
3849,3849,193152,8,Schillerpromenade,2019,3,18,4,3,2,6,1,0,1,0,0,0,0,0.0,Neukölln,Accident with minor injuries,Collision with the vehicle in front/waiting vehicle,Collision involving vehicles going in the same way,Twilight,Dry,934,329917.0
3850,3850,193153,2,Boxhagener Platz,2019,3,12,3,3,5,2,0,1,0,0,0,0,1,1.0,Friedrichshain-Kreuzberg,Accident with minor injuries,Collision with a turning/crossing vehicle,Turning accident,Daylight,Wet/moist/slippery,1381,290386.0
3851,3851,193154,9,Müggelheim,2019,3,18,4,3,5,3,1,1,1,0,0,0,0,0.0,Treptow-Köpenick,Accident with minor injuries,Collision with a turning/crossing vehicle,Turning/Crossing accident,Twilight,Dry,892,273689.0
3852,3852,193155,3,Arnimplatz,2019,3,18,4,3,5,3,1,1,1,0,0,0,0,0.0,Pankow,Accident with minor injuries,Collision with a turning/crossing vehicle,Turning/Crossing accident,Twilight,Dry,1219,409335.0
3853,3853,193156,5,Borkumer Straße,2019,3,7,3,3,5,2,0,1,1,0,0,0,0,0.0,Spandau,Accident with minor injuries,Collision with a turning/crossing vehicle,Turning accident,Daylight,Dry,798,245197.0
3854,3854,193157,10,Mahlsdorf Süd,2019,3,17,4,3,2,1,1,0,1,0,0,0,0,0.0,Marzahn-Hellersdorf,Accident with minor injuries,Collision with the vehicle in front/waiting vehicle,Driving accident,Twilight,Dry,586,269967.0
3855,3855,193158,1,Schillerpark,2019,3,17,4,3,5,2,0,1,1,0,0,0,0,0.0,Mitte,Accident with minor injuries,Collision with a turning/crossing vehicle,Turning accident,Daylight,Dry,2215,385748.0
3856,3856,193159,4,Reichsstraße,2019,3,8,3,3,2,6,0,0,1,0,0,0,0,0.0,Charlottenburg-Wilmersdorf,Accident with minor injuries,Collision with the vehicle in front/waiting vehicle,Collision involving vehicles going in the same way,Daylight,Dry,1727,343592.0
3857,3857,193160,11,Rüdigerstraße,2019,3,16,4,3,2,2,0,0,1,0,0,0,0,0.0,Lichtenberg,Accident with minor injuries,Collision with the vehicle in front/waiting vehicle,Turning accident,Daylight,Dry,679,294201.0
3858,3858,193161,11,Falkenberg West,2019,3,16,4,3,2,2,2,0,1,0,0,0,0,0.0,Lichtenberg,Accident with minor injuries,Collision with the vehicle in front/waiting vehicle,Turning accident,Dark,Dry,679,294201.0
3859,3859,193162,8,Buckow Mitte,2019,3,16,5,2,2,6,0,0,1,0,0,0,0,1.0,Neukölln,Accident with serious injuries,Collision with the vehicle in front/waiting vehicle,Collision involving vehicles going in the same way,Daylight,Wet/moist/slippery,934,329917.0
3860,3860,193163,2,Wriezener Bahnhof/Entwicklungsgebiet,2019,3,16,4,3,3,6,0,1,0,0,0,1,0,0.0,Friedrichshain-Kreuzberg,Accident with minor injuries,Collision with a vehicle traveling laterally in the same direction,Collision involving vehicles going in the same way,Daylight,Dry,1381,290386.0
3861,3861,193164,1,Alexanderplatzviertel,2019,3,9,4,3,5,2,0,1,1,0,0,0,0,0.0,Mitte,Accident with minor injuries,Collision with a turning/crossing vehicle,Turning accident,Daylight,Dry,2215,385748.0
3862,3862,193165,12,Scharnweberstraße,2019,3,20,3,2,0,7,2,0,0,0,1,0,0,1.0,Reinickendorf,Accident with serious injuries,Others,Others,Dark,Wet/moist/slippery,867,266408.0
3863,3863,193166,12,Breitkopfbecken,2019,3,22,4,2,5,2,2,0,1,0,0,0,0,0.0,Reinickendorf,Accident with serious injuries,Collision with a turning/crossing vehicle,Turning accident,Dark,Dry,867,266408.0
3864,3864,193167,1,Humboldthain Süd,2019,3,18,4,3,9,1,2,0,0,0,0,0,1,0.0,Mitte,Accident with minor injuries,Departure from the roadway to the left,Driving accident,Dark,Dry,2215,385748.0
3865,3865,193168,1,Arkonaplatz,2019,3,10,5,3,0,7,0,1,0,0,0,0,0,1.0,Mitte,Accident with minor injuries,Others,Others,Daylight,Wet/moist/slippery,2215,385748.0
3866,3866,193169,6,Komponistenviertel Lankwitz,2019,3,16,4,3,2,6,0,0,1,0,0,0,0,0.0,Steglitz-Zehlendorf,Accident with minor injuries,Collision with the vehicle in front/waiting vehicle,Collision involving vehicles going in the same way,Daylight,Dry,851,310071.0
3867,3867,193170,10,Marzahner Promenade,2019,3,19,3,3,5,3,2,1,1,0,0,0,0,0.0,Marzahn-Hellersdorf,Accident with minor injuries,Collision with a turning/crossing vehicle,Turning/Crossing accident,Dark,Dry,586,269967.0
3868,3868,193171,1,Rehberge,2019,3,16,4,3,5,3,0,0,1,0,0,0,0,0.0,Mitte,Accident with minor injuries,Collision with a turning/crossing vehicle,Turning/Crossing accident,Daylight,Dry,2215,385748.0
3869,3869,193172,2,Mehringplatz,2019,3,18,3,3,1,5,1,1,0,0,0,0,1,0.0,Friedrichshain-Kreuzberg,Accident with minor injuries,Collision with a moving/standing/parked vehicle,Accident involving parked vehicles,Twilight,Dry,1381,290386.0
3870,3870,193173,2,Lausitzer Platz,2019,3,15,4,3,1,5,0,1,1,0,0,0,0,0.0,Friedrichshain-Kreuzberg,Accident with minor injuries,Collision with a moving/standing/parked vehicle,Accident involving parked vehicles,Daylight,Dry,1381,290386.0
3871,3871,193174,12,Heiligensee,2019,3,15,4,3,0,7,0,0,1,0,0,0,0,0.0,Reinickendorf,Accident with minor injuries,Others,Others,Daylight,Dry,867,266408.0
3872,3872,193175,3,Humannplatz,2019,3,15,4,2,5,3,0,0,1,0,1,0,1,0.0,Pankow,Accident with serious injuries,Collision with a turning/crossing vehicle,Turning/Crossing accident,Daylight,Dry,1219,409335.0
3873,3873,193176,1,Beusselkiez,2019,3,16,3,3,5,2,0,0,1,0,0,0,0,0.0,Mitte,Accident with minor injuries,Collision with a turning/crossing vehicle,Turning accident,Daylight,Dry,2215,385748.0
3874,3874,193177,2,Hausburgviertel,2019,3,12,4,3,3,6,0,1,0,0,0,0,0,0.0,Friedrichshain-Kreuzberg,Accident with minor injuries,Collision with a vehicle traveling laterally in the same direction,Collision involving vehicles going in the same way,Daylight,Dry,1381,290386.0
3875,3875,193178,12,Scharnweberstraße,2019,3,12,4,3,6,4,0,1,0,1,0,0,0,0.0,Reinickendorf,Accident with minor injuries,Collision between vehicle and pedestrian,Pedestrian crossing accident,Daylight,Dry,867,266408.0
3876,3876,193179,1,Unter den Linden Süd,2019,3,9,6,3,0,5,0,0,1,0,0,0,0,0.0,Mitte,Accident with minor injuries,Others,Accident involving parked vehicles,Daylight,Dry,2215,385748.0
3877,3877,193180,5,Rohrdamm,2019,3,15,3,3,2,6,0,0,1,0,0,0,0,1.0,Spandau,Accident with minor injuries,Collision with the vehicle in front/waiting vehicle,Collision involving vehicles going in the same way,Daylight,Wet/moist/slippery,798,245197.0
3878,3878,193181,12,Klixstraße,2019,3,11,4,3,2,6,0,0,1,0,0,0,0,0.0,Reinickendorf,Accident with minor injuries,Collision with the vehicle in front/waiting vehicle,Collision involving vehicles going in the same way,Daylight,Dry,867,266408.0
3879,3879,193182,12,Frohnau,2019,3,6,4,3,5,3,0,1,1,0,0,0,0,0.0,Reinickendorf,Accident with minor injuries,Collision with a turning/crossing vehicle,Turning/Crossing accident,Daylight,Dry,867,266408.0
3880,3880,193183,8,Buckow Mitte,2019,3,8,5,3,5,3,0,0,1,0,0,0,0,1.0,Neukölln,Accident with minor injuries,Collision with a turning/crossing vehicle,Turning/Crossing accident,Daylight,Wet/moist/slippery,934,329917.0
3881,3881,193184,11,Wartenberg Nord,2019,3,6,4,3,6,4,0,0,0,1,0,0,1,0.0,Lichtenberg,Accident with minor injuries,Collision between vehicle and pedestrian,Pedestrian crossing accident,Daylight,Dry,679,294201.0
3882,3882,193185,10,Böhlener Straße,2019,3,15,3,3,6,4,0,0,0,1,0,0,1,1.0,Marzahn-Hellersdorf,Accident with minor injuries,Collision between vehicle and pedestrian,Pedestrian crossing accident,Daylight,Wet/moist/slippery,586,269967.0
3883,3883,193186,4,Brabanter Platz,2019,3,6,4,3,6,2,0,0,0,1,0,0,1,0.0,Charlottenburg-Wilmersdorf,Accident with minor injuries,Collision between vehicle and pedestrian,Turning accident,Daylight,Dry,1727,343592.0
3884,3884,193187,8,Reuterkiez,2019,3,18,3,3,0,6,0,0,1,0,0,0,1,0.0,Neukölln,Accident with minor injuries,Others,Collision involving vehicles going in the same way,Daylight,Dry,934,329917.0
3885,3885,193188,3,Karow Nord,2019,3,7,4,3,5,3,0,1,1,0,0,0,0,0.0,Pankow,Accident with minor injuries,Collision with a turning/crossing vehicle,Turning/Crossing accident,Daylight,Dry,1219,409335.0
3886,3886,193189,10,Gut Hellersdorf,2019,3,7,4,3,5,3,0,0,1,0,0,0,1,0.0,Marzahn-Hellersdorf,Accident with minor injuries,Collision with a turning/crossing vehicle,Turning/Crossing accident,Daylight,Dry,586,269967.0
3887,3887,193190,10,Springpfuhl,2019,3,17,3,2,5,3,0,0,1,0,0,0,0,1.0,Marzahn-Hellersdorf,Accident with serious injuries,Collision with a turning/crossing vehicle,Turning/Crossing accident,Daylight,Wet/moist/slippery,586,269967.0
3888,3888,193191,10,Springpfuhl,2019,3,7,4,3,0,7,0,0,1,0,0,0,1,0.0,Marzahn-Hellersdorf,Accident with minor injuries,Others,Others,Daylight,Dry,586,269967.0
3889,3889,193192,7,Manteuffelstraße,2019,3,19,3,3,2,2,2,0,1,0,0,0,1,0.0,Tempelhof-Schöneberg,Accident with minor injuries,Collision with the vehicle in front/waiting vehicle,Turning accident,Dark,Dry,1241,350984.0
3890,3890,193193,3,Humannplatz,2019,3,8,4,3,2,7,0,0,1,0,0,0,0,0.0,Pankow,Accident with minor injuries,Collision with the vehicle in front/waiting vehicle,Others,Daylight,Dry,1219,409335.0
3891,3891,193194,1,Wilhelmstraße,2019,3,8,4,2,5,2,0,1,0,0,0,1,0,0.0,Mitte,Accident with serious injuries,Collision with a turning/crossing vehicle,Turning accident,Daylight,Dry,2215,385748.0
3892,3892,193195,4,Paul-Hertz-Siedlung,2019,3,10,4,3,3,6,0,0,1,0,0,1,0,0.0,Charlottenburg-Wilmersdorf,Accident with minor injuries,Collision with a vehicle traveling laterally in the same direction,Collision involving vehicles going in the same way,Daylight,Dry,1727,343592.0
3893,3893,193196,12,Wittenau Nord,2019,3,15,3,3,5,3,0,1,1,0,0,0,0,0.0,Reinickendorf,Accident with minor injuries,Collision with a turning/crossing vehicle,Turning/Crossing accident,Daylight,Dry,867,266408.0
3894,3894,193197,4,Droysenstraße,2019,3,11,4,2,5,3,0,1,1,0,0,0,0,0.0,Charlottenburg-Wilmersdorf,Accident with serious injuries,Collision with a turning/crossing vehicle,Turning/Crossing accident,Daylight,Dry,1727,343592.0
3895,3895,193198,8,Zittauer Straße,2019,3,7,4,3,5,3,0,1,1,0,0,0,0,0.0,Neukölln,Accident with minor injuries,Collision with a turning/crossing vehicle,Turning/Crossing accident,Daylight,Dry,934,329917.0
3896,3896,193199,1,Humboldthain Nordwest,2019,3,23,6,3,0,1,2,1,0,0,0,0,0,0.0,Mitte,Accident with minor injuries,Others,Driving accident,Dark,Dry,2215,385748.0
3897,3897,193200,1,Unter den Linden Nord,2019,3,15,3,3,0,4,0,1,0,1,0,0,0,1.0,Mitte,Accident with minor injuries,Others,Pedestrian crossing accident,Daylight,Wet/moist/slippery,2215,385748.0
3898,3898,193201,4,Alt-Lietzow,2019,3,11,4,2,0,7,0,1,0,0,0,0,0,0.0,Charlottenburg-Wilmersdorf,Accident with serious injuries,Others,Others,Daylight,Dry,1727,343592.0
3899,3899,193202,1,Humboldthain Nordwest,2019,3,19,4,1,6,4,1,0,1,1,0,0,1,0.0,Mitte,Accident with fatalities,Collision between vehicle and pedestrian,Pedestrian crossing accident,Twilight,Dry,2215,385748.0
3900,3900,193203,9,Adlershof West,2019,3,11,5,3,5,2,0,1,0,0,0,1,0,0.0,Treptow-Köpenick,Accident with minor injuries,Collision with a turning/crossing vehicle,Turning accident,Daylight,Dry,892,273689.0
3901,3901,193204,4,Droysenstraße,2019,3,13,3,3,1,5,0,1,1,0,0,0,1,0.0,Charlottenburg-Wilmersdorf,Accident with minor injuries,Collision with a moving/standing/parked vehicle,Accident involving parked vehicles,Daylight,Dry,1727,343592.0
3902,3902,193205,5,Adamstraße,2019,3,15,3,3,6,4,0,0,1,1,0,0,0,1.0,Spandau,Accident with minor injuries,Collision between vehicle and pedestrian,Pedestrian crossing accident,Daylight,Wet/moist/slippery,798,245197.0
3903,3903,193206,6,Feuerbachstraße,2019,3,9,3,3,5,3,0,0,1,0,1,0,0,0.0,Steglitz-Zehlendorf,Accident with minor injuries,Collision with a turning/crossing vehicle,Turning/Crossing accident,Daylight,Dry,851,310071.0
3904,3904,193207,6,Lankwitz Kirche,2019,3,15,3,2,1,5,0,0,1,0,1,0,0,1.0,Steglitz-Zehlendorf,Accident with serious injuries,Collision with a moving/standing/parked vehicle,Accident involving parked vehicles,Daylight,Wet/moist/slippery,851,310071.0
3905,3905,193208,8,Gewerbegebiet Köllnische Heide,2019,3,8,3,2,5,3,0,0,1,0,0,0,0,0.0,Neukölln,Accident with serious injuries,Collision with a turning/crossing vehicle,Turning/Crossing accident,Daylight,Dry,934,329917.0
3906,3906,193209,3,Blankenburg,2019,3,7,3,3,5,2,0,1,1,0,0,0,0,0.0,Pankow,Accident with minor injuries,Collision with a turning/crossing vehicle,Turning accident,Daylight,Dry,1219,409335.0
3907,3907,193210,8,Schulenburgpark,2019,3,15,3,3,5,3,0,1,1,0,0,0,0,1.0,Neukölln,Accident with minor injuries,Collision with a turning/crossing vehicle,Turning/Crossing accident,Daylight,Wet/moist/slippery,934,329917.0
3908,3908,193211,6,Wannsee,2019,3,18,3,2,1,5,1,1,1,0,0,0,0,0.0,Steglitz-Zehlendorf,Accident with serious injuries,Collision with a moving/standing/parked vehicle,Accident involving parked vehicles,Twilight,Dry,851,310071.0
3909,3909,193212,1,Charitéviertel,2019,3,19,3,3,3,6,2,0,1,0,0,0,0,0.0,Mitte,Accident with minor injuries,Collision with a vehicle traveling laterally in the same direction,Collision involving vehicles going in the same way,Dark,Dry,2215,385748.0
3910,3910,193213,3,Erich-Weinert-Straße,2019,3,16,6,3,2,6,0,0,1,0,1,0,0,0.0,Pankow,Accident with minor injuries,Collision with the vehicle in front/waiting vehicle,Collision involving vehicles going in the same way,Daylight,Dry,1219,409335.0
3911,3911,193214,8,Schillerpromenade,2019,3,15,3,3,6,4,0,0,1,1,0,0,0,1.0,Neukölln,Accident with minor injuries,Collision between vehicle and pedestrian,Pedestrian crossing accident,Daylight,Wet/moist/slippery,934,329917.0
3912,3912,193215,8,Parchimer Allee,2019,3,15,3,3,6,4,0,0,1,1,0,0,0,1.0,Neukölln,Accident with minor injuries,Collision between vehicle and pedestrian,Pedestrian crossing accident,Daylight,Wet/moist/slippery,934,329917.0
3913,3913,193216,5,Amorbacher Weg,2019,3,19,3,3,5,3,2,0,1,0,0,0,0,0.0,Spandau,Accident with minor injuries,Collision with a turning/crossing vehicle,Turning/Crossing accident,Dark,Dry,798,245197.0
3914,3914,193217,11,Orankesee,2019,3,23,3,3,5,2,2,0,1,0,0,0,1,0.0,Lichtenberg,Accident with minor injuries,Collision with a turning/crossing vehicle,Turning accident,Dark,Dry,679,294201.0
3915,3915,193218,7,Nollendorfplatz,2019,3,16,6,3,0,2,0,0,1,0,1,0,0,0.0,Tempelhof-Schöneberg,Accident with minor injuries,Others,Turning accident,Daylight,Dry,1241,350984.0
3916,3916,193219,1,Großer Tiergarten,2019,3,15,3,3,5,3,0,0,1,0,0,0,0,1.0,Mitte,Accident with minor injuries,Collision with a turning/crossing vehicle,Turning/Crossing accident,Daylight,Wet/moist/slippery,2215,385748.0
3917,3917,193220,7,Eisenacher Straße,2019,3,17,3,2,0,1,0,1,0,0,0,0,0,0.0,Tempelhof-Schöneberg,Accident with serious injuries,Others,Driving accident,Daylight,Dry,1241,350984.0
3918,3918,193221,8,Reuterkiez,2019,3,20,5,3,1,5,2,1,1,0,0,0,0,1.0,Neukölln,Accident with minor injuries,Collision with a moving/standing/parked vehicle,Accident involving parked vehicles,Dark,Wet/moist/slippery,934,329917.0
3919,3919,193222,1,Schillerpark,2019,3,11,3,3,1,5,0,0,1,0,0,1,0,0.0,Mitte,Accident with minor injuries,Collision with a moving/standing/parked vehicle,Accident involving parked vehicles,Daylight,Dry,2215,385748.0
3920,3920,193223,2,Friedenstraße,2019,3,15,3,3,2,6,0,0,1,0,0,0,0,1.0,Friedrichshain-Kreuzberg,Accident with minor injuries,Collision with the vehicle in front/waiting vehicle,Collision involving vehicles going in the same way,Daylight,Wet/moist/slippery,1381,290386.0
3921,3921,193224,4,Hindemithplatz,2019,3,11,3,2,0,5,0,0,1,0,1,0,0,0.0,Charlottenburg-Wilmersdorf,Accident with serious injuries,Others,Accident involving parked vehicles,Daylight,Dry,1727,343592.0
3922,3922,193225,12,Treuenbrietzener Straße,2019,3,15,3,3,5,3,0,0,1,0,0,0,0,1.0,Reinickendorf,Accident with minor injuries,Collision with a turning/crossing vehicle,Turning/Crossing accident,Daylight,Wet/moist/slippery,867,266408.0
3923,3923,193226,7,Eisenacher Straße,2019,3,11,3,2,3,6,0,0,0,0,1,0,1,0.0,Tempelhof-Schöneberg,Accident with serious injuries,Collision with a vehicle traveling laterally in the same direction,Collision involving vehicles going in the same way,Daylight,Dry,1241,350984.0
3924,3924,193227,2,Urbanstraße,2019,3,9,3,3,0,2,0,1,0,0,0,0,1,0.0,Friedrichshain-Kreuzberg,Accident with minor injuries,Others,Turning accident,Daylight,Dry,1381,290386.0
3925,3925,193228,1,Oranienburger Straße,2019,3,15,3,3,3,6,0,1,0,0,0,0,1,1.0,Mitte,Accident with minor injuries,Collision with a vehicle traveling laterally in the same direction,Collision involving vehicles going in the same way,Daylight,Wet/moist/slippery,2215,385748.0
3926,3926,193229,1,Rehberge,2019,3,9,3,3,6,4,0,0,1,1,0,0,0,0.0,Mitte,Accident with minor injuries,Collision between vehicle and pedestrian,Pedestrian crossing accident,Daylight,Dry,2215,385748.0
3927,3927,193230,5,Tiefwerder,2019,3,7,3,3,6,2,0,0,0,1,0,1,0,0.0,Spandau,Accident with minor injuries,Collision between vehicle and pedestrian,Turning accident,Daylight,Dry,798,245197.0
3928,3928,193231,7,Nollendorfplatz,2019,3,14,6,3,5,2,0,0,1,0,0,0,0,0.0,Tempelhof-Schöneberg,Accident with minor injuries,Collision with a turning/crossing vehicle,Turning accident,Daylight,Dry,1241,350984.0
3929,3929,193232,6,Feuerbachstraße,2019,3,7,3,3,1,5,0,1,1,0,0,0,0,1.0,Steglitz-Zehlendorf,Accident with minor injuries,Collision with a moving/standing/parked vehicle,Accident involving parked vehicles,Daylight,Wet/moist/slippery,851,310071.0
3930,3930,193233,6,Königsberger Straße,2019,3,9,3,3,0,5,0,0,1,0,0,0,1,0.0,Steglitz-Zehlendorf,Accident with minor injuries,Others,Accident involving parked vehicles,Daylight,Dry,851,310071.0
3931,3931,193234,2,Stralauer Kiez,2019,3,17,3,3,3,2,0,0,1,0,1,0,0,0.0,Friedrichshain-Kreuzberg,Accident with minor injuries,Collision with a vehicle traveling laterally in the same direction,Turning accident,Daylight,Dry,1381,290386.0
3932,3932,193235,1,Alexanderplatzviertel,2019,3,19,3,3,6,4,2,1,0,1,0,0,0,0.0,Mitte,Accident with minor injuries,Collision between vehicle and pedestrian,Pedestrian crossing accident,Dark,Dry,2215,385748.0
3933,3933,193236,2,Lausitzer Platz,2019,3,17,3,2,6,4,1,0,1,1,0,0,0,0.0,Friedrichshain-Kreuzberg,Accident with serious injuries,Collision between vehicle and pedestrian,Pedestrian crossing accident,Twilight,Dry,1381,290386.0
3934,3934,193237,8,Reuterkiez,2019,3,16,3,3,5,2,0,0,1,0,0,0,0,0.0,Neukölln,Accident with minor injuries,Collision with a turning/crossing vehicle,Turning accident,Daylight,Dry,934,329917.0
3935,3935,193238,5,Adamstraße,2019,3,15,3,3,0,4,0,0,0,1,0,0,1,0.0,Spandau,Accident with minor injuries,Others,Pedestrian crossing accident,Daylight,Dry,798,245197.0
3936,3936,193239,7,Neu-Tempelhof,2019,3,13,3,3,1,7,0,1,0,0,0,0,1,0.0,Tempelhof-Schöneberg,Accident with minor injuries,Collision with a moving/standing/parked vehicle,Others,Daylight,Dry,1241,350984.0
3937,3937,193240,3,Niederschönhausen,2019,3,14,3,3,5,2,0,1,0,0,0,0,0,0.0,Pankow,Accident with minor injuries,Collision with a turning/crossing vehicle,Turning accident,Daylight,Dry,1219,409335.0
3938,3938,193241,5,Ackerstraße,2019,3,13,3,3,6,4,0,0,1,1,0,0,0,0.0,Spandau,Accident with minor injuries,Collision between vehicle and pedestrian,Pedestrian crossing accident,Daylight,Dry,798,245197.0
3939,3939,193242,2,Traveplatz,2019,3,21,3,3,5,2,2,1,1,0,0,0,0,0.0,Friedrichshain-Kreuzberg,Accident with minor injuries,Collision with a turning/crossing vehicle,Turning accident,Dark,Dry,1381,290386.0
3940,3940,193243,8,Donaustraße,2019,3,13,3,3,6,2,0,0,1,1,0,0,0,0.0,Neukölln,Accident with minor injuries,Collision between vehicle and pedestrian,Turning accident,Daylight,Dry,934,329917.0
3941,3941,193244,4,Jungfernheide,2019,3,23,3,3,3,6,2,0,1,0,0,0,1,1.0,Charlottenburg-Wilmersdorf,Accident with minor injuries,Collision with a vehicle traveling laterally in the same direction,Collision involving vehicles going in the same way,Dark,Wet/moist/slippery,1727,343592.0
3942,3942,193245,1,Alexanderplatzviertel,2019,3,15,3,3,2,6,0,0,1,0,0,0,0,1.0,Mitte,Accident with minor injuries,Collision with the vehicle in front/waiting vehicle,Collision involving vehicles going in the same way,Daylight,Wet/moist/slippery,2215,385748.0
3943,3943,193246,8,Silbersteinstraße,2019,3,12,3,3,3,6,0,0,1,0,1,0,1,1.0,Neukölln,Accident with minor injuries,Collision with a vehicle traveling laterally in the same direction,Collision involving vehicles going in the same way,Daylight,Wet/moist/slippery,934,329917.0
3944,3944,193247,10,Ringkolonnaden,2019,3,15,2,3,2,6,0,0,1,0,0,0,0,1.0,Marzahn-Hellersdorf,Accident with minor injuries,Collision with the vehicle in front/waiting vehicle,Collision involving vehicles going in the same way,Daylight,Wet/moist/slippery,586,269967.0
3945,3945,193248,4,Schloßgarten,2019,3,21,5,3,6,2,2,0,1,1,0,0,0,1.0,Charlottenburg-Wilmersdorf,Accident with minor injuries,Collision between vehicle and pedestrian,Turning accident,Dark,Wet/moist/slippery,1727,343592.0
3946,3946,193249,1,Invalidenstraße,2019,3,15,2,3,1,5,0,1,1,0,0,0,0,1.0,Mitte,Accident with minor injuries,Collision with a moving/standing/parked vehicle,Accident involving parked vehicles,Daylight,Wet/moist/slippery,2215,385748.0
3947,3947,193250,2,Askanischer Platz,2019,3,6,3,3,5,2,0,1,1,0,0,0,0,0.0,Friedrichshain-Kreuzberg,Accident with minor injuries,Collision with a turning/crossing vehicle,Turning accident,Daylight,Dry,1381,290386.0
3948,3948,193251,8,Handwerker-Siedlung,2019,3,14,2,3,2,6,0,0,1,0,0,0,0,1.0,Neukölln,Accident with minor injuries,Collision with the vehicle in front/waiting vehicle,Collision involving vehicles going in the same way,Daylight,Wet/moist/slippery,934,329917.0
3949,3949,193252,9,Kölner Viertel,2019,3,7,3,3,5,3,0,1,1,0,0,0,0,0.0,Treptow-Köpenick,Accident with minor injuries,Collision with a turning/crossing vehicle,Turning/Crossing accident,Daylight,Dry,892,273689.0
3950,3950,193253,7,Fritz-Werner-Straße,2019,3,15,2,3,2,6,0,0,1,0,0,0,0,0.0,Tempelhof-Schöneberg,Accident with minor injuries,Collision with the vehicle in front/waiting vehicle,Collision involving vehicles going in the same way,Daylight,Dry,1241,350984.0
3951,3951,193254,7,Schöneberger Insel,2019,3,15,2,3,0,2,0,0,1,0,1,0,0,1.0,Tempelhof-Schöneberg,Accident with minor injuries,Others,Turning accident,Daylight,Wet/moist/slippery,1241,350984.0
3952,3952,193255,2,Viktoriapark,2019,3,15,2,3,5,2,0,1,1,0,0,0,0,0.0,Friedrichshain-Kreuzberg,Accident with minor injuries,Collision with a turning/crossing vehicle,Turning accident,Daylight,Dry,1381,290386.0
3953,3953,193256,5,Gartenfelder Straße,2019,3,16,2,3,2,1,0,0,1,0,0,0,0,0.0,Spandau,Accident with minor injuries,Collision with the vehicle in front/waiting vehicle,Driving accident,Daylight,Dry,798,245197.0
3954,3954,193257,1,Oranienburger Straße,2019,3,17,2,2,5,3,1,1,0,0,0,0,0,1.0,Mitte,Accident with serious injuries,Collision with a turning/crossing vehicle,Turning/Crossing accident,Twilight,Wet/moist/slippery,2215,385748.0