,Unnamed: 0,object id,district,street,year,month,hour of day,weekday,category,accident type,accident type 2,light situation,bike involved,car involved,pedestrian involved,motor bike involved,big track involved,other vehicle involved,road condition,district name,category name,accident detail,accident type detail,light condition,road condition detail,accident count by district,est. population
3955,3955,193258,8,Reuterkiez,2019,3,13,6,3,2,2,0,1,1,0,0,0,0,0.0,Neukölln,Accident with minor injuries,Collision with the vehicle in front/waiting vehicle,Turning accident,Daylight,Dry,934,329917.0
3956,3956,193259,1,Alexanderplatzviertel,2019,3,8,3,3,5,3,0,0,1,0,1,0,0,0.0,Mitte,Accident with minor injuries,Collision with a turning/crossing vehicle,Turning/Crossing accident,Daylight,Dry,2215,385748.0
3957,3957,193260,1,Thomasiusstraße,2019,3,18,2,3,5,7,1,0,1,0,0,0,0,1.0,Mitte,Accident with minor injuries,Collision with a turning/crossing vehicle,Others,Twilight,Wet/moist/slippery,2215,385748.0
3958,3958,193261,7,Grazer Platz,2019,3,18,2,3,6,2,1,0,1,1,0,0,0,1.0,Tempelhof-Schöneberg,Accident with minor injuries,Collision between vehicle and pedestrian,Turning accident,Twilight,Wet/moist/slippery,1241,350984.0
3959,3959,193262,3,Weißenseer Spitze,2019,3,8,3,3,5,3,0,1,1,0,0,0,0,0.0,Pankow,Accident with minor injuries,Collision with a turning/crossing vehicle,Turning/Crossing accident,Daylight,Dry,1219,409335.0
3960,3960,193263,2,Lausitzer Platz,2019,3,18,2,3,6,4,1,0,0,1,1,0,0,1.0,Friedrichshain-Kreuzberg,Accident with minor injuries,Collision between vehicle and pedestrian,Pedestrian crossing accident,Twilight,Wet/moist/slippery,1381,290386.0
3961,3961,193264,11,Victoriastadt,2019,3,18,2,3,5,3,1,1,0,0,0,0,1,1.0,Lichtenberg,Accident with minor injuries,Collision with a turning/crossing vehicle,Turning/Crossing accident,Twilight,Wet/moist/slippery,679,294201.0
3962,3962,193265,12,Konradshöhe/Tegelort,2019,3,9,3,3,1,5,0,1,1,0,0,0,0,0.0,Reinickendorf,Accident with minor injuries,Collision with a moving/standing/parked vehicle,Accident involving parked vehicles,Daylight,Dry,867,266408.0
3963,3963,193266,5,Eckschanze,2019,3,18,2,2,6,4,1,0,1,1,0,0,0,1.0,Spandau,Accident with serious injuries,Collision between vehicle and pedestrian,Pedestrian crossing accident,Twilight,Wet/moist/slippery,798,245197.0
3964,3964,193267,7,Marienfelde Süd,2019,3,20,2,3,5,2,2,1,1,0,0,0,0,1.0,Tempelhof-Schöneberg,Accident with minor injuries,Collision with a turning/crossing vehicle,Turning accident,Dark,Wet/moist/slippery,1241,350984.0
3965,3965,193268,6,Zehlendorf Eiche,2019,3,12,5,2,1,5,0,0,1,0,0,0,1,1.0,Steglitz-Zehlendorf,Accident with serious injuries,Collision with a moving/standing/parked vehicle,Accident involving parked vehicles,Daylight,Wet/moist/slippery,851,310071.0
3966,3966,193269,2,Graefekiez,2019,3,20,2,3,5,7,2,0,1,0,0,0,0,1.0,Friedrichshain-Kreuzberg,Accident with minor injuries,Collision with a turning/crossing vehicle,Others,Dark,Wet/moist/slippery,1381,290386.0
3967,3967,193270,2,Wrangelkiez,2019,3,9,3,3,5,3,0,1,1,0,0,0,0,0.0,Friedrichshain-Kreuzberg,Accident with minor injuries,Collision with a turning/crossing vehicle,Turning/Crossing accident,Daylight,Dry,1381,290386.0
3968,3968,193271,9,Dammvorstadt,2019,3,20,2,3,6,4,2,0,1,1,0,0,0,1.0,Treptow-Köpenick,Accident with minor injuries,Collision between vehicle and pedestrian,Pedestrian crossing accident,Dark,Wet/moist/slippery,892,273689.0
3969,3969,193272,9,Adlershof Ost,2019,3,14,3,3,5,2,0,1,1,0,0,0,0,0.0,Treptow-Köpenick,Accident with minor injuries,Collision with a turning/crossing vehicle,Turning accident,Daylight,Dry,892,273689.0
3970,3970,193273,1,Gesundbrunnen,2019,3,22,2,3,5,2,2,1,1,0,0,0,0,1.0,Mitte,Accident with minor injuries,Collision with a turning/crossing vehicle,Turning accident,Dark,Wet/moist/slippery,2215,385748.0
3971,3971,193274,6,Dahlem,2019,3,9,2,3,0,6,0,1,1,0,0,0,0,0.0,Steglitz-Zehlendorf,Accident with minor injuries,Others,Collision involving vehicles going in the same way,Daylight,Dry,851,310071.0
3972,3972,193275,6,Teltower Damm,2019,3,14,3,3,5,2,0,1,1,0,0,0,0,1.0,Steglitz-Zehlendorf,Accident with minor injuries,Collision with a turning/crossing vehicle,Turning accident,Daylight,Wet/moist/slippery,851,310071.0
3973,3973,193276,3,Bucher Forst,2019,3,15,2,3,5,3,0,0,1,0,0,0,0,1.0,Pankow,Accident with minor injuries,Collision with a turning/crossing vehicle,Turning/Crossing accident,Daylight,Wet/moist/slippery,1219,409335.0
3974,3974,193277,12,Schorfheidestraße,2019,3,15,2,3,0,1,0,0,0,0,1,0,0,1.0,Reinickendorf,Accident with minor injuries,Others,Driving accident,Daylight,Wet/moist/slippery,867,266408.0
3975,3975,193278,5,Adamstraße,2019,3,22,6,2,6,2,2,0,1,1,0,0,0,0.0,Spandau,Accident with serious injuries,Collision between vehicle and pedestrian,Turning accident,Dark,Dry,798,245197.0
3976,3976,193279,2,Andreasviertel,2019,3,9,3,3,2,6,0,0,1,0,0,0,0,1.0,Friedrichshain-Kreuzberg,Accident with minor injuries,Collision with the vehicle in front/waiting vehicle,Collision involving vehicles going in the same way,Daylight,Wet/moist/slippery,1381,290386.0
3977,3977,193280,8,Glasower Straße,2019,3,14,2,3,0,3,0,1,1,0,0,0,0,1.0,Neukölln,Accident with minor injuries,Others,Turning/Crossing accident,Daylight,Wet/moist/slippery,934,329917.0
3978,3978,193281,4,Tegeler Weg,2019,3,14,5,2,6,4,0,0,1,1,0,0,0,1.0,Charlottenburg-Wilmersdorf,Accident with serious injuries,Collision between vehicle and pedestrian,Pedestrian crossing accident,Daylight,Wet/moist/slippery,1727,343592.0
3979,3979,193282,8,Alt-Rudow,2019,3,14,2,3,2,6,0,0,1,0,0,0,0,1.0,Neukölln,Accident with minor injuries,Collision with the vehicle in front/waiting vehicle,Collision involving vehicles going in the same way,Daylight,Wet/moist/slippery,934,329917.0
3980,3980,193283,11,Herzbergstraße,2019,3,10,3,3,5,3,0,0,1,0,0,0,0,0.0,Lichtenberg,Accident with minor injuries,Collision with a turning/crossing vehicle,Turning/Crossing accident,Daylight,Dry,679,294201.0
3981,3981,193284,1,Heine-Viertel Ost,2019,3,13,2,3,6,2,0,0,0,1,0,0,1,0.0,Mitte,Accident with minor injuries,Collision between vehicle and pedestrian,Turning accident,Daylight,Dry,2215,385748.0
3982,3982,193285,7,Wittenbergplatz/Viktoria-Luise-Platz,2019,3,10,3,3,6,7,0,0,1,1,0,0,0,0.0,Tempelhof-Schöneberg,Accident with minor injuries,Collision between vehicle and pedestrian,Others,Daylight,Dry,1241,350984.0
3983,3983,193286,10,Oberfeldstraße,2019,3,12,2,3,2,6,0,0,1,0,0,0,0,0.0,Marzahn-Hellersdorf,Accident with minor injuries,Collision with the vehicle in front/waiting vehicle,Collision involving vehicles going in the same way,Daylight,Dry,586,269967.0
3984,3984,193287,8,Parchimer Allee,2019,3,9,5,2,1,5,0,0,1,0,1,0,0,1.0,Neukölln,Accident with serious injuries,Collision with a moving/standing/parked vehicle,Accident involving parked vehicles,Daylight,Wet/moist/slippery,934,329917.0
3985,3985,193288,4,Ernst-Reuter-Platz,2019,3,12,2,3,6,2,0,0,1,1,0,0,0,0.0,Charlottenburg-Wilmersdorf,Accident with minor injuries,Collision between vehicle and pedestrian,Turning accident,Daylight,Dry,1727,343592.0
3986,3986,193289,2,Graefekiez,2019,3,14,3,3,2,2,0,0,1,0,0,0,0,1.0,Friedrichshain-Kreuzberg,Accident with minor injuries,Collision with the vehicle in front/waiting vehicle,Turning accident,Daylight,Wet/moist/slippery,1381,290386.0
3987,3987,193290,3,Heinersdorf,2019,3,11,2,3,5,2,0,0,1,0,0,0,0,0.0,Pankow,Accident with minor injuries,Collision with a turning/crossing vehicle,Turning accident,Daylight,Dry,1219,409335.0
3988,3988,193291,9,Köpenick Nord,2019,3,10,3,3,6,4,0,0,1,1,0,0,0,0.0,Treptow-Köpenick,Accident with minor injuries,Collision between vehicle and pedestrian,Pedestrian crossing accident,Daylight,Dry,892,273689.0
3989,3989,193292,10,Alt-Mahlsdorf,2019,3,11,2,3,5,3,0,1,1,0,0,0,0,0.0,Marzahn-Hellersdorf,Accident with minor injuries,Collision with a turning/crossing vehicle,Turning/Crossing accident,Daylight,Dry,586,269967.0
3990,3990,193293,2,Rathaus Yorckstraße,2019,3,7,2,3,3,6,0,0,1,0,0,1,0,0.0,Friedrichshain-Kreuzberg,Accident with minor injuries,Collision with a vehicle traveling laterally in the same direction,Collision involving vehicles going in the same way,Daylight,Dry,1381,290386.0
3991,3991,193294,1,Emdener Straße,2019,3,10,3,2,2,7,0,0,1,0,0,0,0,0.0,Mitte,Accident with serious injuries,Collision with the vehicle in front/waiting vehicle,Others,Daylight,Dry,2215,385748.0
3992,3992,193295,7,Nahariyastraße,2019,3,7,2,2,6,4,0,0,1,1,0,0,0,0.0,Tempelhof-Schöneberg,Accident with serious injuries,Collision between vehicle and pedestrian,Pedestrian crossing accident,Daylight,Dry,1241,350984.0
3993,3993,193296,11,Karlshorst West,2019,3,8,2,3,1,5,0,1,1,0,0,0,0,0.0,Lichtenberg,Accident with minor injuries,Collision with a moving/standing/parked vehicle,Accident involving parked vehicles,Daylight,Dry,679,294201.0
3994,3994,193297,2,Wrangelkiez,2019,3,13,6,2,5,3,0,1,1,0,0,0,0,0.0,Friedrichshain-Kreuzberg,Accident with serious injuries,Collision with a turning/crossing vehicle,Turning/Crossing accident,Daylight,Dry,1381,290386.0
3995,3995,193298,1,Körnerstraße,2019,3,14,3,3,6,4,0,0,1,1,0,0,0,1.0,Mitte,Accident with minor injuries,Collision between vehicle and pedestrian,Pedestrian crossing accident,Daylight,Wet/moist/slippery,2215,385748.0
3996,3996,193299,6,Zehlendorf Mitte,2019,3,9,2,2,5,3,0,0,1,0,0,0,1,0.0,Steglitz-Zehlendorf,Accident with serious injuries,Collision with a turning/crossing vehicle,Turning/Crossing accident,Daylight,Dry,851,310071.0
3997,3997,193300,3,Arnimplatz,2019,3,15,5,3,6,4,0,0,1,1,0,0,0,1.0,Pankow,Accident with minor injuries,Collision between vehicle and pedestrian,Pedestrian crossing accident,Daylight,Wet/moist/slippery,1219,409335.0
3998,3998,193301,6,Kaiser-Wilhelm-Straße,2019,3,10,2,3,0,1,0,1,0,0,0,0,0,0.0,Steglitz-Zehlendorf,Accident with minor injuries,Others,Driving accident,Daylight,Dry,851,310071.0
3999,3999,193302,12,Waldidyll/Flughafensee,2019,3,13,3,3,1,5,0,0,1,0,0,0,0,1.0,Reinickendorf,Accident with minor injuries,Collision with a moving/standing/parked vehicle,Accident involving parked vehicles,Daylight,Wet/moist/slippery,867,266408.0
4000,4000,193303,2,Graefekiez,2019,3,8,2,3,0,1,0,0,0,0,0,0,1,1.0,Friedrichshain-Kreuzberg,Accident with minor injuries,Others,Driving accident,Daylight,Wet/moist/slippery,1381,290386.0
4001,4001,193304,12,Teichstraße,2019,3,10,3,3,2,6,0,0,1,0,0,0,0,1.0,Reinickendorf,Accident with minor injuries,Collision with the vehicle in front/waiting vehicle,Collision involving vehicles going in the same way,Daylight,Wet/moist/slippery,867,266408.0
4002,4002,193305,2,Friedenstraße,2019,3,19,1,3,5,7,2,0,1,0,0,0,0,0.0,Friedrichshain-Kreuzberg,Accident with minor injuries,Collision with a turning/crossing vehicle,Others,Dark,Dry,1381,290386.0
4003,4003,193306,8,Reuterkiez,2019,3,19,1,3,2,6,2,0,1,0,0,0,0,1.0,Neukölln,Accident with minor injuries,Collision with the vehicle in front/waiting vehicle,Collision involving vehicles going in the same way,Dark,Wet/moist/slippery,934,329917.0
4004,4004,193307,9,Johannisthal West,2019,3,12,3,3,0,4,0,0,1,1,0,0,0,0.0,Treptow-Köpenick,Accident with minor injuries,Others,Pedestrian crossing accident,Daylight,Dry,892,273689.0
4005,4005,193308,6,Feuerbachstraße,2019,3,18,1,3,5,3,2,0,1,0,0,0,0,1.0,Steglitz-Zehlendorf,Accident with minor injuries,Collision with a turning/crossing vehicle,Turning/Crossing accident,Dark,Wet/moist/slippery,851,310071.0
4006,4006,193309,12,Hausotterplatz,2019,3,15,1,2,5,3,0,0,1,0,1,0,0,0.0,Reinickendorf,Accident with serious injuries,Collision with a turning/crossing vehicle,Turning/Crossing accident,Daylight,Dry,867,266408.0
4007,4007,193310,12,Klixstraße,2019,3,11,1,3,2,6,0,0,1,0,0,0,0,0.0,Reinickendorf,Accident with minor injuries,Collision with the vehicle in front/waiting vehicle,Collision involving vehicles going in the same way,Daylight,Dry,867,266408.0
4008,4008,193311,12,Borsigwalde,2019,3,13,3,3,5,3,0,0,1,0,0,0,0,1.0,Reinickendorf,Accident with minor injuries,Collision with a turning/crossing vehicle,Turning/Crossing accident,Daylight,Wet/moist/slippery,867,266408.0
4009,4009,193312,11,Weitlingstraße,2019,3,10,1,3,1,1,0,0,1,0,0,0,1,0.0,Lichtenberg,Accident with minor injuries,Collision with a moving/standing/parked vehicle,Driving accident,Daylight,Dry,679,294201.0
4010,4010,193313,1,Oranienburger Straße,2019,3,11,1,3,2,6,0,0,1,0,0,0,0,0.0,Mitte,Accident with minor injuries,Collision with the vehicle in front/waiting vehicle,Collision involving vehicles going in the same way,Daylight,Dry,2215,385748.0
4011,4011,193314,4,Branitzer Platz,2019,3,14,6,3,0,4,0,1,0,1,0,0,0,0.0,Charlottenburg-Wilmersdorf,Accident with minor injuries,Others,Pedestrian crossing accident,Daylight,Dry,1727,343592.0
4012,4012,193315,2,Moritzplatz,2019,3,12,1,3,5,3,0,0,1,0,0,0,0,0.0,Friedrichshain-Kreuzberg,Accident with minor injuries,Collision with a turning/crossing vehicle,Turning/Crossing accident,Daylight,Dry,1381,290386.0
4013,4013,193316,1,Humboldthain Nordwest,2019,3,13,3,3,0,7,0,0,0,0,1,0,0,1.0,Mitte,Accident with minor injuries,Others,Others,Daylight,Wet/moist/slippery,2215,385748.0
4014,4014,193317,5,Gütersloher Weg,2019,3,14,1,3,5,2,0,0,1,0,0,0,0,1.0,Spandau,Accident with minor injuries,Collision with a turning/crossing vehicle,Turning accident,Daylight,Wet/moist/slippery,798,245197.0
4015,4015,193318,1,Sparrplatz,2019,3,14,1,3,5,7,0,0,1,0,0,0,0,1.0,Mitte,Accident with minor injuries,Collision with a turning/crossing vehicle,Others,Daylight,Wet/moist/slippery,2215,385748.0
4016,4016,193319,3,Niederschönhausen,2019,3,17,1,3,9,1,1,0,1,0,0,0,0,1.0,Pankow,Accident with minor injuries,Departure from the roadway to the left,Driving accident,Twilight,Wet/moist/slippery,1219,409335.0
4017,4017,193320,4,George-Grosz-Platz,2019,3,12,3,3,2,6,0,0,1,0,0,0,0,1.0,Charlottenburg-Wilmersdorf,Accident with minor injuries,Collision with the vehicle in front/waiting vehicle,Collision involving vehicles going in the same way,Daylight,Wet/moist/slippery,1727,343592.0
4018,4018,193321,9,Dammvorstadt,2019,3,19,1,3,2,6,2,0,1,0,0,0,0,1.0,Treptow-Köpenick,Accident with minor injuries,Collision with the vehicle in front/waiting vehicle,Collision involving vehicles going in the same way,Dark,Wet/moist/slippery,892,273689.0
4019,4019,193322,11,Weitlingstraße,2019,3,12,2,3,0,3,0,0,0,0,0,0,1,0.0,Lichtenberg,Accident with minor injuries,Others,Turning/Crossing accident,Daylight,Dry,679,294201.0
4020,4020,193323,10,Alt-Marzahn,2019,3,20,1,2,5,2,2,1,1,0,0,0,0,1.0,Marzahn-Hellersdorf,Accident with serious injuries,Collision with a turning/crossing vehicle,Turning accident,Dark,Wet/moist/slippery,586,269967.0
4021,4021,193324,1,Charitéviertel,2019,3,21,1,3,2,6,2,0,1,0,0,0,0,1.0,Mitte,Accident with minor injuries,Collision with the vehicle in front/waiting vehicle,Collision involving vehicles going in the same way,Dark,Wet/moist/slippery,2215,385748.0
4022,4022,193325,12,Wittenau Süd,2019,3,7,2,2,6,4,0,0,1,1,0,0,0,1.0,Reinickendorf,Accident with serious injuries,Collision between vehicle and pedestrian,Pedestrian crossing accident,Daylight,Wet/moist/slippery,867,266408.0
4023,4023,193326,3,Humannplatz,2019,3,10,1,3,1,5,0,0,1,0,0,0,0,0.0,Pankow,Accident with minor injuries,Collision with a moving/standing/parked vehicle,Accident involving parked vehicles,Daylight,Dry,1219,409335.0
4024,4024,193327,3,Humannplatz,2019,3,9,1,3,5,3,0,0,1,0,0,0,1,0.0,Pankow,Accident with minor injuries,Collision with a turning/crossing vehicle,Turning/Crossing accident,Daylight,Dry,1219,409335.0
4025,4025,193328,1,Leipziger Straße,2019,3,21,5,3,5,3,2,0,1,0,0,0,0,1.0,Mitte,Accident with minor injuries,Collision with a turning/crossing vehicle,Turning/Crossing accident,Dark,Wet/moist/slippery,2215,385748.0
4026,4026,193329,11,Große-Leege-Straße,2019,3,8,1,3,5,3,0,0,1,0,1,0,0,0.0,Lichtenberg,Accident with minor injuries,Collision with a turning/crossing vehicle,Turning/Crossing accident,Daylight,Dry,679,294201.0
4027,4027,193330,5,Staakener Straße,2019,3,6,2,3,5,3,0,0,1,0,0,1,0,1.0,Spandau,Accident with minor injuries,Collision with a turning/crossing vehicle,Turning/Crossing accident,Daylight,Wet/moist/slippery,798,245197.0
4028,4028,193331,11,Landsberger Allee,2019,3,17,7,3,5,3,2,0,1,0,1,0,0,1.0,Lichtenberg,Accident with minor injuries,Collision with a turning/crossing vehicle,Turning/Crossing accident,Dark,Wet/moist/slippery,679,294201.0
4029,4029,193332,2,Traveplatz,2019,3,4,2,2,0,1,2,1,0,0,0,0,0,0.0,Friedrichshain-Kreuzberg,Accident with serious injuries,Others,Driving accident,Dark,Dry,1381,290386.0
4030,4030,193333,1,Charitéviertel,2019,3,18,7,2,1,5,2,1,1,0,0,0,0,1.0,Mitte,Accident with serious injuries,Collision with a moving/standing/parked vehicle,Accident involving parked vehicles,Dark,Wet/moist/slippery,2215,385748.0
4031,4031,193334,7,Franziusweg/Rohrbachstraße,2019,3,12,7,2,1,5,0,1,1,0,0,0,0,1.0,Tempelhof-Schöneberg,Accident with serious injuries,Collision with a moving/standing/parked vehicle,Accident involving parked vehicles,Daylight,Wet/moist/slippery,1241,350984.0
4032,4032,193335,11,Sewanstraße,2019,3,16,5,3,2,6,0,0,1,0,0,0,0,1.0,Lichtenberg,Accident with minor injuries,Collision with the vehicle in front/waiting vehicle,Collision involving vehicles going in the same way,Daylight,Wet/moist/slippery,679,294201.0
4033,4033,193336,7,Bayerischer Platz,2019,3,13,7,3,1,5,0,0,1,0,0,0,0,1.0,Tempelhof-Schöneberg,Accident with minor injuries,Collision with a moving/standing/parked vehicle,Accident involving parked vehicles,Daylight,Wet/moist/slippery,1241,350984.0
4034,4034,193337,6,Bergstraße,2019,3,0,2,2,5,7,2,0,1,0,0,0,0,0.0,Steglitz-Zehlendorf,Accident with serious injuries,Collision with a turning/crossing vehicle,Others,Dark,Dry,851,310071.0
4035,4035,193338,7,Nollendorfplatz,2019,3,14,7,3,2,6,0,0,1,0,0,0,0,1.0,Tempelhof-Schöneberg,Accident with minor injuries,Collision with the vehicle in front/waiting vehicle,Collision involving vehicles going in the same way,Daylight,Wet/moist/slippery,1241,350984.0
4036,4036,193339,2,Lausitzer Platz,2019,3,16,2,3,2,6,0,1,0,0,0,0,0,0.0,Friedrichshain-Kreuzberg,Accident with minor injuries,Collision with the vehicle in front/waiting vehicle,Collision involving vehicles going in the same way,Daylight,Dry,1381,290386.0
4037,4037,193340,1,Leipziger Straße,2019,3,15,7,3,2,6,0,0,1,0,0,0,0,1.0,Mitte,Accident with minor injuries,Collision with the vehicle in front/waiting vehicle,Collision involving vehicles going in the same way,Daylight,Wet/moist/slippery,2215,385748.0
4038,4038,193341,7,Chamissokiez,2019,3,18,7,3,2,6,1,0,1,0,0,0,0,1.0,Tempelhof-Schöneberg,Accident with minor injuries,Collision with the vehicle in front/waiting vehicle,Collision involving vehicles going in the same way,Twilight,Wet/moist/slippery,1241,350984.0
4039,4039,193342,6,Zehlendorf Eiche,2019,3,17,2,3,6,4,0,0,1,1,0,0,0,0.0,Steglitz-Zehlendorf,Accident with minor injuries,Collision between vehicle and pedestrian,Pedestrian crossing accident,Daylight,Dry,851,310071.0
4040,4040,193343,8,Rixdorf,2019,3,18,7,3,6,4,1,0,1,1,0,0,0,1.0,Neukölln,Accident with minor injuries,Collision between vehicle and pedestrian,Pedestrian crossing accident,Twilight,Wet/moist/slippery,934,329917.0
4041,4041,193344,6,Lankwitz Kirche,2019,3,18,7,3,6,2,1,0,1,1,0,0,0,1.0,Steglitz-Zehlendorf,Accident with minor injuries,Collision between vehicle and pedestrian,Turning accident,Twilight,Wet/moist/slippery,851,310071.0
4042,4042,193345,4,Breitscheidplatz,2019,3,9,6,3,1,5,0,1,1,0,0,0,0,0.0,Charlottenburg-Wilmersdorf,Accident with minor injuries,Collision with a moving/standing/parked vehicle,Accident involving parked vehicles,Daylight,Dry,1727,343592.0
4043,4043,193346,9,Wohngebiet II,2019,3,9,2,3,5,3,0,0,1,0,0,0,1,1.0,Treptow-Köpenick,Accident with minor injuries,Collision with a turning/crossing vehicle,Turning/Crossing accident,Daylight,Wet/moist/slippery,892,273689.0
4044,4044,193347,7,Nollendorfplatz,2019,3,18,7,3,6,2,1,0,1,1,0,0,0,1.0,Tempelhof-Schöneberg,Accident with minor injuries,Collision between vehicle and pedestrian,Turning accident,Twilight,Wet/moist/slippery,1241,350984.0
4045,4045,193348,1,Wilhelmstraße,2019,3,18,7,3,0,3,1,0,1,0,0,0,1,1.0,Mitte,Accident with minor injuries,Others,Turning/Crossing accident,Twilight,Wet/moist/slippery,2215,385748.0
4046,4046,193349,11,Rüdigerstraße,2019,3,7,5,3,6,4,0,0,1,1,0,0,0,1.0,Lichtenberg,Accident with minor injuries,Collision between vehicle and pedestrian,Pedestrian crossing accident,Daylight,Wet/moist/slippery,679,294201.0
4047,4047,193350,7,Schöneberger Insel,2019,3,19,7,3,6,4,1,0,1,1,0,0,0,1.0,Tempelhof-Schöneberg,Accident with minor injuries,Collision between vehicle and pedestrian,Pedestrian crossing accident,Twilight,Wet/moist/slippery,1241,350984.0
4048,4048,193351,7,Marienfelde Süd,2019,3,11,2,3,5,2,0,0,1,0,0,0,0,0.0,Tempelhof-Schöneberg,Accident with minor injuries,Collision with a turning/crossing vehicle,Turning accident,Daylight,Dry,1241,350984.0
4049,4049,193352,10,Havemannstraße,2019,3,19,7,3,6,2,2,0,1,1,0,0,0,1.0,Marzahn-Hellersdorf,Accident with minor injuries,Collision between vehicle and pedestrian,Turning accident,Dark,Wet/moist/slippery,586,269967.0
4050,4050,193353,1,Lüneburger Straße,2019,3,11,2,3,2,6,0,0,1,0,0,0,0,1.0,Mitte,Accident with minor injuries,Collision with the vehicle in front/waiting vehicle,Collision involving vehicles going in the same way,Daylight,Wet/moist/slippery,2215,385748.0
4051,4051,193354,1,Westliche Müllerstraße,2019,3,20,7,3,2,6,2,0,1,0,0,0,0,1.0,Mitte,Accident with minor injuries,Collision with the vehicle in front/waiting vehicle,Collision involving vehicles going in the same way,Dark,Wet/moist/slippery,2215,385748.0
4052,4052,193355,11,Falkenberg West,2019,3,20,7,3,5,2,2,0,1,0,0,0,0,1.0,Lichtenberg,Accident with minor injuries,Collision with a turning/crossing vehicle,Turning accident,Dark,Wet/moist/slippery,679,294201.0
4053,4053,193356,11,Landsberger Allee,2019,3,12,2,3,0,6,0,0,1,0,1,0,0,1.0,Lichtenberg,Accident with minor injuries,Others,Collision involving vehicles going in the same way,Daylight,Wet/moist/slippery,679,294201.0
4054,4054,193357,1,Soldiner Straße,2019,3,20,7,2,1,5,2,0,1,0,0,1,0,1.0,Mitte,Accident with serious injuries,Collision with a moving/standing/parked vehicle,Accident involving parked vehicles,Dark,Wet/moist/slippery,2215,385748.0
4055,4055,193358,7,Neu-Tempelhof,2019,3,21,7,3,6,7,2,1,0,1,0,0,0,1.0,Tempelhof-Schöneberg,Accident with minor injuries,Collision between vehicle and pedestrian,Others,Dark,Wet/moist/slippery,1241,350984.0
4056,4056,193359,4,Hindemithplatz,2019,3,17,6,3,2,6,2,0,1,0,0,0,0,0.0,Charlottenburg-Wilmersdorf,Accident with minor injuries,Collision with the vehicle in front/waiting vehicle,Collision involving vehicles going in the same way,Dark,Dry,1727,343592.0
4057,4057,193360,1,Humboldthain Süd,2019,3,21,7,3,6,4,2,0,1,1,0,0,0,1.0,Mitte,Accident with minor injuries,Collision between vehicle and pedestrian,Pedestrian crossing accident,Dark,Wet/moist/slippery,2215,385748.0
4058,4058,193361,4,Schlangenbader Straße,2019,3,10,7,3,5,2,0,0,1,0,0,0,0,0.0,Charlottenburg-Wilmersdorf,Accident with minor injuries,Collision with a turning/crossing vehicle,Turning accident,Daylight,Dry,1727,343592.0
4059,4059,193362,1,Charitéviertel,2019,3,12,2,3,1,5,0,1,1,0,0,0,0,0.0,Mitte,Accident with minor injuries,Collision with a moving/standing/parked vehicle,Accident involving parked vehicles,Daylight,Dry,2215,385748.0
4060,4060,193363,11,Rummelsburg,2019,3,10,7,2,6,4,0,0,1,1,0,0,0,0.0,Lichtenberg,Accident with serious injuries,Collision between vehicle and pedestrian,Pedestrian crossing accident,Daylight,Dry,679,294201.0
4061,4061,193364,7,Schöneberger Insel,2019,3,6,7,2,1,1,1,0,1,0,0,0,1,0.0,Tempelhof-Schöneberg,Accident with serious injuries,Collision with a moving/standing/parked vehicle,Driving accident,Twilight,Dry,1241,350984.0
4062,4062,193365,8,Silbersteinstraße,2019,3,18,6,3,5,3,0,0,1,0,0,0,0,0.0,Neukölln,Accident with minor injuries,Collision with a turning/crossing vehicle,Turning/Crossing accident,Daylight,Dry,934,329917.0
4063,4063,193366,1,Humboldthain Nordwest,2019,3,13,2,3,1,5,0,0,1,0,0,0,0,1.0,Mitte,Accident with minor injuries,Collision with a moving/standing/parked vehicle,Accident involving parked vehicles,Daylight,Wet/moist/slippery,2215,385748.0
4064,4064,193367,3,Pankow Süd,2019,3,17,6,3,6,4,1,0,1,1,0,0,0,1.0,Pankow,Accident with minor injuries,Collision between vehicle and pedestrian,Pedestrian crossing accident,Twilight,Wet/moist/slippery,1219,409335.0
4065,4065,193368,1,Heine-Viertel Ost,2019,3,9,6,3,1,5,0,1,1,0,0,0,0,1.0,Mitte,Accident with minor injuries,Collision with a moving/standing/parked vehicle,Accident involving parked vehicles,Daylight,Wet/moist/slippery,2215,385748.0
4066,4066,193369,2,Andreasviertel,2019,3,10,5,3,5,2,0,1,1,0,0,0,0,1.0,Friedrichshain-Kreuzberg,Accident with minor injuries,Collision with a turning/crossing vehicle,Turning accident,Daylight,Wet/moist/slippery,1381,290386.0
4067,4067,193370,11,Landsberger Allee,2019,3,21,6,2,0,7,2,1,0,0,0,0,0,1.0,Lichtenberg,Accident with serious injuries,Others,Others,Dark,Wet/moist/slippery,679,294201.0
4068,4068,193371,5,Hakenfelde Nord,2019,3,15,2,3,6,2,0,0,1,1,0,0,0,0.0,Spandau,Accident with minor injuries,Collision between vehicle and pedestrian,Turning accident,Daylight,Dry,798,245197.0
4069,4069,193372,7,Grazer Platz,2019,3,18,6,3,5,2,1,1,1,0,0,0,0,1.0,Tempelhof-Schöneberg,Accident with minor injuries,Collision with a turning/crossing vehicle,Turning accident,Twilight,Wet/moist/slippery,1241,350984.0
4070,4070,193373,9,Spindlersfeld,2019,3,15,2,3,2,6,0,0,1,0,0,0,0,1.0,Treptow-Köpenick,Accident with minor injuries,Collision with the vehicle in front/waiting vehicle,Collision involving vehicles going in the same way,Daylight,Wet/moist/slippery,892,273689.0