,Unnamed: 0,object id,district,street,year,month,hour of day,weekday,category,accident type,accident type 2,light situation,bike involved,car involved,pedestrian involved,motor bike involved,big track involved,other vehicle involved,road condition,district name,category name,accident detail,accident type detail,light condition,road condition detail,accident count by district,est. population
4071,4071,193374,4,Amtsgerichtsplatz,2019,3,23,6,3,2,6,2,0,1,0,0,0,0,0.0,Charlottenburg-Wilmersdorf,Accident with minor injuries,Collision with the vehicle in front/waiting vehicle,Collision involving vehicles going in the same way,Dark,Dry,1727,343592.0
4072,4072,193375,1,Unter den Linden Süd,2019,3,20,6,2,6,2,2,0,1,1,0,0,0,1.0,Mitte,Accident with serious injuries,Collision between vehicle and pedestrian,Turning accident,Dark,Wet/moist/slippery,2215,385748.0
4073,4073,193376,8,Gropiusstadt Nord,2019,3,16,2,3,0,6,0,0,1,0,1,0,0,1.0,Neukölln,Accident with minor injuries,Others,Collision involving vehicles going in the same way,Daylight,Wet/moist/slippery,934,329917.0
4074,4074,193377,2,Lausitzer Platz,2019,3,21,6,3,5,3,2,1,1,0,0,0,0,0.0,Friedrichshain-Kreuzberg,Accident with minor injuries,Collision with a turning/crossing vehicle,Turning/Crossing accident,Dark,Dry,1381,290386.0
4075,4075,193378,11,Karlshorst Nord,2019,3,18,6,3,5,7,1,0,1,0,0,0,1,1.0,Lichtenberg,Accident with minor injuries,Collision with a turning/crossing vehicle,Others,Twilight,Wet/moist/slippery,679,294201.0
4076,4076,193379,7,John-Locke-Straße,2019,3,16,6,3,0,3,0,1,0,0,0,0,1,0.0,Tempelhof-Schöneberg,Accident with minor injuries,Others,Turning/Crossing accident,Daylight,Dry,1241,350984.0
4077,4077,193380,11,Hauptstraße,2019,3,16,2,3,2,6,0,0,1,0,0,0,0,0.0,Lichtenberg,Accident with minor injuries,Collision with the vehicle in front/waiting vehicle,Collision involving vehicles going in the same way,Daylight,Dry,679,294201.0
4078,4078,193381,3,Weißenseer Spitze,2019,3,16,6,3,2,6,1,0,1,0,1,0,0,1.0,Pankow,Accident with minor injuries,Collision with the vehicle in front/waiting vehicle,Collision involving vehicles going in the same way,Twilight,Wet/moist/slippery,1219,409335.0
4079,4079,193382,8,Bouchéstraße,2019,3,15,6,3,5,3,0,1,1,0,0,0,0,1.0,Neukölln,Accident with minor injuries,Collision with a turning/crossing vehicle,Turning/Crossing accident,Daylight,Wet/moist/slippery,934,329917.0
4080,4080,193383,12,Heiligensee,2019,3,17,2,3,6,7,0,0,1,1,0,0,0,0.0,Reinickendorf,Accident with minor injuries,Collision between vehicle and pedestrian,Others,Daylight,Dry,867,266408.0
4081,4081,193384,12,Mellerbogen,2019,3,15,6,3,2,6,0,0,1,0,0,0,0,1.0,Reinickendorf,Accident with minor injuries,Collision with the vehicle in front/waiting vehicle,Collision involving vehicles going in the same way,Daylight,Wet/moist/slippery,867,266408.0
4082,4082,193385,2,Moritzplatz,2019,3,15,6,3,1,5,0,1,1,0,0,0,0,1.0,Friedrichshain-Kreuzberg,Accident with minor injuries,Collision with a moving/standing/parked vehicle,Accident involving parked vehicles,Daylight,Wet/moist/slippery,1381,290386.0
4083,4083,193386,7,Dennewitzplatz,2019,3,20,5,3,2,6,2,0,1,0,0,0,0,1.0,Tempelhof-Schöneberg,Accident with minor injuries,Collision with the vehicle in front/waiting vehicle,Collision involving vehicles going in the same way,Dark,Wet/moist/slippery,1241,350984.0
4084,4084,193387,1,Charitéviertel,2019,3,16,6,3,0,1,0,0,0,0,1,0,0,1.0,Mitte,Accident with minor injuries,Others,Driving accident,Daylight,Wet/moist/slippery,2215,385748.0
4085,4085,193388,2,Urbanstraße,2019,3,17,2,2,5,2,0,1,1,0,0,0,0,0.0,Friedrichshain-Kreuzberg,Accident with serious injuries,Collision with a turning/crossing vehicle,Turning accident,Daylight,Dry,1381,290386.0
4086,4086,193389,4,Park Ruhwald,2019,3,1,6,2,9,1,2,0,1,0,0,0,0,1.0,Charlottenburg-Wilmersdorf,Accident with serious injuries,Departure from the roadway to the left,Driving accident,Dark,Wet/moist/slippery,1727,343592.0
4087,4087,193390,3,Volkspark Prenzlauer Berg,2019,3,16,2,3,2,6,0,0,1,0,0,0,0,0.0,Pankow,Accident with minor injuries,Collision with the vehicle in front/waiting vehicle,Collision involving vehicles going in the same way,Daylight,Dry,1219,409335.0
4088,4088,193391,1,Alexanderplatzviertel,2019,3,1,6,2,5,2,2,1,1,0,0,0,0,1.0,Mitte,Accident with serious injuries,Collision with a turning/crossing vehicle,Turning accident,Dark,Wet/moist/slippery,2215,385748.0
4089,4089,193392,9,Adlershof Ost,2019,3,6,6,2,5,3,1,1,1,0,0,0,0,1.0,Treptow-Köpenick,Accident with serious injuries,Collision with a turning/crossing vehicle,Turning/Crossing accident,Twilight,Wet/moist/slippery,892,273689.0
4090,4090,193393,12,Alt-Tegel,2019,3,13,2,2,0,4,0,0,0,1,0,0,1,1.0,Reinickendorf,Accident with serious injuries,Others,Pedestrian crossing accident,Daylight,Wet/moist/slippery,867,266408.0
4091,4091,193394,3,Buch,2019,3,9,6,3,0,1,0,0,0,0,1,0,0,1.0,Pankow,Accident with minor injuries,Others,Driving accident,Daylight,Wet/moist/slippery,1219,409335.0
4092,4092,193395,4,Ernst-Reuter-Platz,2019,3,9,6,3,5,2,0,1,1,0,0,0,0,0.0,Charlottenburg-Wilmersdorf,Accident with minor injuries,Collision with a turning/crossing vehicle,Turning accident,Daylight,Dry,1727,343592.0
4093,4093,193396,4,Ernst-Reuter-Platz,2019,3,14,6,3,3,6,0,0,1,0,0,0,1,0.0,Charlottenburg-Wilmersdorf,Accident with minor injuries,Collision with a vehicle traveling laterally in the same direction,Collision involving vehicles going in the same way,Daylight,Dry,1727,343592.0
4094,4094,193397,1,Alexanderplatzviertel,2019,3,15,6,2,0,1,0,0,0,0,1,0,0,1.0,Mitte,Accident with serious injuries,Others,Driving accident,Daylight,Wet/moist/slippery,2215,385748.0
4095,4095,193398,5,Graetschelsteig,2019,3,11,2,3,5,2,0,0,1,0,0,0,0,1.0,Spandau,Accident with minor injuries,Collision with a turning/crossing vehicle,Turning accident,Daylight,Wet/moist/slippery,798,245197.0
4096,4096,193399,11,Hauptstraße,2019,3,14,6,3,5,2,0,1,1,0,0,0,0,0.0,Lichtenberg,Accident with minor injuries,Collision with a turning/crossing vehicle,Turning accident,Daylight,Dry,679,294201.0
4097,4097,193400,2,Oranienplatz,2019,4,15,5,3,6,4,0,0,1,1,0,0,0,0.0,Friedrichshain-Kreuzberg,Accident with minor injuries,Collision between vehicle and pedestrian,Pedestrian crossing accident,Daylight,Dry,1381,290386.0
4098,4098,193401,4,Plötzensee,2019,4,20,4,3,2,6,2,0,1,0,0,0,0,0.0,Charlottenburg-Wilmersdorf,Accident with minor injuries,Collision with the vehicle in front/waiting vehicle,Collision involving vehicles going in the same way,Dark,Dry,1727,343592.0
4099,4099,193402,8,Schulenburgpark,2019,4,7,5,3,5,3,0,0,1,0,1,0,0,0.0,Neukölln,Accident with minor injuries,Collision with a turning/crossing vehicle,Turning/Crossing accident,Daylight,Dry,934,329917.0
4100,4100,193403,6,Teltower Damm,2019,4,18,4,3,2,7,0,0,1,0,0,0,0,0.0,Steglitz-Zehlendorf,Accident with minor injuries,Collision with the vehicle in front/waiting vehicle,Others,Daylight,Dry,851,310071.0
4101,4101,193404,2,Traveplatz,2019,4,0,7,3,2,2,2,1,1,0,0,0,0,0.0,Friedrichshain-Kreuzberg,Accident with minor injuries,Collision with the vehicle in front/waiting vehicle,Turning accident,Dark,Dry,1381,290386.0
4102,4102,193405,6,Königsberger Straße,2019,4,17,4,3,2,6,0,0,1,0,0,0,0,0.0,Steglitz-Zehlendorf,Accident with minor injuries,Collision with the vehicle in front/waiting vehicle,Collision involving vehicles going in the same way,Daylight,Dry,851,310071.0
4103,4103,193406,8,Rixdorf,2019,4,17,4,3,5,3,0,0,1,0,1,0,0,0.0,Neukölln,Accident with minor injuries,Collision with a turning/crossing vehicle,Turning/Crossing accident,Daylight,Dry,934,329917.0
4104,4104,193407,1,Brunnenstraße,2019,4,8,6,2,5,2,0,0,1,0,1,0,0,0.0,Mitte,Accident with serious injuries,Collision with a turning/crossing vehicle,Turning accident,Daylight,Dry,2215,385748.0
4105,4105,193408,10,Biesdorf Süd,2019,4,16,4,3,2,7,0,1,1,0,0,0,0,0.0,Marzahn-Hellersdorf,Accident with minor injuries,Collision with the vehicle in front/waiting vehicle,Others,Daylight,Dry,586,269967.0
4106,4106,193409,2,Friedenstraße,2019,4,15,5,3,2,6,0,0,1,0,0,0,0,0.0,Friedrichshain-Kreuzberg,Accident with minor injuries,Collision with the vehicle in front/waiting vehicle,Collision involving vehicles going in the same way,Daylight,Dry,1381,290386.0
4107,4107,193410,11,Frankfurter Allee Süd,2019,4,12,1,3,6,4,0,0,1,1,0,0,0,0.0,Lichtenberg,Accident with minor injuries,Collision between vehicle and pedestrian,Pedestrian crossing accident,Daylight,Dry,679,294201.0
4108,4108,193411,2,Samariterviertel,2019,4,16,4,3,6,4,0,0,1,1,0,0,0,0.0,Friedrichshain-Kreuzberg,Accident with minor injuries,Collision between vehicle and pedestrian,Pedestrian crossing accident,Daylight,Dry,1381,290386.0
4109,4109,193412,4,Kaiserin-Augusta-Allee,2019,4,13,7,3,5,2,0,0,1,0,0,0,0,0.0,Charlottenburg-Wilmersdorf,Accident with minor injuries,Collision with a turning/crossing vehicle,Turning accident,Daylight,Dry,1727,343592.0
4110,4110,193413,1,Gesundbrunnen,2019,4,15,4,3,6,2,0,1,0,1,0,0,0,0.0,Mitte,Accident with minor injuries,Collision between vehicle and pedestrian,Turning accident,Daylight,Dry,2215,385748.0
4111,4111,193414,8,Waßmannsdorfer Chaussee,2019,4,15,4,3,5,3,0,0,1,0,0,0,1,0.0,Neukölln,Accident with minor injuries,Collision with a turning/crossing vehicle,Turning/Crossing accident,Daylight,Dry,934,329917.0
4112,4112,193415,4,Breitscheidplatz,2019,4,2,6,2,1,5,2,1,1,0,0,0,0,0.0,Charlottenburg-Wilmersdorf,Accident with serious injuries,Collision with a moving/standing/parked vehicle,Accident involving parked vehicles,Dark,Dry,1727,343592.0
4113,4113,193416,3,Humannplatz,2019,4,14,4,2,5,3,0,1,0,0,0,0,0,0.0,Pankow,Accident with serious injuries,Collision with a turning/crossing vehicle,Turning/Crossing accident,Daylight,Dry,1219,409335.0
4114,4114,193417,9,Müggelheim,2019,4,15,7,2,2,2,0,0,1,0,1,0,0,0.0,Treptow-Köpenick,Accident with serious injuries,Collision with the vehicle in front/waiting vehicle,Turning accident,Daylight,Dry,892,273689.0
4115,4115,193418,9,Altstadt Kietz,2019,4,14,4,2,0,5,0,1,0,0,0,0,1,0.0,Treptow-Köpenick,Accident with serious injuries,Others,Accident involving parked vehicles,Daylight,Dry,892,273689.0
4116,4116,193419,12,Teichstraße,2019,4,16,4,2,5,2,0,0,1,0,0,0,0,0.0,Reinickendorf,Accident with serious injuries,Collision with a turning/crossing vehicle,Turning accident,Daylight,Dry,867,266408.0
4117,4117,193420,2,Wriezener Bahnhof/Entwicklungsgebiet,2019,4,19,6,2,0,2,1,0,0,1,1,0,0,0.0,Friedrichshain-Kreuzberg,Accident with serious injuries,Others,Turning accident,Twilight,Dry,1381,290386.0
4118,4118,193421,9,Oberschöneweide Ost,2019,4,12,4,3,5,7,0,0,1,0,0,0,1,0.0,Treptow-Köpenick,Accident with minor injuries,Collision with a turning/crossing vehicle,Others,Daylight,Dry,892,273689.0
4119,4119,193422,9,Johannisthal Ost,2019,4,14,5,3,0,1,0,1,0,0,0,0,0,0.0,Treptow-Köpenick,Accident with minor injuries,Others,Driving accident,Daylight,Dry,892,273689.0
4120,4120,193423,8,Gewerbegebiet Köllnische Heide,2019,4,12,4,3,0,7,0,1,0,0,0,0,1,1.0,Neukölln,Accident with minor injuries,Others,Others,Daylight,Wet/moist/slippery,934,329917.0
4121,4121,193424,11,Falkenberg West,2019,4,14,1,3,2,2,0,0,1,0,0,0,0,0.0,Lichtenberg,Accident with minor injuries,Collision with the vehicle in front/waiting vehicle,Turning accident,Daylight,Dry,679,294201.0
4122,4122,193425,4,Ernst-Reuter-Platz,2019,4,12,4,3,5,2,0,1,1,0,0,0,0,0.0,Charlottenburg-Wilmersdorf,Accident with minor injuries,Collision with a turning/crossing vehicle,Turning accident,Daylight,Dry,1727,343592.0
4123,4123,193426,4,Hagenplatz,2019,4,10,4,2,5,2,0,1,1,0,0,0,0,0.0,Charlottenburg-Wilmersdorf,Accident with serious injuries,Collision with a turning/crossing vehicle,Turning accident,Daylight,Dry,1727,343592.0
4124,4124,193427,8,Körnerpark,2019,4,15,7,3,5,3,0,0,0,0,0,0,1,0.0,Neukölln,Accident with minor injuries,Collision with a turning/crossing vehicle,Turning/Crossing accident,Daylight,Dry,934,329917.0
4125,4125,193428,1,Heine-Viertel West,2019,4,9,4,2,1,5,0,1,1,0,0,0,1,0.0,Mitte,Accident with serious injuries,Collision with a moving/standing/parked vehicle,Accident involving parked vehicles,Daylight,Dry,2215,385748.0
4126,4126,193429,1,Oranienburger Straße,2019,4,8,4,3,1,5,0,1,1,0,0,0,1,0.0,Mitte,Accident with minor injuries,Collision with a moving/standing/parked vehicle,Accident involving parked vehicles,Daylight,Dry,2215,385748.0
4127,4127,193430,1,Stephankiez,2019,4,1,5,3,2,6,2,1,0,0,0,0,1,0.0,Mitte,Accident with minor injuries,Collision with the vehicle in front/waiting vehicle,Collision involving vehicles going in the same way,Dark,Dry,2215,385748.0
4128,4128,193431,8,Donaustraße,2019,4,7,4,3,6,2,0,0,0,1,0,0,1,0.0,Neukölln,Accident with minor injuries,Collision between vehicle and pedestrian,Turning accident,Daylight,Dry,934,329917.0
4129,4129,193432,4,Savignyplatz,2019,4,10,5,3,5,2,0,1,1,0,0,0,0,0.0,Charlottenburg-Wilmersdorf,Accident with minor injuries,Collision with a turning/crossing vehicle,Turning accident,Daylight,Dry,1727,343592.0
4130,4130,193433,3,Helmholtzplatz,2019,4,7,4,3,1,5,0,0,1,0,1,0,0,0.0,Pankow,Accident with minor injuries,Collision with a moving/standing/parked vehicle,Accident involving parked vehicles,Daylight,Dry,1219,409335.0
4131,4131,193434,1,Sparrplatz,2019,4,7,4,3,5,3,0,1,1,0,0,0,0,0.0,Mitte,Accident with minor injuries,Collision with a turning/crossing vehicle,Turning/Crossing accident,Daylight,Dry,2215,385748.0
4132,4132,193435,8,Reuterkiez,2019,4,17,5,3,0,4,0,1,0,1,0,0,0,0.0,Neukölln,Accident with minor injuries,Others,Pedestrian crossing accident,Daylight,Dry,934,329917.0
4133,4133,193436,9,Adlershof West,2019,4,7,4,3,0,1,0,1,0,0,0,0,0,0.0,Treptow-Köpenick,Accident with minor injuries,Others,Driving accident,Daylight,Dry,892,273689.0
4134,4134,193437,12,Borsigwalde,2019,4,16,1,3,5,2,0,0,1,0,0,0,0,0.0,Reinickendorf,Accident with minor injuries,Collision with a turning/crossing vehicle,Turning accident,Daylight,Dry,867,266408.0
4135,4135,193438,3,Falkplatz,2019,4,7,4,3,6,6,0,1,0,1,0,0,0,0.0,Pankow,Accident with minor injuries,Collision between vehicle and pedestrian,Collision involving vehicles going in the same way,Daylight,Dry,1219,409335.0
4136,4136,193439,3,Wilhelmsruh,2019,4,5,4,3,2,6,2,0,1,0,0,0,0,0.0,Pankow,Accident with minor injuries,Collision with the vehicle in front/waiting vehicle,Collision involving vehicles going in the same way,Dark,Dry,1219,409335.0
4137,4137,193440,1,Lüneburger Straße,2019,4,17,6,3,6,4,0,0,1,1,0,0,0,0.0,Mitte,Accident with minor injuries,Collision between vehicle and pedestrian,Pedestrian crossing accident,Daylight,Dry,2215,385748.0
4138,4138,193441,7,Fritz-Werner-Straße,2019,4,1,4,3,5,3,2,0,1,0,0,0,0,0.0,Tempelhof-Schöneberg,Accident with minor injuries,Collision with a turning/crossing vehicle,Turning/Crossing accident,Dark,Dry,1241,350984.0
4139,4139,193442,11,Rüdigerstraße,2019,4,16,3,3,6,7,0,0,1,1,0,0,0,0.0,Lichtenberg,Accident with minor injuries,Collision between vehicle and pedestrian,Others,Daylight,Dry,679,294201.0
4140,4140,193443,5,Carl-Schurz-Straße,2019,4,11,5,3,0,7,0,0,1,0,0,0,1,0.0,Spandau,Accident with minor injuries,Others,Others,Daylight,Dry,798,245197.0
4141,4141,193444,1,Rehberge,2019,4,14,3,3,0,5,0,1,1,0,0,0,0,0.0,Mitte,Accident with minor injuries,Others,Accident involving parked vehicles,Daylight,Dry,2215,385748.0
4142,4142,193445,2,Friedenstraße,2019,4,9,5,2,3,6,0,0,1,0,1,0,0,0.0,Friedrichshain-Kreuzberg,Accident with serious injuries,Collision with a vehicle traveling laterally in the same direction,Collision involving vehicles going in the same way,Daylight,Dry,1381,290386.0
4143,4143,193446,8,Donaustraße,2019,4,16,3,3,2,6,0,0,1,0,0,0,0,0.0,Neukölln,Accident with minor injuries,Collision with the vehicle in front/waiting vehicle,Collision involving vehicles going in the same way,Daylight,Dry,934,329917.0
4144,4144,193447,1,Rehberge,2019,4,19,7,3,5,2,0,0,1,0,0,0,1,0.0,Mitte,Accident with minor injuries,Collision with a turning/crossing vehicle,Turning accident,Daylight,Dry,2215,385748.0
4145,4145,193448,8,Glasower Straße,2019,4,7,3,3,6,7,0,1,0,1,0,0,0,0.0,Neukölln,Accident with minor injuries,Collision between vehicle and pedestrian,Others,Daylight,Dry,934,329917.0
4146,4146,193449,10,Buckower Ring,2019,4,16,3,3,5,3,0,1,1,0,0,0,0,0.0,Marzahn-Hellersdorf,Accident with minor injuries,Collision with a turning/crossing vehicle,Turning/Crossing accident,Daylight,Dry,586,269967.0
4147,4147,193450,4,Prager Platz,2019,4,9,6,3,5,3,0,1,0,0,0,0,0,0.0,Charlottenburg-Wilmersdorf,Accident with minor injuries,Collision with a turning/crossing vehicle,Turning/Crossing accident,Daylight,Dry,1727,343592.0
4148,4148,193451,4,Jungfernheide,2019,4,15,7,3,7,7,0,0,0,0,1,0,0,0.0,Charlottenburg-Wilmersdorf,Accident with minor injuries,Collision with a road obstacle,Others,Daylight,Dry,1727,343592.0
4149,4149,193452,4,Rüdesheimer Platz,2019,4,16,3,3,5,3,0,0,1,0,0,0,0,0.0,Charlottenburg-Wilmersdorf,Accident with minor injuries,Collision with a turning/crossing vehicle,Turning/Crossing accident,Daylight,Dry,1727,343592.0
4150,4150,193453,12,Waidmannslust,2019,4,16,3,3,2,2,0,0,1,0,0,0,1,0.0,Reinickendorf,Accident with minor injuries,Collision with the vehicle in front/waiting vehicle,Turning accident,Daylight,Dry,867,266408.0
4151,4151,193454,4,Tegeler Weg,2019,4,14,6,3,5,2,0,0,1,0,1,0,0,0.0,Charlottenburg-Wilmersdorf,Accident with minor injuries,Collision with a turning/crossing vehicle,Turning accident,Daylight,Dry,1727,343592.0
4152,4152,193455,6,Lichterfelde West,2019,4,16,3,3,6,4,0,0,1,1,0,0,0,0.0,Steglitz-Zehlendorf,Accident with minor injuries,Collision between vehicle and pedestrian,Pedestrian crossing accident,Daylight,Dry,851,310071.0
4153,4153,193456,6,Südende,2019,4,15,5,3,2,6,0,0,1,0,0,0,0,0.0,Steglitz-Zehlendorf,Accident with minor injuries,Collision with the vehicle in front/waiting vehicle,Collision involving vehicles going in the same way,Daylight,Dry,851,310071.0
4154,4154,193457,8,Hertzbergplatz,2019,4,16,3,3,1,1,0,0,1,0,0,0,0,0.0,Neukölln,Accident with minor injuries,Collision with a moving/standing/parked vehicle,Driving accident,Daylight,Dry,934,329917.0
4155,4155,193458,1,Reinickendorfer Straße,2019,4,16,2,3,2,6,0,0,1,0,0,0,0,0.0,Mitte,Accident with minor injuries,Collision with the vehicle in front/waiting vehicle,Collision involving vehicles going in the same way,Daylight,Dry,2215,385748.0
4156,4156,193459,8,Gropiusstadt Ost,2019,4,17,5,3,5,3,0,1,1,0,0,0,0,0.0,Neukölln,Accident with minor injuries,Collision with a turning/crossing vehicle,Turning/Crossing accident,Daylight,Dry,934,329917.0
4157,4157,193460,1,Kollwitzplatz,2019,4,18,3,3,2,6,0,0,1,0,0,0,0,0.0,Mitte,Accident with minor injuries,Collision with the vehicle in front/waiting vehicle,Collision involving vehicles going in the same way,Daylight,Dry,2215,385748.0
4158,4158,193461,3,Niederschönhausen,2019,4,16,7,3,0,3,0,1,1,0,0,0,0,0.0,Pankow,Accident with minor injuries,Others,Turning/Crossing accident,Daylight,Dry,1219,409335.0
4159,4159,193462,12,Scharnweberstraße,2019,4,16,3,3,5,2,0,0,1,0,0,0,1,0.0,Reinickendorf,Accident with minor injuries,Collision with a turning/crossing vehicle,Turning accident,Daylight,Dry,867,266408.0
4160,4160,193463,6,Lichterfelde West,2019,4,18,3,3,0,6,0,1,0,0,0,0,1,0.0,Steglitz-Zehlendorf,Accident with minor injuries,Others,Collision involving vehicles going in the same way,Daylight,Dry,851,310071.0
4161,4161,193464,8,Rixdorf,2019,4,7,6,3,4,5,0,1,1,0,0,0,0,0.0,Neukölln,Accident with minor injuries,Collision with oncoming vehicle,Accident involving parked vehicles,Daylight,Dry,934,329917.0
4162,4162,193465,2,Mehringplatz,2019,4,18,3,3,5,2,0,0,1,0,1,0,0,0.0,Friedrichshain-Kreuzberg,Accident with minor injuries,Collision with a turning/crossing vehicle,Turning accident,Daylight,Dry,1381,290386.0
4163,4163,193466,1,Karl-Marx-Allee,2019,4,15,5,2,3,6,0,1,0,0,0,0,0,0.0,Mitte,Accident with serious injuries,Collision with a vehicle traveling laterally in the same direction,Collision involving vehicles going in the same way,Daylight,Dry,2215,385748.0
4164,4164,193467,2,Viktoriapark,2019,4,18,3,3,5,2,0,1,1,0,0,0,0,0.0,Friedrichshain-Kreuzberg,Accident with minor injuries,Collision with a turning/crossing vehicle,Turning accident,Daylight,Dry,1381,290386.0
4165,4165,193468,5,Magistratsweg,2019,4,11,1,3,1,5,0,1,1,0,0,0,0,0.0,Spandau,Accident with minor injuries,Collision with a moving/standing/parked vehicle,Accident involving parked vehicles,Daylight,Dry,798,245197.0
4166,4166,193469,4,Schloßgarten,2019,4,17,3,2,6,7,0,0,1,1,0,0,0,0.0,Charlottenburg-Wilmersdorf,Accident with serious injuries,Collision between vehicle and pedestrian,Others,Daylight,Dry,1727,343592.0
4167,4167,193470,1,Wilhelmstraße,2019,4,16,5,3,2,2,0,1,1,0,0,0,0,0.0,Mitte,Accident with minor injuries,Collision with the vehicle in front/waiting vehicle,Turning accident,Daylight,Dry,2215,385748.0
4168,4168,193471,11,Herzbergstraße,2019,4,11,3,2,2,6,0,0,1,0,1,0,0,0.0,Lichtenberg,Accident with serious injuries,Collision with the vehicle in front/waiting vehicle,Collision involving vehicles going in the same way,Daylight,Dry,679,294201.0
4169,4169,193472,4,Karl-August-Platz,2019,4,15,1,3,1,5,0,1,1,0,0,0,0,0.0,Charlottenburg-Wilmersdorf,Accident with minor injuries,Collision with a moving/standing/parked vehicle,Accident involving parked vehicles,Daylight,Dry,1727,343592.0
4170,4170,193473,1,Alexanderplatzviertel,2019,4,17,3,2,5,2,0,0,1,0,1,0,0,0.0,Mitte,Accident with serious injuries,Collision with a turning/crossing vehicle,Turning accident,Daylight,Dry,2215,385748.0
4171,4171,193474,10,Alt-Marzahn,2019,4,8,3,3,3,6,0,0,1,0,0,1,0,0.0,Marzahn-Hellersdorf,Accident with minor injuries,Collision with a vehicle traveling laterally in the same direction,Collision involving vehicles going in the same way,Daylight,Dry,586,269967.0
4172,4172,193475,10,Marzahner Chaussee,2019,4,9,7,3,2,2,0,0,1,0,1,0,0,0.0,Marzahn-Hellersdorf,Accident with minor injuries,Collision with the vehicle in front/waiting vehicle,Turning accident,Daylight,Dry,586,269967.0
4173,4173,193476,8,Buschkrugallee Nord,2019,4,23,3,2,5,2,2,0,0,0,1,0,1,0.0,Neukölln,Accident with serious injuries,Collision with a turning/crossing vehicle,Turning accident,Dark,Dry,934,329917.0
4174,4174,193477,1,Oranienburger Straße,2019,4,22,3,3,1,5,2,0,1,0,0,0,0,0.0,Mitte,Accident with minor injuries,Collision with a moving/standing/parked vehicle,Accident involving parked vehicles,Dark,Dry,2215,385748.0
4175,4175,193478,8,Buckow Mitte,2019,4,20,6,2,5,3,2,1,1,0,0,0,0,0.0,Neukölln,Accident with serious injuries,Collision with a turning/crossing vehicle,Turning/Crossing accident,Dark,Dry,934,329917.0
4176,4176,193479,7,Wittenbergplatz/Viktoria-Luise-Platz,2019,4,21,3,3,6,4,2,0,1,1,0,0,0,0.0,Tempelhof-Schöneberg,Accident with minor injuries,Collision between vehicle and pedestrian,Pedestrian crossing accident,Dark,Dry,1241,350984.0
4177,4177,193480,7,Friedenau,2019,4,18,5,3,6,4,0,1,0,1,0,0,0,0.0,Tempelhof-Schöneberg,Accident with minor injuries,Collision between vehicle and pedestrian,Pedestrian crossing accident,Daylight,Dry,1241,350984.0
4178,4178,193481,7,Nahariyastraße,2019,4,21,3,3,5,2,2,0,1,0,0,0,1,0.0,Tempelhof-Schöneberg,Accident with minor injuries,Collision with a turning/crossing vehicle,Turning accident,Dark,Dry,1241,350984.0
4179,4179,193482,1,Huttenkiez,2019,4,22,1,3,5,3,2,0,1,0,0,0,0,0.0,Mitte,Accident with minor injuries,Collision with a turning/crossing vehicle,Turning/Crossing accident,Dark,Dry,2215,385748.0
4180,4180,193483,2,Wassertorplatz,2019,4,13,3,3,5,2,0,0,0,0,0,0,1,0.0,Friedrichshain-Kreuzberg,Accident with minor injuries,Collision with a turning/crossing vehicle,Turning accident,Daylight,Dry,1381,290386.0
4181,4181,193484,1,Gesundbrunnen,2019,4,12,3,3,2,6,0,0,1,0,0,0,0,0.0,Mitte,Accident with minor injuries,Collision with the vehicle in front/waiting vehicle,Collision involving vehicles going in the same way,Daylight,Dry,2215,385748.0
4182,4182,193485,12,Scharnweberstraße,2019,4,13,6,3,2,6,0,0,1,0,0,0,0,0.0,Reinickendorf,Accident with minor injuries,Collision with the vehicle in front/waiting vehicle,Collision involving vehicles going in the same way,Daylight,Dry,867,266408.0
4183,4183,193486,3,Humannplatz,2019,4,12,3,3,2,6,0,0,1,0,0,0,0,0.0,Pankow,Accident with minor injuries,Collision with the vehicle in front/waiting vehicle,Collision involving vehicles going in the same way,Daylight,Dry,1219,409335.0
4184,4184,193487,2,Reichenberger Straße,2019,4,12,3,3,0,2,0,0,0,0,0,0,1,0.0,Friedrichshain-Kreuzberg,Accident with minor injuries,Others,Turning accident,Daylight,Dry,1381,290386.0
4185,4185,193488,9,Köpenick Nord,2019,4,14,3,3,4,6,0,0,1,0,0,0,0,0.0,Treptow-Köpenick,Accident with minor injuries,Collision with oncoming vehicle,Collision involving vehicles going in the same way,Daylight,Dry,892,273689.0
4186,4186,193489,8,Gropiusstadt Ost,2019,4,13,7,3,2,6,0,0,1,0,0,0,0,0.0,Neukölln,Accident with minor injuries,Collision with the vehicle in front/waiting vehicle,Collision involving vehicles going in the same way,Daylight,Dry,934,329917.0
4187,4187,193490,1,Westliche Müllerstraße,2019,4,11,3,3,2,6,0,0,1,0,0,0,0,0.0,Mitte,Accident with minor injuries,Collision with the vehicle in front/waiting vehicle,Collision involving vehicles going in the same way,Daylight,Dry,2215,385748.0
4188,4188,193491,9,Johannisthal West,2019,4,15,3,3,2,6,0,0,1,0,0,1,0,0.0,Treptow-Köpenick,Accident with minor injuries,Collision with the vehicle in front/waiting vehicle,Collision involving vehicles going in the same way,Daylight,Dry,892,273689.0
4189,4189,193492,1,Charitéviertel,2019,4,17,6,3,2,6,1,0,1,0,0,0,0,0.0,Mitte,Accident with minor injuries,Collision with the vehicle in front/waiting vehicle,Collision involving vehicles going in the same way,Twilight,Dry,2215,385748.0
4190,4190,193493,5,Borkumer Straße,2019,4,11,3,3,1,1,0,0,1,0,1,0,0,0.0,Spandau,Accident with minor injuries,Collision with a moving/standing/parked vehicle,Driving accident,Daylight,Dry,798,245197.0