,Unnamed: 0,object id,district,street,year,month,hour of day,weekday,category,accident type,accident type 2,light situation,bike involved,car involved,pedestrian involved,motor bike involved,big track involved,other vehicle involved,road condition,district name,category name,accident detail,accident type detail,light condition,road condition detail,accident count by district,est. population
4550,4550,193853,3,Heinersdorf,2019,4,17,5,3,5,2,0,0,1,0,1,0,0,0.0,Pankow,Accident with minor injuries,Collision with a turning/crossing vehicle,Turning accident,Daylight,Dry,1219,409335.0
4551,4551,193854,1,Gesundbrunnen,2019,4,17,5,3,2,6,0,0,1,0,0,0,0,0.0,Mitte,Accident with minor injuries,Collision with the vehicle in front/waiting vehicle,Collision involving vehicles going in the same way,Daylight,Dry,2215,385748.0
4552,4552,193855,1,Lützowstraße,2019,4,16,5,3,0,6,0,0,1,0,0,0,1,0.0,Mitte,Accident with minor injuries,Others,Collision involving vehicles going in the same way,Daylight,Dry,2215,385748.0
4553,4553,193856,9,Elsenstraße,2019,4,16,5,3,5,2,0,1,1,0,0,0,0,0.0,Treptow-Köpenick,Accident with minor injuries,Collision with a turning/crossing vehicle,Turning accident,Daylight,Dry,892,273689.0
4554,4554,193857,1,Wilhelmstraße,2019,4,15,5,3,5,3,0,1,1,0,0,0,0,0.0,Mitte,Accident with minor injuries,Collision with a turning/crossing vehicle,Turning/Crossing accident,Daylight,Dry,2215,385748.0
4555,4555,193858,4,Schaperstraße,2019,4,15,5,3,2,2,0,0,1,0,0,0,1,0.0,Charlottenburg-Wilmersdorf,Accident with minor injuries,Collision with the vehicle in front/waiting vehicle,Turning accident,Daylight,Dry,1727,343592.0
4556,4556,193859,5,Eiswerder,2019,4,15,5,3,2,6,0,0,1,0,0,0,0,0.0,Spandau,Accident with minor injuries,Collision with the vehicle in front/waiting vehicle,Collision involving vehicles going in the same way,Daylight,Dry,798,245197.0
4557,4557,193860,4,Rathaus Wilmersdorf,2019,4,15,5,3,5,7,0,0,1,0,0,0,0,0.0,Charlottenburg-Wilmersdorf,Accident with minor injuries,Collision with a turning/crossing vehicle,Others,Daylight,Dry,1727,343592.0
4558,4558,193861,5,Maulbeerallee,2019,4,14,5,3,5,3,0,0,1,0,0,0,0,0.0,Spandau,Accident with minor injuries,Collision with a turning/crossing vehicle,Turning/Crossing accident,Daylight,Dry,798,245197.0
4559,4559,193862,7,Rathaus Tempelhof,2019,4,14,5,3,5,2,0,0,1,0,0,0,0,0.0,Tempelhof-Schöneberg,Accident with minor injuries,Collision with a turning/crossing vehicle,Turning accident,Daylight,Dry,1241,350984.0
4560,4560,193863,10,Oberfeldstraße,2019,4,17,4,3,2,3,0,1,1,0,0,0,0,0.0,Marzahn-Hellersdorf,Accident with minor injuries,Collision with the vehicle in front/waiting vehicle,Turning/Crossing accident,Daylight,Dry,586,269967.0
4561,4561,193864,6,Dahlem,2019,4,17,4,3,1,1,0,1,1,0,0,0,0,0.0,Steglitz-Zehlendorf,Accident with minor injuries,Collision with a moving/standing/parked vehicle,Driving accident,Daylight,Dry,851,310071.0
4562,4562,193865,1,Reinickendorfer Straße,2019,4,9,4,3,3,6,0,0,1,0,0,1,0,0.0,Mitte,Accident with minor injuries,Collision with a vehicle traveling laterally in the same direction,Collision involving vehicles going in the same way,Daylight,Dry,2215,385748.0
4563,4563,193866,1,Oranienburger Straße,2019,4,12,4,3,6,7,0,0,1,1,0,0,0,0.0,Mitte,Accident with minor injuries,Collision between vehicle and pedestrian,Others,Daylight,Dry,2215,385748.0
4564,4564,193867,1,Gesundbrunnen,2019,4,19,4,3,0,1,0,0,1,0,1,0,0,0.0,Mitte,Accident with minor injuries,Others,Driving accident,Daylight,Dry,2215,385748.0
4565,4565,193868,1,Invalidenstraße,2019,4,23,4,3,1,5,2,1,1,0,0,0,0,0.0,Mitte,Accident with minor injuries,Collision with a moving/standing/parked vehicle,Accident involving parked vehicles,Dark,Dry,2215,385748.0
4566,4566,193869,6,Königsberger Straße,2019,4,23,4,3,8,1,2,0,1,0,0,0,0,0.0,Steglitz-Zehlendorf,Accident with minor injuries,Departure from the roadway to the right,Driving accident,Dark,Dry,851,310071.0
4567,4567,193870,3,Wilhelmsruh,2019,4,22,4,3,5,3,2,0,1,0,0,0,0,0.0,Pankow,Accident with minor injuries,Collision with a turning/crossing vehicle,Turning/Crossing accident,Dark,Dry,1219,409335.0
4568,4568,193871,6,Wannsee,2019,4,22,4,3,0,1,2,1,0,0,0,0,0,0.0,Steglitz-Zehlendorf,Accident with minor injuries,Others,Driving accident,Dark,Dry,851,310071.0
4569,4569,193872,5,Isenburger Weg,2019,4,22,4,2,5,3,2,0,1,0,0,0,1,0.0,Spandau,Accident with serious injuries,Collision with a turning/crossing vehicle,Turning/Crossing accident,Dark,Dry,798,245197.0
4570,4570,193873,12,Treuenbrietzener Straße,2019,4,20,4,3,6,7,1,0,1,1,0,0,0,0.0,Reinickendorf,Accident with minor injuries,Collision between vehicle and pedestrian,Others,Twilight,Dry,867,266408.0
4571,4571,193874,4,Messegelände,2019,4,20,4,3,3,2,2,0,0,0,1,1,0,0.0,Charlottenburg-Wilmersdorf,Accident with minor injuries,Collision with a vehicle traveling laterally in the same direction,Turning accident,Dark,Dry,1727,343592.0
4572,4572,193875,5,Kurstraße,2019,4,18,4,3,2,6,0,0,1,0,0,0,0,0.0,Spandau,Accident with minor injuries,Collision with the vehicle in front/waiting vehicle,Collision involving vehicles going in the same way,Daylight,Dry,798,245197.0
4573,4573,193876,1,Westliche Müllerstraße,2019,4,11,4,3,1,7,0,1,1,0,0,0,0,0.0,Mitte,Accident with minor injuries,Collision with a moving/standing/parked vehicle,Others,Daylight,Dry,2215,385748.0
4574,4574,193877,9,Köllnische Vorstadt,2019,4,10,4,3,5,3,0,1,1,0,0,0,0,0.0,Treptow-Köpenick,Accident with minor injuries,Collision with a turning/crossing vehicle,Turning/Crossing accident,Daylight,Dry,892,273689.0
4575,4575,193878,7,Kettinger Straße/Schillerstraße,2019,4,10,4,3,5,2,0,0,1,0,0,0,0,0.0,Tempelhof-Schöneberg,Accident with minor injuries,Collision with a turning/crossing vehicle,Turning accident,Daylight,Dry,1241,350984.0
4576,4576,193879,3,Winsstraße,2019,4,10,4,3,3,6,0,1,1,0,0,0,0,0.0,Pankow,Accident with minor injuries,Collision with a vehicle traveling laterally in the same direction,Collision involving vehicles going in the same way,Daylight,Dry,1219,409335.0
4577,4577,193880,4,Breitscheidplatz,2019,4,17,4,3,6,7,0,1,0,0,0,0,1,0.0,Charlottenburg-Wilmersdorf,Accident with minor injuries,Collision between vehicle and pedestrian,Others,Daylight,Dry,1727,343592.0
4578,4578,193881,5,Motardstraße,2019,4,9,4,3,2,6,0,0,1,0,0,0,1,0.0,Spandau,Accident with minor injuries,Collision with the vehicle in front/waiting vehicle,Collision involving vehicles going in the same way,Daylight,Dry,798,245197.0
4579,4579,193882,9,Baumschulenstraße,2019,4,9,4,3,5,3,0,1,1,0,0,0,0,0.0,Treptow-Köpenick,Accident with minor injuries,Collision with a turning/crossing vehicle,Turning/Crossing accident,Daylight,Dry,892,273689.0
4580,4580,193883,2,Oranienplatz,2019,4,9,4,3,6,4,0,1,0,1,0,0,0,0.0,Friedrichshain-Kreuzberg,Accident with minor injuries,Collision between vehicle and pedestrian,Pedestrian crossing accident,Daylight,Dry,1381,290386.0
4581,4581,193884,2,Traveplatz,2019,4,9,4,3,3,6,0,1,0,0,1,0,0,0.0,Friedrichshain-Kreuzberg,Accident with minor injuries,Collision with a vehicle traveling laterally in the same direction,Collision involving vehicles going in the same way,Daylight,Dry,1381,290386.0
4582,4582,193885,5,Borkumer Straße,2019,4,8,4,3,2,6,0,0,1,0,0,0,0,0.0,Spandau,Accident with minor injuries,Collision with the vehicle in front/waiting vehicle,Collision involving vehicles going in the same way,Daylight,Dry,798,245197.0
4583,4583,193886,3,Weißer See,2019,4,8,4,3,5,3,0,0,1,0,0,0,1,0.0,Pankow,Accident with minor injuries,Collision with a turning/crossing vehicle,Turning/Crossing accident,Daylight,Dry,1219,409335.0
4584,4584,193887,5,Hakenfelde Nord,2019,4,16,4,3,6,7,0,0,1,1,0,0,0,0.0,Spandau,Accident with minor injuries,Collision between vehicle and pedestrian,Others,Daylight,Dry,798,245197.0
4585,4585,193888,3,Niederschönhausen,2019,4,7,4,3,0,3,0,0,1,0,1,0,0,0.0,Pankow,Accident with minor injuries,Others,Turning/Crossing accident,Daylight,Dry,1219,409335.0
4586,4586,193889,1,Reinickendorfer Straße,2019,4,12,4,3,5,3,0,1,1,0,0,0,0,0.0,Mitte,Accident with minor injuries,Collision with a turning/crossing vehicle,Turning/Crossing accident,Daylight,Dry,2215,385748.0
4587,4587,193890,11,Rüdigerstraße,2019,4,9,4,2,5,3,0,0,1,0,1,0,0,0.0,Lichtenberg,Accident with serious injuries,Collision with a turning/crossing vehicle,Turning/Crossing accident,Daylight,Dry,679,294201.0
4588,4588,193891,3,Wilhelmsruh,2019,4,13,4,3,8,1,0,0,1,0,0,0,0,0.0,Pankow,Accident with minor injuries,Departure from the roadway to the right,Driving accident,Daylight,Dry,1219,409335.0
4589,4589,193892,1,Westliche Müllerstraße,2019,4,13,4,3,6,4,0,1,0,1,0,0,0,0.0,Mitte,Accident with minor injuries,Collision between vehicle and pedestrian,Pedestrian crossing accident,Daylight,Dry,2215,385748.0
4590,4590,193893,11,Dorf Wartenberg,2019,4,14,4,3,2,2,0,1,1,0,0,0,0,0.0,Lichtenberg,Accident with minor injuries,Collision with the vehicle in front/waiting vehicle,Turning accident,Daylight,Dry,679,294201.0
4591,4591,193894,10,Mahlsdorf Süd,2019,4,14,4,3,5,3,0,0,1,0,0,1,0,0.0,Marzahn-Hellersdorf,Accident with minor injuries,Collision with a turning/crossing vehicle,Turning/Crossing accident,Daylight,Dry,586,269967.0
4592,4592,193895,9,Müggelheim,2019,4,15,4,3,4,6,0,0,1,0,0,1,0,0.0,Treptow-Köpenick,Accident with minor injuries,Collision with oncoming vehicle,Collision involving vehicles going in the same way,Daylight,Dry,892,273689.0
4593,4593,193896,7,Neu-Tempelhof,2019,4,15,4,3,2,6,0,0,1,0,0,0,0,0.0,Tempelhof-Schöneberg,Accident with minor injuries,Collision with the vehicle in front/waiting vehicle,Collision involving vehicles going in the same way,Daylight,Dry,1241,350984.0
4594,4594,193897,4,Eisenzahnstraße,2019,4,15,4,3,5,3,0,0,1,0,1,0,0,0.0,Charlottenburg-Wilmersdorf,Accident with minor injuries,Collision with a turning/crossing vehicle,Turning/Crossing accident,Daylight,Dry,1727,343592.0
4595,4595,193898,1,Oranienburger Straße,2019,4,15,4,3,5,2,0,1,1,0,0,0,0,0.0,Mitte,Accident with minor injuries,Collision with a turning/crossing vehicle,Turning accident,Daylight,Dry,2215,385748.0
4596,4596,193899,5,Gartenfelder Straße,2019,4,15,4,3,1,5,0,0,1,0,1,0,0,0.0,Spandau,Accident with minor injuries,Collision with a moving/standing/parked vehicle,Accident involving parked vehicles,Daylight,Dry,798,245197.0
4597,4597,193900,5,Gütersloher Weg,2019,4,16,4,2,2,1,0,0,1,0,1,0,0,0.0,Spandau,Accident with serious injuries,Collision with the vehicle in front/waiting vehicle,Driving accident,Daylight,Dry,798,245197.0
4598,4598,193901,2,Stralauer Kiez,2019,4,16,4,3,0,5,0,1,1,0,0,0,0,0.0,Friedrichshain-Kreuzberg,Accident with minor injuries,Others,Accident involving parked vehicles,Daylight,Dry,1381,290386.0
4599,4599,193902,3,Teutoburger Platz,2019,4,16,4,3,6,4,0,1,0,1,0,0,0,0.0,Pankow,Accident with minor injuries,Collision between vehicle and pedestrian,Pedestrian crossing accident,Daylight,Dry,1219,409335.0
4600,4600,193903,9,Dammvorstadt,2019,4,16,4,3,2,6,0,0,0,0,1,0,1,0.0,Treptow-Köpenick,Accident with minor injuries,Collision with the vehicle in front/waiting vehicle,Collision involving vehicles going in the same way,Daylight,Dry,892,273689.0
4601,4601,193904,8,Tempelhofer Weg,2019,4,16,4,2,2,1,0,0,1,0,0,0,0,0.0,Neukölln,Accident with serious injuries,Collision with the vehicle in front/waiting vehicle,Driving accident,Daylight,Dry,934,329917.0
4602,4602,193905,3,Behaimstraße,2019,4,16,4,3,0,1,0,1,0,0,0,0,0,0.0,Pankow,Accident with minor injuries,Others,Driving accident,Daylight,Dry,1219,409335.0
4603,4603,193906,5,Graetschelsteig,2019,4,11,4,2,0,7,0,0,1,0,0,0,0,0.0,Spandau,Accident with serious injuries,Others,Others,Daylight,Dry,798,245197.0
4604,4604,193907,2,Moritzplatz,2019,4,16,3,3,0,5,0,0,1,0,1,0,0,0.0,Friedrichshain-Kreuzberg,Accident with minor injuries,Others,Accident involving parked vehicles,Daylight,Dry,1381,290386.0
4605,4605,193908,2,Hausburgviertel,2019,4,15,3,3,5,2,0,1,1,0,0,0,0,0.0,Friedrichshain-Kreuzberg,Accident with minor injuries,Collision with a turning/crossing vehicle,Turning accident,Daylight,Dry,1381,290386.0
4606,4606,193909,2,Traveplatz,2019,4,18,3,3,5,3,0,0,1,0,0,0,0,0.0,Friedrichshain-Kreuzberg,Accident with minor injuries,Collision with a turning/crossing vehicle,Turning/Crossing accident,Daylight,Dry,1381,290386.0
4607,4607,193910,9,Altstadt Kietz,2019,4,11,3,3,5,3,0,1,0,0,0,0,1,0.0,Treptow-Köpenick,Accident with minor injuries,Collision with a turning/crossing vehicle,Turning/Crossing accident,Daylight,Dry,892,273689.0
4608,4608,193911,2,Viktoriapark,2019,4,9,3,3,5,2,0,1,1,0,0,0,0,0.0,Friedrichshain-Kreuzberg,Accident with minor injuries,Collision with a turning/crossing vehicle,Turning accident,Daylight,Dry,1381,290386.0
4609,4609,193912,2,Graefekiez,2019,4,10,3,3,2,6,0,1,1,0,0,0,0,0.0,Friedrichshain-Kreuzberg,Accident with minor injuries,Collision with the vehicle in front/waiting vehicle,Collision involving vehicles going in the same way,Daylight,Dry,1381,290386.0
4610,4610,193913,1,Charitéviertel,2019,4,9,3,3,5,2,0,1,1,0,0,0,0,0.0,Mitte,Accident with minor injuries,Collision with a turning/crossing vehicle,Turning accident,Daylight,Dry,2215,385748.0
4611,4611,193914,1,Gesundbrunnen,2019,4,8,3,3,6,6,0,1,0,1,0,0,0,0.0,Mitte,Accident with minor injuries,Collision between vehicle and pedestrian,Collision involving vehicles going in the same way,Daylight,Dry,2215,385748.0
4612,4612,193915,1,Unter den Linden Nord,2019,4,17,3,3,0,7,0,0,0,0,1,0,0,0.0,Mitte,Accident with minor injuries,Others,Others,Daylight,Dry,2215,385748.0
4613,4613,193916,12,Scharnweberstraße,2019,4,20,3,3,2,6,2,0,1,0,0,0,0,0.0,Reinickendorf,Accident with minor injuries,Collision with the vehicle in front/waiting vehicle,Collision involving vehicles going in the same way,Dark,Dry,867,266408.0
4614,4614,193917,11,Weitlingstraße,2019,4,19,3,3,5,2,1,1,1,0,0,0,0,0.0,Lichtenberg,Accident with minor injuries,Collision with a turning/crossing vehicle,Turning accident,Twilight,Dry,679,294201.0
4615,4615,193918,2,Graefekiez,2019,4,10,3,3,6,4,0,1,0,1,0,0,0,0.0,Friedrichshain-Kreuzberg,Accident with minor injuries,Collision between vehicle and pedestrian,Pedestrian crossing accident,Daylight,Dry,1381,290386.0
4616,4616,193919,12,Reinickes Hof,2019,4,18,3,3,3,6,0,0,1,0,0,0,0,0.0,Reinickendorf,Accident with minor injuries,Collision with a vehicle traveling laterally in the same direction,Collision involving vehicles going in the same way,Daylight,Dry,867,266408.0
4617,4617,193920,5,Kurstraße,2019,4,7,3,3,2,6,0,0,1,0,0,0,0,0.0,Spandau,Accident with minor injuries,Collision with the vehicle in front/waiting vehicle,Collision involving vehicles going in the same way,Daylight,Dry,798,245197.0
4618,4618,193921,10,Helle Mitte,2019,4,18,3,3,4,5,0,0,1,0,1,0,0,0.0,Marzahn-Hellersdorf,Accident with minor injuries,Collision with oncoming vehicle,Accident involving parked vehicles,Daylight,Dry,586,269967.0
4619,4619,193922,8,Schillerpromenade,2019,4,18,3,3,5,3,0,1,1,0,0,0,0,0.0,Neukölln,Accident with minor injuries,Collision with a turning/crossing vehicle,Turning/Crossing accident,Daylight,Dry,934,329917.0
4620,4620,193923,2,Richard-Sorge-Viertel,2019,4,6,3,3,5,3,0,0,0,0,1,0,1,0.0,Friedrichshain-Kreuzberg,Accident with minor injuries,Collision with a turning/crossing vehicle,Turning/Crossing accident,Daylight,Dry,1381,290386.0
4621,4621,193924,7,Friedenau,2019,4,18,3,3,2,6,0,0,1,0,0,0,0,0.0,Tempelhof-Schöneberg,Accident with minor injuries,Collision with the vehicle in front/waiting vehicle,Collision involving vehicles going in the same way,Daylight,Dry,1241,350984.0
4622,4622,193925,7,Wittenbergplatz/Viktoria-Luise-Platz,2019,4,9,3,3,5,2,0,1,1,0,0,0,0,0.0,Tempelhof-Schöneberg,Accident with minor injuries,Collision with a turning/crossing vehicle,Turning accident,Daylight,Dry,1241,350984.0
4623,4623,193926,2,Askanischer Platz,2019,4,8,3,3,2,6,0,0,1,0,0,0,0,0.0,Friedrichshain-Kreuzberg,Accident with minor injuries,Collision with the vehicle in front/waiting vehicle,Collision involving vehicles going in the same way,Daylight,Dry,1381,290386.0
4624,4624,193927,3,Volkspark Prenzlauer Berg,2019,4,3,3,2,5,2,2,0,1,0,1,0,0,0.0,Pankow,Accident with serious injuries,Collision with a turning/crossing vehicle,Turning accident,Dark,Dry,1219,409335.0
4625,4625,193928,12,Dannenwalder Weg,2019,4,9,3,3,0,2,0,0,1,0,0,0,1,0.0,Reinickendorf,Accident with minor injuries,Others,Turning accident,Daylight,Dry,867,266408.0
4626,4626,193929,2,Reichenberger Straße,2019,4,22,3,3,0,6,2,0,1,0,1,0,0,0.0,Friedrichshain-Kreuzberg,Accident with minor injuries,Others,Collision involving vehicles going in the same way,Dark,Dry,1381,290386.0
4627,4627,193930,8,Schillerpromenade,2019,4,21,3,3,5,2,2,1,1,0,0,0,0,0.0,Neukölln,Accident with minor injuries,Collision with a turning/crossing vehicle,Turning accident,Dark,Dry,934,329917.0
4628,4628,193931,7,Friedenau,2019,4,17,3,3,1,5,0,1,1,0,0,0,0,0.0,Tempelhof-Schöneberg,Accident with minor injuries,Collision with a moving/standing/parked vehicle,Accident involving parked vehicles,Daylight,Dry,1241,350984.0
4629,4629,193932,9,Johannisthal West,2019,4,16,3,3,3,6,0,0,1,0,1,0,0,0.0,Treptow-Köpenick,Accident with minor injuries,Collision with a vehicle traveling laterally in the same direction,Collision involving vehicles going in the same way,Daylight,Dry,892,273689.0
4630,4630,193933,4,Schaperstraße,2019,4,16,3,3,1,5,0,1,1,0,0,0,0,0.0,Charlottenburg-Wilmersdorf,Accident with minor injuries,Collision with a moving/standing/parked vehicle,Accident involving parked vehicles,Daylight,Dry,1727,343592.0
4631,4631,193934,7,Hundsteinweg,2019,4,15,3,2,4,6,0,0,1,0,0,0,0,0.0,Tempelhof-Schöneberg,Accident with serious injuries,Collision with oncoming vehicle,Collision involving vehicles going in the same way,Daylight,Dry,1241,350984.0
4632,4632,193935,6,Südende,2019,4,14,3,3,3,6,0,0,1,0,0,1,0,0.0,Steglitz-Zehlendorf,Accident with minor injuries,Collision with a vehicle traveling laterally in the same direction,Collision involving vehicles going in the same way,Daylight,Dry,851,310071.0
4633,4633,193936,9,Köllnische Vorstadt,2019,4,11,3,3,6,2,0,0,1,1,0,0,0,0.0,Treptow-Köpenick,Accident with minor injuries,Collision between vehicle and pedestrian,Turning accident,Daylight,Dry,892,273689.0
4634,4634,193937,5,Adamstraße,2019,4,11,3,3,2,6,0,0,1,0,0,0,0,0.0,Spandau,Accident with minor injuries,Collision with the vehicle in front/waiting vehicle,Collision involving vehicles going in the same way,Daylight,Dry,798,245197.0
4635,4635,193938,2,Reichenberger Straße,2019,4,23,3,3,0,1,2,0,0,0,1,0,0,0.0,Friedrichshain-Kreuzberg,Accident with minor injuries,Others,Driving accident,Dark,Dry,1381,290386.0
4636,4636,193939,8,Reuterkiez,2019,4,14,2,3,1,5,0,1,0,0,0,0,1,0.0,Neukölln,Accident with minor injuries,Collision with a moving/standing/parked vehicle,Accident involving parked vehicles,Daylight,Dry,934,329917.0
4637,4637,193940,1,Lüneburger Straße,2019,4,13,4,2,6,4,0,0,1,1,0,0,0,0.0,Mitte,Accident with serious injuries,Collision between vehicle and pedestrian,Pedestrian crossing accident,Daylight,Dry,2215,385748.0
4638,4638,193941,4,Ernst-Reuter-Platz,2019,4,8,4,3,2,6,0,0,1,0,0,0,0,0.0,Charlottenburg-Wilmersdorf,Accident with minor injuries,Collision with the vehicle in front/waiting vehicle,Collision involving vehicles going in the same way,Daylight,Dry,1727,343592.0
4639,4639,193942,11,Fennpfuhl West,2019,4,15,2,3,6,7,0,0,0,1,0,0,1,0.0,Lichtenberg,Accident with minor injuries,Collision between vehicle and pedestrian,Others,Daylight,Dry,679,294201.0
4640,4640,193943,1,Heine-Viertel Ost,2019,4,6,2,3,5,3,0,1,1,0,0,0,0,0.0,Mitte,Accident with minor injuries,Collision with a turning/crossing vehicle,Turning/Crossing accident,Daylight,Dry,2215,385748.0
4641,4641,193944,10,Biesdorf Süd,2019,4,5,2,3,5,3,1,1,1,0,0,0,0,0.0,Marzahn-Hellersdorf,Accident with minor injuries,Collision with a turning/crossing vehicle,Turning/Crossing accident,Twilight,Dry,586,269967.0
4642,4642,193945,2,Chamissokiez,2019,4,17,2,3,1,5,0,1,0,0,0,0,1,0.0,Friedrichshain-Kreuzberg,Accident with minor injuries,Collision with a moving/standing/parked vehicle,Accident involving parked vehicles,Daylight,Dry,1381,290386.0
4643,4643,193946,4,Schaperstraße,2019,4,18,2,3,5,2,0,0,1,0,1,0,0,0.0,Charlottenburg-Wilmersdorf,Accident with minor injuries,Collision with a turning/crossing vehicle,Turning accident,Daylight,Dry,1727,343592.0
4644,4644,193947,2,Urbanstraße,2019,4,19,2,3,2,6,0,1,1,0,0,0,0,0.0,Friedrichshain-Kreuzberg,Accident with minor injuries,Collision with the vehicle in front/waiting vehicle,Collision involving vehicles going in the same way,Daylight,Dry,1381,290386.0
4645,4645,193948,9,Baumschulenstraße,2019,4,19,2,3,6,2,0,0,1,1,0,0,0,0.0,Treptow-Köpenick,Accident with minor injuries,Collision between vehicle and pedestrian,Turning accident,Daylight,Dry,892,273689.0
4646,4646,193949,3,Schönholz,2019,4,18,2,3,5,3,0,1,1,0,0,0,0,0.0,Pankow,Accident with minor injuries,Collision with a turning/crossing vehicle,Turning/Crossing accident,Daylight,Dry,1219,409335.0
4647,4647,193950,8,Buckow Ost,2019,4,18,2,2,6,4,0,0,1,1,0,0,0,0.0,Neukölln,Accident with serious injuries,Collision between vehicle and pedestrian,Pedestrian crossing accident,Daylight,Dry,934,329917.0
4648,4648,193951,8,Buschkrugallee Nord,2019,4,16,2,3,5,2,0,1,1,0,0,0,0,0.0,Neukölln,Accident with minor injuries,Collision with a turning/crossing vehicle,Turning accident,Daylight,Dry,934,329917.0
4649,4649,193952,8,Körnerpark,2019,4,16,2,3,0,5,0,0,1,0,1,0,0,0.0,Neukölln,Accident with minor injuries,Others,Accident involving parked vehicles,Daylight,Dry,934,329917.0
4650,4650,193953,2,Lausitzer Platz,2019,4,9,4,3,3,6,0,1,0,0,0,1,0,0.0,Friedrichshain-Kreuzberg,Accident with minor injuries,Collision with a vehicle traveling laterally in the same direction,Collision involving vehicles going in the same way,Daylight,Dry,1381,290386.0
4651,4651,193954,8,Handwerker-Siedlung,2019,4,14,2,3,5,3,0,1,1,0,0,0,0,0.0,Neukölln,Accident with minor injuries,Collision with a turning/crossing vehicle,Turning/Crossing accident,Daylight,Dry,934,329917.0
4652,4652,193955,7,Friedenau,2019,4,16,2,3,5,3,0,0,1,0,0,0,0,0.0,Tempelhof-Schöneberg,Accident with minor injuries,Collision with a turning/crossing vehicle,Turning/Crossing accident,Daylight,Dry,1241,350984.0
4653,4653,193956,5,Eiswerder,2019,4,15,2,3,2,6,0,0,1,0,0,0,0,0.0,Spandau,Accident with minor injuries,Collision with the vehicle in front/waiting vehicle,Collision involving vehicles going in the same way,Daylight,Dry,798,245197.0
4654,4654,193957,1,Leipziger Straße,2019,4,15,2,3,5,2,0,0,1,0,1,0,0,0.0,Mitte,Accident with minor injuries,Collision with a turning/crossing vehicle,Turning accident,Daylight,Dry,2215,385748.0
4655,4655,193958,10,Springpfuhl,2019,4,15,2,2,6,4,0,0,0,1,0,0,1,0.0,Marzahn-Hellersdorf,Accident with serious injuries,Collision between vehicle and pedestrian,Pedestrian crossing accident,Daylight,Dry,586,269967.0
4656,4656,193959,5,Tiefwerder,2019,4,14,2,3,2,6,0,0,1,0,0,0,0,0.0,Spandau,Accident with minor injuries,Collision with the vehicle in front/waiting vehicle,Collision involving vehicles going in the same way,Daylight,Dry,798,245197.0
4657,4657,193960,9,Müggelheim,2019,4,13,2,3,5,3,0,0,1,0,0,0,0,0.0,Treptow-Köpenick,Accident with minor injuries,Collision with a turning/crossing vehicle,Turning/Crossing accident,Daylight,Dry,892,273689.0
4658,4658,193961,7,Hundsteinweg,2019,4,12,2,3,3,6,0,0,1,0,0,0,0,0.0,Tempelhof-Schöneberg,Accident with minor injuries,Collision with a vehicle traveling laterally in the same direction,Collision involving vehicles going in the same way,Daylight,Dry,1241,350984.0
4659,4659,193962,9,Altstadt Kietz,2019,4,8,2,3,5,2,0,1,1,0,0,0,0,0.0,Treptow-Köpenick,Accident with minor injuries,Collision with a turning/crossing vehicle,Turning accident,Daylight,Dry,892,273689.0
4660,4660,193963,2,Mehringplatz,2019,4,9,2,3,5,3,0,1,1,0,0,0,0,0.0,Friedrichshain-Kreuzberg,Accident with minor injuries,Collision with a turning/crossing vehicle,Turning/Crossing accident,Daylight,Dry,1381,290386.0
4661,4661,193964,8,Waltersdorfer Chaussee Ost,2019,4,9,2,3,2,6,0,0,1,0,0,0,0,0.0,Neukölln,Accident with minor injuries,Collision with the vehicle in front/waiting vehicle,Collision involving vehicles going in the same way,Daylight,Dry,934,329917.0
4662,4662,193965,9,Dammvorstadt,2019,4,11,2,3,5,3,0,1,1,0,0,0,0,0.0,Treptow-Köpenick,Accident with minor injuries,Collision with a turning/crossing vehicle,Turning/Crossing accident,Daylight,Dry,892,273689.0
4663,4663,193966,8,Vogelviertel Süd,2019,4,10,2,3,5,3,0,1,1,0,0,0,0,0.0,Neukölln,Accident with minor injuries,Collision with a turning/crossing vehicle,Turning/Crossing accident,Daylight,Dry,934,329917.0
4664,4664,193967,7,Neu-Tempelhof,2019,4,10,2,3,5,2,0,1,1,0,0,0,0,0.0,Tempelhof-Schöneberg,Accident with minor injuries,Collision with a turning/crossing vehicle,Turning accident,Daylight,Dry,1241,350984.0
4665,4665,193968,2,Chamissokiez,2019,4,11,2,3,1,5,0,0,1,0,1,0,0,0.0,Friedrichshain-Kreuzberg,Accident with minor injuries,Collision with a moving/standing/parked vehicle,Accident involving parked vehicles,Daylight,Dry,1381,290386.0
4666,4666,193969,2,Reichenberger Straße,2019,4,11,2,3,0,3,0,0,1,0,0,0,1,0.0,Friedrichshain-Kreuzberg,Accident with minor injuries,Others,Turning/Crossing accident,Daylight,Dry,1381,290386.0
4667,4667,193970,9,Dorf Altglienicke,2019,4,12,2,3,2,6,0,0,1,0,0,0,0,0.0,Treptow-Köpenick,Accident with minor injuries,Collision with the vehicle in front/waiting vehicle,Collision involving vehicles going in the same way,Daylight,Dry,892,273689.0
4668,4668,193971,1,Invalidenstraße,2019,4,12,2,3,0,1,0,1,0,0,0,0,0,0.0,Mitte,Accident with minor injuries,Others,Driving accident,Daylight,Dry,2215,385748.0
4669,4669,193972,7,Dennewitzplatz,2019,4,12,1,3,2,7,0,0,1,0,0,0,0,1.0,Tempelhof-Schöneberg,Accident with minor injuries,Collision with the vehicle in front/waiting vehicle,Others,Daylight,Wet/moist/slippery,1241,350984.0