,Unnamed: 0,object id,district,street,year,month,hour of day,weekday,category,accident type,accident type 2,light situation,bike involved,car involved,pedestrian involved,motor bike involved,big track involved,other vehicle involved,road condition,district name,category name,accident detail,accident type detail,light condition,road condition detail,accident count by district,est. population
4670,4670,193973,6,Teltower Damm,2019,4,11,1,3,5,3,0,0,1,0,0,0,0,1.0,Steglitz-Zehlendorf,Accident with minor injuries,Collision with a turning/crossing vehicle,Turning/Crossing accident,Daylight,Wet/moist/slippery,851,310071.0
4671,4671,193974,4,Hagenplatz,2019,4,11,1,3,5,3,0,0,1,0,0,0,0,1.0,Charlottenburg-Wilmersdorf,Accident with minor injuries,Collision with a turning/crossing vehicle,Turning/Crossing accident,Daylight,Wet/moist/slippery,1727,343592.0
4672,4672,193975,3,Alt-Karow,2019,4,11,1,3,5,3,0,0,1,0,0,0,0,1.0,Pankow,Accident with minor injuries,Collision with a turning/crossing vehicle,Turning/Crossing accident,Daylight,Wet/moist/slippery,1219,409335.0
4673,4673,193976,9,Elsenstraße,2019,4,9,1,3,5,3,0,0,1,0,0,0,0,1.0,Treptow-Köpenick,Accident with minor injuries,Collision with a turning/crossing vehicle,Turning/Crossing accident,Daylight,Wet/moist/slippery,892,273689.0
4674,4674,193977,10,Alte Hellersdorfer Straße,2019,4,5,1,3,1,5,1,0,1,0,0,0,1,1.0,Marzahn-Hellersdorf,Accident with minor injuries,Collision with a moving/standing/parked vehicle,Accident involving parked vehicles,Twilight,Wet/moist/slippery,586,269967.0
4675,4675,193978,9,Kietzer Feld/Nachtheide,2019,4,16,1,2,5,2,0,0,1,0,0,0,0,0.0,Treptow-Köpenick,Accident with serious injuries,Collision with a turning/crossing vehicle,Turning accident,Daylight,Dry,892,273689.0
4676,4676,193979,4,Amtsgerichtsplatz,2019,4,16,1,2,5,2,0,0,1,0,1,0,0,0.0,Charlottenburg-Wilmersdorf,Accident with serious injuries,Collision with a turning/crossing vehicle,Turning accident,Daylight,Dry,1727,343592.0
4677,4677,193980,5,Amorbacher Weg,2019,4,20,1,3,1,5,2,1,1,0,0,0,0,0.0,Spandau,Accident with minor injuries,Collision with a moving/standing/parked vehicle,Accident involving parked vehicles,Dark,Dry,798,245197.0
4678,4678,193981,6,Krumme Lanke,2019,4,22,1,3,5,3,2,0,1,0,1,0,0,0.0,Steglitz-Zehlendorf,Accident with minor injuries,Collision with a turning/crossing vehicle,Turning/Crossing accident,Dark,Dry,851,310071.0
4679,4679,193982,6,Lichterfelde West,2019,4,10,7,3,3,6,0,0,1,0,0,0,0,0.0,Steglitz-Zehlendorf,Accident with minor injuries,Collision with a vehicle traveling laterally in the same direction,Collision involving vehicles going in the same way,Daylight,Dry,851,310071.0
4680,4680,193983,8,Reuterkiez,2019,4,15,7,3,3,6,0,0,1,0,0,0,0,0.0,Neukölln,Accident with minor injuries,Collision with a vehicle traveling laterally in the same direction,Collision involving vehicles going in the same way,Daylight,Dry,934,329917.0
4681,4681,193984,4,Breitscheidplatz,2019,4,18,7,3,1,5,0,1,1,0,0,0,0,0.0,Charlottenburg-Wilmersdorf,Accident with minor injuries,Collision with a moving/standing/parked vehicle,Accident involving parked vehicles,Daylight,Dry,1727,343592.0
4682,4682,193985,1,Thomasiusstraße,2019,4,22,7,2,5,2,2,1,1,0,0,0,0,0.0,Mitte,Accident with serious injuries,Collision with a turning/crossing vehicle,Turning accident,Dark,Dry,2215,385748.0
4683,4683,193986,1,Oranienburger Straße,2019,4,19,7,3,5,2,0,1,1,0,0,0,0,0.0,Mitte,Accident with minor injuries,Collision with a turning/crossing vehicle,Turning accident,Daylight,Dry,2215,385748.0
4684,4684,193987,3,Thälmannpark,2019,4,18,7,3,5,3,0,0,1,0,0,0,0,0.0,Pankow,Accident with minor injuries,Collision with a turning/crossing vehicle,Turning/Crossing accident,Daylight,Dry,1219,409335.0
4685,4685,193988,8,Silbersteinstraße,2019,4,18,7,3,5,3,0,0,1,0,0,0,0,0.0,Neukölln,Accident with minor injuries,Collision with a turning/crossing vehicle,Turning/Crossing accident,Daylight,Dry,934,329917.0
4686,4686,193989,7,Friedenau,2019,4,16,7,3,6,4,0,0,1,1,0,0,0,0.0,Tempelhof-Schöneberg,Accident with minor injuries,Collision between vehicle and pedestrian,Pedestrian crossing accident,Daylight,Dry,1241,350984.0
4687,4687,193990,6,Stadtpark,2019,4,14,7,3,1,5,0,1,1,0,0,0,0,0.0,Steglitz-Zehlendorf,Accident with minor injuries,Collision with a moving/standing/parked vehicle,Accident involving parked vehicles,Daylight,Dry,851,310071.0
4688,4688,193991,11,Herzbergstraße,2019,4,13,7,3,2,6,0,0,1,0,0,0,0,0.0,Lichtenberg,Accident with minor injuries,Collision with the vehicle in front/waiting vehicle,Collision involving vehicles going in the same way,Daylight,Dry,679,294201.0
4689,4689,193992,4,Breitscheidplatz,2019,4,12,7,2,6,4,0,0,1,1,0,0,0,0.0,Charlottenburg-Wilmersdorf,Accident with serious injuries,Collision between vehicle and pedestrian,Pedestrian crossing accident,Daylight,Dry,1727,343592.0
4690,4690,193993,10,Helle Mitte,2019,4,12,7,3,2,4,0,0,1,1,0,0,0,0.0,Marzahn-Hellersdorf,Accident with minor injuries,Collision with the vehicle in front/waiting vehicle,Pedestrian crossing accident,Daylight,Dry,586,269967.0
4691,4691,193994,3,Buch,2019,4,11,7,3,5,3,0,1,1,0,0,0,0,0.0,Pankow,Accident with minor injuries,Collision with a turning/crossing vehicle,Turning/Crossing accident,Daylight,Dry,1219,409335.0
4692,4692,193995,1,Lüneburger Straße,2019,4,10,7,2,6,4,0,0,1,1,0,0,0,0.0,Mitte,Accident with serious injuries,Collision between vehicle and pedestrian,Pedestrian crossing accident,Daylight,Dry,2215,385748.0
4693,4693,193996,1,Stephankiez,2019,4,0,7,3,4,6,2,0,1,0,0,0,0,0.0,Mitte,Accident with minor injuries,Collision with oncoming vehicle,Collision involving vehicles going in the same way,Dark,Dry,2215,385748.0
4694,4694,193997,7,Friedenau,2019,4,10,6,3,6,4,0,0,1,1,0,0,0,0.0,Tempelhof-Schöneberg,Accident with minor injuries,Collision between vehicle and pedestrian,Pedestrian crossing accident,Daylight,Dry,1241,350984.0
4695,4695,193998,7,Marienhöhe,2019,4,14,6,3,5,5,0,0,1,0,0,0,0,0.0,Tempelhof-Schöneberg,Accident with minor injuries,Collision with a turning/crossing vehicle,Accident involving parked vehicles,Daylight,Dry,1241,350984.0
4696,4696,193999,4,Jungfernheide,2019,4,14,6,3,5,2,0,0,1,0,1,0,0,0.0,Charlottenburg-Wilmersdorf,Accident with minor injuries,Collision with a turning/crossing vehicle,Turning accident,Daylight,Dry,1727,343592.0
4697,4697,194000,5,Carl-Schurz-Straße,2019,4,11,4,3,0,2,0,0,1,0,0,0,1,0.0,Spandau,Accident with minor injuries,Others,Turning accident,Daylight,Dry,798,245197.0
4698,4698,194001,12,Borsigwalde,2019,4,14,6,2,5,3,0,0,1,0,1,0,0,0.0,Reinickendorf,Accident with serious injuries,Collision with a turning/crossing vehicle,Turning/Crossing accident,Daylight,Dry,867,266408.0
4699,4699,194002,12,Scharnweberstraße,2019,4,13,6,3,1,5,0,0,1,0,0,0,1,0.0,Reinickendorf,Accident with minor injuries,Collision with a moving/standing/parked vehicle,Accident involving parked vehicles,Daylight,Dry,867,266408.0
4700,4700,194003,8,Handwerker-Siedlung,2019,4,11,6,3,5,3,0,1,1,0,0,0,0,0.0,Neukölln,Accident with minor injuries,Collision with a turning/crossing vehicle,Turning/Crossing accident,Daylight,Dry,934,329917.0
4701,4701,194004,1,Gesundbrunnen,2019,4,11,6,3,5,3,0,1,1,0,0,0,0,0.0,Mitte,Accident with minor injuries,Collision with a turning/crossing vehicle,Turning/Crossing accident,Daylight,Dry,2215,385748.0
4702,4702,194005,11,Rüdigerstraße,2019,4,10,6,3,5,2,0,1,1,0,0,0,0,0.0,Lichtenberg,Accident with minor injuries,Collision with a turning/crossing vehicle,Turning accident,Daylight,Dry,679,294201.0
4703,4703,194006,4,Königin-Elisabeth-Straße,2019,4,9,6,3,3,6,0,0,1,0,0,0,1,0.0,Charlottenburg-Wilmersdorf,Accident with minor injuries,Collision with a vehicle traveling laterally in the same direction,Collision involving vehicles going in the same way,Daylight,Dry,1727,343592.0
4704,4704,194007,3,Pankow Süd,2019,4,8,6,3,1,5,0,1,1,0,0,0,0,0.0,Pankow,Accident with minor injuries,Collision with a moving/standing/parked vehicle,Accident involving parked vehicles,Daylight,Dry,1219,409335.0
4705,4705,194008,1,Unter den Linden Süd,2019,4,8,6,3,3,6,0,1,0,0,0,1,0,0.0,Mitte,Accident with minor injuries,Collision with a vehicle traveling laterally in the same direction,Collision involving vehicles going in the same way,Daylight,Dry,2215,385748.0
4706,4706,194009,1,Lützowstraße,2019,4,12,6,3,2,1,0,0,1,0,1,0,0,0.0,Mitte,Accident with minor injuries,Collision with the vehicle in front/waiting vehicle,Driving accident,Daylight,Dry,2215,385748.0
4707,4707,194010,8,Waßmannsdorfer Chaussee,2019,4,7,6,3,5,3,0,1,1,0,0,0,0,0.0,Neukölln,Accident with minor injuries,Collision with a turning/crossing vehicle,Turning/Crossing accident,Daylight,Dry,934,329917.0
4708,4708,194011,2,Urbanstraße,2019,4,13,6,3,2,6,0,0,1,0,0,0,1,0.0,Friedrichshain-Kreuzberg,Accident with minor injuries,Collision with the vehicle in front/waiting vehicle,Collision involving vehicles going in the same way,Daylight,Dry,1381,290386.0
4709,4709,194012,12,Wittenau Süd,2019,4,10,6,3,5,2,0,0,1,0,0,0,1,0.0,Reinickendorf,Accident with minor injuries,Collision with a turning/crossing vehicle,Turning accident,Daylight,Dry,867,266408.0
4710,4710,194013,1,Unter den Linden Süd,2019,4,8,6,3,5,3,0,1,1,0,0,0,0,0.0,Mitte,Accident with minor injuries,Collision with a turning/crossing vehicle,Turning/Crossing accident,Daylight,Dry,2215,385748.0
4711,4711,194014,9,Altstadt Kietz,2019,4,8,6,2,6,4,0,0,1,1,0,0,0,0.0,Treptow-Köpenick,Accident with serious injuries,Collision between vehicle and pedestrian,Pedestrian crossing accident,Daylight,Dry,892,273689.0
4712,4712,194015,9,Dorf Altglienicke,2019,4,23,6,3,1,5,2,0,1,0,0,0,0,0.0,Treptow-Köpenick,Accident with minor injuries,Collision with a moving/standing/parked vehicle,Accident involving parked vehicles,Dark,Dry,892,273689.0
4713,4713,194016,8,Gropiusstadt Süd,2019,4,21,6,3,5,3,2,0,1,0,0,0,0,0.0,Neukölln,Accident with minor injuries,Collision with a turning/crossing vehicle,Turning/Crossing accident,Dark,Dry,934,329917.0
4714,4714,194017,2,Graefekiez,2019,4,19,6,3,5,7,1,0,1,0,0,0,0,0.0,Friedrichshain-Kreuzberg,Accident with minor injuries,Collision with a turning/crossing vehicle,Others,Twilight,Dry,1381,290386.0
4715,4715,194018,5,Carl-Schurz-Straße,2019,4,17,6,2,6,4,0,0,1,1,0,0,0,0.0,Spandau,Accident with serious injuries,Collision between vehicle and pedestrian,Pedestrian crossing accident,Daylight,Dry,798,245197.0
4716,4716,194019,1,Stülerstraße,2019,4,17,6,3,0,1,0,0,1,0,0,0,0,0.0,Mitte,Accident with minor injuries,Others,Driving accident,Daylight,Dry,2215,385748.0
4717,4717,194020,6,Berlepschstraße,2019,4,17,6,3,5,3,0,1,1,0,0,0,0,0.0,Steglitz-Zehlendorf,Accident with minor injuries,Collision with a turning/crossing vehicle,Turning/Crossing accident,Daylight,Dry,851,310071.0
4718,4718,194021,3,Rennbahnstraße,2019,4,6,6,3,5,3,0,0,1,0,0,0,0,0.0,Pankow,Accident with minor injuries,Collision with a turning/crossing vehicle,Turning/Crossing accident,Daylight,Dry,1219,409335.0
4719,4719,194022,5,Kladower Damm,2019,4,3,6,2,8,1,2,0,1,0,0,0,1,0.0,Spandau,Accident with serious injuries,Departure from the roadway to the right,Driving accident,Dark,Dry,798,245197.0
4720,4720,194023,9,Köpenicker Landstraße,2019,4,9,5,3,5,3,0,1,1,0,0,0,0,0.0,Treptow-Köpenick,Accident with minor injuries,Collision with a turning/crossing vehicle,Turning/Crossing accident,Daylight,Dry,892,273689.0
4721,4721,194024,4,Eisenzahnstraße,2019,4,9,5,3,6,2,0,0,1,1,0,0,0,0.0,Charlottenburg-Wilmersdorf,Accident with minor injuries,Collision between vehicle and pedestrian,Turning accident,Daylight,Dry,1727,343592.0
4722,4722,194025,1,Sparrplatz,2019,4,19,5,2,6,4,1,0,1,1,0,0,0,0.0,Mitte,Accident with serious injuries,Collision between vehicle and pedestrian,Pedestrian crossing accident,Twilight,Dry,2215,385748.0
4723,4723,194026,4,Park Ruhwald,2019,4,14,5,3,2,6,0,0,1,0,0,1,0,0.0,Charlottenburg-Wilmersdorf,Accident with minor injuries,Collision with the vehicle in front/waiting vehicle,Collision involving vehicles going in the same way,Daylight,Dry,1727,343592.0
4724,4724,194027,2,Lausitzer Platz,2019,4,19,5,3,5,2,0,1,1,0,0,0,0,0.0,Friedrichshain-Kreuzberg,Accident with minor injuries,Collision with a turning/crossing vehicle,Turning accident,Daylight,Dry,1381,290386.0
4725,4725,194028,6,Zehlendorf Eiche,2019,4,14,5,3,5,2,0,1,0,0,1,0,0,0.0,Steglitz-Zehlendorf,Accident with minor injuries,Collision with a turning/crossing vehicle,Turning accident,Daylight,Dry,851,310071.0
4726,4726,194029,6,Oberhofer Platz,2019,4,14,5,3,5,3,0,1,1,0,0,0,0,0.0,Steglitz-Zehlendorf,Accident with minor injuries,Collision with a turning/crossing vehicle,Turning/Crossing accident,Daylight,Dry,851,310071.0
4727,4727,194030,1,Elberfelder Straße,2019,4,17,5,3,0,1,1,1,0,0,0,0,0,0.0,Mitte,Accident with minor injuries,Others,Driving accident,Twilight,Dry,2215,385748.0
4728,4728,194031,1,Heine-Viertel West,2019,4,13,5,3,5,3,0,1,1,0,0,0,0,0.0,Mitte,Accident with minor injuries,Collision with a turning/crossing vehicle,Turning/Crossing accident,Daylight,Dry,2215,385748.0
4729,4729,194032,6,Stadtpark,2019,4,17,5,3,5,3,0,0,1,0,1,0,1,0.0,Steglitz-Zehlendorf,Accident with minor injuries,Collision with a turning/crossing vehicle,Turning/Crossing accident,Daylight,Dry,851,310071.0
4730,4730,194033,12,Borsigwalde,2019,4,12,5,3,5,2,0,0,1,0,0,0,1,0.0,Reinickendorf,Accident with minor injuries,Collision with a turning/crossing vehicle,Turning accident,Daylight,Dry,867,266408.0
4731,4731,194034,9,Kietzer Feld/Nachtheide,2019,4,12,5,3,5,2,0,1,1,0,0,0,0,0.0,Treptow-Köpenick,Accident with minor injuries,Collision with a turning/crossing vehicle,Turning accident,Daylight,Dry,892,273689.0
4732,4732,194035,10,Marzahner Chaussee,2019,4,11,5,3,2,6,0,0,1,0,0,0,0,0.0,Marzahn-Hellersdorf,Accident with minor injuries,Collision with the vehicle in front/waiting vehicle,Collision involving vehicles going in the same way,Daylight,Dry,586,269967.0
4733,4733,194036,1,Gesundbrunnen,2019,4,10,5,3,5,2,0,1,1,0,0,0,0,0.0,Mitte,Accident with minor injuries,Collision with a turning/crossing vehicle,Turning accident,Daylight,Dry,2215,385748.0
4734,4734,194037,7,Manteuffelstraße,2019,4,17,5,3,0,2,0,0,1,0,0,0,1,0.0,Tempelhof-Schöneberg,Accident with minor injuries,Others,Turning accident,Daylight,Dry,1241,350984.0
4735,4735,194038,1,Humboldthain Süd,2019,4,10,5,3,6,4,0,0,1,1,0,0,0,0.0,Mitte,Accident with minor injuries,Collision between vehicle and pedestrian,Pedestrian crossing accident,Daylight,Dry,2215,385748.0
4736,4736,194039,12,Alt-Tegel,2019,4,9,5,3,6,4,0,0,1,1,0,0,0,0.0,Reinickendorf,Accident with minor injuries,Collision between vehicle and pedestrian,Pedestrian crossing accident,Daylight,Dry,867,266408.0
4737,4737,194040,1,Oranienburger Straße,2019,4,9,5,3,3,6,0,1,1,0,0,0,0,0.0,Mitte,Accident with minor injuries,Collision with a vehicle traveling laterally in the same direction,Collision involving vehicles going in the same way,Daylight,Dry,2215,385748.0
4738,4738,194041,6,Gemeindepark Lankwitz,2019,4,8,5,3,5,2,0,1,1,0,0,0,0,0.0,Steglitz-Zehlendorf,Accident with minor injuries,Collision with a turning/crossing vehicle,Turning accident,Daylight,Dry,851,310071.0
4739,4739,194042,3,Erich-Weinert-Straße,2019,4,8,5,3,2,6,0,0,1,0,0,0,1,0.0,Pankow,Accident with minor injuries,Collision with the vehicle in front/waiting vehicle,Collision involving vehicles going in the same way,Daylight,Dry,1219,409335.0
4740,4740,194043,1,Zillesiedlung,2019,4,7,5,3,5,3,0,1,1,0,0,0,0,0.0,Mitte,Accident with minor injuries,Collision with a turning/crossing vehicle,Turning/Crossing accident,Daylight,Dry,2215,385748.0
4741,4741,194044,4,Flinsberger Platz,2019,4,7,5,3,5,3,0,0,0,0,1,1,0,0.0,Charlottenburg-Wilmersdorf,Accident with minor injuries,Collision with a turning/crossing vehicle,Turning/Crossing accident,Daylight,Dry,1727,343592.0
4742,4742,194045,1,Oranienburger Straße,2019,4,7,5,2,0,1,0,0,0,0,1,0,0,1.0,Mitte,Accident with serious injuries,Others,Driving accident,Daylight,Wet/moist/slippery,2215,385748.0
4743,4743,194046,7,Manteuffelstraße,2019,4,20,4,3,5,2,2,1,1,0,0,0,0,0.0,Tempelhof-Schöneberg,Accident with minor injuries,Collision with a turning/crossing vehicle,Turning accident,Dark,Dry,1241,350984.0
4744,4744,194047,1,Wilhelmstraße,2019,4,9,4,2,1,5,0,1,1,0,0,0,0,0.0,Mitte,Accident with serious injuries,Collision with a moving/standing/parked vehicle,Accident involving parked vehicles,Daylight,Dry,2215,385748.0
4745,4745,194048,7,Hundsteinweg,2019,4,9,5,3,0,1,0,0,0,0,1,0,0,0.0,Tempelhof-Schöneberg,Accident with minor injuries,Others,Driving accident,Daylight,Dry,1241,350984.0
4746,4746,194049,1,Alexanderplatzviertel,2019,4,16,5,2,6,4,0,0,1,1,0,0,0,0.0,Mitte,Accident with serious injuries,Collision between vehicle and pedestrian,Pedestrian crossing accident,Daylight,Dry,2215,385748.0
4747,4747,194050,7,John-Locke-Straße,2019,4,16,5,3,2,6,0,0,1,0,0,0,0,0.0,Tempelhof-Schöneberg,Accident with minor injuries,Collision with the vehicle in front/waiting vehicle,Collision involving vehicles going in the same way,Daylight,Dry,1241,350984.0
4748,4748,194051,11,Orankesee,2019,4,15,5,3,5,2,0,0,1,0,0,0,1,0.0,Lichtenberg,Accident with minor injuries,Collision with a turning/crossing vehicle,Turning accident,Daylight,Dry,679,294201.0
4749,4749,194052,2,Viktoriapark,2019,4,18,5,3,5,3,0,0,1,0,0,0,1,0.0,Friedrichshain-Kreuzberg,Accident with minor injuries,Collision with a turning/crossing vehicle,Turning/Crossing accident,Daylight,Dry,1381,290386.0
4750,4750,194053,9,Oberschöneweide West,2019,4,16,4,3,5,2,0,1,1,0,0,0,0,0.0,Treptow-Köpenick,Accident with minor injuries,Collision with a turning/crossing vehicle,Turning accident,Daylight,Dry,892,273689.0
4751,4751,194054,12,Heiligensee,2019,4,16,4,3,5,2,0,1,1,0,0,0,0,0.0,Reinickendorf,Accident with minor injuries,Collision with a turning/crossing vehicle,Turning accident,Daylight,Dry,867,266408.0
4752,4752,194055,9,Bölschestraße,2019,4,17,4,3,5,3,0,1,1,0,0,0,0,0.0,Treptow-Köpenick,Accident with minor injuries,Collision with a turning/crossing vehicle,Turning/Crossing accident,Daylight,Dry,892,273689.0
4753,4753,194056,7,Nahariyastraße,2019,4,18,4,3,5,2,1,1,1,0,0,0,0,0.0,Tempelhof-Schöneberg,Accident with minor injuries,Collision with a turning/crossing vehicle,Turning accident,Twilight,Dry,1241,350984.0
4754,4754,194057,9,Johannisthal Ost,2019,4,13,4,3,1,5,0,0,1,0,0,0,0,0.0,Treptow-Köpenick,Accident with minor injuries,Collision with a moving/standing/parked vehicle,Accident involving parked vehicles,Daylight,Dry,892,273689.0
4755,4755,194058,11,Frankfurter Allee Süd,2019,4,13,4,3,6,4,0,0,1,1,0,0,0,0.0,Lichtenberg,Accident with minor injuries,Collision between vehicle and pedestrian,Pedestrian crossing accident,Daylight,Dry,679,294201.0
4756,4756,194059,4,Kaiserin-Augusta-Allee,2019,4,12,4,3,5,2,0,1,0,0,0,0,1,0.0,Charlottenburg-Wilmersdorf,Accident with minor injuries,Collision with a turning/crossing vehicle,Turning accident,Daylight,Dry,1727,343592.0
4757,4757,194060,2,Richard-Sorge-Viertel,2019,4,12,4,3,2,6,0,0,1,0,0,0,0,0.0,Friedrichshain-Kreuzberg,Accident with minor injuries,Collision with the vehicle in front/waiting vehicle,Collision involving vehicles going in the same way,Daylight,Dry,1381,290386.0
4758,4758,194061,6,Südende,2019,4,11,4,3,6,4,0,0,0,1,0,0,1,0.0,Steglitz-Zehlendorf,Accident with minor injuries,Collision between vehicle and pedestrian,Pedestrian crossing accident,Daylight,Dry,851,310071.0
4759,4759,194062,3,Teutoburger Platz,2019,4,20,4,3,0,6,2,1,1,0,0,0,0,0.0,Pankow,Accident with minor injuries,Others,Collision involving vehicles going in the same way,Dark,Dry,1219,409335.0
4760,4760,194063,8,Glasower Straße,2019,4,9,4,3,2,7,0,0,0,0,1,0,1,0.0,Neukölln,Accident with minor injuries,Collision with the vehicle in front/waiting vehicle,Others,Daylight,Dry,934,329917.0
4761,4761,194064,9,Köpenick Nord,2019,4,9,3,3,6,7,0,0,1,1,0,0,0,0.0,Treptow-Köpenick,Accident with minor injuries,Collision between vehicle and pedestrian,Others,Daylight,Dry,892,273689.0
4762,4762,194065,3,Erich-Weinert-Straße,2019,4,9,3,3,6,2,0,0,1,1,0,0,0,0.0,Pankow,Accident with minor injuries,Collision between vehicle and pedestrian,Turning accident,Daylight,Dry,1219,409335.0
4763,4763,194066,4,Ernst-Reuter-Platz,2019,4,14,3,3,0,3,0,1,0,0,1,0,0,0.0,Charlottenburg-Wilmersdorf,Accident with minor injuries,Others,Turning/Crossing accident,Daylight,Dry,1727,343592.0
4764,4764,194067,1,Rehberge,2019,4,9,3,3,2,6,0,0,1,0,0,0,1,0.0,Mitte,Accident with minor injuries,Collision with the vehicle in front/waiting vehicle,Collision involving vehicles going in the same way,Daylight,Dry,2215,385748.0
4765,4765,194068,5,Zitadellenweg,2019,4,6,3,2,5,2,0,1,0,0,0,0,1,0.0,Spandau,Accident with serious injuries,Collision with a turning/crossing vehicle,Turning accident,Daylight,Dry,798,245197.0
4766,4766,194069,4,Hildegardstraße,2019,4,14,2,3,6,4,0,1,0,1,0,0,0,0.0,Charlottenburg-Wilmersdorf,Accident with minor injuries,Collision between vehicle and pedestrian,Pedestrian crossing accident,Daylight,Dry,1727,343592.0
4767,4767,194070,1,Nördlicher Landwehrkanal,2019,4,8,3,2,5,3,0,1,1,0,0,0,0,0.0,Mitte,Accident with serious injuries,Collision with a turning/crossing vehicle,Turning/Crossing accident,Daylight,Dry,2215,385748.0
4768,4768,194071,6,Dahlem,2019,4,8,3,3,5,3,0,1,1,0,0,0,0,0.0,Steglitz-Zehlendorf,Accident with minor injuries,Collision with a turning/crossing vehicle,Turning/Crossing accident,Daylight,Dry,851,310071.0
4769,4769,194072,4,Rathaus Wilmersdorf,2019,4,8,3,3,0,2,0,1,1,0,0,0,0,0.0,Charlottenburg-Wilmersdorf,Accident with minor injuries,Others,Turning accident,Daylight,Dry,1727,343592.0
4770,4770,194073,6,Botanischer Garten,2019,4,8,3,3,5,3,0,1,1,0,0,0,0,0.0,Steglitz-Zehlendorf,Accident with minor injuries,Collision with a turning/crossing vehicle,Turning/Crossing accident,Daylight,Dry,851,310071.0
4771,4771,194074,1,Charitéviertel,2019,4,8,3,3,5,3,0,1,1,0,0,0,0,0.0,Mitte,Accident with minor injuries,Collision with a turning/crossing vehicle,Turning/Crossing accident,Daylight,Dry,2215,385748.0
4772,4772,194075,3,Buchholz,2019,4,7,3,3,2,6,0,0,1,0,0,1,0,0.0,Pankow,Accident with minor injuries,Collision with the vehicle in front/waiting vehicle,Collision involving vehicles going in the same way,Daylight,Dry,1219,409335.0
4773,4773,194076,11,Rüdigerstraße,2019,4,7,3,3,5,7,0,1,1,0,0,0,0,0.0,Lichtenberg,Accident with minor injuries,Collision with a turning/crossing vehicle,Others,Daylight,Dry,679,294201.0
4774,4774,194077,7,Manteuffelstraße,2019,4,16,3,2,5,2,0,1,1,0,0,0,0,0.0,Tempelhof-Schöneberg,Accident with serious injuries,Collision with a turning/crossing vehicle,Turning accident,Daylight,Dry,1241,350984.0
4775,4775,194078,9,Oberschöneweide West,2019,4,16,3,2,5,3,0,1,1,0,0,0,0,0.0,Treptow-Köpenick,Accident with serious injuries,Collision with a turning/crossing vehicle,Turning/Crossing accident,Daylight,Dry,892,273689.0
4776,4776,194079,1,Gesundbrunnen,2019,4,17,3,3,5,3,0,1,1,0,0,0,0,0.0,Mitte,Accident with minor injuries,Collision with a turning/crossing vehicle,Turning/Crossing accident,Daylight,Dry,2215,385748.0
4777,4777,194080,10,Oberfeldstraße,2019,4,17,3,3,2,2,0,1,1,0,0,0,0,0.0,Marzahn-Hellersdorf,Accident with minor injuries,Collision with the vehicle in front/waiting vehicle,Turning accident,Daylight,Dry,586,269967.0
4778,4778,194081,7,Marienfelde Süd,2019,4,17,3,3,2,6,0,0,1,0,0,0,0,0.0,Tempelhof-Schöneberg,Accident with minor injuries,Collision with the vehicle in front/waiting vehicle,Collision involving vehicles going in the same way,Daylight,Dry,1241,350984.0
4779,4779,194082,2,Friedenstraße,2019,4,18,3,2,5,2,0,1,0,0,0,0,1,0.0,Friedrichshain-Kreuzberg,Accident with serious injuries,Collision with a turning/crossing vehicle,Turning accident,Daylight,Dry,1381,290386.0
4780,4780,194083,2,Friedenstraße,2019,4,18,3,3,5,2,0,1,0,0,0,0,1,0.0,Friedrichshain-Kreuzberg,Accident with minor injuries,Collision with a turning/crossing vehicle,Turning accident,Daylight,Dry,1381,290386.0
4781,4781,194084,6,Alt-Lankwitz,2019,4,18,3,3,5,2,0,0,1,0,1,0,0,0.0,Steglitz-Zehlendorf,Accident with minor injuries,Collision with a turning/crossing vehicle,Turning accident,Daylight,Dry,851,310071.0
4782,4782,194085,1,Elberfelder Straße,2019,4,19,3,3,6,4,0,0,1,1,0,0,0,0.0,Mitte,Accident with minor injuries,Collision between vehicle and pedestrian,Pedestrian crossing accident,Daylight,Dry,2215,385748.0
4783,4783,194086,5,Eiswerder,2019,4,7,3,3,2,6,0,0,1,0,0,0,0,0.0,Spandau,Accident with minor injuries,Collision with the vehicle in front/waiting vehicle,Collision involving vehicles going in the same way,Daylight,Dry,798,245197.0
4784,4784,194087,12,Wittenau Nord,2019,4,7,3,3,5,3,0,1,1,0,0,0,0,0.0,Reinickendorf,Accident with minor injuries,Collision with a turning/crossing vehicle,Turning/Crossing accident,Daylight,Dry,867,266408.0
4785,4785,194088,4,Bismarckallee,2019,4,19,3,2,5,3,1,1,1,0,0,0,0,0.0,Charlottenburg-Wilmersdorf,Accident with serious injuries,Collision with a turning/crossing vehicle,Turning/Crossing accident,Twilight,Dry,1727,343592.0
4786,4786,194089,7,Neu-Tempelhof,2019,4,19,3,3,5,3,1,0,1,0,1,0,0,0.0,Tempelhof-Schöneberg,Accident with minor injuries,Collision with a turning/crossing vehicle,Turning/Crossing accident,Twilight,Dry,1241,350984.0
4787,4787,194090,2,Rathaus Yorckstraße,2019,4,19,3,3,5,2,0,1,1,0,0,0,0,0.0,Friedrichshain-Kreuzberg,Accident with minor injuries,Collision with a turning/crossing vehicle,Turning accident,Daylight,Dry,1381,290386.0
4788,4788,194091,2,Urbanstraße,2019,4,12,3,3,0,1,0,0,0,0,1,0,0,0.0,Friedrichshain-Kreuzberg,Accident with minor injuries,Others,Driving accident,Daylight,Dry,1381,290386.0
4789,4789,194092,5,Borkumer Straße,2019,4,15,3,3,2,6,0,0,1,0,0,0,0,0.0,Spandau,Accident with minor injuries,Collision with the vehicle in front/waiting vehicle,Collision involving vehicles going in the same way,Daylight,Dry,798,245197.0