,Unnamed: 0,object id,district,street,year,month,hour of day,weekday,category,accident type,accident type 2,light situation,bike involved,car involved,pedestrian involved,motor bike involved,big track involved,other vehicle involved,road condition,district name,category name,accident detail,accident type detail,light condition,road condition detail,accident count by district,est. population
4790,4790,194093,1,Oranienburger Straße,2019,4,17,3,3,2,6,0,1,0,0,0,0,0,0.0,Mitte,Accident with minor injuries,Collision with the vehicle in front/waiting vehicle,Collision involving vehicles going in the same way,Daylight,Dry,2215,385748.0
4791,4791,194094,6,Südende,2019,4,15,2,3,3,2,0,0,1,0,0,0,0,0.0,Steglitz-Zehlendorf,Accident with minor injuries,Collision with a vehicle traveling laterally in the same direction,Turning accident,Daylight,Dry,851,310071.0
4792,4792,194095,6,Zehlendorf Süd,2019,4,6,2,3,0,2,0,1,1,0,0,0,0,1.0,Steglitz-Zehlendorf,Accident with minor injuries,Others,Turning accident,Daylight,Wet/moist/slippery,851,310071.0
4793,4793,194096,3,Greifswalder Straße,2019,4,21,2,3,5,3,2,1,0,0,0,0,1,0.0,Pankow,Accident with minor injuries,Collision with a turning/crossing vehicle,Turning/Crossing accident,Dark,Dry,1219,409335.0
4794,4794,194097,10,Landsberger Tor,2019,4,20,2,2,6,4,2,0,1,1,0,0,0,0.0,Marzahn-Hellersdorf,Accident with serious injuries,Collision between vehicle and pedestrian,Pedestrian crossing accident,Dark,Dry,586,269967.0
4795,4795,194098,4,Schloßgarten,2019,4,8,2,3,2,6,0,0,1,0,0,0,0,1.0,Charlottenburg-Wilmersdorf,Accident with minor injuries,Collision with the vehicle in front/waiting vehicle,Collision involving vehicles going in the same way,Daylight,Wet/moist/slippery,1727,343592.0
4796,4796,194099,2,Wassertorplatz,2019,4,18,2,2,6,4,0,0,1,1,0,0,0,0.0,Friedrichshain-Kreuzberg,Accident with serious injuries,Collision between vehicle and pedestrian,Pedestrian crossing accident,Daylight,Dry,1381,290386.0
4797,4797,194100,9,Schmöckwitz/Rauchfangswerder,2019,4,18,2,2,5,3,0,1,1,0,0,0,0,0.0,Treptow-Köpenick,Accident with serious injuries,Collision with a turning/crossing vehicle,Turning/Crossing accident,Daylight,Dry,892,273689.0
4798,4798,194101,3,Wilhelmsruh,2019,4,17,2,3,5,7,0,1,1,0,0,0,0,0.0,Pankow,Accident with minor injuries,Collision with a turning/crossing vehicle,Others,Daylight,Dry,1219,409335.0
4799,4799,194102,11,Victoriastadt,2019,4,17,2,3,5,2,0,1,1,0,0,0,0,0.0,Lichtenberg,Accident with minor injuries,Collision with a turning/crossing vehicle,Turning accident,Daylight,Dry,679,294201.0
4800,4800,194103,9,Späthsfelde,2019,4,16,2,3,0,4,0,0,0,1,0,0,1,0.0,Treptow-Köpenick,Accident with minor injuries,Others,Pedestrian crossing accident,Daylight,Dry,892,273689.0
4801,4801,194104,3,Komponistenviertel Weißensee,2019,4,16,2,3,1,5,0,1,1,0,0,0,0,0.0,Pankow,Accident with minor injuries,Collision with a moving/standing/parked vehicle,Accident involving parked vehicles,Daylight,Dry,1219,409335.0
4802,4802,194105,5,Carl-Schurz-Straße,2019,4,16,2,3,3,6,0,0,1,0,0,1,0,0.0,Spandau,Accident with minor injuries,Collision with a vehicle traveling laterally in the same direction,Collision involving vehicles going in the same way,Daylight,Dry,798,245197.0
4803,4803,194106,1,Nollendorfplatz,2019,4,6,2,3,2,6,1,0,1,0,0,0,0,1.0,Mitte,Accident with minor injuries,Collision with the vehicle in front/waiting vehicle,Collision involving vehicles going in the same way,Twilight,Wet/moist/slippery,2215,385748.0
4804,4804,194107,8,Gewerbegebiet Köllnische Heide,2019,4,7,2,3,5,3,0,0,1,0,0,0,0,1.0,Neukölln,Accident with minor injuries,Collision with a turning/crossing vehicle,Turning/Crossing accident,Daylight,Wet/moist/slippery,934,329917.0
4805,4805,194108,7,Friedenau,2019,4,7,2,3,0,7,0,0,1,0,1,0,0,1.0,Tempelhof-Schöneberg,Accident with minor injuries,Others,Others,Daylight,Wet/moist/slippery,1241,350984.0
4806,4806,194109,3,Gustav-Adolf-Straße,2019,4,8,2,3,6,4,0,0,1,1,0,0,0,1.0,Pankow,Accident with minor injuries,Collision between vehicle and pedestrian,Pedestrian crossing accident,Daylight,Wet/moist/slippery,1219,409335.0
4807,4807,194110,4,Plötzensee,2019,4,8,2,3,5,2,0,1,1,0,0,0,0,1.0,Charlottenburg-Wilmersdorf,Accident with minor injuries,Collision with a turning/crossing vehicle,Turning accident,Daylight,Wet/moist/slippery,1727,343592.0
4808,4808,194111,8,Reuterkiez,2019,4,9,2,3,4,6,0,0,1,0,0,0,0,1.0,Neukölln,Accident with minor injuries,Collision with oncoming vehicle,Collision involving vehicles going in the same way,Daylight,Wet/moist/slippery,934,329917.0
4809,4809,194112,4,Messegelände,2019,4,9,2,3,2,6,0,0,1,0,0,0,0,1.0,Charlottenburg-Wilmersdorf,Accident with minor injuries,Collision with the vehicle in front/waiting vehicle,Collision involving vehicles going in the same way,Daylight,Wet/moist/slippery,1727,343592.0
4810,4810,194113,2,Richard-Sorge-Viertel,2019,4,9,2,3,6,4,0,0,1,1,0,0,0,1.0,Friedrichshain-Kreuzberg,Accident with minor injuries,Collision between vehicle and pedestrian,Pedestrian crossing accident,Daylight,Wet/moist/slippery,1381,290386.0
4811,4811,194114,6,Goerzwerke,2019,4,10,2,3,2,6,0,0,1,0,0,0,1,1.0,Steglitz-Zehlendorf,Accident with minor injuries,Collision with the vehicle in front/waiting vehicle,Collision involving vehicles going in the same way,Daylight,Wet/moist/slippery,851,310071.0
4812,4812,194115,12,Teichstraße,2019,4,10,2,3,2,1,0,0,1,0,0,0,0,1.0,Reinickendorf,Accident with minor injuries,Collision with the vehicle in front/waiting vehicle,Driving accident,Daylight,Wet/moist/slippery,867,266408.0
4813,4813,194116,12,Borsigwalde,2019,4,10,2,2,5,2,0,0,1,0,0,0,0,1.0,Reinickendorf,Accident with serious injuries,Collision with a turning/crossing vehicle,Turning accident,Daylight,Wet/moist/slippery,867,266408.0
4814,4814,194117,5,Maulbeerallee,2019,4,10,2,3,6,2,0,0,1,1,0,0,0,1.0,Spandau,Accident with minor injuries,Collision between vehicle and pedestrian,Turning accident,Daylight,Wet/moist/slippery,798,245197.0
4815,4815,194118,1,Charitéviertel,2019,4,11,2,3,2,7,0,1,1,0,0,0,0,0.0,Mitte,Accident with minor injuries,Collision with the vehicle in front/waiting vehicle,Others,Daylight,Dry,2215,385748.0
4816,4816,194119,2,Wassertorplatz,2019,4,13,2,3,5,3,0,1,1,0,0,0,0,1.0,Friedrichshain-Kreuzberg,Accident with minor injuries,Collision with a turning/crossing vehicle,Turning/Crossing accident,Daylight,Wet/moist/slippery,1381,290386.0
4817,4817,194120,10,Helle Mitte,2019,4,13,2,3,0,4,0,0,1,1,0,0,0,0.0,Marzahn-Hellersdorf,Accident with minor injuries,Others,Pedestrian crossing accident,Daylight,Dry,586,269967.0
4818,4818,194121,5,Maulbeerallee,2019,4,15,2,2,5,3,0,1,1,0,0,0,0,0.0,Spandau,Accident with serious injuries,Collision with a turning/crossing vehicle,Turning/Crossing accident,Daylight,Dry,798,245197.0
4819,4819,194122,10,Havemannstraße,2019,4,15,2,2,6,7,0,0,1,1,0,0,0,0.0,Marzahn-Hellersdorf,Accident with serious injuries,Collision between vehicle and pedestrian,Others,Daylight,Dry,586,269967.0
4820,4820,194123,4,Olympiagelände,2019,4,15,2,3,2,2,0,1,0,0,0,0,1,0.0,Charlottenburg-Wilmersdorf,Accident with minor injuries,Collision with the vehicle in front/waiting vehicle,Turning accident,Daylight,Dry,1727,343592.0
4821,4821,194124,9,Rahnsdorf/Hessenwinkel,2019,4,16,2,3,5,7,0,0,1,0,0,0,0,0.0,Treptow-Köpenick,Accident with minor injuries,Collision with a turning/crossing vehicle,Others,Daylight,Dry,892,273689.0
4822,4822,194125,4,Ernst-Reuter-Platz,2019,4,16,2,3,1,5,0,1,1,0,0,0,0,0.0,Charlottenburg-Wilmersdorf,Accident with minor injuries,Collision with a moving/standing/parked vehicle,Accident involving parked vehicles,Daylight,Dry,1727,343592.0
4823,4823,194126,1,Humboldthain Nordwest,2019,4,8,2,3,1,5,0,1,0,0,0,1,0,1.0,Mitte,Accident with minor injuries,Collision with a moving/standing/parked vehicle,Accident involving parked vehicles,Daylight,Wet/moist/slippery,2215,385748.0
4824,4824,194127,6,Hüttenweg,2019,4,7,2,3,0,3,0,0,1,0,1,0,0,1.0,Steglitz-Zehlendorf,Accident with minor injuries,Others,Turning/Crossing accident,Daylight,Wet/moist/slippery,851,310071.0
4825,4825,194128,12,Letteplatz,2019,4,6,2,3,2,2,1,0,1,0,1,0,0,1.0,Reinickendorf,Accident with minor injuries,Collision with the vehicle in front/waiting vehicle,Turning accident,Twilight,Wet/moist/slippery,867,266408.0
4826,4826,194129,4,Amtsgerichtsplatz,2019,4,9,2,2,8,1,0,1,0,0,0,0,0,1.0,Charlottenburg-Wilmersdorf,Accident with serious injuries,Departure from the roadway to the right,Driving accident,Daylight,Wet/moist/slippery,1727,343592.0
4827,4827,194130,2,Barnimkiez,2019,4,8,2,3,0,1,0,0,0,0,1,0,0,1.0,Friedrichshain-Kreuzberg,Accident with minor injuries,Others,Driving accident,Daylight,Wet/moist/slippery,1381,290386.0
4828,4828,194131,4,Schaperstraße,2019,4,6,2,3,0,1,0,0,0,0,1,0,0,1.0,Charlottenburg-Wilmersdorf,Accident with minor injuries,Others,Driving accident,Daylight,Wet/moist/slippery,1727,343592.0
4829,4829,194132,1,Arkonaplatz,2019,4,17,1,3,0,1,0,1,0,0,0,0,0,0.0,Mitte,Accident with minor injuries,Others,Driving accident,Daylight,Dry,2215,385748.0
4830,4830,194133,1,Reinickendorfer Straße,2019,4,21,1,3,0,7,2,0,0,0,0,1,1,0.0,Mitte,Accident with minor injuries,Others,Others,Dark,Dry,2215,385748.0
4831,4831,194134,1,Elberfelder Straße,2019,4,23,1,3,5,2,2,1,1,0,0,0,0,0.0,Mitte,Accident with minor injuries,Collision with a turning/crossing vehicle,Turning accident,Dark,Dry,2215,385748.0
4832,4832,194135,11,Sewanstraße,2019,4,18,1,3,1,5,0,1,1,0,0,0,0,0.0,Lichtenberg,Accident with minor injuries,Collision with a moving/standing/parked vehicle,Accident involving parked vehicles,Daylight,Dry,679,294201.0
4833,4833,194136,11,Falkenberg West,2019,4,17,1,3,4,6,0,0,1,0,0,0,0,0.0,Lichtenberg,Accident with minor injuries,Collision with oncoming vehicle,Collision involving vehicles going in the same way,Daylight,Dry,679,294201.0
4834,4834,194137,2,Graefekiez,2019,4,16,1,3,5,3,0,0,1,0,0,0,0,0.0,Friedrichshain-Kreuzberg,Accident with minor injuries,Collision with a turning/crossing vehicle,Turning/Crossing accident,Daylight,Dry,1381,290386.0
4835,4835,194138,8,Gewerbegebiet Köllnische Heide,2019,4,14,1,3,0,6,0,0,1,0,1,0,0,0.0,Neukölln,Accident with minor injuries,Others,Collision involving vehicles going in the same way,Daylight,Dry,934,329917.0
4836,4836,194139,11,Hauptstraße,2019,4,13,1,3,5,2,0,1,0,0,0,0,1,0.0,Lichtenberg,Accident with minor injuries,Collision with a turning/crossing vehicle,Turning accident,Daylight,Dry,679,294201.0
4837,4837,194140,2,Graefekiez,2019,4,8,1,3,1,5,0,1,1,0,0,0,0,1.0,Friedrichshain-Kreuzberg,Accident with minor injuries,Collision with a moving/standing/parked vehicle,Accident involving parked vehicles,Daylight,Wet/moist/slippery,1381,290386.0
4838,4838,194141,2,Moritzplatz,2019,4,11,1,3,5,2,0,0,1,0,0,0,0,0.0,Friedrichshain-Kreuzberg,Accident with minor injuries,Collision with a turning/crossing vehicle,Turning accident,Daylight,Dry,1381,290386.0
4839,4839,194142,11,Rüdigerstraße,2019,4,13,1,3,0,1,0,0,0,0,1,0,0,0.0,Lichtenberg,Accident with minor injuries,Others,Driving accident,Daylight,Dry,679,294201.0
4840,4840,194143,2,Reichenberger Straße,2019,4,17,7,3,5,7,0,1,1,0,0,0,0,0.0,Friedrichshain-Kreuzberg,Accident with minor injuries,Collision with a turning/crossing vehicle,Others,Daylight,Dry,1381,290386.0
4841,4841,194144,8,Donaustraße,2019,4,0,7,3,6,2,2,0,1,1,0,0,0,1.0,Neukölln,Accident with minor injuries,Collision between vehicle and pedestrian,Turning accident,Dark,Wet/moist/slippery,934,329917.0
4842,4842,194145,7,Fritz-Werner-Straße,2019,4,21,7,3,2,6,2,0,1,0,0,0,0,0.0,Tempelhof-Schöneberg,Accident with minor injuries,Collision with the vehicle in front/waiting vehicle,Collision involving vehicles going in the same way,Dark,Dry,1241,350984.0
4843,4843,194146,6,Zehlendorf Süd,2019,4,15,7,3,0,7,0,1,0,0,0,0,0,0.0,Steglitz-Zehlendorf,Accident with minor injuries,Others,Others,Daylight,Dry,851,310071.0
4844,4844,194147,1,Oranienburger Straße,2019,4,0,7,3,5,3,2,1,1,0,0,0,0,1.0,Mitte,Accident with minor injuries,Collision with a turning/crossing vehicle,Turning/Crossing accident,Dark,Wet/moist/slippery,2215,385748.0
4845,4845,194148,4,George-Grosz-Platz,2019,4,16,7,3,3,6,0,1,1,0,0,0,0,0.0,Charlottenburg-Wilmersdorf,Accident with minor injuries,Collision with a vehicle traveling laterally in the same direction,Collision involving vehicles going in the same way,Daylight,Dry,1727,343592.0
4846,4846,194149,1,Sparrplatz,2019,4,15,7,3,5,3,0,1,0,0,0,0,0,0.0,Mitte,Accident with minor injuries,Collision with a turning/crossing vehicle,Turning/Crossing accident,Daylight,Dry,2215,385748.0
4847,4847,194150,4,Richard-Wagner-Straße,2019,4,14,7,3,5,2,0,1,1,0,0,0,0,0.0,Charlottenburg-Wilmersdorf,Accident with minor injuries,Collision with a turning/crossing vehicle,Turning accident,Daylight,Dry,1727,343592.0
4848,4848,194151,9,Altstadt Kietz,2019,4,14,7,3,4,6,0,1,0,0,0,0,0,0.0,Treptow-Köpenick,Accident with minor injuries,Collision with oncoming vehicle,Collision involving vehicles going in the same way,Daylight,Dry,892,273689.0
4849,4849,194152,5,Gartenfelder Straße,2019,4,13,7,3,2,6,0,0,1,0,0,0,0,0.0,Spandau,Accident with minor injuries,Collision with the vehicle in front/waiting vehicle,Collision involving vehicles going in the same way,Daylight,Dry,798,245197.0
4850,4850,194153,3,Arnimplatz,2019,4,13,7,3,5,2,0,1,0,0,0,0,1,0.0,Pankow,Accident with minor injuries,Collision with a turning/crossing vehicle,Turning accident,Daylight,Dry,1219,409335.0
4851,4851,194154,7,Neu-Tempelhof,2019,4,13,7,3,5,2,0,1,0,0,1,0,0,0.0,Tempelhof-Schöneberg,Accident with minor injuries,Collision with a turning/crossing vehicle,Turning accident,Daylight,Dry,1241,350984.0
4852,4852,194155,1,Rehberge,2019,4,12,7,3,6,4,0,0,0,1,0,1,0,0.0,Mitte,Accident with minor injuries,Collision between vehicle and pedestrian,Pedestrian crossing accident,Daylight,Dry,2215,385748.0
4853,4853,194156,8,Reuterkiez,2019,4,11,7,3,0,2,0,1,1,0,0,0,0,0.0,Neukölln,Accident with minor injuries,Others,Turning accident,Daylight,Dry,934,329917.0
4854,4854,194157,11,Rüdigerstraße,2019,4,10,7,3,6,2,0,0,1,1,0,0,0,0.0,Lichtenberg,Accident with minor injuries,Collision between vehicle and pedestrian,Turning accident,Daylight,Dry,679,294201.0
4855,4855,194158,12,Frohnau,2019,4,8,7,2,3,6,0,1,0,0,0,0,0,0.0,Reinickendorf,Accident with serious injuries,Collision with a vehicle traveling laterally in the same direction,Collision involving vehicles going in the same way,Daylight,Dry,867,266408.0
4856,4856,194159,3,Komponistenviertel Weißensee,2019,4,3,7,3,0,1,2,0,1,0,0,0,0,1.0,Pankow,Accident with minor injuries,Others,Driving accident,Dark,Wet/moist/slippery,1219,409335.0
4857,4857,194160,11,Fennpfuhl Ost,2019,4,23,7,3,0,1,2,1,0,0,0,0,0,0.0,Lichtenberg,Accident with minor injuries,Others,Driving accident,Dark,Dry,679,294201.0
4858,4858,194161,3,Falkplatz,2019,4,9,6,3,5,2,0,1,1,0,0,0,0,0.0,Pankow,Accident with minor injuries,Collision with a turning/crossing vehicle,Turning accident,Daylight,Dry,1219,409335.0
4859,4859,194162,9,Baumschulenstraße,2019,4,17,6,3,5,3,0,1,1,0,0,0,0,0.0,Treptow-Köpenick,Accident with minor injuries,Collision with a turning/crossing vehicle,Turning/Crossing accident,Daylight,Dry,892,273689.0
4860,4860,194163,1,Invalidenstraße,2019,4,23,6,3,5,2,2,1,0,0,1,0,0,0.0,Mitte,Accident with minor injuries,Collision with a turning/crossing vehicle,Turning accident,Dark,Dry,2215,385748.0
4861,4861,194164,2,Oranienplatz,2019,4,20,6,3,5,2,1,1,1,0,0,0,0,0.0,Friedrichshain-Kreuzberg,Accident with minor injuries,Collision with a turning/crossing vehicle,Turning accident,Twilight,Dry,1381,290386.0
4862,4862,194165,3,Schönholz,2019,4,20,6,3,5,3,0,1,1,0,0,0,0,0.0,Pankow,Accident with minor injuries,Collision with a turning/crossing vehicle,Turning/Crossing accident,Daylight,Dry,1219,409335.0
4863,4863,194166,8,Parchimer Allee,2019,4,19,6,3,2,6,1,0,1,0,0,0,0,0.0,Neukölln,Accident with minor injuries,Collision with the vehicle in front/waiting vehicle,Collision involving vehicles going in the same way,Twilight,Dry,934,329917.0
4864,4864,194167,3,Herthaplatz,2019,4,18,6,3,5,3,0,1,1,0,0,0,0,0.0,Pankow,Accident with minor injuries,Collision with a turning/crossing vehicle,Turning/Crossing accident,Daylight,Dry,1219,409335.0
4865,4865,194168,6,Dahlem,2019,4,18,6,3,5,5,0,1,1,0,0,0,0,0.0,Steglitz-Zehlendorf,Accident with minor injuries,Collision with a turning/crossing vehicle,Accident involving parked vehicles,Daylight,Dry,851,310071.0
4866,4866,194169,12,Waidmannslust,2019,4,22,6,3,1,5,2,0,1,0,0,0,0,0.0,Reinickendorf,Accident with minor injuries,Collision with a moving/standing/parked vehicle,Accident involving parked vehicles,Dark,Dry,867,266408.0
4867,4867,194170,8,Buschkrugallee Nord,2019,4,20,6,2,5,2,0,0,1,0,0,0,0,0.0,Neukölln,Accident with serious injuries,Collision with a turning/crossing vehicle,Turning accident,Daylight,Dry,934,329917.0
4868,4868,194171,4,Preußenpark,2019,4,9,6,3,5,3,0,1,1,0,0,0,0,0.0,Charlottenburg-Wilmersdorf,Accident with minor injuries,Collision with a turning/crossing vehicle,Turning/Crossing accident,Daylight,Dry,1727,343592.0
4869,4869,194172,7,Manteuffelstraße,2019,4,8,6,3,0,7,0,0,1,0,0,0,1,0.0,Tempelhof-Schöneberg,Accident with minor injuries,Others,Others,Daylight,Dry,1241,350984.0
4870,4870,194173,3,Winsstraße,2019,4,7,6,3,1,5,0,1,0,0,0,0,1,0.0,Pankow,Accident with minor injuries,Collision with a moving/standing/parked vehicle,Accident involving parked vehicles,Daylight,Dry,1219,409335.0
4871,4871,194174,1,Nördlicher Landwehrkanal,2019,4,7,6,3,1,5,0,1,1,0,0,0,0,0.0,Mitte,Accident with minor injuries,Collision with a moving/standing/parked vehicle,Accident involving parked vehicles,Daylight,Dry,2215,385748.0
4872,4872,194175,7,Dennewitzplatz,2019,4,9,6,3,1,5,0,1,1,0,0,0,0,0.0,Tempelhof-Schöneberg,Accident with minor injuries,Collision with a moving/standing/parked vehicle,Accident involving parked vehicles,Daylight,Dry,1241,350984.0
4873,4873,194176,1,Rehberge,2019,4,10,6,3,3,6,0,0,1,0,0,1,0,0.0,Mitte,Accident with minor injuries,Collision with a vehicle traveling laterally in the same direction,Collision involving vehicles going in the same way,Daylight,Dry,2215,385748.0
4874,4874,194177,4,Schloßstraße,2019,4,12,6,3,5,3,0,1,0,0,1,0,0,0.0,Charlottenburg-Wilmersdorf,Accident with minor injuries,Collision with a turning/crossing vehicle,Turning/Crossing accident,Daylight,Dry,1727,343592.0
4875,4875,194178,2,Traveplatz,2019,4,12,6,3,5,2,0,1,1,0,0,0,0,0.0,Friedrichshain-Kreuzberg,Accident with minor injuries,Collision with a turning/crossing vehicle,Turning accident,Daylight,Dry,1381,290386.0
4876,4876,194179,1,Unter den Linden Süd,2019,4,14,6,3,5,3,0,0,1,0,0,1,0,0.0,Mitte,Accident with minor injuries,Collision with a turning/crossing vehicle,Turning/Crossing accident,Daylight,Dry,2215,385748.0
4877,4877,194180,5,Zitadellenweg,2019,4,14,6,3,2,6,0,0,1,0,0,0,0,0.0,Spandau,Accident with minor injuries,Collision with the vehicle in front/waiting vehicle,Collision involving vehicles going in the same way,Daylight,Dry,798,245197.0
4878,4878,194181,4,Reichsstraße,2019,4,14,6,3,3,6,0,1,1,0,0,0,0,0.0,Charlottenburg-Wilmersdorf,Accident with minor injuries,Collision with a vehicle traveling laterally in the same direction,Collision involving vehicles going in the same way,Daylight,Dry,1727,343592.0
4879,4879,194182,4,Karl-August-Platz,2019,4,14,6,3,3,6,0,1,1,0,0,0,0,0.0,Charlottenburg-Wilmersdorf,Accident with minor injuries,Collision with a vehicle traveling laterally in the same direction,Collision involving vehicles going in the same way,Daylight,Dry,1727,343592.0
4880,4880,194183,10,Herzbergstraße,2019,4,15,6,3,2,6,0,0,1,0,0,0,0,0.0,Marzahn-Hellersdorf,Accident with minor injuries,Collision with the vehicle in front/waiting vehicle,Collision involving vehicles going in the same way,Daylight,Dry,586,269967.0
4881,4881,194184,1,Emdener Straße,2019,4,17,6,3,1,5,0,1,1,0,0,0,0,0.0,Mitte,Accident with minor injuries,Collision with a moving/standing/parked vehicle,Accident involving parked vehicles,Daylight,Dry,2215,385748.0
4882,4882,194185,9,Bohnsdorf,2019,4,16,6,3,2,6,0,0,1,0,0,0,1,0.0,Treptow-Köpenick,Accident with minor injuries,Collision with the vehicle in front/waiting vehicle,Collision involving vehicles going in the same way,Daylight,Dry,892,273689.0
4883,4883,194186,3,Helmholtzplatz,2019,4,16,6,3,6,4,0,0,1,1,0,0,0,0.0,Pankow,Accident with minor injuries,Collision between vehicle and pedestrian,Pedestrian crossing accident,Daylight,Dry,1219,409335.0
4884,4884,194187,6,Teltower Damm,2019,4,16,6,3,5,3,0,1,1,0,0,0,0,0.0,Steglitz-Zehlendorf,Accident with minor injuries,Collision with a turning/crossing vehicle,Turning/Crossing accident,Daylight,Dry,851,310071.0
4885,4885,194188,8,Reuterkiez,2019,4,16,6,3,2,6,0,0,1,0,0,0,0,0.0,Neukölln,Accident with minor injuries,Collision with the vehicle in front/waiting vehicle,Collision involving vehicles going in the same way,Daylight,Dry,934,329917.0
4886,4886,194189,6,Augustaplatz,2019,4,17,6,3,2,6,0,0,1,0,1,0,0,0.0,Steglitz-Zehlendorf,Accident with minor injuries,Collision with the vehicle in front/waiting vehicle,Collision involving vehicles going in the same way,Daylight,Dry,851,310071.0
4887,4887,194190,8,Reuterkiez,2019,4,17,6,3,5,2,0,0,1,0,0,0,0,0.0,Neukölln,Accident with minor injuries,Collision with a turning/crossing vehicle,Turning accident,Daylight,Dry,934,329917.0
4888,4888,194191,7,Friedenau,2019,4,13,6,3,1,5,0,0,1,0,0,0,0,0.0,Tempelhof-Schöneberg,Accident with minor injuries,Collision with a moving/standing/parked vehicle,Accident involving parked vehicles,Daylight,Dry,1241,350984.0
4889,4889,194192,10,Mahlsdorf Süd,2019,4,11,5,3,5,3,0,1,1,0,0,0,0,0.0,Marzahn-Hellersdorf,Accident with minor injuries,Collision with a turning/crossing vehicle,Turning/Crossing accident,Daylight,Dry,586,269967.0
4890,4890,194193,10,Helle Mitte,2019,4,20,5,3,0,2,1,0,1,0,0,0,1,0.0,Marzahn-Hellersdorf,Accident with minor injuries,Others,Turning accident,Twilight,Dry,586,269967.0
4891,4891,194194,7,Dennewitzplatz,2019,4,12,5,3,5,3,0,1,1,0,0,0,0,0.0,Tempelhof-Schöneberg,Accident with minor injuries,Collision with a turning/crossing vehicle,Turning/Crossing accident,Daylight,Dry,1241,350984.0
4892,4892,194195,4,Reichsstraße,2019,4,16,5,3,6,2,0,0,1,1,0,0,0,0.0,Charlottenburg-Wilmersdorf,Accident with minor injuries,Collision between vehicle and pedestrian,Turning accident,Daylight,Dry,1727,343592.0
4893,4893,194196,4,Messegelände,2019,4,18,5,3,3,6,0,0,1,0,0,1,0,0.0,Charlottenburg-Wilmersdorf,Accident with minor injuries,Collision with a vehicle traveling laterally in the same direction,Collision involving vehicles going in the same way,Daylight,Dry,1727,343592.0
4894,4894,194197,7,Lindenhofsiedlung,2019,4,18,5,3,2,2,0,0,1,0,0,0,0,0.0,Tempelhof-Schöneberg,Accident with minor injuries,Collision with the vehicle in front/waiting vehicle,Turning accident,Daylight,Dry,1241,350984.0
4895,4895,194198,8,Buckow Mitte,2019,4,17,5,3,2,6,0,0,1,0,1,0,0,0.0,Neukölln,Accident with minor injuries,Collision with the vehicle in front/waiting vehicle,Collision involving vehicles going in the same way,Daylight,Dry,934,329917.0
4896,4896,194199,7,Dennewitzplatz,2019,4,7,5,3,6,4,0,0,1,1,0,0,0,0.0,Tempelhof-Schöneberg,Accident with minor injuries,Collision between vehicle and pedestrian,Pedestrian crossing accident,Daylight,Dry,1241,350984.0
4897,4897,194200,7,Eisenacher Straße,2019,4,6,5,3,3,6,0,0,1,0,0,0,0,0.0,Tempelhof-Schöneberg,Accident with minor injuries,Collision with a vehicle traveling laterally in the same direction,Collision involving vehicles going in the same way,Daylight,Dry,1241,350984.0
4898,4898,194201,3,Kollwitzplatz,2019,4,17,5,3,1,5,0,1,1,0,0,0,0,0.0,Pankow,Accident with minor injuries,Collision with a moving/standing/parked vehicle,Accident involving parked vehicles,Daylight,Dry,1219,409335.0
4899,4899,194202,7,Marienhöhe,2019,4,16,5,3,0,3,0,0,1,0,1,0,0,0.0,Tempelhof-Schöneberg,Accident with minor injuries,Others,Turning/Crossing accident,Daylight,Dry,1241,350984.0
4900,4900,194203,5,Börnicker Straße,2019,4,16,5,3,0,3,0,0,1,0,0,0,1,0.0,Spandau,Accident with minor injuries,Others,Turning/Crossing accident,Daylight,Dry,798,245197.0
4901,4901,194204,2,Wriezener Bahnhof/Entwicklungsgebiet,2019,4,16,5,3,5,1,0,0,1,0,1,0,0,0.0,Friedrichshain-Kreuzberg,Accident with minor injuries,Collision with a turning/crossing vehicle,Driving accident,Daylight,Dry,1381,290386.0
4902,4902,194205,9,Dammvorstadt,2019,4,16,5,2,5,3,0,1,1,0,0,0,0,0.0,Treptow-Köpenick,Accident with serious injuries,Collision with a turning/crossing vehicle,Turning/Crossing accident,Daylight,Dry,892,273689.0
4903,4903,194206,4,Bismarckallee,2019,4,16,5,3,0,4,0,1,0,1,0,0,0,0.0,Charlottenburg-Wilmersdorf,Accident with minor injuries,Others,Pedestrian crossing accident,Daylight,Dry,1727,343592.0
4904,4904,194207,3,Buchholz,2019,4,15,5,2,5,3,0,1,1,0,0,0,0,0.0,Pankow,Accident with serious injuries,Collision with a turning/crossing vehicle,Turning/Crossing accident,Daylight,Dry,1219,409335.0
4905,4905,194208,4,Schaperstraße,2019,4,16,5,3,2,6,0,0,1,0,0,0,0,0.0,Charlottenburg-Wilmersdorf,Accident with minor injuries,Collision with the vehicle in front/waiting vehicle,Collision involving vehicles going in the same way,Daylight,Dry,1727,343592.0
4906,4906,194209,6,Krumme Lanke,2019,4,15,5,3,5,2,0,1,1,0,0,0,0,0.0,Steglitz-Zehlendorf,Accident with minor injuries,Collision with a turning/crossing vehicle,Turning accident,Daylight,Dry,851,310071.0
4907,4907,194210,9,Köllnische Vorstadt,2019,4,15,5,3,3,6,0,0,1,0,1,0,0,0.0,Treptow-Köpenick,Accident with minor injuries,Collision with a vehicle traveling laterally in the same direction,Collision involving vehicles going in the same way,Daylight,Dry,892,273689.0