,Unnamed: 0,object id,district,street,year,month,hour of day,weekday,category,accident type,accident type 2,light situation,bike involved,car involved,pedestrian involved,motor bike involved,big track involved,other vehicle involved,road condition,district name,category name,accident detail,accident type detail,light condition,road condition detail,accident count by district,est. population
4908,4908,194211,2,Hausburgviertel,2019,4,5,5,2,2,6,0,1,1,0,0,0,0,0.0,Friedrichshain-Kreuzberg,Accident with serious injuries,Collision with the vehicle in front/waiting vehicle,Collision involving vehicles going in the same way,Daylight,Dry,1381,290386.0
4909,4909,194212,1,Alexanderplatzviertel,2019,4,15,5,3,2,2,0,1,1,0,0,0,0,0.0,Mitte,Accident with minor injuries,Collision with the vehicle in front/waiting vehicle,Turning accident,Daylight,Dry,2215,385748.0
4910,4910,194213,11,Victoriastadt,2019,4,13,5,3,5,5,0,1,1,0,0,0,1,0.0,Lichtenberg,Accident with minor injuries,Collision with a turning/crossing vehicle,Accident involving parked vehicles,Daylight,Dry,679,294201.0
4911,4911,194214,9,Altstadt Kietz,2019,4,12,5,2,5,3,0,1,1,0,0,0,0,0.0,Treptow-Köpenick,Accident with serious injuries,Collision with a turning/crossing vehicle,Turning/Crossing accident,Daylight,Dry,892,273689.0
4912,4912,194215,3,Blankenburg,2019,4,12,5,3,5,3,0,1,0,0,0,0,1,0.0,Pankow,Accident with minor injuries,Collision with a turning/crossing vehicle,Turning/Crossing accident,Daylight,Dry,1219,409335.0
4913,4913,194216,9,Kietzer Feld/Nachtheide,2019,4,12,5,3,0,3,0,1,1,0,0,0,0,0.0,Treptow-Köpenick,Accident with minor injuries,Others,Turning/Crossing accident,Daylight,Dry,892,273689.0
4914,4914,194217,5,Isenburger Weg,2019,4,12,5,3,5,3,0,0,1,0,1,0,0,0.0,Spandau,Accident with minor injuries,Collision with a turning/crossing vehicle,Turning/Crossing accident,Daylight,Dry,798,245197.0
4915,4915,194218,2,Hausburgviertel,2019,4,12,5,3,5,2,0,0,1,0,1,0,0,0.0,Friedrichshain-Kreuzberg,Accident with minor injuries,Collision with a turning/crossing vehicle,Turning accident,Daylight,Dry,1381,290386.0
4916,4916,194219,7,Wittenbergplatz/Viktoria-Luise-Platz,2019,4,11,5,3,5,3,0,1,1,0,0,0,0,0.0,Tempelhof-Schöneberg,Accident with minor injuries,Collision with a turning/crossing vehicle,Turning/Crossing accident,Daylight,Dry,1241,350984.0
4917,4917,194220,3,Weißenseer Spitze,2019,4,10,5,3,3,6,0,1,1,0,0,0,0,0.0,Pankow,Accident with minor injuries,Collision with a vehicle traveling laterally in the same direction,Collision involving vehicles going in the same way,Daylight,Dry,1219,409335.0
4918,4918,194221,9,Dorf Altglienicke,2019,4,9,5,3,5,2,0,1,0,0,0,1,0,0.0,Treptow-Köpenick,Accident with minor injuries,Collision with a turning/crossing vehicle,Turning accident,Daylight,Dry,892,273689.0
4919,4919,194222,8,Bouchéstraße,2019,4,9,5,3,1,5,0,1,1,0,0,0,0,0.0,Neukölln,Accident with minor injuries,Collision with a moving/standing/parked vehicle,Accident involving parked vehicles,Daylight,Dry,934,329917.0
4920,4920,194223,12,Wittenau Süd,2019,4,9,5,3,0,6,0,0,0,0,0,0,1,0.0,Reinickendorf,Accident with minor injuries,Others,Collision involving vehicles going in the same way,Daylight,Dry,867,266408.0
4921,4921,194224,3,Gustav-Adolf-Straße,2019,4,9,5,3,5,2,0,1,1,0,0,0,0,0.0,Pankow,Accident with minor injuries,Collision with a turning/crossing vehicle,Turning accident,Daylight,Dry,1219,409335.0
4922,4922,194225,7,Grazer Platz,2019,4,8,5,3,5,3,0,1,1,0,0,0,0,0.0,Tempelhof-Schöneberg,Accident with minor injuries,Collision with a turning/crossing vehicle,Turning/Crossing accident,Daylight,Dry,1241,350984.0
4923,4923,194226,1,Arkonaplatz,2019,4,8,5,3,5,3,0,1,1,0,0,0,0,0.0,Mitte,Accident with minor injuries,Collision with a turning/crossing vehicle,Turning/Crossing accident,Daylight,Dry,2215,385748.0
4924,4924,194227,2,Reichenberger Straße,2019,4,13,5,3,1,7,0,0,1,0,0,0,0,0.0,Friedrichshain-Kreuzberg,Accident with minor injuries,Collision with a moving/standing/parked vehicle,Others,Daylight,Dry,1381,290386.0
4925,4925,194228,3,Greifswalder Straße,2019,4,16,5,3,5,7,0,1,1,0,0,0,0,0.0,Pankow,Accident with minor injuries,Collision with a turning/crossing vehicle,Others,Daylight,Dry,1219,409335.0
4926,4926,194229,5,Zitadellenweg,2019,4,20,4,3,1,1,2,0,1,0,0,0,0,0.0,Spandau,Accident with minor injuries,Collision with a moving/standing/parked vehicle,Driving accident,Dark,Dry,798,245197.0
4927,4927,194230,5,An der Kappe,2019,4,20,4,2,5,3,2,0,1,0,1,0,0,0.0,Spandau,Accident with serious injuries,Collision with a turning/crossing vehicle,Turning/Crossing accident,Dark,Dry,798,245197.0
4928,4928,194231,9,Rahnsdorf/Hessenwinkel,2019,4,16,4,3,0,3,0,1,1,0,0,0,0,0.0,Treptow-Köpenick,Accident with minor injuries,Others,Turning/Crossing accident,Daylight,Dry,892,273689.0
4929,4929,194232,2,Moritzplatz,2019,4,22,4,3,6,2,2,0,1,1,0,0,0,0.0,Friedrichshain-Kreuzberg,Accident with minor injuries,Collision between vehicle and pedestrian,Turning accident,Dark,Dry,1381,290386.0
4930,4930,194233,9,Köpenick Nord,2019,4,11,4,3,0,3,0,0,1,0,0,0,0,0.0,Treptow-Köpenick,Accident with minor injuries,Others,Turning/Crossing accident,Daylight,Dry,892,273689.0
4931,4931,194234,1,Lüneburger Straße,2019,4,11,4,3,2,6,0,0,1,0,1,0,0,0.0,Mitte,Accident with minor injuries,Collision with the vehicle in front/waiting vehicle,Collision involving vehicles going in the same way,Daylight,Dry,2215,385748.0
4932,4932,194235,1,Rehberge,2019,4,20,4,3,5,3,2,0,1,0,0,0,1,0.0,Mitte,Accident with minor injuries,Collision with a turning/crossing vehicle,Turning/Crossing accident,Dark,Dry,2215,385748.0
4933,4933,194236,4,Preußenpark,2019,4,5,4,3,6,2,1,1,0,1,0,0,0,0.0,Charlottenburg-Wilmersdorf,Accident with minor injuries,Collision between vehicle and pedestrian,Turning accident,Twilight,Dry,1727,343592.0
4934,4934,194237,2,Chamissokiez,2019,4,20,4,3,5,3,1,1,0,0,0,0,0,0.0,Friedrichshain-Kreuzberg,Accident with minor injuries,Collision with a turning/crossing vehicle,Turning/Crossing accident,Twilight,Dry,1381,290386.0
4935,4935,194238,7,Schöneberger Insel,2019,4,22,4,3,3,6,2,0,1,0,0,0,0,0.0,Tempelhof-Schöneberg,Accident with minor injuries,Collision with a vehicle traveling laterally in the same direction,Collision involving vehicles going in the same way,Dark,Dry,1241,350984.0
4936,4936,194239,1,Stülerstraße,2019,4,21,4,3,5,7,2,0,1,0,1,0,0,0.0,Mitte,Accident with minor injuries,Collision with a turning/crossing vehicle,Others,Dark,Dry,2215,385748.0
4937,4937,194240,4,George-Grosz-Platz,2019,4,20,4,3,5,3,1,1,1,0,0,0,0,0.0,Charlottenburg-Wilmersdorf,Accident with minor injuries,Collision with a turning/crossing vehicle,Turning/Crossing accident,Twilight,Dry,1727,343592.0
4938,4938,194241,6,Thielallee,2019,4,18,4,3,3,6,0,1,1,0,0,0,0,0.0,Steglitz-Zehlendorf,Accident with minor injuries,Collision with a vehicle traveling laterally in the same direction,Collision involving vehicles going in the same way,Daylight,Dry,851,310071.0
4939,4939,194242,7,Grazer Platz,2019,4,18,4,3,0,6,0,1,0,0,0,0,1,0.0,Tempelhof-Schöneberg,Accident with minor injuries,Others,Collision involving vehicles going in the same way,Daylight,Dry,1241,350984.0
4940,4940,194243,5,Ackerstraße,2019,4,17,4,3,6,7,0,0,1,1,0,0,0,0.0,Spandau,Accident with minor injuries,Collision between vehicle and pedestrian,Others,Daylight,Dry,798,245197.0
4941,4941,194244,6,Zehlendorf Mitte,2019,4,20,4,3,1,1,1,0,1,0,0,0,0,0.0,Steglitz-Zehlendorf,Accident with minor injuries,Collision with a moving/standing/parked vehicle,Driving accident,Twilight,Dry,851,310071.0
4942,4942,194245,1,Lützowstraße,2019,4,13,4,3,0,1,0,1,0,0,0,0,0,0.0,Mitte,Accident with minor injuries,Others,Driving accident,Daylight,Dry,2215,385748.0
4943,4943,194246,3,Buchholz,2019,4,17,4,3,1,1,0,0,1,0,1,0,0,0.0,Pankow,Accident with minor injuries,Collision with a moving/standing/parked vehicle,Driving accident,Daylight,Dry,1219,409335.0
4944,4944,194247,7,Rathaus Tempelhof,2019,4,17,4,3,2,6,0,0,1,0,0,0,0,0.0,Tempelhof-Schöneberg,Accident with minor injuries,Collision with the vehicle in front/waiting vehicle,Collision involving vehicles going in the same way,Daylight,Dry,1241,350984.0
4945,4945,194248,10,Helle Mitte,2019,4,12,4,3,2,6,0,0,1,0,1,0,0,0.0,Marzahn-Hellersdorf,Accident with minor injuries,Collision with the vehicle in front/waiting vehicle,Collision involving vehicles going in the same way,Daylight,Dry,586,269967.0
4946,4946,194249,2,Friedenstraße,2019,4,12,4,3,2,7,0,0,1,0,0,0,1,0.0,Friedrichshain-Kreuzberg,Accident with minor injuries,Collision with the vehicle in front/waiting vehicle,Others,Daylight,Dry,1381,290386.0
4947,4947,194250,11,Herzbergstraße,2019,4,16,4,3,6,4,0,0,1,1,0,0,0,0.0,Lichtenberg,Accident with minor injuries,Collision between vehicle and pedestrian,Pedestrian crossing accident,Daylight,Dry,679,294201.0
4948,4948,194251,1,Invalidenstraße,2019,4,13,4,3,1,5,0,1,1,0,0,0,0,0.0,Mitte,Accident with minor injuries,Collision with a moving/standing/parked vehicle,Accident involving parked vehicles,Daylight,Dry,2215,385748.0
4949,4949,194252,2,Wriezener Bahnhof/Entwicklungsgebiet,2019,4,13,4,3,5,2,0,1,1,0,0,0,0,0.0,Friedrichshain-Kreuzberg,Accident with minor injuries,Collision with a turning/crossing vehicle,Turning accident,Daylight,Dry,1381,290386.0
4950,4950,194253,5,Ackerstraße,2019,4,13,4,3,5,2,0,0,1,0,0,0,0,0.0,Spandau,Accident with minor injuries,Collision with a turning/crossing vehicle,Turning accident,Daylight,Dry,798,245197.0
4951,4951,194254,1,Arkonaplatz,2019,4,15,4,3,5,3,0,1,1,0,0,0,0,0.0,Mitte,Accident with minor injuries,Collision with a turning/crossing vehicle,Turning/Crossing accident,Daylight,Dry,2215,385748.0
4952,4952,194255,1,Rehberge,2019,4,15,4,3,5,2,0,1,1,0,0,0,0,0.0,Mitte,Accident with minor injuries,Collision with a turning/crossing vehicle,Turning accident,Daylight,Dry,2215,385748.0
4953,4953,194256,1,Brunnenstraße,2019,4,10,4,3,5,2,0,0,1,0,0,0,1,0.0,Mitte,Accident with minor injuries,Collision with a turning/crossing vehicle,Turning accident,Daylight,Dry,2215,385748.0
4954,4954,194257,11,Rummelsburg,2019,4,10,4,3,2,2,0,1,0,0,0,0,1,0.0,Lichtenberg,Accident with minor injuries,Collision with the vehicle in front/waiting vehicle,Turning accident,Daylight,Dry,679,294201.0
4955,4955,194258,1,Charitéviertel,2019,4,10,4,3,6,2,0,1,0,1,0,0,0,0.0,Mitte,Accident with minor injuries,Collision between vehicle and pedestrian,Turning accident,Daylight,Dry,2215,385748.0
4956,4956,194259,5,Carl-Schurz-Straße,2019,4,9,4,3,2,6,0,0,1,0,0,0,0,0.0,Spandau,Accident with minor injuries,Collision with the vehicle in front/waiting vehicle,Collision involving vehicles going in the same way,Daylight,Dry,798,245197.0
4957,4957,194260,10,Oberfeldstraße,2019,4,8,4,3,5,2,0,1,1,0,0,0,0,0.0,Marzahn-Hellersdorf,Accident with minor injuries,Collision with a turning/crossing vehicle,Turning accident,Daylight,Dry,586,269967.0
4958,4958,194261,3,Pankow Zentrum,2019,4,6,4,3,2,2,0,0,1,0,0,0,0,0.0,Pankow,Accident with minor injuries,Collision with the vehicle in front/waiting vehicle,Turning accident,Daylight,Dry,1219,409335.0
4959,4959,194262,8,Schillerpromenade,2019,4,17,4,3,1,2,0,0,1,1,0,0,1,0.0,Neukölln,Accident with minor injuries,Collision with a moving/standing/parked vehicle,Turning accident,Daylight,Dry,934,329917.0
4960,4960,194263,7,Rathaus Tempelhof,2019,4,14,3,3,5,2,0,1,1,0,0,0,0,0.0,Tempelhof-Schöneberg,Accident with minor injuries,Collision with a turning/crossing vehicle,Turning accident,Daylight,Dry,1241,350984.0
4961,4961,194264,3,Erich-Weinert-Straße,2019,4,21,3,3,6,4,2,1,1,1,0,0,0,0.0,Pankow,Accident with minor injuries,Collision between vehicle and pedestrian,Pedestrian crossing accident,Dark,Dry,1219,409335.0
4962,4962,194265,12,Ziekowstraße/Freie Scholle,2019,4,21,3,3,2,2,2,0,1,0,0,0,0,0.0,Reinickendorf,Accident with minor injuries,Collision with the vehicle in front/waiting vehicle,Turning accident,Dark,Dry,867,266408.0
4963,4963,194266,1,Humboldthain Süd,2019,4,21,3,3,0,7,2,0,0,0,1,0,0,0.0,Mitte,Accident with minor injuries,Others,Others,Dark,Dry,2215,385748.0
4964,4964,194267,11,Dorf Wartenberg,2019,4,10,3,3,5,2,0,0,1,0,1,0,0,0.0,Lichtenberg,Accident with minor injuries,Collision with a turning/crossing vehicle,Turning accident,Daylight,Dry,679,294201.0
4965,4965,194268,4,Plötzensee,2019,4,10,3,3,5,3,0,1,1,0,0,0,0,0.0,Charlottenburg-Wilmersdorf,Accident with minor injuries,Collision with a turning/crossing vehicle,Turning/Crossing accident,Daylight,Dry,1727,343592.0
4966,4966,194269,9,Adlershof West,2019,4,20,3,3,5,2,2,0,1,0,0,0,0,0.0,Treptow-Köpenick,Accident with minor injuries,Collision with a turning/crossing vehicle,Turning accident,Dark,Dry,892,273689.0
4967,4967,194270,12,Lübarser Straße,2019,4,10,3,3,2,2,0,0,1,0,0,0,0,0.0,Reinickendorf,Accident with minor injuries,Collision with the vehicle in front/waiting vehicle,Turning accident,Daylight,Dry,867,266408.0
4968,4968,194271,5,Carl-Schurz-Straße,2019,4,12,3,3,2,6,0,0,1,0,0,0,0,0.0,Spandau,Accident with minor injuries,Collision with the vehicle in front/waiting vehicle,Collision involving vehicles going in the same way,Daylight,Dry,798,245197.0
4969,4969,194272,4,Schlangenbader Straße,2019,4,17,3,3,5,2,0,0,1,0,1,0,0,0.0,Charlottenburg-Wilmersdorf,Accident with minor injuries,Collision with a turning/crossing vehicle,Turning accident,Daylight,Dry,1727,343592.0
4970,4970,194273,5,Staakener Straße,2019,4,10,3,3,8,1,0,0,1,0,0,0,0,0.0,Spandau,Accident with minor injuries,Departure from the roadway to the right,Driving accident,Daylight,Dry,798,245197.0
4971,4971,194274,1,Wilhelmstraße,2019,4,9,3,3,5,3,0,1,1,0,0,0,0,0.0,Mitte,Accident with minor injuries,Collision with a turning/crossing vehicle,Turning/Crossing accident,Daylight,Dry,2215,385748.0
4972,4972,194275,7,Kaiser-Wilhelm-Platz,2019,4,9,3,3,0,2,0,0,1,0,0,0,1,0.0,Tempelhof-Schöneberg,Accident with minor injuries,Others,Turning accident,Daylight,Dry,1241,350984.0
4973,4973,194276,4,Spreestadt,2019,4,9,3,2,5,2,0,1,1,0,0,0,0,0.0,Charlottenburg-Wilmersdorf,Accident with serious injuries,Collision with a turning/crossing vehicle,Turning accident,Daylight,Dry,1727,343592.0
4974,4974,194277,3,Erich-Weinert-Straße,2019,4,8,3,3,5,2,0,0,1,0,0,0,0,0.0,Pankow,Accident with minor injuries,Collision with a turning/crossing vehicle,Turning accident,Daylight,Dry,1219,409335.0
4975,4975,194278,3,Volkspark Prenzlauer Berg,2019,4,9,3,3,2,6,0,0,0,0,1,0,1,0.0,Pankow,Accident with minor injuries,Collision with the vehicle in front/waiting vehicle,Collision involving vehicles going in the same way,Daylight,Dry,1219,409335.0
4976,4976,194279,4,Schaperstraße,2019,4,9,3,3,3,6,0,0,1,0,0,0,0,0.0,Charlottenburg-Wilmersdorf,Accident with minor injuries,Collision with a vehicle traveling laterally in the same direction,Collision involving vehicles going in the same way,Daylight,Dry,1727,343592.0
4977,4977,194280,3,Gustav-Adolf-Straße,2019,4,8,3,3,5,3,0,0,1,0,0,0,0,0.0,Pankow,Accident with minor injuries,Collision with a turning/crossing vehicle,Turning/Crossing accident,Daylight,Dry,1219,409335.0
4978,4978,194281,5,An der Tränke,2019,4,8,3,2,5,2,0,0,1,0,1,0,0,0.0,Spandau,Accident with serious injuries,Collision with a turning/crossing vehicle,Turning accident,Daylight,Dry,798,245197.0
4979,4979,194282,5,Carl-Schurz-Straße,2019,4,8,3,3,5,7,0,0,1,0,1,0,0,0.0,Spandau,Accident with minor injuries,Collision with a turning/crossing vehicle,Others,Daylight,Dry,798,245197.0
4980,4980,194283,1,Humboldthain Nordwest,2019,4,8,3,2,5,3,0,1,1,0,0,0,0,0.0,Mitte,Accident with serious injuries,Collision with a turning/crossing vehicle,Turning/Crossing accident,Daylight,Dry,2215,385748.0
4981,4981,194284,5,Borkumer Straße,2019,4,7,3,3,5,2,0,1,0,0,0,0,1,0.0,Spandau,Accident with minor injuries,Collision with a turning/crossing vehicle,Turning accident,Daylight,Dry,798,245197.0
4982,4982,194285,9,Oberschöneweide West,2019,4,6,3,3,5,3,0,1,1,0,0,0,0,0.0,Treptow-Köpenick,Accident with minor injuries,Collision with a turning/crossing vehicle,Turning/Crossing accident,Daylight,Dry,892,273689.0
4983,4983,194286,2,Viktoriapark,2019,4,11,3,2,2,6,0,0,1,0,1,0,0,0.0,Friedrichshain-Kreuzberg,Accident with serious injuries,Collision with the vehicle in front/waiting vehicle,Collision involving vehicles going in the same way,Daylight,Dry,1381,290386.0
4984,4984,194287,4,Stadion Wilmersdorf,2019,4,11,3,3,5,2,0,1,1,0,0,0,0,0.0,Charlottenburg-Wilmersdorf,Accident with minor injuries,Collision with a turning/crossing vehicle,Turning accident,Daylight,Dry,1727,343592.0
4985,4985,194288,1,Thomasiusstraße,2019,4,11,3,3,5,2,0,0,1,0,0,0,0,0.0,Mitte,Accident with minor injuries,Collision with a turning/crossing vehicle,Turning accident,Daylight,Dry,2215,385748.0
4986,4986,194289,5,Staakener Straße,2019,4,12,3,3,2,7,0,1,1,0,0,0,0,0.0,Spandau,Accident with minor injuries,Collision with the vehicle in front/waiting vehicle,Others,Daylight,Dry,798,245197.0
4987,4987,194290,8,Tempelhofer Weg,2019,4,12,3,3,0,7,0,0,1,0,0,0,0,0.0,Neukölln,Accident with minor injuries,Others,Others,Daylight,Dry,934,329917.0
4988,4988,194291,12,Klixstraße,2019,4,12,3,3,2,6,0,0,1,0,0,0,0,0.0,Reinickendorf,Accident with minor injuries,Collision with the vehicle in front/waiting vehicle,Collision involving vehicles going in the same way,Daylight,Dry,867,266408.0
4989,4989,194292,9,Köpenick Nord,2019,4,13,3,3,2,6,0,0,1,0,0,0,0,0.0,Treptow-Köpenick,Accident with minor injuries,Collision with the vehicle in front/waiting vehicle,Collision involving vehicles going in the same way,Daylight,Dry,892,273689.0
4990,4990,194293,4,Leon-Jessel-Platz,2019,4,14,3,3,0,7,0,0,1,0,0,0,1,0.0,Charlottenburg-Wilmersdorf,Accident with minor injuries,Others,Others,Daylight,Dry,1727,343592.0
4991,4991,194294,7,Eisenacher Straße,2019,4,13,3,3,2,6,0,0,1,0,0,0,1,0.0,Tempelhof-Schöneberg,Accident with minor injuries,Collision with the vehicle in front/waiting vehicle,Collision involving vehicles going in the same way,Daylight,Dry,1241,350984.0
4992,4992,194295,4,Richard-Wagner-Straße,2019,4,14,3,3,1,5,0,1,1,0,0,0,0,0.0,Charlottenburg-Wilmersdorf,Accident with minor injuries,Collision with a moving/standing/parked vehicle,Accident involving parked vehicles,Daylight,Dry,1727,343592.0
4993,4993,194296,8,Rixdorf,2019,4,14,3,3,0,6,0,0,1,0,1,0,0,0.0,Neukölln,Accident with minor injuries,Others,Collision involving vehicles going in the same way,Daylight,Dry,934,329917.0
4994,4994,194297,5,Jägerallee,2019,4,15,3,3,2,6,0,0,1,0,0,0,0,0.0,Spandau,Accident with minor injuries,Collision with the vehicle in front/waiting vehicle,Collision involving vehicles going in the same way,Daylight,Dry,798,245197.0
4995,4995,194298,4,Preußenpark,2019,4,15,3,3,6,4,0,0,1,1,0,0,0,0.0,Charlottenburg-Wilmersdorf,Accident with minor injuries,Collision between vehicle and pedestrian,Pedestrian crossing accident,Daylight,Dry,1727,343592.0
4996,4996,194299,9,Bölschestraße,2019,4,16,3,2,5,2,0,1,1,0,0,0,0,0.0,Treptow-Köpenick,Accident with serious injuries,Collision with a turning/crossing vehicle,Turning accident,Daylight,Dry,892,273689.0
4997,4997,194300,1,Oranienburger Straße,2019,4,16,3,3,5,3,0,1,1,0,0,0,0,0.0,Mitte,Accident with minor injuries,Collision with a turning/crossing vehicle,Turning/Crossing accident,Daylight,Dry,2215,385748.0
4998,4998,194301,1,Hansaviertel,2019,4,16,3,3,5,2,0,0,1,0,1,0,0,0.0,Mitte,Accident with minor injuries,Collision with a turning/crossing vehicle,Turning accident,Daylight,Dry,2215,385748.0
4999,4999,194302,1,Rehberge,2019,4,15,2,3,2,2,0,0,1,0,0,0,0,0.0,Mitte,Accident with minor injuries,Collision with the vehicle in front/waiting vehicle,Turning accident,Daylight,Dry,2215,385748.0
5000,5000,194303,8,Gropiusstadt Ost,2019,4,14,2,3,5,2,0,1,1,0,0,0,0,0.0,Neukölln,Accident with minor injuries,Collision with a turning/crossing vehicle,Turning accident,Daylight,Dry,934,329917.0
5001,5001,194304,2,Mehringplatz,2019,4,15,2,3,2,6,0,0,1,0,0,0,0,0.0,Friedrichshain-Kreuzberg,Accident with minor injuries,Collision with the vehicle in front/waiting vehicle,Collision involving vehicles going in the same way,Daylight,Dry,1381,290386.0
5002,5002,194305,1,Reinickendorfer Straße,2019,4,22,2,3,1,5,2,0,1,0,1,0,0,0.0,Mitte,Accident with minor injuries,Collision with a moving/standing/parked vehicle,Accident involving parked vehicles,Dark,Dry,2215,385748.0
5003,5003,194306,4,Messegelände,2019,4,19,2,3,5,7,2,0,1,0,0,0,0,0.0,Charlottenburg-Wilmersdorf,Accident with minor injuries,Collision with a turning/crossing vehicle,Others,Dark,Dry,1727,343592.0
5004,5004,194307,1,Humboldthain Nordwest,2019,4,0,2,3,2,6,2,0,1,0,0,0,0,0.0,Mitte,Accident with minor injuries,Collision with the vehicle in front/waiting vehicle,Collision involving vehicles going in the same way,Dark,Dry,2215,385748.0
5005,5005,194308,11,Weitlingstraße,2019,4,23,2,3,5,3,2,0,1,0,0,0,0,0.0,Lichtenberg,Accident with minor injuries,Collision with a turning/crossing vehicle,Turning/Crossing accident,Dark,Dry,679,294201.0
5006,5006,194309,12,Alt-Tegel,2019,4,18,2,3,6,4,0,0,1,1,0,0,0,0.0,Reinickendorf,Accident with minor injuries,Collision between vehicle and pedestrian,Pedestrian crossing accident,Daylight,Dry,867,266408.0
5007,5007,194310,10,Marzahner Promenade,2019,4,18,2,3,5,2,0,0,1,0,0,0,0,0.0,Marzahn-Hellersdorf,Accident with minor injuries,Collision with a turning/crossing vehicle,Turning accident,Daylight,Dry,586,269967.0
5008,5008,194311,9,Kietzer Feld/Nachtheide,2019,4,18,2,2,0,1,0,0,0,0,1,0,0,0.0,Treptow-Köpenick,Accident with serious injuries,Others,Driving accident,Daylight,Dry,892,273689.0
5009,5009,194312,3,Greifswalder Straße,2019,4,16,2,2,2,6,0,1,0,0,0,0,0,0.0,Pankow,Accident with serious injuries,Collision with the vehicle in front/waiting vehicle,Collision involving vehicles going in the same way,Daylight,Dry,1219,409335.0
5010,5010,194313,9,Altstadt Kietz,2019,4,14,2,3,0,7,0,1,0,1,0,0,0,0.0,Treptow-Köpenick,Accident with minor injuries,Others,Others,Daylight,Dry,892,273689.0
5011,5011,194314,10,Mahlsdorf Nord,2019,4,14,2,3,5,3,0,1,0,0,0,0,0,0.0,Marzahn-Hellersdorf,Accident with minor injuries,Collision with a turning/crossing vehicle,Turning/Crossing accident,Daylight,Dry,586,269967.0
5012,5012,194315,9,Adlershof West,2019,4,14,2,2,4,1,0,0,1,0,0,0,0,0.0,Treptow-Köpenick,Accident with serious injuries,Collision with oncoming vehicle,Driving accident,Daylight,Dry,892,273689.0
5013,5013,194316,9,Bohnsdorf,2019,4,13,2,3,0,2,0,0,1,0,0,0,1,0.0,Treptow-Köpenick,Accident with minor injuries,Others,Turning accident,Daylight,Dry,892,273689.0
5014,5014,194317,8,Gropiusstadt Süd,2019,4,13,2,3,2,6,0,1,1,0,0,0,0,0.0,Neukölln,Accident with minor injuries,Collision with the vehicle in front/waiting vehicle,Collision involving vehicles going in the same way,Daylight,Dry,934,329917.0
5015,5015,194318,9,Müggelheim,2019,4,10,2,3,5,3,0,1,1,0,0,0,0,0.0,Treptow-Köpenick,Accident with minor injuries,Collision with a turning/crossing vehicle,Turning/Crossing accident,Daylight,Dry,892,273689.0
5016,5016,194319,2,Rathaus Yorckstraße,2019,4,9,2,2,5,3,0,0,1,0,1,0,0,0.0,Friedrichshain-Kreuzberg,Accident with serious injuries,Collision with a turning/crossing vehicle,Turning/Crossing accident,Daylight,Dry,1381,290386.0
5017,5017,194320,9,Dorf Altglienicke,2019,4,10,1,2,5,3,0,0,1,0,0,0,1,0.0,Treptow-Köpenick,Accident with serious injuries,Collision with a turning/crossing vehicle,Turning/Crossing accident,Daylight,Dry,892,273689.0
5018,5018,194321,4,Jungfernheide,2019,4,18,1,3,6,4,0,1,0,1,0,0,0,0.0,Charlottenburg-Wilmersdorf,Accident with minor injuries,Collision between vehicle and pedestrian,Pedestrian crossing accident,Daylight,Dry,1727,343592.0
5019,5019,194322,7,Marienfelde Süd,2019,4,16,1,3,5,3,0,1,1,0,0,0,0,0.0,Tempelhof-Schöneberg,Accident with minor injuries,Collision with a turning/crossing vehicle,Turning/Crossing accident,Daylight,Dry,1241,350984.0
5020,5020,194323,8,Buckow West,2019,4,16,1,3,5,3,0,0,1,0,1,0,0,0.0,Neukölln,Accident with minor injuries,Collision with a turning/crossing vehicle,Turning/Crossing accident,Daylight,Dry,934,329917.0
5021,5021,194324,9,Kietzer Feld/Nachtheide,2019,4,16,1,3,6,7,0,1,0,1,0,0,0,0.0,Treptow-Köpenick,Accident with minor injuries,Collision between vehicle and pedestrian,Others,Daylight,Dry,892,273689.0
5022,5022,194325,2,Lausitzer Platz,2019,4,15,1,3,6,7,0,1,0,1,0,0,0,0.0,Friedrichshain-Kreuzberg,Accident with minor injuries,Collision between vehicle and pedestrian,Others,Daylight,Dry,1381,290386.0
5023,5023,194326,3,Arnimplatz,2019,4,11,1,3,5,7,0,1,1,0,0,0,0,0.0,Pankow,Accident with minor injuries,Collision with a turning/crossing vehicle,Others,Daylight,Dry,1219,409335.0
5024,5024,194327,10,Wuhletalstraße,2019,4,17,1,2,1,5,0,1,1,0,0,0,0,0.0,Marzahn-Hellersdorf,Accident with serious injuries,Collision with a moving/standing/parked vehicle,Accident involving parked vehicles,Daylight,Dry,586,269967.0
5025,5025,194328,8,Rixdorf,2019,4,3,1,3,1,1,2,0,1,0,0,0,1,0.0,Neukölln,Accident with minor injuries,Collision with a moving/standing/parked vehicle,Driving accident,Dark,Dry,934,329917.0
5026,5026,194329,11,Wartenberg Süd,2019,4,14,1,3,0,2,0,0,0,0,0,0,1,0.0,Lichtenberg,Accident with minor injuries,Others,Turning accident,Daylight,Dry,679,294201.0
5027,5027,194330,3,Teutoburger Platz,2019,4,16,1,3,1,1,0,0,1,0,1,0,0,0.0,Pankow,Accident with minor injuries,Collision with a moving/standing/parked vehicle,Driving accident,Daylight,Dry,1219,409335.0
5028,5028,194331,11,Fennpfuhl Ost,2019,4,7,1,3,0,1,0,1,0,0,0,0,0,0.0,Lichtenberg,Accident with minor injuries,Others,Driving accident,Daylight,Dry,679,294201.0
5029,5029,194332,1,Reinickendorfer Straße,2019,4,15,1,3,5,2,0,0,1,0,0,0,1,0.0,Mitte,Accident with minor injuries,Collision with a turning/crossing vehicle,Turning accident,Daylight,Dry,2215,385748.0
5030,5030,194333,1,Brunnenstraße,2019,4,18,1,3,0,1,0,0,0,0,1,0,0,0.0,Mitte,Accident with minor injuries,Others,Driving accident,Daylight,Dry,2215,385748.0
5031,5031,194334,5,Ackerstraße,2019,4,3,7,1,9,1,2,0,1,0,0,1,0,0.0,Spandau,Accident with fatalities,Departure from the roadway to the left,Driving accident,Dark,Dry,798,245197.0