,Unnamed: 0,object id,district,street,year,month,hour of day,weekday,category,accident type,accident type 2,light situation,bike involved,car involved,pedestrian involved,motor bike involved,big track involved,other vehicle involved,road condition,district name,category name,accident detail,accident type detail,light condition,road condition detail,accident count by district,est. population
5150,5150,194453,1,Alexanderplatzviertel,2019,5,7,3,3,3,6,0,0,1,0,0,0,0,0.0,Mitte,Accident with minor injuries,Collision with a vehicle traveling laterally in the same direction,Collision involving vehicles going in the same way,Daylight,Dry,2215,385748.0
5151,5151,194454,12,Reinickes Hof,2019,5,5,3,3,2,6,1,0,1,0,1,0,0,1.0,Reinickendorf,Accident with minor injuries,Collision with the vehicle in front/waiting vehicle,Collision involving vehicles going in the same way,Twilight,Wet/moist/slippery,867,266408.0
5152,5152,194455,3,Arnimplatz,2019,5,15,2,2,5,2,0,1,1,0,0,0,0,0.0,Pankow,Accident with serious injuries,Collision with a turning/crossing vehicle,Turning accident,Daylight,Dry,1219,409335.0
5153,5153,194456,6,Königsberger Straße,2019,5,10,2,3,1,5,0,0,1,0,0,0,0,0.0,Steglitz-Zehlendorf,Accident with minor injuries,Collision with a moving/standing/parked vehicle,Accident involving parked vehicles,Daylight,Dry,851,310071.0
5154,5154,194457,1,Leipziger Straße,2019,5,16,2,3,2,2,0,0,1,0,0,0,1,0.0,Mitte,Accident with minor injuries,Collision with the vehicle in front/waiting vehicle,Turning accident,Daylight,Dry,2215,385748.0
5155,5155,194458,1,Emdener Straße,2019,5,22,2,3,5,3,2,1,1,0,0,0,0,0.0,Mitte,Accident with minor injuries,Collision with a turning/crossing vehicle,Turning/Crossing accident,Dark,Dry,2215,385748.0
5156,5156,194459,4,Spreestadt,2019,5,20,2,2,6,4,2,0,1,1,0,0,0,0.0,Charlottenburg-Wilmersdorf,Accident with serious injuries,Collision between vehicle and pedestrian,Pedestrian crossing accident,Dark,Dry,1727,343592.0
5157,5157,194460,1,Heine-Viertel West,2019,5,19,2,2,5,3,0,1,1,0,0,0,0,0.0,Mitte,Accident with serious injuries,Collision with a turning/crossing vehicle,Turning/Crossing accident,Daylight,Dry,2215,385748.0
5158,5158,194461,1,Lützowstraße,2019,5,19,2,3,2,6,2,0,1,0,0,0,0,0.0,Mitte,Accident with minor injuries,Collision with the vehicle in front/waiting vehicle,Collision involving vehicles going in the same way,Dark,Dry,2215,385748.0
5159,5159,194462,2,Rathaus Yorckstraße,2019,5,18,2,3,0,2,0,1,1,0,0,0,0,0.0,Friedrichshain-Kreuzberg,Accident with minor injuries,Others,Turning accident,Daylight,Dry,1381,290386.0
5160,5160,194463,6,Hüttenweg,2019,5,18,2,3,2,6,0,0,1,0,0,0,0,1.0,Steglitz-Zehlendorf,Accident with minor injuries,Collision with the vehicle in front/waiting vehicle,Collision involving vehicles going in the same way,Daylight,Wet/moist/slippery,851,310071.0
5161,5161,194464,7,Manteuffelstraße,2019,5,17,2,2,2,6,0,0,1,0,1,0,0,0.0,Tempelhof-Schöneberg,Accident with serious injuries,Collision with the vehicle in front/waiting vehicle,Collision involving vehicles going in the same way,Daylight,Dry,1241,350984.0
5162,5162,194465,7,Barbarossaplatz,2019,5,16,2,3,5,3,0,1,1,0,0,0,0,0.0,Tempelhof-Schöneberg,Accident with minor injuries,Collision with a turning/crossing vehicle,Turning/Crossing accident,Daylight,Dry,1241,350984.0
5163,5163,194466,11,Hauptstraße,2019,5,17,2,3,5,3,0,0,1,0,0,0,0,0.0,Lichtenberg,Accident with minor injuries,Collision with a turning/crossing vehicle,Turning/Crossing accident,Daylight,Dry,679,294201.0
5164,5164,194467,6,Wannsee,2019,5,16,2,3,1,5,0,1,1,0,0,0,0,0.0,Steglitz-Zehlendorf,Accident with minor injuries,Collision with a moving/standing/parked vehicle,Accident involving parked vehicles,Daylight,Dry,851,310071.0
5165,5165,194468,6,Lichterfelde West,2019,5,16,2,3,2,6,0,0,1,0,0,0,0,0.0,Steglitz-Zehlendorf,Accident with minor injuries,Collision with the vehicle in front/waiting vehicle,Collision involving vehicles going in the same way,Daylight,Dry,851,310071.0
5166,5166,194469,5,Freiheit,2019,5,17,2,3,1,5,0,0,1,0,0,0,1,0.0,Spandau,Accident with minor injuries,Collision with a moving/standing/parked vehicle,Accident involving parked vehicles,Daylight,Dry,798,245197.0
5167,5167,194470,3,Arnimplatz,2019,5,16,2,3,5,2,0,1,1,0,0,0,0,0.0,Pankow,Accident with minor injuries,Collision with a turning/crossing vehicle,Turning accident,Daylight,Dry,1219,409335.0
5168,5168,194471,4,George-Grosz-Platz,2019,5,16,2,3,0,3,0,0,1,0,0,0,1,0.0,Charlottenburg-Wilmersdorf,Accident with minor injuries,Others,Turning/Crossing accident,Daylight,Dry,1727,343592.0
5169,5169,194472,8,Gropiusstadt Ost,2019,5,15,2,3,2,6,0,0,1,0,0,0,0,0.0,Neukölln,Accident with minor injuries,Collision with the vehicle in front/waiting vehicle,Collision involving vehicles going in the same way,Daylight,Dry,934,329917.0
5170,5170,194473,1,Unter den Linden Süd,2019,5,15,2,3,1,5,0,1,1,0,0,0,1,0.0,Mitte,Accident with minor injuries,Collision with a moving/standing/parked vehicle,Accident involving parked vehicles,Daylight,Dry,2215,385748.0
5171,5171,194474,3,Buch,2019,5,14,2,3,1,5,0,1,1,0,0,0,0,0.0,Pankow,Accident with minor injuries,Collision with a moving/standing/parked vehicle,Accident involving parked vehicles,Daylight,Dry,1219,409335.0
5172,5172,194475,6,Thielallee,2019,5,14,2,3,5,2,0,1,1,0,0,0,0,0.0,Steglitz-Zehlendorf,Accident with minor injuries,Collision with a turning/crossing vehicle,Turning accident,Daylight,Dry,851,310071.0
5173,5173,194476,4,Ernst-Reuter-Platz,2019,5,13,2,3,0,5,0,0,1,0,0,0,0,0.0,Charlottenburg-Wilmersdorf,Accident with minor injuries,Others,Accident involving parked vehicles,Daylight,Dry,1727,343592.0
5174,5174,194477,9,Müggelheim,2019,5,13,2,3,5,3,0,1,1,0,0,0,0,0.0,Treptow-Köpenick,Accident with minor injuries,Collision with a turning/crossing vehicle,Turning/Crossing accident,Daylight,Dry,892,273689.0
5175,5175,194478,12,Breitkopfbecken,2019,5,16,2,3,5,3,0,1,1,0,0,0,0,0.0,Reinickendorf,Accident with minor injuries,Collision with a turning/crossing vehicle,Turning/Crossing accident,Daylight,Dry,867,266408.0
5176,5176,194479,7,Marienhöhe,2019,5,13,2,3,5,3,0,1,1,0,0,0,0,0.0,Tempelhof-Schöneberg,Accident with minor injuries,Collision with a turning/crossing vehicle,Turning/Crossing accident,Daylight,Dry,1241,350984.0
5177,5177,194480,6,Schweizer Viertel,2019,5,12,2,3,1,5,0,0,1,0,0,0,0,0.0,Steglitz-Zehlendorf,Accident with minor injuries,Collision with a moving/standing/parked vehicle,Accident involving parked vehicles,Daylight,Dry,851,310071.0
5178,5178,194481,7,Fritz-Werner-Straße,2019,5,11,2,2,3,6,0,1,0,0,0,1,0,0.0,Tempelhof-Schöneberg,Accident with serious injuries,Collision with a vehicle traveling laterally in the same direction,Collision involving vehicles going in the same way,Daylight,Dry,1241,350984.0
5179,5179,194482,7,Alt-Lichtenrade/Töpchiner Weg,2019,5,6,2,3,5,3,0,0,1,0,1,0,0,0.0,Tempelhof-Schöneberg,Accident with minor injuries,Collision with a turning/crossing vehicle,Turning/Crossing accident,Daylight,Dry,1241,350984.0
5180,5180,194483,10,Adele-Sandrock-Straße,2019,5,7,2,3,6,2,0,0,1,1,0,0,0,0.0,Marzahn-Hellersdorf,Accident with minor injuries,Collision between vehicle and pedestrian,Turning accident,Daylight,Dry,586,269967.0
5181,5181,194484,4,Breite Straße,2019,5,12,2,3,5,2,0,1,1,0,0,0,0,0.0,Charlottenburg-Wilmersdorf,Accident with minor injuries,Collision with a turning/crossing vehicle,Turning accident,Daylight,Dry,1727,343592.0
5182,5182,194485,6,Dahlem,2019,5,7,2,3,6,4,0,1,0,1,0,0,0,0.0,Steglitz-Zehlendorf,Accident with minor injuries,Collision between vehicle and pedestrian,Pedestrian crossing accident,Daylight,Dry,851,310071.0
5183,5183,194486,8,Schulenburgpark,2019,5,6,2,3,5,3,0,0,1,0,1,0,0,0.0,Neukölln,Accident with minor injuries,Collision with a turning/crossing vehicle,Turning/Crossing accident,Daylight,Dry,934,329917.0
5184,5184,194487,3,Niederschönhausen,2019,5,6,2,3,5,3,0,0,1,0,1,0,0,0.0,Pankow,Accident with minor injuries,Collision with a turning/crossing vehicle,Turning/Crossing accident,Daylight,Dry,1219,409335.0
5185,5185,194488,6,Kaiser-Wilhelm-Straße,2019,5,7,2,3,5,7,0,1,1,0,0,0,0,0.0,Steglitz-Zehlendorf,Accident with minor injuries,Collision with a turning/crossing vehicle,Others,Daylight,Dry,851,310071.0
5186,5186,194489,5,Carl-Schurz-Straße,2019,5,7,2,3,5,2,0,0,1,0,0,0,0,0.0,Spandau,Accident with minor injuries,Collision with a turning/crossing vehicle,Turning accident,Daylight,Dry,798,245197.0
5187,5187,194490,12,Dannenwalder Weg,2019,5,7,2,3,6,4,0,0,1,1,0,0,0,0.0,Reinickendorf,Accident with minor injuries,Collision between vehicle and pedestrian,Pedestrian crossing accident,Daylight,Dry,867,266408.0
5188,5188,194491,7,Neu-Tempelhof,2019,5,8,2,2,5,3,0,0,1,0,0,0,0,0.0,Tempelhof-Schöneberg,Accident with serious injuries,Collision with a turning/crossing vehicle,Turning/Crossing accident,Daylight,Dry,1241,350984.0
5189,5189,194492,6,Goerzwerke,2019,5,8,2,3,0,3,0,0,1,0,1,0,0,0.0,Steglitz-Zehlendorf,Accident with minor injuries,Others,Turning/Crossing accident,Daylight,Dry,851,310071.0
5190,5190,194493,11,Rosenfelder Ring,2019,5,8,2,2,6,4,0,0,1,1,0,0,0,0.0,Lichtenberg,Accident with serious injuries,Collision between vehicle and pedestrian,Pedestrian crossing accident,Daylight,Dry,679,294201.0
5191,5191,194494,1,Unter den Linden Süd,2019,5,9,2,3,3,6,0,1,0,0,0,0,0,0.0,Mitte,Accident with minor injuries,Collision with a vehicle traveling laterally in the same direction,Collision involving vehicles going in the same way,Daylight,Dry,2215,385748.0
5192,5192,194495,9,Adlershof West,2019,5,9,2,3,3,6,0,0,1,0,0,0,1,0.0,Treptow-Köpenick,Accident with minor injuries,Collision with a vehicle traveling laterally in the same direction,Collision involving vehicles going in the same way,Daylight,Dry,892,273689.0
5193,5193,194496,4,Babelsberger Straße,2019,5,9,2,3,6,4,0,0,1,1,0,0,0,0.0,Charlottenburg-Wilmersdorf,Accident with minor injuries,Collision between vehicle and pedestrian,Pedestrian crossing accident,Daylight,Dry,1727,343592.0
5194,5194,194497,6,Dahlem,2019,5,10,2,3,5,2,0,0,1,0,0,0,0,0.0,Steglitz-Zehlendorf,Accident with minor injuries,Collision with a turning/crossing vehicle,Turning accident,Daylight,Dry,851,310071.0
5195,5195,194498,1,Karl-Marx-Allee,2019,5,10,2,3,5,3,0,1,0,0,0,0,1,0.0,Mitte,Accident with minor injuries,Collision with a turning/crossing vehicle,Turning/Crossing accident,Daylight,Dry,2215,385748.0
5196,5196,194499,4,Park Ruhwald,2019,5,10,2,2,2,6,0,0,1,0,0,0,0,0.0,Charlottenburg-Wilmersdorf,Accident with serious injuries,Collision with the vehicle in front/waiting vehicle,Collision involving vehicles going in the same way,Daylight,Dry,1727,343592.0
5197,5197,194500,4,Hindemithplatz,2019,5,10,2,3,2,6,0,1,1,0,0,0,0,0.0,Charlottenburg-Wilmersdorf,Accident with minor injuries,Collision with the vehicle in front/waiting vehicle,Collision involving vehicles going in the same way,Daylight,Dry,1727,343592.0
5198,5198,194501,4,Karl-August-Platz,2019,5,11,2,3,1,5,0,1,1,0,0,0,0,0.0,Charlottenburg-Wilmersdorf,Accident with minor injuries,Collision with a moving/standing/parked vehicle,Accident involving parked vehicles,Daylight,Dry,1727,343592.0
5199,5199,194502,9,Schnellerstraße,2019,5,11,2,3,5,2,0,1,1,0,0,0,0,0.0,Treptow-Köpenick,Accident with minor injuries,Collision with a turning/crossing vehicle,Turning accident,Daylight,Dry,892,273689.0
5200,5200,194503,12,Hausotterplatz,2019,5,11,2,3,6,4,0,0,1,1,0,0,0,0.0,Reinickendorf,Accident with minor injuries,Collision between vehicle and pedestrian,Pedestrian crossing accident,Daylight,Dry,867,266408.0
5201,5201,194504,5,Kurstraße,2019,5,11,2,3,5,2,0,1,1,0,0,0,0,0.0,Spandau,Accident with minor injuries,Collision with a turning/crossing vehicle,Turning accident,Daylight,Dry,798,245197.0
5202,5202,194505,9,Bölschestraße,2019,5,12,2,3,0,1,0,1,0,0,0,0,0,0.0,Treptow-Köpenick,Accident with minor injuries,Others,Driving accident,Daylight,Dry,892,273689.0
5203,5203,194506,5,Staakener Straße,2019,5,12,2,3,3,6,0,0,1,0,0,0,0,0.0,Spandau,Accident with minor injuries,Collision with a vehicle traveling laterally in the same direction,Collision involving vehicles going in the same way,Daylight,Dry,798,245197.0
5204,5204,194507,1,Humboldthain Süd,2019,5,5,1,3,6,4,1,1,0,1,0,0,0,0.0,Mitte,Accident with minor injuries,Collision between vehicle and pedestrian,Pedestrian crossing accident,Twilight,Dry,2215,385748.0
5205,5205,194508,1,Wilhelmstraße,2019,5,15,1,3,5,2,0,1,1,0,0,0,0,0.0,Mitte,Accident with minor injuries,Collision with a turning/crossing vehicle,Turning accident,Daylight,Dry,2215,385748.0
5206,5206,194509,8,Rixdorf,2019,5,17,1,3,0,7,0,0,1,0,1,0,0,0.0,Neukölln,Accident with minor injuries,Others,Others,Daylight,Dry,934,329917.0
5207,5207,194510,6,Lankwitz Kirche,2019,5,17,1,3,1,5,0,1,1,0,0,0,0,0.0,Steglitz-Zehlendorf,Accident with minor injuries,Collision with a moving/standing/parked vehicle,Accident involving parked vehicles,Daylight,Dry,851,310071.0
5208,5208,194511,8,Silbersteinstraße,2019,5,14,1,3,5,2,0,1,1,0,0,0,0,0.0,Neukölln,Accident with minor injuries,Collision with a turning/crossing vehicle,Turning accident,Daylight,Dry,934,329917.0
5209,5209,194512,3,Kollwitzplatz,2019,5,14,1,3,6,4,0,1,0,1,0,0,0,0.0,Pankow,Accident with minor injuries,Collision between vehicle and pedestrian,Pedestrian crossing accident,Daylight,Dry,1219,409335.0
5210,5210,194513,8,Silbersteinstraße,2019,5,12,1,3,6,4,0,0,0,1,1,0,0,0.0,Neukölln,Accident with minor injuries,Collision between vehicle and pedestrian,Pedestrian crossing accident,Daylight,Dry,934,329917.0
5211,5211,194514,2,Urbanstraße,2019,5,14,1,2,6,4,0,1,0,1,0,0,0,0.0,Friedrichshain-Kreuzberg,Accident with serious injuries,Collision between vehicle and pedestrian,Pedestrian crossing accident,Daylight,Dry,1381,290386.0
5212,5212,194515,10,Gelbes Viertel,2019,5,18,1,2,6,4,0,0,1,1,0,0,0,0.0,Marzahn-Hellersdorf,Accident with serious injuries,Collision between vehicle and pedestrian,Pedestrian crossing accident,Daylight,Dry,586,269967.0
5213,5213,194516,8,Alt-Rudow,2019,5,20,1,2,5,3,1,0,1,0,0,0,0,0.0,Neukölln,Accident with serious injuries,Collision with a turning/crossing vehicle,Turning/Crossing accident,Twilight,Dry,934,329917.0
5214,5214,194517,2,Wassertorplatz,2019,5,11,1,2,6,4,0,0,1,1,0,0,0,0.0,Friedrichshain-Kreuzberg,Accident with serious injuries,Collision between vehicle and pedestrian,Pedestrian crossing accident,Daylight,Dry,1381,290386.0
5215,5215,194518,8,Buckow West,2019,5,9,1,3,5,3,0,0,1,0,1,0,0,0.0,Neukölln,Accident with minor injuries,Collision with a turning/crossing vehicle,Turning/Crossing accident,Daylight,Dry,934,329917.0
5216,5216,194519,4,Hindemithplatz,2019,5,8,1,2,0,2,0,0,1,0,0,0,0,0.0,Charlottenburg-Wilmersdorf,Accident with serious injuries,Others,Turning accident,Daylight,Dry,1727,343592.0
5217,5217,194520,12,Waidmannslust,2019,5,3,1,2,1,5,2,0,1,0,0,0,0,0.0,Reinickendorf,Accident with serious injuries,Collision with a moving/standing/parked vehicle,Accident involving parked vehicles,Dark,Dry,867,266408.0
5218,5218,194521,6,Fichtenberg,2019,5,13,1,3,2,6,0,0,1,0,0,0,1,0.0,Steglitz-Zehlendorf,Accident with minor injuries,Collision with the vehicle in front/waiting vehicle,Collision involving vehicles going in the same way,Daylight,Dry,851,310071.0
5219,5219,194522,12,Alt-Tegel,2019,5,14,1,3,5,2,0,0,1,0,0,0,0,0.0,Reinickendorf,Accident with minor injuries,Collision with a turning/crossing vehicle,Turning accident,Daylight,Dry,867,266408.0
5220,5220,194523,7,Wittenbergplatz/Viktoria-Luise-Platz,2019,5,16,7,2,6,2,0,0,0,1,0,0,1,0.0,Tempelhof-Schöneberg,Accident with serious injuries,Collision between vehicle and pedestrian,Turning accident,Daylight,Dry,1241,350984.0
5221,5221,194524,4,Babelsberger Straße,2019,5,12,7,3,1,5,0,0,1,0,0,0,0,0.0,Charlottenburg-Wilmersdorf,Accident with minor injuries,Collision with a moving/standing/parked vehicle,Accident involving parked vehicles,Daylight,Dry,1727,343592.0
5222,5222,194525,3,Pankow Zentrum,2019,5,19,7,3,5,2,1,1,1,0,0,0,0,0.0,Pankow,Accident with minor injuries,Collision with a turning/crossing vehicle,Turning accident,Twilight,Dry,1219,409335.0
5223,5223,194526,1,Arkonaplatz,2019,5,17,7,3,5,3,0,1,0,0,0,0,1,0.0,Mitte,Accident with minor injuries,Collision with a turning/crossing vehicle,Turning/Crossing accident,Daylight,Dry,2215,385748.0
5224,5224,194527,12,Märkisches Zentrum,2019,5,21,7,2,6,4,2,0,1,1,0,0,0,0.0,Reinickendorf,Accident with serious injuries,Collision between vehicle and pedestrian,Pedestrian crossing accident,Dark,Dry,867,266408.0
5225,5225,194528,12,Märkisches Zentrum,2019,5,21,7,3,6,6,2,0,1,1,0,0,0,0.0,Reinickendorf,Accident with minor injuries,Collision between vehicle and pedestrian,Collision involving vehicles going in the same way,Dark,Dry,867,266408.0
5226,5226,194529,1,Rehberge,2019,5,19,7,3,5,2,0,1,1,0,0,0,0,0.0,Mitte,Accident with minor injuries,Collision with a turning/crossing vehicle,Turning accident,Daylight,Dry,2215,385748.0
5227,5227,194530,9,Köllnische Vorstadt,2019,5,19,7,3,5,3,0,0,1,0,0,0,0,0.0,Treptow-Köpenick,Accident with minor injuries,Collision with a turning/crossing vehicle,Turning/Crossing accident,Daylight,Dry,892,273689.0
5228,5228,194531,7,Rathausstraße,2019,5,17,7,3,5,2,0,0,1,0,1,0,0,0.0,Tempelhof-Schöneberg,Accident with minor injuries,Collision with a turning/crossing vehicle,Turning accident,Daylight,Dry,1241,350984.0
5229,5229,194532,9,Altstadt Kietz,2019,5,18,7,3,2,6,0,0,1,0,0,0,0,1.0,Treptow-Köpenick,Accident with minor injuries,Collision with the vehicle in front/waiting vehicle,Collision involving vehicles going in the same way,Daylight,Wet/moist/slippery,892,273689.0
5230,5230,194533,10,Mahlsdorf Süd,2019,5,18,7,2,1,5,0,0,1,0,1,0,0,0.0,Marzahn-Hellersdorf,Accident with serious injuries,Collision with a moving/standing/parked vehicle,Accident involving parked vehicles,Daylight,Dry,586,269967.0
5231,5231,194534,1,Sparrplatz,2019,5,18,7,3,2,6,0,0,1,0,0,0,0,0.0,Mitte,Accident with minor injuries,Collision with the vehicle in front/waiting vehicle,Collision involving vehicles going in the same way,Daylight,Dry,2215,385748.0
5232,5232,194535,10,Gut Hellersdorf,2019,5,17,7,3,5,3,0,0,1,0,1,0,0,0.0,Marzahn-Hellersdorf,Accident with minor injuries,Collision with a turning/crossing vehicle,Turning/Crossing accident,Daylight,Dry,586,269967.0
5233,5233,194536,1,Heine-Viertel Ost,2019,5,16,7,3,1,5,0,0,1,0,0,0,0,0.0,Mitte,Accident with minor injuries,Collision with a moving/standing/parked vehicle,Accident involving parked vehicles,Daylight,Dry,2215,385748.0
5234,5234,194537,2,Reichenberger Straße,2019,5,1,7,3,5,3,2,0,1,0,0,0,0,1.0,Friedrichshain-Kreuzberg,Accident with minor injuries,Collision with a turning/crossing vehicle,Turning/Crossing accident,Dark,Wet/moist/slippery,1381,290386.0
5235,5235,194538,5,Maulbeerallee,2019,5,14,7,2,0,6,0,0,1,0,0,0,1,0.0,Spandau,Accident with serious injuries,Others,Collision involving vehicles going in the same way,Daylight,Dry,798,245197.0
5236,5236,194539,1,Rehberge,2019,5,14,7,3,6,4,0,0,1,1,0,0,0,1.0,Mitte,Accident with minor injuries,Collision between vehicle and pedestrian,Pedestrian crossing accident,Daylight,Wet/moist/slippery,2215,385748.0
5237,5237,194540,10,Gut Hellersdorf,2019,5,13,7,2,0,1,0,1,0,0,0,0,0,0.0,Marzahn-Hellersdorf,Accident with serious injuries,Others,Driving accident,Daylight,Dry,586,269967.0
5238,5238,194541,8,Waltersdorfer Chaussee Ost,2019,5,13,7,3,5,2,0,1,1,0,0,0,0,0.0,Neukölln,Accident with minor injuries,Collision with a turning/crossing vehicle,Turning accident,Daylight,Dry,934,329917.0
5239,5239,194542,12,Lübars,2019,5,12,7,3,5,3,0,1,1,0,0,0,0,0.0,Reinickendorf,Accident with minor injuries,Collision with a turning/crossing vehicle,Turning/Crossing accident,Daylight,Dry,867,266408.0
5240,5240,194543,3,Alt-Karow,2019,5,11,7,3,5,3,0,0,1,0,0,0,0,0.0,Pankow,Accident with minor injuries,Collision with a turning/crossing vehicle,Turning/Crossing accident,Daylight,Dry,1219,409335.0
5241,5241,194544,6,Wannsee,2019,5,10,7,3,0,1,0,0,1,0,0,0,0,0.0,Steglitz-Zehlendorf,Accident with minor injuries,Others,Driving accident,Daylight,Dry,851,310071.0
5242,5242,194545,4,Brabanter Platz,2019,5,3,6,3,1,1,2,0,1,0,0,0,0,0.0,Charlottenburg-Wilmersdorf,Accident with minor injuries,Collision with a moving/standing/parked vehicle,Driving accident,Dark,Dry,1727,343592.0
5243,5243,194546,10,Mahlsdorf Süd,2019,5,8,6,3,5,2,0,1,1,0,0,0,0,0.0,Marzahn-Hellersdorf,Accident with minor injuries,Collision with a turning/crossing vehicle,Turning accident,Daylight,Dry,586,269967.0
5244,5244,194547,9,Dammvorstadt,2019,5,12,6,3,6,7,0,0,1,1,0,0,0,0.0,Treptow-Köpenick,Accident with minor injuries,Collision between vehicle and pedestrian,Others,Daylight,Dry,892,273689.0
5245,5245,194548,5,Jägerallee,2019,5,14,6,3,6,6,0,0,1,1,0,0,0,0.0,Spandau,Accident with minor injuries,Collision between vehicle and pedestrian,Collision involving vehicles going in the same way,Daylight,Dry,798,245197.0
5246,5246,194549,7,Friedenau,2019,5,22,6,3,2,2,2,0,1,0,0,0,0,0.0,Tempelhof-Schöneberg,Accident with minor injuries,Collision with the vehicle in front/waiting vehicle,Turning accident,Dark,Dry,1241,350984.0
5247,5247,194550,7,Manteuffelstraße,2019,5,6,6,3,3,6,0,0,1,0,0,0,1,0.0,Tempelhof-Schöneberg,Accident with minor injuries,Collision with a vehicle traveling laterally in the same direction,Collision involving vehicles going in the same way,Daylight,Dry,1241,350984.0
5248,5248,194551,2,Wrangelkiez,2019,5,21,6,3,6,4,2,1,0,1,0,0,0,0.0,Friedrichshain-Kreuzberg,Accident with minor injuries,Collision between vehicle and pedestrian,Pedestrian crossing accident,Dark,Dry,1381,290386.0
5249,5249,194552,8,Donaustraße,2019,5,19,6,3,1,5,0,1,1,0,0,0,1,0.0,Neukölln,Accident with minor injuries,Collision with a moving/standing/parked vehicle,Accident involving parked vehicles,Daylight,Dry,934,329917.0
5250,5250,194553,8,Reuterkiez,2019,5,7,6,3,5,3,0,0,1,0,0,0,0,0.0,Neukölln,Accident with minor injuries,Collision with a turning/crossing vehicle,Turning/Crossing accident,Daylight,Dry,934,329917.0
5251,5251,194554,12,Schäfersee,2019,5,18,6,3,5,2,0,0,1,0,0,0,0,0.0,Reinickendorf,Accident with minor injuries,Collision with a turning/crossing vehicle,Turning accident,Daylight,Dry,867,266408.0
5252,5252,194555,7,Dennewitzplatz,2019,5,18,6,3,1,5,0,1,1,0,0,0,1,0.0,Tempelhof-Schöneberg,Accident with minor injuries,Collision with a moving/standing/parked vehicle,Accident involving parked vehicles,Daylight,Dry,1241,350984.0
5253,5253,194556,11,Malchower Weg,2019,5,7,6,3,1,1,0,0,1,0,0,1,0,0.0,Lichtenberg,Accident with minor injuries,Collision with a moving/standing/parked vehicle,Driving accident,Daylight,Dry,679,294201.0
5254,5254,194557,9,Adlershof West,2019,5,17,6,3,5,3,0,1,1,0,0,0,0,0.0,Treptow-Köpenick,Accident with minor injuries,Collision with a turning/crossing vehicle,Turning/Crossing accident,Daylight,Dry,892,273689.0
5255,5255,194558,1,Oranienburger Straße,2019,5,8,6,3,5,2,0,1,1,0,0,0,0,0.0,Mitte,Accident with minor injuries,Collision with a turning/crossing vehicle,Turning accident,Daylight,Dry,2215,385748.0
5256,5256,194559,1,Wilhelmstraße,2019,5,8,6,3,1,5,0,1,1,0,0,0,0,0.0,Mitte,Accident with minor injuries,Collision with a moving/standing/parked vehicle,Accident involving parked vehicles,Daylight,Dry,2215,385748.0
5257,5257,194560,6,Wannsee,2019,5,0,6,3,1,5,2,1,0,0,0,1,1,0.0,Steglitz-Zehlendorf,Accident with minor injuries,Collision with a moving/standing/parked vehicle,Accident involving parked vehicles,Dark,Dry,851,310071.0
5258,5258,194561,1,Charitéviertel,2019,5,8,6,3,2,6,0,0,1,0,1,0,0,0.0,Mitte,Accident with minor injuries,Collision with the vehicle in front/waiting vehicle,Collision involving vehicles going in the same way,Daylight,Dry,2215,385748.0
5259,5259,194562,5,Adamstraße,2019,5,9,6,2,6,4,0,0,1,1,0,0,0,0.0,Spandau,Accident with serious injuries,Collision between vehicle and pedestrian,Pedestrian crossing accident,Daylight,Dry,798,245197.0
5260,5260,194563,7,Marienfelde Nordost,2019,5,9,6,2,6,4,0,0,1,1,0,0,0,0.0,Tempelhof-Schöneberg,Accident with serious injuries,Collision between vehicle and pedestrian,Pedestrian crossing accident,Daylight,Dry,1241,350984.0
5261,5261,194564,1,Leipziger Straße,2019,5,9,6,3,5,5,0,0,1,0,1,0,0,0.0,Mitte,Accident with minor injuries,Collision with a turning/crossing vehicle,Accident involving parked vehicles,Daylight,Dry,2215,385748.0
5262,5262,194565,1,Elberfelder Straße,2019,5,10,6,3,1,5,0,0,1,0,1,0,0,0.0,Mitte,Accident with minor injuries,Collision with a moving/standing/parked vehicle,Accident involving parked vehicles,Daylight,Dry,2215,385748.0
5263,5263,194566,6,Feuerbachstraße,2019,5,11,6,3,2,6,0,0,1,0,0,0,0,0.0,Steglitz-Zehlendorf,Accident with minor injuries,Collision with the vehicle in front/waiting vehicle,Collision involving vehicles going in the same way,Daylight,Dry,851,310071.0
5264,5264,194567,5,Borkumer Straße,2019,5,12,6,3,2,6,0,0,1,0,0,0,0,0.0,Spandau,Accident with minor injuries,Collision with the vehicle in front/waiting vehicle,Collision involving vehicles going in the same way,Daylight,Dry,798,245197.0
5265,5265,194568,8,Reuterkiez,2019,5,12,6,3,5,2,0,1,0,0,0,0,1,0.0,Neukölln,Accident with minor injuries,Collision with a turning/crossing vehicle,Turning accident,Daylight,Dry,934,329917.0
5266,5266,194569,2,Urbanstraße,2019,5,13,6,2,5,3,0,0,1,0,1,0,0,0.0,Friedrichshain-Kreuzberg,Accident with serious injuries,Collision with a turning/crossing vehicle,Turning/Crossing accident,Daylight,Dry,1381,290386.0
5267,5267,194570,6,Fichtenberg,2019,5,13,6,3,5,7,0,1,1,0,0,0,0,0.0,Steglitz-Zehlendorf,Accident with minor injuries,Collision with a turning/crossing vehicle,Others,Daylight,Dry,851,310071.0
5268,5268,194571,3,Helmholtzplatz,2019,5,13,6,3,0,7,0,0,1,0,1,0,0,0.0,Pankow,Accident with minor injuries,Others,Others,Daylight,Dry,1219,409335.0
5269,5269,194572,1,Gesundbrunnen,2019,5,14,6,3,2,6,0,0,1,0,1,0,0,0.0,Mitte,Accident with minor injuries,Collision with the vehicle in front/waiting vehicle,Collision involving vehicles going in the same way,Daylight,Dry,2215,385748.0