,Unnamed: 0,object id,district,street,year,month,hour of day,weekday,category,accident type,accident type 2,light situation,bike involved,car involved,pedestrian involved,motor bike involved,big track involved,other vehicle involved,road condition,district name,category name,accident detail,accident type detail,light condition,road condition detail,accident count by district,est. population
5270,5270,194573,2,Viktoriapark,2019,5,15,6,3,5,7,0,0,1,0,1,0,0,0.0,Friedrichshain-Kreuzberg,Accident with minor injuries,Collision with a turning/crossing vehicle,Others,Daylight,Dry,1381,290386.0
5271,5271,194574,12,Wittenau Süd,2019,5,15,6,2,5,2,0,1,1,0,0,0,0,0.0,Reinickendorf,Accident with serious injuries,Collision with a turning/crossing vehicle,Turning accident,Daylight,Dry,867,266408.0
5272,5272,194575,1,Leipziger Straße,2019,5,16,5,3,1,5,0,1,1,0,0,0,1,0.0,Mitte,Accident with minor injuries,Collision with a moving/standing/parked vehicle,Accident involving parked vehicles,Daylight,Dry,2215,385748.0
5273,5273,194576,3,Greifswalder Straße,2019,5,8,5,3,5,3,0,1,1,0,0,0,0,0.0,Pankow,Accident with minor injuries,Collision with a turning/crossing vehicle,Turning/Crossing accident,Daylight,Dry,1219,409335.0
5274,5274,194577,8,Gewerbegebiet Köllnische Heide,2019,5,6,5,2,2,7,0,0,1,0,1,0,0,0.0,Neukölln,Accident with serious injuries,Collision with the vehicle in front/waiting vehicle,Others,Daylight,Dry,934,329917.0
5275,5275,194578,1,Unter den Linden Süd,2019,5,11,5,3,6,2,0,0,1,1,0,0,0,0.0,Mitte,Accident with minor injuries,Collision between vehicle and pedestrian,Turning accident,Daylight,Dry,2215,385748.0
5276,5276,194579,9,Adlershof West,2019,5,18,5,3,5,2,0,1,1,0,0,0,0,0.0,Treptow-Köpenick,Accident with minor injuries,Collision with a turning/crossing vehicle,Turning accident,Daylight,Dry,892,273689.0
5277,5277,194580,1,Heine-Viertel West,2019,5,18,5,3,0,3,0,1,1,0,0,0,0,0.0,Mitte,Accident with minor injuries,Others,Turning/Crossing accident,Daylight,Dry,2215,385748.0
5278,5278,194581,1,Heine-Viertel Ost,2019,5,8,5,3,5,3,0,1,1,0,0,0,0,0.0,Mitte,Accident with minor injuries,Collision with a turning/crossing vehicle,Turning/Crossing accident,Daylight,Dry,2215,385748.0
5279,5279,194582,12,Klixstraße,2019,5,16,5,3,5,2,0,1,1,0,0,0,0,0.0,Reinickendorf,Accident with minor injuries,Collision with a turning/crossing vehicle,Turning accident,Daylight,Dry,867,266408.0
5280,5280,194583,4,Spreestadt,2019,5,15,5,3,1,5,0,0,1,0,1,0,0,0.0,Charlottenburg-Wilmersdorf,Accident with minor injuries,Collision with a moving/standing/parked vehicle,Accident involving parked vehicles,Daylight,Dry,1727,343592.0
5281,5281,194584,2,Moritzplatz,2019,5,14,5,3,5,5,0,1,1,0,0,0,0,0.0,Friedrichshain-Kreuzberg,Accident with minor injuries,Collision with a turning/crossing vehicle,Accident involving parked vehicles,Daylight,Dry,1381,290386.0
5282,5282,194585,8,Gropiusstadt Süd,2019,5,15,5,2,5,2,0,0,1,0,0,0,0,0.0,Neukölln,Accident with serious injuries,Collision with a turning/crossing vehicle,Turning accident,Daylight,Dry,934,329917.0
5283,5283,194586,12,Wittenau Süd,2019,5,15,5,3,2,6,0,0,1,0,0,0,0,0.0,Reinickendorf,Accident with minor injuries,Collision with the vehicle in front/waiting vehicle,Collision involving vehicles going in the same way,Daylight,Dry,867,266408.0
5284,5284,194587,3,Hansastraße,2019,5,15,5,2,5,2,0,0,1,0,1,0,0,0.0,Pankow,Accident with serious injuries,Collision with a turning/crossing vehicle,Turning accident,Daylight,Dry,1219,409335.0
5285,5285,194588,6,Fichtenberg,2019,5,9,5,2,5,3,0,1,1,0,0,0,0,0.0,Steglitz-Zehlendorf,Accident with serious injuries,Collision with a turning/crossing vehicle,Turning/Crossing accident,Daylight,Dry,851,310071.0
5286,5286,194589,5,Zitadellenweg,2019,5,12,5,3,5,3,0,0,0,0,1,0,1,0.0,Spandau,Accident with minor injuries,Collision with a turning/crossing vehicle,Turning/Crossing accident,Daylight,Dry,798,245197.0
5287,5287,194590,1,Westhafen,2019,5,12,5,3,5,2,0,1,0,0,0,1,0,0.0,Mitte,Accident with minor injuries,Collision with a turning/crossing vehicle,Turning accident,Daylight,Dry,2215,385748.0
5288,5288,194591,4,Amtsgerichtsplatz,2019,5,11,5,3,5,3,0,0,1,0,0,0,0,0.0,Charlottenburg-Wilmersdorf,Accident with minor injuries,Collision with a turning/crossing vehicle,Turning/Crossing accident,Daylight,Dry,1727,343592.0
5289,5289,194592,6,Schloßstraße,2019,5,15,5,3,6,7,0,0,1,1,0,0,0,0.0,Steglitz-Zehlendorf,Accident with minor injuries,Collision between vehicle and pedestrian,Others,Daylight,Dry,851,310071.0
5290,5290,194593,9,Kölner Viertel,2019,5,15,5,3,6,7,0,0,1,1,0,0,0,0.0,Treptow-Köpenick,Accident with minor injuries,Collision between vehicle and pedestrian,Others,Daylight,Dry,892,273689.0
5291,5291,194594,7,Dennewitzplatz,2019,5,10,5,3,5,3,0,1,1,0,0,0,0,0.0,Tempelhof-Schöneberg,Accident with minor injuries,Collision with a turning/crossing vehicle,Turning/Crossing accident,Daylight,Dry,1241,350984.0
5292,5292,194595,2,Stralauer Kiez,2019,5,10,5,3,5,2,0,0,1,0,0,0,1,0.0,Friedrichshain-Kreuzberg,Accident with minor injuries,Collision with a turning/crossing vehicle,Turning accident,Daylight,Dry,1381,290386.0
5293,5293,194596,7,Grazer Platz,2019,5,8,5,3,2,6,0,0,1,0,0,0,1,0.0,Tempelhof-Schöneberg,Accident with minor injuries,Collision with the vehicle in front/waiting vehicle,Collision involving vehicles going in the same way,Daylight,Dry,1241,350984.0
5294,5294,194597,1,Alexanderplatzviertel,2019,5,8,5,3,3,6,0,0,0,0,0,0,1,0.0,Mitte,Accident with minor injuries,Collision with a vehicle traveling laterally in the same direction,Collision involving vehicles going in the same way,Daylight,Dry,2215,385748.0
5295,5295,194598,2,Mehringplatz,2019,5,8,5,2,0,1,0,0,0,0,1,0,0,0.0,Friedrichshain-Kreuzberg,Accident with serious injuries,Others,Driving accident,Daylight,Dry,1381,290386.0
5296,5296,194599,2,Andreasviertel,2019,5,0,5,3,1,5,2,1,1,0,0,0,0,0.0,Friedrichshain-Kreuzberg,Accident with minor injuries,Collision with a moving/standing/parked vehicle,Accident involving parked vehicles,Dark,Dry,1381,290386.0
5297,5297,194600,7,Manteuffelstraße,2019,5,8,5,3,0,1,0,1,0,0,0,0,0,0.0,Tempelhof-Schöneberg,Accident with minor injuries,Others,Driving accident,Daylight,Dry,1241,350984.0
5298,5298,194601,2,Wriezener Bahnhof/Entwicklungsgebiet,2019,5,16,4,3,6,2,0,1,0,1,0,0,0,0.0,Friedrichshain-Kreuzberg,Accident with minor injuries,Collision between vehicle and pedestrian,Turning accident,Daylight,Dry,1381,290386.0
5299,5299,194602,6,Lichterfelde West,2019,5,19,4,3,5,2,0,0,1,0,0,0,0,0.0,Steglitz-Zehlendorf,Accident with minor injuries,Collision with a turning/crossing vehicle,Turning accident,Daylight,Dry,851,310071.0
5300,5300,194603,8,Donaustraße,2019,5,19,4,2,3,6,0,0,1,0,0,0,0,0.0,Neukölln,Accident with serious injuries,Collision with a vehicle traveling laterally in the same direction,Collision involving vehicles going in the same way,Daylight,Dry,934,329917.0
5301,5301,194604,2,Reichenberger Straße,2019,5,22,4,3,6,4,2,1,0,1,0,0,0,0.0,Friedrichshain-Kreuzberg,Accident with minor injuries,Collision between vehicle and pedestrian,Pedestrian crossing accident,Dark,Dry,1381,290386.0
5302,5302,194605,3,Märchenland,2019,5,12,4,3,5,2,0,1,1,0,0,0,0,0.0,Pankow,Accident with minor injuries,Collision with a turning/crossing vehicle,Turning accident,Daylight,Dry,1219,409335.0
5303,5303,194606,5,Borkumer Straße,2019,5,21,4,2,2,6,2,0,1,0,1,0,0,0.0,Spandau,Accident with serious injuries,Collision with the vehicle in front/waiting vehicle,Collision involving vehicles going in the same way,Dark,Dry,798,245197.0
5304,5304,194607,12,Schorfheidestraße,2019,5,19,4,3,5,2,0,0,1,0,1,0,0,0.0,Reinickendorf,Accident with minor injuries,Collision with a turning/crossing vehicle,Turning accident,Daylight,Dry,867,266408.0
5305,5305,194608,2,Andreasviertel,2019,5,18,4,3,6,7,0,0,1,1,0,0,0,0.0,Friedrichshain-Kreuzberg,Accident with minor injuries,Collision between vehicle and pedestrian,Others,Daylight,Dry,1381,290386.0
5306,5306,194609,9,Elsenstraße,2019,5,18,4,3,6,2,0,0,1,1,0,0,0,0.0,Treptow-Köpenick,Accident with minor injuries,Collision between vehicle and pedestrian,Turning accident,Daylight,Dry,892,273689.0
5307,5307,194610,7,Manteuffelstraße,2019,5,14,4,3,6,7,0,1,0,1,0,0,0,0.0,Tempelhof-Schöneberg,Accident with minor injuries,Collision between vehicle and pedestrian,Others,Daylight,Dry,1241,350984.0
5308,5308,194611,4,Halensee,2019,5,13,4,3,5,2,0,0,1,0,1,0,0,0.0,Charlottenburg-Wilmersdorf,Accident with minor injuries,Collision with a turning/crossing vehicle,Turning accident,Daylight,Dry,1727,343592.0
5309,5309,194612,6,Thielallee,2019,5,13,4,3,1,5,0,1,1,0,0,0,1,0.0,Steglitz-Zehlendorf,Accident with minor injuries,Collision with a moving/standing/parked vehicle,Accident involving parked vehicles,Daylight,Dry,851,310071.0
5310,5310,194613,5,Gartenfelder Straße,2019,5,12,4,3,2,2,0,0,1,0,1,0,0,0.0,Spandau,Accident with minor injuries,Collision with the vehicle in front/waiting vehicle,Turning accident,Daylight,Dry,798,245197.0
5311,5311,194614,4,Alt-Lietzow,2019,5,12,4,3,3,6,0,1,1,0,0,0,0,0.0,Charlottenburg-Wilmersdorf,Accident with minor injuries,Collision with a vehicle traveling laterally in the same direction,Collision involving vehicles going in the same way,Daylight,Dry,1727,343592.0
5312,5312,194615,2,Moritzplatz,2019,5,17,4,3,5,2,0,0,1,0,1,0,0,0.0,Friedrichshain-Kreuzberg,Accident with minor injuries,Collision with a turning/crossing vehicle,Turning accident,Daylight,Dry,1381,290386.0
5313,5313,194616,8,Handwerker-Siedlung,2019,5,12,4,3,5,3,0,0,1,0,0,0,0,0.0,Neukölln,Accident with minor injuries,Collision with a turning/crossing vehicle,Turning/Crossing accident,Daylight,Dry,934,329917.0
5314,5314,194617,12,Frohnau,2019,5,12,4,3,5,3,0,1,1,0,0,0,0,0.0,Reinickendorf,Accident with minor injuries,Collision with a turning/crossing vehicle,Turning/Crossing accident,Daylight,Dry,867,266408.0
5315,5315,194618,4,Schaperstraße,2019,5,15,4,3,0,2,0,0,1,0,0,0,1,0.0,Charlottenburg-Wilmersdorf,Accident with minor injuries,Others,Turning accident,Daylight,Dry,1727,343592.0
5316,5316,194619,4,Rathaus Wilmersdorf,2019,5,15,4,3,0,6,0,1,1,0,0,0,0,0.0,Charlottenburg-Wilmersdorf,Accident with minor injuries,Others,Collision involving vehicles going in the same way,Daylight,Dry,1727,343592.0
5317,5317,194620,10,Kaulsdorf Nord I,2019,5,16,4,3,2,1,0,0,1,0,0,0,0,0.0,Marzahn-Hellersdorf,Accident with minor injuries,Collision with the vehicle in front/waiting vehicle,Driving accident,Daylight,Dry,586,269967.0
5318,5318,194621,2,Moritzplatz,2019,5,10,4,3,0,1,0,0,0,0,1,0,0,1.0,Friedrichshain-Kreuzberg,Accident with minor injuries,Others,Driving accident,Daylight,Wet/moist/slippery,1381,290386.0
5319,5319,194622,12,Borsigwalde,2019,4,17,3,3,5,3,0,1,1,0,0,0,0,0.0,Reinickendorf,Accident with minor injuries,Collision with a turning/crossing vehicle,Turning/Crossing accident,Daylight,Dry,867,266408.0
5320,5320,194623,7,Dennewitzplatz,2019,4,6,3,2,5,3,0,0,1,0,1,0,0,0.0,Tempelhof-Schöneberg,Accident with serious injuries,Collision with a turning/crossing vehicle,Turning/Crossing accident,Daylight,Dry,1241,350984.0
5321,5321,194624,1,Gesundbrunnen,2019,4,9,3,3,2,2,0,0,1,0,0,0,0,0.0,Mitte,Accident with minor injuries,Collision with the vehicle in front/waiting vehicle,Turning accident,Daylight,Dry,2215,385748.0
5322,5322,194625,9,Adlershof West,2019,4,15,3,3,6,6,0,1,0,1,0,0,0,0.0,Treptow-Köpenick,Accident with minor injuries,Collision between vehicle and pedestrian,Collision involving vehicles going in the same way,Daylight,Dry,892,273689.0
5323,5323,194626,2,Oranienplatz,2019,4,17,3,3,1,5,0,0,1,0,1,0,0,0.0,Friedrichshain-Kreuzberg,Accident with minor injuries,Collision with a moving/standing/parked vehicle,Accident involving parked vehicles,Daylight,Dry,1381,290386.0
5324,5324,194627,1,Rehberge,2019,4,7,3,3,2,6,1,0,1,0,0,0,0,0.0,Mitte,Accident with minor injuries,Collision with the vehicle in front/waiting vehicle,Collision involving vehicles going in the same way,Twilight,Dry,2215,385748.0
5325,5325,194628,9,Adlershof West,2019,4,23,3,3,5,3,2,0,1,0,1,0,0,0.0,Treptow-Köpenick,Accident with minor injuries,Collision with a turning/crossing vehicle,Turning/Crossing accident,Dark,Dry,892,273689.0
5326,5326,194629,1,Humboldthain Nordwest,2019,4,15,3,2,5,2,0,0,0,0,1,0,1,0.0,Mitte,Accident with serious injuries,Collision with a turning/crossing vehicle,Turning accident,Daylight,Dry,2215,385748.0
5327,5327,194630,1,Reinickendorfer Straße,2019,4,15,3,3,3,6,0,1,1,0,0,0,0,0.0,Mitte,Accident with minor injuries,Collision with a vehicle traveling laterally in the same direction,Collision involving vehicles going in the same way,Daylight,Dry,2215,385748.0
5328,5328,194631,9,Johannisthal West,2019,4,15,3,3,5,3,0,1,1,0,0,0,0,0.0,Treptow-Köpenick,Accident with minor injuries,Collision with a turning/crossing vehicle,Turning/Crossing accident,Daylight,Dry,892,273689.0
5329,5329,194632,7,Neu-Tempelhof,2019,4,15,3,3,5,3,0,1,0,0,0,0,1,0.0,Tempelhof-Schöneberg,Accident with minor injuries,Collision with a turning/crossing vehicle,Turning/Crossing accident,Daylight,Dry,1241,350984.0
5330,5330,194633,7,Friedenau,2019,4,15,3,3,5,3,0,1,1,0,0,0,0,0.0,Tempelhof-Schöneberg,Accident with minor injuries,Collision with a turning/crossing vehicle,Turning/Crossing accident,Daylight,Dry,1241,350984.0
5331,5331,194634,4,Messegelände,2019,4,15,3,2,5,7,0,1,1,0,0,0,0,0.0,Charlottenburg-Wilmersdorf,Accident with serious injuries,Collision with a turning/crossing vehicle,Others,Daylight,Dry,1727,343592.0
5332,5332,194635,2,Mehringplatz,2019,4,15,3,2,5,2,0,1,1,0,0,0,0,0.0,Friedrichshain-Kreuzberg,Accident with serious injuries,Collision with a turning/crossing vehicle,Turning accident,Daylight,Dry,1381,290386.0
5333,5333,194636,1,Stephankiez,2019,4,15,3,2,5,7,0,0,1,0,1,0,0,0.0,Mitte,Accident with serious injuries,Collision with a turning/crossing vehicle,Others,Daylight,Dry,2215,385748.0
5334,5334,194637,2,Mehringplatz,2019,4,14,3,3,5,3,0,1,1,0,0,0,0,0.0,Friedrichshain-Kreuzberg,Accident with minor injuries,Collision with a turning/crossing vehicle,Turning/Crossing accident,Daylight,Dry,1381,290386.0
5335,5335,194638,1,Huttenkiez,2019,4,14,3,3,5,2,0,1,0,0,0,1,0,0.0,Mitte,Accident with minor injuries,Collision with a turning/crossing vehicle,Turning accident,Daylight,Dry,2215,385748.0
5336,5336,194639,10,Mahlsdorf Süd,2019,4,14,3,3,3,6,0,1,0,0,0,0,1,0.0,Marzahn-Hellersdorf,Accident with minor injuries,Collision with a vehicle traveling laterally in the same direction,Collision involving vehicles going in the same way,Daylight,Dry,586,269967.0
5337,5337,194640,4,Lietzensee,2019,4,15,3,3,1,5,0,0,1,0,0,0,0,0.0,Charlottenburg-Wilmersdorf,Accident with minor injuries,Collision with a moving/standing/parked vehicle,Accident involving parked vehicles,Daylight,Dry,1727,343592.0
5338,5338,194641,7,Kaiser-Wilhelm-Platz,2019,4,13,3,3,5,7,0,1,1,0,0,0,0,0.0,Tempelhof-Schöneberg,Accident with minor injuries,Collision with a turning/crossing vehicle,Others,Daylight,Dry,1241,350984.0
5339,5339,194642,4,Preußenpark,2019,4,11,3,3,5,2,0,1,1,0,0,0,0,0.0,Charlottenburg-Wilmersdorf,Accident with minor injuries,Collision with a turning/crossing vehicle,Turning accident,Daylight,Dry,1727,343592.0
5340,5340,194643,9,Oberschöneweide West,2019,4,6,3,3,5,7,0,0,1,0,0,1,0,0.0,Treptow-Köpenick,Accident with minor injuries,Collision with a turning/crossing vehicle,Others,Daylight,Dry,892,273689.0
5341,5341,194644,3,Erich-Weinert-Straße,2019,5,18,5,3,2,6,0,0,1,0,0,0,0,0.0,Pankow,Accident with minor injuries,Collision with the vehicle in front/waiting vehicle,Collision involving vehicles going in the same way,Daylight,Dry,1219,409335.0
5342,5342,194645,10,Gewerbegebiet Bitterfelder Straße,2019,4,6,3,3,1,5,0,0,1,0,0,1,0,0.0,Marzahn-Hellersdorf,Accident with minor injuries,Collision with a moving/standing/parked vehicle,Accident involving parked vehicles,Daylight,Dry,586,269967.0
5343,5343,194646,5,Gartenfelder Straße,2019,4,6,3,3,5,3,0,0,1,0,0,0,0,0.0,Spandau,Accident with minor injuries,Collision with a turning/crossing vehicle,Turning/Crossing accident,Daylight,Dry,798,245197.0
5344,5344,194647,7,Fritz-Werner-Straße,2019,5,18,5,3,5,3,0,0,1,0,0,0,0,0.0,Tempelhof-Schöneberg,Accident with minor injuries,Collision with a turning/crossing vehicle,Turning/Crossing accident,Daylight,Dry,1241,350984.0
5345,5345,194648,3,Arnimplatz,2019,5,14,5,3,5,3,0,1,0,0,0,0,0,1.0,Pankow,Accident with minor injuries,Collision with a turning/crossing vehicle,Turning/Crossing accident,Daylight,Wet/moist/slippery,1219,409335.0
5346,5346,194649,1,Reinickendorfer Straße,2019,4,6,3,3,2,6,0,0,1,0,0,0,0,0.0,Mitte,Accident with minor injuries,Collision with the vehicle in front/waiting vehicle,Collision involving vehicles going in the same way,Daylight,Dry,2215,385748.0
5347,5347,194650,10,Oberfeldstraße,2019,5,14,5,2,2,6,0,0,1,0,0,0,0,1.0,Marzahn-Hellersdorf,Accident with serious injuries,Collision with the vehicle in front/waiting vehicle,Collision involving vehicles going in the same way,Daylight,Wet/moist/slippery,586,269967.0
5348,5348,194651,11,Weitlingstraße,2019,5,14,5,3,5,3,0,1,1,0,0,0,0,1.0,Lichtenberg,Accident with minor injuries,Collision with a turning/crossing vehicle,Turning/Crossing accident,Daylight,Wet/moist/slippery,679,294201.0
5349,5349,194652,6,Schloßstraße,2019,5,16,6,3,1,5,0,1,1,0,0,0,0,0.0,Steglitz-Zehlendorf,Accident with minor injuries,Collision with a moving/standing/parked vehicle,Accident involving parked vehicles,Daylight,Dry,851,310071.0
5350,5350,194653,11,Fennpfuhl West,2019,5,16,6,3,2,2,0,0,0,0,1,0,1,0.0,Lichtenberg,Accident with minor injuries,Collision with the vehicle in front/waiting vehicle,Turning accident,Daylight,Dry,679,294201.0
5351,5351,194654,2,Andreasviertel,2019,5,16,6,3,2,6,0,0,1,0,1,0,0,0.0,Friedrichshain-Kreuzberg,Accident with minor injuries,Collision with the vehicle in front/waiting vehicle,Collision involving vehicles going in the same way,Daylight,Dry,1381,290386.0
5352,5352,194655,12,Waldidyll/Flughafensee,2019,5,15,6,2,2,6,0,0,1,0,0,0,0,0.0,Reinickendorf,Accident with serious injuries,Collision with the vehicle in front/waiting vehicle,Collision involving vehicles going in the same way,Daylight,Dry,867,266408.0
5353,5353,194656,1,Charitéviertel,2019,5,15,6,3,1,5,0,1,1,0,0,0,0,0.0,Mitte,Accident with minor injuries,Collision with a moving/standing/parked vehicle,Accident involving parked vehicles,Daylight,Dry,2215,385748.0
5354,5354,194657,5,Alt-Gatow,2019,5,15,6,3,5,2,0,0,1,0,1,0,0,0.0,Spandau,Accident with minor injuries,Collision with a turning/crossing vehicle,Turning accident,Daylight,Dry,798,245197.0
5355,5355,194658,2,Mehringplatz,2019,5,15,6,3,2,6,0,0,1,0,0,0,1,0.0,Friedrichshain-Kreuzberg,Accident with minor injuries,Collision with the vehicle in front/waiting vehicle,Collision involving vehicles going in the same way,Daylight,Dry,1381,290386.0
5356,5356,194659,11,Orankesee,2019,5,13,6,3,5,2,0,0,0,0,0,1,1,0.0,Lichtenberg,Accident with minor injuries,Collision with a turning/crossing vehicle,Turning accident,Daylight,Dry,679,294201.0
5357,5357,194660,4,Schaperstraße,2019,5,13,6,2,5,2,0,1,1,0,0,0,0,0.0,Charlottenburg-Wilmersdorf,Accident with serious injuries,Collision with a turning/crossing vehicle,Turning accident,Daylight,Dry,1727,343592.0
5358,5358,194661,1,Oranienburger Straße,2019,5,13,6,3,0,5,0,1,0,0,0,0,1,0.0,Mitte,Accident with minor injuries,Others,Accident involving parked vehicles,Daylight,Dry,2215,385748.0
5359,5359,194662,2,Oranienplatz,2019,5,13,6,3,5,3,0,0,1,0,0,0,0,0.0,Friedrichshain-Kreuzberg,Accident with minor injuries,Collision with a turning/crossing vehicle,Turning/Crossing accident,Daylight,Dry,1381,290386.0
5360,5360,194663,11,Stralauer Kiez,2019,5,12,6,3,3,6,0,1,0,0,0,0,1,0.0,Lichtenberg,Accident with minor injuries,Collision with a vehicle traveling laterally in the same direction,Collision involving vehicles going in the same way,Daylight,Dry,679,294201.0
5361,5361,194664,9,Adlershof West,2019,5,11,6,3,0,3,0,0,1,0,0,0,1,0.0,Treptow-Köpenick,Accident with minor injuries,Others,Turning/Crossing accident,Daylight,Dry,892,273689.0
5362,5362,194665,9,Elsenstraße,2019,5,9,5,3,3,6,0,1,0,0,0,0,1,0.0,Treptow-Köpenick,Accident with minor injuries,Collision with a vehicle traveling laterally in the same direction,Collision involving vehicles going in the same way,Daylight,Dry,892,273689.0
5363,5363,194666,6,Augustaplatz,2019,5,20,5,3,2,6,1,0,1,0,0,0,0,0.0,Steglitz-Zehlendorf,Accident with minor injuries,Collision with the vehicle in front/waiting vehicle,Collision involving vehicles going in the same way,Twilight,Dry,851,310071.0
5364,5364,194667,5,Rohrdamm,2019,5,19,5,3,5,2,0,0,1,0,0,0,0,1.0,Spandau,Accident with minor injuries,Collision with a turning/crossing vehicle,Turning accident,Daylight,Wet/moist/slippery,798,245197.0
5365,5365,194668,1,Stephankiez,2019,5,19,5,3,5,3,0,1,1,0,0,0,0,1.0,Mitte,Accident with minor injuries,Collision with a turning/crossing vehicle,Turning/Crossing accident,Daylight,Wet/moist/slippery,2215,385748.0
5366,5366,194669,1,Leopoldplatz,2019,5,19,5,3,2,6,0,0,1,0,0,0,0,1.0,Mitte,Accident with minor injuries,Collision with the vehicle in front/waiting vehicle,Collision involving vehicles going in the same way,Daylight,Wet/moist/slippery,2215,385748.0
5367,5367,194670,12,Waldidyll/Flughafensee,2019,5,23,5,3,0,1,2,0,0,0,1,0,0,1.0,Reinickendorf,Accident with minor injuries,Others,Driving accident,Dark,Wet/moist/slippery,867,266408.0
5368,5368,194671,6,Lichterfelde Süd,2019,5,8,5,3,0,1,0,0,0,0,0,0,1,1.0,Steglitz-Zehlendorf,Accident with minor injuries,Others,Driving accident,Daylight,Wet/moist/slippery,851,310071.0
5369,5369,194672,5,Kurstraße,2019,5,12,5,3,2,4,0,0,1,1,0,0,0,1.0,Spandau,Accident with minor injuries,Collision with the vehicle in front/waiting vehicle,Pedestrian crossing accident,Daylight,Wet/moist/slippery,798,245197.0
5370,5370,194673,4,Messegelände,2019,5,12,5,3,2,6,0,0,1,0,0,1,0,1.0,Charlottenburg-Wilmersdorf,Accident with minor injuries,Collision with the vehicle in front/waiting vehicle,Collision involving vehicles going in the same way,Daylight,Wet/moist/slippery,1727,343592.0
5371,5371,194674,6,Lichterfelde Süd,2019,5,12,5,3,6,2,0,0,0,1,0,0,1,1.0,Steglitz-Zehlendorf,Accident with minor injuries,Collision between vehicle and pedestrian,Turning accident,Daylight,Wet/moist/slippery,851,310071.0
5372,5372,194675,2,Urbanstraße,2019,5,11,5,3,5,3,0,0,1,0,0,0,0,1.0,Friedrichshain-Kreuzberg,Accident with minor injuries,Collision with a turning/crossing vehicle,Turning/Crossing accident,Daylight,Wet/moist/slippery,1381,290386.0
5373,5373,194676,10,Oberfeldstraße,2019,5,10,5,3,6,2,0,0,1,1,0,0,0,1.0,Marzahn-Hellersdorf,Accident with minor injuries,Collision between vehicle and pedestrian,Turning accident,Daylight,Wet/moist/slippery,586,269967.0
5374,5374,194677,2,Boxhagener Platz,2019,5,10,5,3,0,2,0,0,1,0,0,0,1,1.0,Friedrichshain-Kreuzberg,Accident with minor injuries,Others,Turning accident,Daylight,Wet/moist/slippery,1381,290386.0
5375,5375,194678,2,Andreasviertel,2019,5,10,5,3,2,6,0,0,0,0,0,0,1,1.0,Friedrichshain-Kreuzberg,Accident with minor injuries,Collision with the vehicle in front/waiting vehicle,Collision involving vehicles going in the same way,Daylight,Wet/moist/slippery,1381,290386.0
5376,5376,194679,2,Wriezener Bahnhof/Entwicklungsgebiet,2019,5,9,5,3,5,3,0,1,1,0,0,0,0,1.0,Friedrichshain-Kreuzberg,Accident with minor injuries,Collision with a turning/crossing vehicle,Turning/Crossing accident,Daylight,Wet/moist/slippery,1381,290386.0
5377,5377,194680,2,Reichenberger Straße,2019,5,9,5,3,5,3,0,0,1,0,1,0,0,1.0,Friedrichshain-Kreuzberg,Accident with minor injuries,Collision with a turning/crossing vehicle,Turning/Crossing accident,Daylight,Wet/moist/slippery,1381,290386.0
5378,5378,194681,12,Hausotterplatz,2019,5,9,5,3,5,3,0,0,1,0,0,0,0,1.0,Reinickendorf,Accident with minor injuries,Collision with a turning/crossing vehicle,Turning/Crossing accident,Daylight,Wet/moist/slippery,867,266408.0
5379,5379,194682,2,Urbanstraße,2019,5,8,5,3,2,6,0,0,1,0,0,0,0,1.0,Friedrichshain-Kreuzberg,Accident with minor injuries,Collision with the vehicle in front/waiting vehicle,Collision involving vehicles going in the same way,Daylight,Wet/moist/slippery,1381,290386.0
5380,5380,194683,1,Reinickendorfer Straße,2019,5,8,5,3,5,2,0,0,1,0,0,0,0,1.0,Mitte,Accident with minor injuries,Collision with a turning/crossing vehicle,Turning accident,Daylight,Wet/moist/slippery,2215,385748.0
5381,5381,194684,2,Samariterviertel,2019,5,8,5,2,5,2,0,0,1,0,1,0,0,1.0,Friedrichshain-Kreuzberg,Accident with serious injuries,Collision with a turning/crossing vehicle,Turning accident,Daylight,Wet/moist/slippery,1381,290386.0
5382,5382,194685,3,Heinersdorf,2019,5,8,5,3,4,6,0,0,1,0,0,1,0,1.0,Pankow,Accident with minor injuries,Collision with oncoming vehicle,Collision involving vehicles going in the same way,Daylight,Wet/moist/slippery,1219,409335.0
5383,5383,194686,7,Rathausstraße,2019,5,6,5,3,6,2,0,0,1,1,0,0,0,1.0,Tempelhof-Schöneberg,Accident with minor injuries,Collision between vehicle and pedestrian,Turning accident,Daylight,Wet/moist/slippery,1241,350984.0
5384,5384,194687,4,Spreestadt,2019,5,5,5,2,1,1,1,0,1,0,0,0,0,1.0,Charlottenburg-Wilmersdorf,Accident with serious injuries,Collision with a moving/standing/parked vehicle,Driving accident,Twilight,Wet/moist/slippery,1727,343592.0
5385,5385,194688,11,Rüdigerstraße,2019,5,2,5,2,6,4,2,0,0,1,0,1,0,1.0,Lichtenberg,Accident with serious injuries,Collision between vehicle and pedestrian,Pedestrian crossing accident,Dark,Wet/moist/slippery,679,294201.0
5386,5386,194689,6,Lankwitz Kirche,2019,5,17,5,2,6,4,0,0,1,1,0,0,0,0.0,Steglitz-Zehlendorf,Accident with serious injuries,Collision between vehicle and pedestrian,Pedestrian crossing accident,Daylight,Dry,851,310071.0