,Unnamed: 0,object id,district,street,year,month,hour of day,weekday,category,accident type,accident type 2,light situation,bike involved,car involved,pedestrian involved,motor bike involved,big track involved,other vehicle involved,road condition,district name,category name,accident detail,accident type detail,light condition,road condition detail,accident count by district,est. population
5387,5387,194690,3,Kollwitzplatz,2019,5,17,5,3,2,6,0,0,1,0,1,0,0,1.0,Pankow,Accident with minor injuries,Collision with the vehicle in front/waiting vehicle,Collision involving vehicles going in the same way,Daylight,Wet/moist/slippery,1219,409335.0
5388,5388,194691,5,Carl-Schurz-Straße,2019,5,13,5,3,1,5,0,1,1,0,0,0,0,1.0,Spandau,Accident with minor injuries,Collision with a moving/standing/parked vehicle,Accident involving parked vehicles,Daylight,Wet/moist/slippery,798,245197.0
5389,5389,194692,11,Sewanstraße,2019,5,17,5,2,1,5,0,1,1,0,0,0,0,0.0,Lichtenberg,Accident with serious injuries,Collision with a moving/standing/parked vehicle,Accident involving parked vehicles,Daylight,Dry,679,294201.0
5390,5390,194693,2,Wrangelkiez,2019,5,17,5,3,1,5,0,1,1,0,0,0,0,0.0,Friedrichshain-Kreuzberg,Accident with minor injuries,Collision with a moving/standing/parked vehicle,Accident involving parked vehicles,Daylight,Dry,1381,290386.0
5391,5391,194694,2,Samariterviertel,2019,5,16,5,3,0,2,0,0,0,0,1,0,1,1.0,Friedrichshain-Kreuzberg,Accident with minor injuries,Others,Turning accident,Daylight,Wet/moist/slippery,1381,290386.0
5392,5392,194695,1,Reinickendorfer Straße,2019,5,16,5,3,6,4,0,0,1,1,0,0,0,1.0,Mitte,Accident with minor injuries,Collision between vehicle and pedestrian,Pedestrian crossing accident,Daylight,Wet/moist/slippery,2215,385748.0
5393,5393,194696,1,Wilhelmstraße,2019,5,15,5,3,6,2,0,0,1,1,0,0,0,1.0,Mitte,Accident with minor injuries,Collision between vehicle and pedestrian,Turning accident,Daylight,Wet/moist/slippery,2215,385748.0
5394,5394,194697,3,Pankow Süd,2019,5,15,5,3,1,5,0,1,1,0,0,0,0,1.0,Pankow,Accident with minor injuries,Collision with a moving/standing/parked vehicle,Accident involving parked vehicles,Daylight,Wet/moist/slippery,1219,409335.0
5395,5395,194698,4,Ernst-Reuter-Platz,2019,5,15,5,3,5,5,0,0,0,0,1,0,1,1.0,Charlottenburg-Wilmersdorf,Accident with minor injuries,Collision with a turning/crossing vehicle,Accident involving parked vehicles,Daylight,Wet/moist/slippery,1727,343592.0
5396,5396,194699,12,Wittenau Süd,2019,5,15,5,2,0,1,0,0,0,0,1,0,0,1.0,Reinickendorf,Accident with serious injuries,Others,Driving accident,Daylight,Wet/moist/slippery,867,266408.0
5397,5397,194700,7,Manteuffelstraße,2019,5,14,5,3,2,6,0,0,1,0,0,0,0,1.0,Tempelhof-Schöneberg,Accident with minor injuries,Collision with the vehicle in front/waiting vehicle,Collision involving vehicles going in the same way,Daylight,Wet/moist/slippery,1241,350984.0
5398,5398,194701,1,Reinickendorfer Straße,2019,5,14,5,3,2,6,0,0,1,0,0,0,0,1.0,Mitte,Accident with minor injuries,Collision with the vehicle in front/waiting vehicle,Collision involving vehicles going in the same way,Daylight,Wet/moist/slippery,2215,385748.0
5399,5399,194702,10,Alt-Marzahn,2019,5,10,4,3,2,6,0,0,1,0,0,0,0,0.0,Marzahn-Hellersdorf,Accident with minor injuries,Collision with the vehicle in front/waiting vehicle,Collision involving vehicles going in the same way,Daylight,Dry,586,269967.0
5400,5400,194703,4,Reichsstraße,2019,5,10,4,2,5,3,0,0,1,0,1,0,0,0.0,Charlottenburg-Wilmersdorf,Accident with serious injuries,Collision with a turning/crossing vehicle,Turning/Crossing accident,Daylight,Dry,1727,343592.0
5401,5401,194704,7,Germaniagarten,2019,5,11,4,3,5,2,0,1,1,0,0,0,0,0.0,Tempelhof-Schöneberg,Accident with minor injuries,Collision with a turning/crossing vehicle,Turning accident,Daylight,Dry,1241,350984.0
5402,5402,194705,1,Alexanderplatzviertel,2019,5,12,4,3,5,3,0,1,1,0,0,0,0,0.0,Mitte,Accident with minor injuries,Collision with a turning/crossing vehicle,Turning/Crossing accident,Daylight,Dry,2215,385748.0
5403,5403,194706,3,Falkplatz,2019,5,14,4,3,2,6,0,0,0,0,0,1,1,0.0,Pankow,Accident with minor injuries,Collision with the vehicle in front/waiting vehicle,Collision involving vehicles going in the same way,Daylight,Dry,1219,409335.0
5404,5404,194707,9,Köpenick Nord,2019,5,14,4,3,5,3,0,1,1,0,0,0,0,1.0,Treptow-Köpenick,Accident with minor injuries,Collision with a turning/crossing vehicle,Turning/Crossing accident,Daylight,Wet/moist/slippery,892,273689.0
5405,5405,194708,5,Gütersloher Weg,2019,5,15,4,3,1,5,0,1,1,0,0,0,0,0.0,Spandau,Accident with minor injuries,Collision with a moving/standing/parked vehicle,Accident involving parked vehicles,Daylight,Dry,798,245197.0
5406,5406,194709,5,Adamstraße,2019,5,16,4,3,5,3,0,1,1,0,0,0,0,0.0,Spandau,Accident with minor injuries,Collision with a turning/crossing vehicle,Turning/Crossing accident,Daylight,Dry,798,245197.0
5407,5407,194710,4,Halensee,2019,5,16,4,3,2,6,0,0,1,0,0,0,0,0.0,Charlottenburg-Wilmersdorf,Accident with minor injuries,Collision with the vehicle in front/waiting vehicle,Collision involving vehicles going in the same way,Daylight,Dry,1727,343592.0
5408,5408,194711,5,Döberitzer Weg,2019,5,16,4,3,2,6,0,0,1,0,0,0,0,0.0,Spandau,Accident with minor injuries,Collision with the vehicle in front/waiting vehicle,Collision involving vehicles going in the same way,Daylight,Dry,798,245197.0
5409,5409,194712,1,Heine-Viertel West,2019,5,17,4,3,1,5,0,1,1,0,0,0,0,0.0,Mitte,Accident with minor injuries,Collision with a moving/standing/parked vehicle,Accident involving parked vehicles,Daylight,Dry,2215,385748.0
5410,5410,194713,4,Schloßgarten,2019,5,17,4,3,2,6,0,0,1,0,0,0,0,0.0,Charlottenburg-Wilmersdorf,Accident with minor injuries,Collision with the vehicle in front/waiting vehicle,Collision involving vehicles going in the same way,Daylight,Dry,1727,343592.0
5411,5411,194714,10,Gut Hellersdorf,2019,5,18,4,3,5,3,0,1,1,0,0,0,0,0.0,Marzahn-Hellersdorf,Accident with minor injuries,Collision with a turning/crossing vehicle,Turning/Crossing accident,Daylight,Dry,586,269967.0
5412,5412,194715,10,Adele-Sandrock-Straße,2019,5,15,4,2,6,4,0,0,1,1,0,0,0,1.0,Marzahn-Hellersdorf,Accident with serious injuries,Collision between vehicle and pedestrian,Pedestrian crossing accident,Daylight,Wet/moist/slippery,586,269967.0
5413,5413,194716,5,Werkstraße,2019,5,12,4,3,0,5,0,0,1,0,0,0,1,0.0,Spandau,Accident with minor injuries,Others,Accident involving parked vehicles,Daylight,Dry,798,245197.0
5414,5414,194717,4,Amtsgerichtsplatz,2019,5,17,4,3,2,6,0,0,1,0,0,0,0,0.0,Charlottenburg-Wilmersdorf,Accident with minor injuries,Collision with the vehicle in front/waiting vehicle,Collision involving vehicles going in the same way,Daylight,Dry,1727,343592.0
5415,5415,194718,1,Stülerstraße,2019,5,10,4,3,2,6,0,0,1,0,0,0,0,0.0,Mitte,Accident with minor injuries,Collision with the vehicle in front/waiting vehicle,Collision involving vehicles going in the same way,Daylight,Dry,2215,385748.0
5416,5416,194719,3,Arnimplatz,2019,5,10,4,3,2,2,0,0,0,0,1,0,0,0.0,Pankow,Accident with minor injuries,Collision with the vehicle in front/waiting vehicle,Turning accident,Daylight,Dry,1219,409335.0
5417,5417,194720,4,Droysenstraße,2019,5,9,4,2,6,7,0,0,1,1,0,0,0,0.0,Charlottenburg-Wilmersdorf,Accident with serious injuries,Collision between vehicle and pedestrian,Others,Daylight,Dry,1727,343592.0
5418,5418,194721,1,Thomasiusstraße,2019,5,9,4,3,5,3,0,1,1,0,0,0,0,0.0,Mitte,Accident with minor injuries,Collision with a turning/crossing vehicle,Turning/Crossing accident,Daylight,Dry,2215,385748.0
5419,5419,194722,2,Urbanstraße,2019,5,9,4,3,5,2,0,1,1,0,0,0,0,0.0,Friedrichshain-Kreuzberg,Accident with minor injuries,Collision with a turning/crossing vehicle,Turning accident,Daylight,Dry,1381,290386.0
5420,5420,194723,1,Karl-Marx-Allee,2019,5,9,4,3,2,6,0,1,0,0,0,0,0,0.0,Mitte,Accident with minor injuries,Collision with the vehicle in front/waiting vehicle,Collision involving vehicles going in the same way,Daylight,Dry,2215,385748.0
5421,5421,194724,4,Königin-Elisabeth-Straße,2019,5,9,4,3,3,6,0,0,1,0,0,0,0,0.0,Charlottenburg-Wilmersdorf,Accident with minor injuries,Collision with a vehicle traveling laterally in the same direction,Collision involving vehicles going in the same way,Daylight,Dry,1727,343592.0
5422,5422,194725,2,Viktoriapark,2019,5,9,4,3,2,2,0,0,1,0,0,0,0,0.0,Friedrichshain-Kreuzberg,Accident with minor injuries,Collision with the vehicle in front/waiting vehicle,Turning accident,Daylight,Dry,1381,290386.0
5423,5423,194726,4,Droysenstraße,2019,5,22,4,3,0,2,2,0,1,0,1,0,0,0.0,Charlottenburg-Wilmersdorf,Accident with minor injuries,Others,Turning accident,Dark,Dry,1727,343592.0
5424,5424,194727,1,Unter den Linden Süd,2019,5,8,4,3,2,3,0,1,1,0,0,0,0,0.0,Mitte,Accident with minor injuries,Collision with the vehicle in front/waiting vehicle,Turning/Crossing accident,Daylight,Dry,2215,385748.0
5425,5425,194728,2,Moritzplatz,2019,5,8,4,3,6,2,0,0,0,1,0,0,1,0.0,Friedrichshain-Kreuzberg,Accident with minor injuries,Collision between vehicle and pedestrian,Turning accident,Daylight,Dry,1381,290386.0
5426,5426,194729,12,Waldidyll/Flughafensee,2019,5,8,4,3,5,3,0,1,1,0,0,0,0,0.0,Reinickendorf,Accident with minor injuries,Collision with a turning/crossing vehicle,Turning/Crossing accident,Daylight,Dry,867,266408.0
5427,5427,194730,11,Rüdigerstraße,2019,5,8,4,3,1,5,0,1,1,0,0,0,0,0.0,Lichtenberg,Accident with minor injuries,Collision with a moving/standing/parked vehicle,Accident involving parked vehicles,Daylight,Dry,679,294201.0
5428,5428,194731,7,Volkspark (Rudolf-Wilde-Park),2019,5,7,4,3,5,3,0,1,1,0,0,0,0,0.0,Tempelhof-Schöneberg,Accident with minor injuries,Collision with a turning/crossing vehicle,Turning/Crossing accident,Daylight,Dry,1241,350984.0
5429,5429,194732,9,Adlershof West,2019,5,7,4,3,6,4,0,0,1,1,0,0,0,0.0,Treptow-Köpenick,Accident with minor injuries,Collision between vehicle and pedestrian,Pedestrian crossing accident,Daylight,Dry,892,273689.0
5430,5430,194733,1,Humboldthain Nordwest,2019,5,21,4,3,8,1,2,0,1,0,0,0,0,1.0,Mitte,Accident with minor injuries,Departure from the roadway to the right,Driving accident,Dark,Wet/moist/slippery,2215,385748.0
5431,5431,194734,8,Rixdorf,2019,5,7,4,3,6,4,0,0,1,1,0,0,0,0.0,Neukölln,Accident with minor injuries,Collision between vehicle and pedestrian,Pedestrian crossing accident,Daylight,Dry,934,329917.0
5432,5432,194735,9,Köllnische Vorstadt,2019,5,7,4,3,5,3,0,0,1,0,1,0,0,0.0,Treptow-Köpenick,Accident with minor injuries,Collision with a turning/crossing vehicle,Turning/Crossing accident,Daylight,Dry,892,273689.0
5433,5433,194736,5,Freiheit,2019,5,7,4,2,5,2,0,1,1,0,0,0,0,0.0,Spandau,Accident with serious injuries,Collision with a turning/crossing vehicle,Turning accident,Daylight,Dry,798,245197.0
5434,5434,194737,5,Rohrdamm,2019,5,6,4,3,2,6,0,0,1,0,0,0,0,0.0,Spandau,Accident with minor injuries,Collision with the vehicle in front/waiting vehicle,Collision involving vehicles going in the same way,Daylight,Dry,798,245197.0
5435,5435,194738,4,Schaperstraße,2019,5,18,4,3,5,2,0,1,1,0,0,0,0,1.0,Charlottenburg-Wilmersdorf,Accident with minor injuries,Collision with a turning/crossing vehicle,Turning accident,Daylight,Wet/moist/slippery,1727,343592.0
5436,5436,194739,9,Grünau,2019,5,7,3,3,4,6,0,1,0,0,0,0,0,0.0,Treptow-Köpenick,Accident with minor injuries,Collision with oncoming vehicle,Collision involving vehicles going in the same way,Daylight,Dry,892,273689.0
5437,5437,194740,11,Landsberger Allee,2019,5,6,3,3,5,2,0,1,1,0,0,0,0,0.0,Lichtenberg,Accident with minor injuries,Collision with a turning/crossing vehicle,Turning accident,Daylight,Dry,679,294201.0
5438,5438,194741,4,Brabanter Platz,2019,5,18,3,3,5,2,0,0,1,0,0,0,0,0.0,Charlottenburg-Wilmersdorf,Accident with minor injuries,Collision with a turning/crossing vehicle,Turning accident,Daylight,Dry,1727,343592.0
5439,5439,194742,9,Dammvorstadt,2019,5,17,3,3,6,4,0,0,1,1,0,0,0,0.0,Treptow-Köpenick,Accident with minor injuries,Collision between vehicle and pedestrian,Pedestrian crossing accident,Daylight,Dry,892,273689.0
5440,5440,194743,12,Klixstraße,2019,5,16,3,3,6,2,0,0,1,1,0,0,0,0.0,Reinickendorf,Accident with minor injuries,Collision between vehicle and pedestrian,Turning accident,Daylight,Dry,867,266408.0
5441,5441,194744,1,Soldiner Straße,2019,5,16,3,2,6,4,0,0,1,1,0,0,0,0.0,Mitte,Accident with serious injuries,Collision between vehicle and pedestrian,Pedestrian crossing accident,Daylight,Dry,2215,385748.0
5442,5442,194745,5,Zitadellenweg,2019,5,5,3,3,5,2,0,1,1,0,0,0,0,0.0,Spandau,Accident with minor injuries,Collision with a turning/crossing vehicle,Turning accident,Daylight,Dry,798,245197.0
5443,5443,194746,5,An der Kappe,2019,5,19,3,3,5,3,0,0,1,0,0,0,0,0.0,Spandau,Accident with minor injuries,Collision with a turning/crossing vehicle,Turning/Crossing accident,Daylight,Dry,798,245197.0
5444,5444,194747,5,Gartenfelder Straße,2019,5,16,3,2,5,7,0,0,1,0,0,1,0,0.0,Spandau,Accident with serious injuries,Collision with a turning/crossing vehicle,Others,Daylight,Dry,798,245197.0
5445,5445,194748,1,Charitéviertel,2019,5,17,3,3,8,1,0,0,1,0,0,0,0,0.0,Mitte,Accident with minor injuries,Departure from the roadway to the right,Driving accident,Daylight,Dry,2215,385748.0
5446,5446,194749,1,Humboldthain Nordwest,2019,5,13,3,3,5,2,0,0,1,0,0,0,0,0.0,Mitte,Accident with minor injuries,Collision with a turning/crossing vehicle,Turning accident,Daylight,Dry,2215,385748.0
5447,5447,194750,4,Halensee,2019,5,22,3,2,6,4,2,0,1,1,0,0,0,0.0,Charlottenburg-Wilmersdorf,Accident with serious injuries,Collision between vehicle and pedestrian,Pedestrian crossing accident,Dark,Dry,1727,343592.0
5448,5448,194751,7,Franziusweg/Rohrbachstraße,2019,5,13,3,3,5,2,0,1,1,0,0,0,0,0.0,Tempelhof-Schöneberg,Accident with minor injuries,Collision with a turning/crossing vehicle,Turning accident,Daylight,Dry,1241,350984.0
5449,5449,194752,12,Märkisches Zentrum,2019,5,13,3,3,5,3,0,1,1,0,0,0,0,0.0,Reinickendorf,Accident with minor injuries,Collision with a turning/crossing vehicle,Turning/Crossing accident,Daylight,Dry,867,266408.0
5450,5450,194753,3,Erich-Weinert-Straße,2019,5,13,3,3,5,2,0,1,1,0,0,0,0,0.0,Pankow,Accident with minor injuries,Collision with a turning/crossing vehicle,Turning accident,Daylight,Dry,1219,409335.0
5451,5451,194754,7,Friedenau,2019,5,11,3,3,5,2,0,1,1,0,0,0,0,0.0,Tempelhof-Schöneberg,Accident with minor injuries,Collision with a turning/crossing vehicle,Turning accident,Daylight,Dry,1241,350984.0
5452,5452,194755,7,Nollendorfplatz,2019,5,9,3,3,5,2,0,1,1,0,0,0,0,0.0,Tempelhof-Schöneberg,Accident with minor injuries,Collision with a turning/crossing vehicle,Turning accident,Daylight,Dry,1241,350984.0
5453,5453,194756,11,Karlshorst Nord,2019,5,9,3,3,0,7,0,1,0,0,0,0,0,0.0,Lichtenberg,Accident with minor injuries,Others,Others,Daylight,Dry,679,294201.0
5454,5454,194757,9,Altstadt Kietz,2019,5,15,3,3,0,4,0,0,0,1,0,0,1,0.0,Treptow-Köpenick,Accident with minor injuries,Others,Pedestrian crossing accident,Daylight,Dry,892,273689.0
5455,5455,194758,7,Marienfelde Nordost,2019,5,9,3,2,5,7,0,0,1,0,0,0,0,0.0,Tempelhof-Schöneberg,Accident with serious injuries,Collision with a turning/crossing vehicle,Others,Daylight,Dry,1241,350984.0
5456,5456,194759,6,Dahlem,2019,5,9,3,3,2,6,0,0,1,0,0,0,0,0.0,Steglitz-Zehlendorf,Accident with minor injuries,Collision with the vehicle in front/waiting vehicle,Collision involving vehicles going in the same way,Daylight,Dry,851,310071.0
5457,5457,194760,5,Borkumer Straße,2019,5,8,3,3,3,2,0,0,1,0,0,1,0,0.0,Spandau,Accident with minor injuries,Collision with a vehicle traveling laterally in the same direction,Turning accident,Daylight,Dry,798,245197.0
5458,5458,194761,3,Pankow Zentrum,2019,5,8,3,3,2,6,0,0,1,0,0,1,0,0.0,Pankow,Accident with minor injuries,Collision with the vehicle in front/waiting vehicle,Collision involving vehicles going in the same way,Daylight,Dry,1219,409335.0
5459,5459,194762,7,Rathausstraße,2019,5,7,3,3,5,2,0,1,0,0,0,0,1,0.0,Tempelhof-Schöneberg,Accident with minor injuries,Collision with a turning/crossing vehicle,Turning accident,Daylight,Dry,1241,350984.0
5460,5460,194763,5,Amorbacher Weg,2019,5,7,3,3,5,7,0,0,1,0,1,0,0,0.0,Spandau,Accident with minor injuries,Collision with a turning/crossing vehicle,Others,Daylight,Dry,798,245197.0
5461,5461,194764,3,Pankow Süd,2019,5,7,3,3,5,3,0,0,1,0,0,0,0,0.0,Pankow,Accident with minor injuries,Collision with a turning/crossing vehicle,Turning/Crossing accident,Daylight,Dry,1219,409335.0
5462,5462,194765,9,Adlershof West,2019,5,16,3,3,2,6,0,0,1,0,0,0,1,0.0,Treptow-Köpenick,Accident with minor injuries,Collision with the vehicle in front/waiting vehicle,Collision involving vehicles going in the same way,Daylight,Dry,892,273689.0
5463,5463,194766,3,Falkplatz,2019,5,16,3,3,5,3,0,1,1,0,0,0,0,0.0,Pankow,Accident with minor injuries,Collision with a turning/crossing vehicle,Turning/Crossing accident,Daylight,Dry,1219,409335.0
5464,5464,194767,3,Humannplatz,2019,5,16,3,3,5,3,0,1,1,0,0,0,0,0.0,Pankow,Accident with minor injuries,Collision with a turning/crossing vehicle,Turning/Crossing accident,Daylight,Dry,1219,409335.0
5465,5465,194768,8,Alt-Rudow,2019,5,15,3,3,2,6,0,0,1,0,0,0,0,0.0,Neukölln,Accident with minor injuries,Collision with the vehicle in front/waiting vehicle,Collision involving vehicles going in the same way,Daylight,Dry,934,329917.0
5466,5466,194769,2,Lausitzer Platz,2019,5,15,3,3,1,5,0,1,1,0,0,0,0,0.0,Friedrichshain-Kreuzberg,Accident with minor injuries,Collision with a moving/standing/parked vehicle,Accident involving parked vehicles,Daylight,Dry,1381,290386.0
5467,5467,194770,7,Manteuffelstraße,2019,5,15,3,3,1,5,0,1,0,0,0,0,1,0.0,Tempelhof-Schöneberg,Accident with minor injuries,Collision with a moving/standing/parked vehicle,Accident involving parked vehicles,Daylight,Dry,1241,350984.0
5468,5468,194771,1,Thomasiusstraße,2019,5,11,3,3,5,3,0,1,0,0,1,0,0,0.0,Mitte,Accident with minor injuries,Collision with a turning/crossing vehicle,Turning/Crossing accident,Daylight,Dry,2215,385748.0
5469,5469,194772,8,Silbersteinstraße,2019,5,11,3,3,0,6,0,1,0,0,0,0,1,0.0,Neukölln,Accident with minor injuries,Others,Collision involving vehicles going in the same way,Daylight,Dry,934,329917.0
5470,5470,194773,10,Ringkolonnaden,2019,5,14,2,3,5,3,0,0,1,0,0,0,0,0.0,Marzahn-Hellersdorf,Accident with minor injuries,Collision with a turning/crossing vehicle,Turning/Crossing accident,Daylight,Dry,586,269967.0
5471,5471,194774,2,Urbanstraße,2019,5,16,2,3,6,7,0,1,0,1,0,0,0,0.0,Friedrichshain-Kreuzberg,Accident with minor injuries,Collision between vehicle and pedestrian,Others,Daylight,Dry,1381,290386.0
5472,5472,194775,3,Eldenaer Straße,2019,5,12,2,3,1,5,0,1,1,0,0,0,0,0.0,Pankow,Accident with minor injuries,Collision with a moving/standing/parked vehicle,Accident involving parked vehicles,Daylight,Dry,1219,409335.0
5473,5473,194776,7,Marienfelde Süd,2019,5,9,2,2,0,5,0,0,1,0,0,0,1,0.0,Tempelhof-Schöneberg,Accident with serious injuries,Others,Accident involving parked vehicles,Daylight,Dry,1241,350984.0
5474,5474,194777,11,Weitlingstraße,2019,5,15,2,3,5,3,0,1,1,0,0,0,0,0.0,Lichtenberg,Accident with minor injuries,Collision with a turning/crossing vehicle,Turning/Crossing accident,Daylight,Dry,679,294201.0
5475,5475,194778,5,Weinmeisterhornweg,2019,5,11,2,2,0,1,0,0,1,0,1,0,0,0.0,Spandau,Accident with serious injuries,Others,Driving accident,Daylight,Dry,798,245197.0
5476,5476,194779,1,Heine-Viertel West,2019,5,9,2,3,3,6,0,1,0,0,0,0,0,0.0,Mitte,Accident with minor injuries,Collision with a vehicle traveling laterally in the same direction,Collision involving vehicles going in the same way,Daylight,Dry,2215,385748.0
5477,5477,194780,2,Andreasviertel,2019,5,15,2,3,5,3,0,0,1,0,0,0,0,0.0,Friedrichshain-Kreuzberg,Accident with minor injuries,Collision with a turning/crossing vehicle,Turning/Crossing accident,Daylight,Dry,1381,290386.0
5478,5478,194781,11,Falkenberg Ost,2019,5,15,2,3,6,7,0,0,0,1,1,0,0,0.0,Lichtenberg,Accident with minor injuries,Collision between vehicle and pedestrian,Others,Daylight,Dry,679,294201.0
5479,5479,194782,3,Conrad-Blenkle-Straße,2019,5,14,2,3,2,2,0,1,1,0,0,0,0,0.0,Pankow,Accident with minor injuries,Collision with the vehicle in front/waiting vehicle,Turning accident,Daylight,Dry,1219,409335.0
5480,5480,194783,11,Sewanstraße,2019,5,14,2,3,5,2,0,1,1,0,0,0,0,0.0,Lichtenberg,Accident with minor injuries,Collision with a turning/crossing vehicle,Turning accident,Daylight,Dry,679,294201.0
5481,5481,194784,11,Weitlingstraße,2019,5,14,2,2,5,7,0,0,1,0,0,0,1,0.0,Lichtenberg,Accident with serious injuries,Collision with a turning/crossing vehicle,Others,Daylight,Dry,679,294201.0
5482,5482,194785,5,Rohrdamm,2019,5,14,2,3,5,3,0,1,1,0,0,0,0,0.0,Spandau,Accident with minor injuries,Collision with a turning/crossing vehicle,Turning/Crossing accident,Daylight,Dry,798,245197.0
5483,5483,194786,8,Blumenviertel,2019,5,13,2,3,2,6,0,0,1,0,0,0,0,0.0,Neukölln,Accident with minor injuries,Collision with the vehicle in front/waiting vehicle,Collision involving vehicles going in the same way,Daylight,Dry,934,329917.0
5484,5484,194787,2,Wrangelkiez,2019,5,11,2,3,5,2,0,0,1,0,1,0,0,0.0,Friedrichshain-Kreuzberg,Accident with minor injuries,Collision with a turning/crossing vehicle,Turning accident,Daylight,Dry,1381,290386.0
5485,5485,194788,1,Humboldthain Nordwest,2019,5,10,2,3,2,2,0,1,1,0,0,0,0,0.0,Mitte,Accident with minor injuries,Collision with the vehicle in front/waiting vehicle,Turning accident,Daylight,Dry,2215,385748.0
5486,5486,194789,10,Alt-Marzahn,2019,5,9,2,3,2,6,0,0,1,0,0,0,0,0.0,Marzahn-Hellersdorf,Accident with minor injuries,Collision with the vehicle in front/waiting vehicle,Collision involving vehicles going in the same way,Daylight,Dry,586,269967.0
5487,5487,194790,8,Donaustraße,2019,5,10,2,3,0,1,0,0,0,0,1,0,0,0.0,Neukölln,Accident with minor injuries,Others,Driving accident,Daylight,Dry,934,329917.0
5488,5488,194791,1,Alexanderplatzviertel,2019,5,9,2,2,5,2,0,1,0,0,0,1,0,0.0,Mitte,Accident with serious injuries,Collision with a turning/crossing vehicle,Turning accident,Daylight,Dry,2215,385748.0
5489,5489,194792,11,Große-Leege-Straße,2019,5,15,2,3,5,3,0,0,1,0,0,0,0,0.0,Lichtenberg,Accident with minor injuries,Collision with a turning/crossing vehicle,Turning/Crossing accident,Daylight,Dry,679,294201.0
5490,5490,194793,9,Kietzer Feld/Nachtheide,2019,5,14,2,3,8,1,0,0,1,0,0,0,0,0.0,Treptow-Köpenick,Accident with minor injuries,Departure from the roadway to the right,Driving accident,Daylight,Dry,892,273689.0
5491,5491,194794,2,Reichenberger Straße,2019,5,8,2,2,5,2,0,1,1,0,0,0,0,0.0,Friedrichshain-Kreuzberg,Accident with serious injuries,Collision with a turning/crossing vehicle,Turning accident,Daylight,Dry,1381,290386.0
5492,5492,194795,1,Leipziger Straße,2019,5,8,2,3,1,5,0,1,1,0,0,0,1,0.0,Mitte,Accident with minor injuries,Collision with a moving/standing/parked vehicle,Accident involving parked vehicles,Daylight,Dry,2215,385748.0
5493,5493,194796,7,Nollendorfplatz,2019,5,8,2,2,6,4,0,0,0,1,1,0,0,0.0,Tempelhof-Schöneberg,Accident with serious injuries,Collision between vehicle and pedestrian,Pedestrian crossing accident,Daylight,Dry,1241,350984.0
5494,5494,194797,6,Bismarckstraße,2019,5,8,2,3,2,7,0,0,1,0,1,1,0,0.0,Steglitz-Zehlendorf,Accident with minor injuries,Collision with the vehicle in front/waiting vehicle,Others,Daylight,Dry,851,310071.0
5495,5495,194798,9,Grünau,2019,5,8,2,3,5,2,0,1,0,0,0,1,0,0.0,Treptow-Köpenick,Accident with minor injuries,Collision with a turning/crossing vehicle,Turning accident,Daylight,Dry,892,273689.0
5496,5496,194799,6,Dahlem,2019,5,7,2,3,0,1,0,0,0,0,1,0,0,0.0,Steglitz-Zehlendorf,Accident with minor injuries,Others,Driving accident,Daylight,Dry,851,310071.0
5497,5497,194800,4,Rüdesheimer Platz,2019,5,7,2,3,5,3,0,0,1,0,1,0,0,0.0,Charlottenburg-Wilmersdorf,Accident with minor injuries,Collision with a turning/crossing vehicle,Turning/Crossing accident,Daylight,Dry,1727,343592.0
5498,5498,194801,7,Marienfelde Süd,2019,5,12,2,3,5,3,0,1,1,0,0,0,0,0.0,Tempelhof-Schöneberg,Accident with minor injuries,Collision with a turning/crossing vehicle,Turning/Crossing accident,Daylight,Dry,1241,350984.0
5499,5499,194802,2,Traveplatz,2019,5,20,2,3,5,3,0,0,1,0,0,0,1,0.0,Friedrichshain-Kreuzberg,Accident with minor injuries,Collision with a turning/crossing vehicle,Turning/Crossing accident,Daylight,Dry,1381,290386.0
5500,5500,194803,7,Rathausstraße,2019,5,19,2,3,1,1,0,0,1,0,0,0,0,0.0,Tempelhof-Schöneberg,Accident with minor injuries,Collision with a moving/standing/parked vehicle,Driving accident,Daylight,Dry,1241,350984.0
5501,5501,194804,12,Scharnweberstraße,2019,5,18,2,3,2,6,0,0,1,0,0,0,0,0.0,Reinickendorf,Accident with minor injuries,Collision with the vehicle in front/waiting vehicle,Collision involving vehicles going in the same way,Daylight,Dry,867,266408.0
5502,5502,194805,12,Mellerbogen,2019,5,18,2,2,6,4,1,0,1,1,0,0,0,0.0,Reinickendorf,Accident with serious injuries,Collision between vehicle and pedestrian,Pedestrian crossing accident,Twilight,Dry,867,266408.0
5503,5503,194806,4,Binger Straße,2019,5,18,2,3,6,7,0,0,1,1,0,0,0,0.0,Charlottenburg-Wilmersdorf,Accident with minor injuries,Collision between vehicle and pedestrian,Others,Daylight,Dry,1727,343592.0
5504,5504,194807,10,Alte Hellersdorfer Straße,2019,5,17,2,3,5,3,0,1,1,0,0,0,0,0.0,Marzahn-Hellersdorf,Accident with minor injuries,Collision with a turning/crossing vehicle,Turning/Crossing accident,Daylight,Dry,586,269967.0
5505,5505,194808,1,Heine-Viertel West,2019,5,17,2,3,1,5,0,1,0,0,0,0,1,0.0,Mitte,Accident with minor injuries,Collision with a moving/standing/parked vehicle,Accident involving parked vehicles,Daylight,Dry,2215,385748.0