,Unnamed: 0,object id,district,street,year,month,hour of day,weekday,category,accident type,accident type 2,light situation,bike involved,car involved,pedestrian involved,motor bike involved,big track involved,other vehicle involved,road condition,district name,category name,accident detail,accident type detail,light condition,road condition detail,accident count by district,est. population
5506,5506,194809,5,Borkumer Straße,2019,5,16,2,2,6,4,0,0,1,1,0,0,0,0.0,Spandau,Accident with serious injuries,Collision between vehicle and pedestrian,Pedestrian crossing accident,Daylight,Dry,798,245197.0
5507,5507,194810,2,Hausburgviertel,2019,5,16,2,3,5,3,0,0,1,0,0,0,1,0.0,Friedrichshain-Kreuzberg,Accident with minor injuries,Collision with a turning/crossing vehicle,Turning/Crossing accident,Daylight,Dry,1381,290386.0
5508,5508,194811,9,Elsenstraße,2019,5,15,2,3,5,2,0,1,0,0,0,0,1,0.0,Treptow-Köpenick,Accident with minor injuries,Collision with a turning/crossing vehicle,Turning accident,Daylight,Dry,892,273689.0
5509,5509,194812,1,Heine-Viertel West,2019,5,13,2,3,5,3,0,1,1,0,0,0,0,0.0,Mitte,Accident with minor injuries,Collision with a turning/crossing vehicle,Turning/Crossing accident,Daylight,Dry,2215,385748.0
5510,5510,194813,5,Gütersloher Weg,2019,5,12,2,3,3,3,0,0,1,0,0,0,0,0.0,Spandau,Accident with minor injuries,Collision with a vehicle traveling laterally in the same direction,Turning/Crossing accident,Daylight,Dry,798,245197.0
5511,5511,194814,8,Weiße Siedlung,2019,5,20,1,3,0,7,1,1,1,0,0,0,0,0.0,Neukölln,Accident with minor injuries,Others,Others,Twilight,Dry,934,329917.0
5512,5512,194815,4,Halensee,2019,5,19,1,3,1,7,0,1,1,0,0,0,0,0.0,Charlottenburg-Wilmersdorf,Accident with minor injuries,Collision with a moving/standing/parked vehicle,Others,Daylight,Dry,1727,343592.0
5513,5513,194816,6,Augustaplatz,2019,5,18,1,3,5,7,0,0,1,0,1,0,0,0.0,Steglitz-Zehlendorf,Accident with minor injuries,Collision with a turning/crossing vehicle,Others,Daylight,Dry,851,310071.0
5514,5514,194817,7,Nollendorfplatz,2019,5,17,1,3,5,2,0,1,1,0,0,0,0,0.0,Tempelhof-Schöneberg,Accident with minor injuries,Collision with a turning/crossing vehicle,Turning accident,Daylight,Dry,1241,350984.0
5515,5515,194818,6,Lichterfelde Süd,2019,5,17,1,3,1,5,0,1,1,0,0,0,0,0.0,Steglitz-Zehlendorf,Accident with minor injuries,Collision with a moving/standing/parked vehicle,Accident involving parked vehicles,Daylight,Dry,851,310071.0
5516,5516,194819,9,Bölschestraße,2019,5,16,1,3,6,7,0,0,0,1,1,0,0,0.0,Treptow-Köpenick,Accident with minor injuries,Collision between vehicle and pedestrian,Others,Daylight,Dry,892,273689.0
5517,5517,194820,9,Dammvorstadt,2019,5,16,1,3,5,2,0,1,1,0,0,0,0,0.0,Treptow-Köpenick,Accident with minor injuries,Collision with a turning/crossing vehicle,Turning accident,Daylight,Dry,892,273689.0
5518,5518,194821,3,Humannplatz,2019,5,16,1,3,2,6,0,0,1,0,1,0,0,0.0,Pankow,Accident with minor injuries,Collision with the vehicle in front/waiting vehicle,Collision involving vehicles going in the same way,Daylight,Dry,1219,409335.0
5519,5519,194822,6,Krumme Lanke,2019,5,16,1,3,5,3,0,0,1,0,0,0,0,0.0,Steglitz-Zehlendorf,Accident with minor injuries,Collision with a turning/crossing vehicle,Turning/Crossing accident,Daylight,Dry,851,310071.0
5520,5520,194823,6,Augustaplatz,2019,5,12,1,3,1,7,0,1,1,0,0,0,0,0.0,Steglitz-Zehlendorf,Accident with minor injuries,Collision with a moving/standing/parked vehicle,Others,Daylight,Dry,851,310071.0
5521,5521,194824,10,Adele-Sandrock-Straße,2019,5,15,1,3,5,2,0,0,1,0,0,0,0,0.0,Marzahn-Hellersdorf,Accident with minor injuries,Collision with a turning/crossing vehicle,Turning accident,Daylight,Dry,586,269967.0
5522,5522,194825,9,Köpenick Nord,2019,5,14,1,3,3,6,0,0,1,0,0,0,0,0.0,Treptow-Köpenick,Accident with minor injuries,Collision with a vehicle traveling laterally in the same direction,Collision involving vehicles going in the same way,Daylight,Dry,892,273689.0
5523,5523,194826,3,Blankenburg,2019,5,12,1,3,0,3,0,1,1,0,0,0,0,0.0,Pankow,Accident with minor injuries,Others,Turning/Crossing accident,Daylight,Dry,1219,409335.0
5524,5524,194827,8,Reuterkiez,2019,5,16,1,3,3,6,0,1,1,0,0,0,0,0.0,Neukölln,Accident with minor injuries,Collision with a vehicle traveling laterally in the same direction,Collision involving vehicles going in the same way,Daylight,Dry,934,329917.0
5525,5525,194828,1,Beusselkiez,2019,5,11,1,2,5,7,0,0,1,0,1,0,0,0.0,Mitte,Accident with serious injuries,Collision with a turning/crossing vehicle,Others,Daylight,Dry,2215,385748.0
5526,5526,194829,2,Viktoriapark,2019,5,9,1,3,4,6,0,1,0,0,0,0,0,0.0,Friedrichshain-Kreuzberg,Accident with minor injuries,Collision with oncoming vehicle,Collision involving vehicles going in the same way,Daylight,Dry,1381,290386.0
5527,5527,194830,4,Messegelände,2019,5,10,1,2,5,2,0,0,1,0,0,0,0,0.0,Charlottenburg-Wilmersdorf,Accident with serious injuries,Collision with a turning/crossing vehicle,Turning accident,Daylight,Dry,1727,343592.0
5528,5528,194831,2,Graefekiez,2019,5,13,1,3,6,4,0,1,0,1,0,0,0,0.0,Friedrichshain-Kreuzberg,Accident with minor injuries,Collision between vehicle and pedestrian,Pedestrian crossing accident,Daylight,Dry,1381,290386.0
5529,5529,194832,1,Charitéviertel,2019,5,13,1,3,2,2,0,1,1,0,0,0,0,0.0,Mitte,Accident with minor injuries,Collision with the vehicle in front/waiting vehicle,Turning accident,Daylight,Dry,2215,385748.0
5530,5530,194833,9,Oberschöneweide Ost,2019,5,10,1,3,5,2,0,0,1,0,0,0,1,0.0,Treptow-Köpenick,Accident with minor injuries,Collision with a turning/crossing vehicle,Turning accident,Daylight,Dry,892,273689.0
5531,5531,194834,8,Donaustraße,2019,5,4,1,3,5,7,1,0,1,0,0,0,0,1.0,Neukölln,Accident with minor injuries,Collision with a turning/crossing vehicle,Others,Twilight,Wet/moist/slippery,934,329917.0
5532,5532,194835,9,Elsenstraße,2019,5,20,1,3,0,7,0,0,1,0,0,0,0,0.0,Treptow-Köpenick,Accident with minor injuries,Others,Others,Daylight,Dry,892,273689.0
5533,5533,194836,12,Treuenbrietzener Straße,2019,5,19,1,2,5,3,0,0,1,0,0,0,0,0.0,Reinickendorf,Accident with serious injuries,Collision with a turning/crossing vehicle,Turning/Crossing accident,Daylight,Dry,867,266408.0
5534,5534,194837,7,Volkspark (Rudolf-Wilde-Park),2019,5,12,7,3,5,3,0,1,0,0,0,0,1,0.0,Tempelhof-Schöneberg,Accident with minor injuries,Collision with a turning/crossing vehicle,Turning/Crossing accident,Daylight,Dry,1241,350984.0
5535,5535,194838,5,Magistratsweg,2019,5,18,1,3,5,3,0,0,1,0,1,0,0,0.0,Spandau,Accident with minor injuries,Collision with a turning/crossing vehicle,Turning/Crossing accident,Daylight,Dry,798,245197.0
5536,5536,194839,1,Rehberge,2019,5,14,7,3,6,2,0,0,1,1,0,0,0,0.0,Mitte,Accident with minor injuries,Collision between vehicle and pedestrian,Turning accident,Daylight,Dry,2215,385748.0
5537,5537,194840,4,Breitscheidplatz,2019,5,18,1,2,2,6,0,0,1,0,0,0,0,0.0,Charlottenburg-Wilmersdorf,Accident with serious injuries,Collision with the vehicle in front/waiting vehicle,Collision involving vehicles going in the same way,Daylight,Dry,1727,343592.0
5538,5538,194841,5,Hakenfelde Nord,2019,5,17,1,2,6,4,0,0,1,1,0,0,0,0.0,Spandau,Accident with serious injuries,Collision between vehicle and pedestrian,Pedestrian crossing accident,Daylight,Dry,798,245197.0
5539,5539,194842,1,Emdener Straße,2019,5,11,7,3,3,6,0,1,0,0,0,0,0,0.0,Mitte,Accident with minor injuries,Collision with a vehicle traveling laterally in the same direction,Collision involving vehicles going in the same way,Daylight,Dry,2215,385748.0
5540,5540,194843,4,Flinsberger Platz,2019,5,16,1,3,1,5,0,0,1,0,0,0,0,0.0,Charlottenburg-Wilmersdorf,Accident with minor injuries,Collision with a moving/standing/parked vehicle,Accident involving parked vehicles,Daylight,Dry,1727,343592.0
5541,5541,194844,1,Heidestraße,2019,5,17,1,2,5,2,0,0,1,0,0,0,1,0.0,Mitte,Accident with serious injuries,Collision with a turning/crossing vehicle,Turning accident,Daylight,Dry,2215,385748.0
5542,5542,194845,5,Borkumer Straße,2019,5,12,7,3,2,7,0,0,1,0,0,0,0,0.0,Spandau,Accident with minor injuries,Collision with the vehicle in front/waiting vehicle,Others,Daylight,Dry,798,245197.0
5543,5543,194846,8,Reuterkiez,2019,5,16,1,3,0,1,0,0,0,0,1,0,0,1.0,Neukölln,Accident with minor injuries,Others,Driving accident,Daylight,Wet/moist/slippery,934,329917.0
5544,5544,194847,11,Fennpfuhl West,2019,5,17,7,2,0,1,0,0,0,0,1,0,0,1.0,Lichtenberg,Accident with serious injuries,Others,Driving accident,Daylight,Wet/moist/slippery,679,294201.0
5545,5545,194848,9,Rahnsdorf/Hessenwinkel,2019,5,16,1,2,5,3,0,1,1,0,0,0,0,0.0,Treptow-Köpenick,Accident with serious injuries,Collision with a turning/crossing vehicle,Turning/Crossing accident,Daylight,Dry,892,273689.0
5546,5546,194849,1,Invalidenstraße,2019,5,16,1,3,3,6,0,1,1,0,0,0,0,0.0,Mitte,Accident with minor injuries,Collision with a vehicle traveling laterally in the same direction,Collision involving vehicles going in the same way,Daylight,Dry,2215,385748.0
5547,5547,194850,6,Kaiser-Wilhelm-Straße,2019,5,23,7,3,5,2,2,0,1,0,0,0,0,0.0,Steglitz-Zehlendorf,Accident with minor injuries,Collision with a turning/crossing vehicle,Turning accident,Dark,Dry,851,310071.0
5548,5548,194851,5,Ackerstraße,2019,5,19,7,3,5,2,0,0,1,0,0,0,0,1.0,Spandau,Accident with minor injuries,Collision with a turning/crossing vehicle,Turning accident,Daylight,Wet/moist/slippery,798,245197.0
5549,5549,194852,6,Komponistenviertel Lankwitz,2019,5,16,1,3,0,1,0,0,1,0,1,0,0,1.0,Steglitz-Zehlendorf,Accident with minor injuries,Others,Driving accident,Daylight,Wet/moist/slippery,851,310071.0
5550,5550,194853,1,Lüneburger Straße,2019,5,15,1,3,5,2,0,1,1,0,0,0,0,0.0,Mitte,Accident with minor injuries,Collision with a turning/crossing vehicle,Turning accident,Daylight,Dry,2215,385748.0
5551,5551,194854,5,Maulbeerallee,2019,5,18,7,3,5,3,1,0,1,0,0,0,0,1.0,Spandau,Accident with minor injuries,Collision with a turning/crossing vehicle,Turning/Crossing accident,Twilight,Wet/moist/slippery,798,245197.0
5552,5552,194855,6,Nikolassee,2019,5,13,1,3,1,5,0,1,1,0,0,0,0,0.0,Steglitz-Zehlendorf,Accident with minor injuries,Collision with a moving/standing/parked vehicle,Accident involving parked vehicles,Daylight,Dry,851,310071.0
5553,5553,194856,2,Reichenberger Straße,2019,5,18,7,3,5,2,0,1,1,0,0,0,0,1.0,Friedrichshain-Kreuzberg,Accident with minor injuries,Collision with a turning/crossing vehicle,Turning accident,Daylight,Wet/moist/slippery,1381,290386.0
5554,5554,194857,3,Buchholz,2019,5,12,7,3,5,3,0,1,1,0,0,0,0,0.0,Pankow,Accident with minor injuries,Collision with a turning/crossing vehicle,Turning/Crossing accident,Daylight,Dry,1219,409335.0
5555,5555,194858,6,Wannsee,2019,5,13,1,3,0,3,0,0,1,0,1,0,0,0.0,Steglitz-Zehlendorf,Accident with minor injuries,Others,Turning/Crossing accident,Daylight,Dry,851,310071.0
5556,5556,194859,5,Gütersloher Weg,2019,5,12,1,3,0,2,0,0,1,0,1,0,0,0.0,Spandau,Accident with minor injuries,Others,Turning accident,Daylight,Dry,798,245197.0
5557,5557,194860,5,Darbystraße,2019,5,11,7,3,5,2,0,0,1,0,0,0,0,0.0,Spandau,Accident with minor injuries,Collision with a turning/crossing vehicle,Turning accident,Daylight,Dry,798,245197.0
5558,5558,194861,1,Körnerstraße,2019,5,11,1,3,2,6,0,0,1,0,0,0,0,0.0,Mitte,Accident with minor injuries,Collision with the vehicle in front/waiting vehicle,Collision involving vehicles going in the same way,Daylight,Dry,2215,385748.0
5559,5559,194862,4,Königin-Elisabeth-Straße,2019,5,12,7,3,5,2,0,1,1,0,0,0,0,0.0,Charlottenburg-Wilmersdorf,Accident with minor injuries,Collision with a turning/crossing vehicle,Turning accident,Daylight,Dry,1727,343592.0
5560,5560,194863,3,Alt-Karow,2019,5,11,1,2,1,5,0,1,1,0,0,0,0,0.0,Pankow,Accident with serious injuries,Collision with a moving/standing/parked vehicle,Accident involving parked vehicles,Daylight,Dry,1219,409335.0
5561,5561,194864,4,Spreestadt,2019,5,20,7,3,5,2,0,0,1,0,1,0,0,1.0,Charlottenburg-Wilmersdorf,Accident with minor injuries,Collision with a turning/crossing vehicle,Turning accident,Daylight,Wet/moist/slippery,1727,343592.0
5562,5562,194865,4,Karl-August-Platz,2019,5,9,1,3,5,2,0,1,1,0,0,0,0,0.0,Charlottenburg-Wilmersdorf,Accident with minor injuries,Collision with a turning/crossing vehicle,Turning accident,Daylight,Dry,1727,343592.0
5563,5563,194866,6,Königsberger Straße,2019,5,13,7,3,5,3,0,1,0,0,0,0,0,0.0,Steglitz-Zehlendorf,Accident with minor injuries,Collision with a turning/crossing vehicle,Turning/Crossing accident,Daylight,Dry,851,310071.0
5564,5564,194867,1,Zillesiedlung,2019,5,1,1,3,0,7,2,1,1,0,0,0,0,1.0,Mitte,Accident with minor injuries,Others,Others,Dark,Wet/moist/slippery,2215,385748.0
5565,5565,194868,4,Schlangenbader Straße,2019,5,15,7,3,1,5,0,1,1,0,0,0,0,1.0,Charlottenburg-Wilmersdorf,Accident with minor injuries,Collision with a moving/standing/parked vehicle,Accident involving parked vehicles,Daylight,Wet/moist/slippery,1727,343592.0
5566,5566,194869,4,Messelpark,2019,5,10,7,3,0,7,0,1,0,0,0,0,0,0.0,Charlottenburg-Wilmersdorf,Accident with minor injuries,Others,Others,Daylight,Dry,1727,343592.0
5567,5567,194870,6,Komponistenviertel Lankwitz,2019,5,15,7,3,5,3,0,1,1,0,0,0,0,1.0,Steglitz-Zehlendorf,Accident with minor injuries,Collision with a turning/crossing vehicle,Turning/Crossing accident,Daylight,Wet/moist/slippery,851,310071.0
5568,5568,194871,1,Körnerstraße,2019,5,23,7,3,5,2,2,1,1,0,0,0,0,0.0,Mitte,Accident with minor injuries,Collision with a turning/crossing vehicle,Turning accident,Dark,Dry,2215,385748.0
5569,5569,194872,2,Andreasviertel,2019,5,16,7,3,5,3,0,1,1,0,0,0,0,1.0,Friedrichshain-Kreuzberg,Accident with minor injuries,Collision with a turning/crossing vehicle,Turning/Crossing accident,Daylight,Wet/moist/slippery,1381,290386.0
5570,5570,194873,6,Lichterfelde West,2019,5,9,7,3,1,5,0,1,1,0,0,0,0,0.0,Steglitz-Zehlendorf,Accident with minor injuries,Collision with a moving/standing/parked vehicle,Accident involving parked vehicles,Daylight,Dry,851,310071.0
5571,5571,194874,10,Oberfeldstraße,2019,5,9,7,3,5,3,0,0,1,0,0,0,0,0.0,Marzahn-Hellersdorf,Accident with minor injuries,Collision with a turning/crossing vehicle,Turning/Crossing accident,Daylight,Dry,586,269967.0
5572,5572,194875,1,Alexanderplatzviertel,2019,5,17,7,3,1,5,0,0,1,0,0,0,0,1.0,Mitte,Accident with minor injuries,Collision with a moving/standing/parked vehicle,Accident involving parked vehicles,Daylight,Wet/moist/slippery,2215,385748.0
5573,5573,194876,10,Landsberger Tor,2019,5,9,7,3,5,3,0,1,1,0,0,0,0,0.0,Marzahn-Hellersdorf,Accident with minor injuries,Collision with a turning/crossing vehicle,Turning/Crossing accident,Daylight,Dry,586,269967.0
5574,5574,194877,10,Marzahn Ost,2019,5,11,7,3,5,2,0,1,1,0,0,0,0,0.0,Marzahn-Hellersdorf,Accident with minor injuries,Collision with a turning/crossing vehicle,Turning accident,Daylight,Dry,586,269967.0
5575,5575,194878,9,Elsenstraße,2019,5,5,7,3,0,7,0,1,0,0,0,0,0,0.0,Treptow-Köpenick,Accident with minor injuries,Others,Others,Daylight,Dry,892,273689.0
5576,5576,194879,9,Johannisthal Ost,2019,5,1,7,3,1,5,2,1,1,0,0,0,0,0.0,Treptow-Köpenick,Accident with minor injuries,Collision with a moving/standing/parked vehicle,Accident involving parked vehicles,Dark,Dry,892,273689.0
5577,5577,194880,12,Konradshöhe/Tegelort,2019,5,17,7,3,5,3,0,0,1,0,0,0,0,1.0,Reinickendorf,Accident with minor injuries,Collision with a turning/crossing vehicle,Turning/Crossing accident,Daylight,Wet/moist/slippery,867,266408.0
5578,5578,194881,9,Späthsfelde,2019,5,20,7,3,6,4,0,0,1,1,0,0,0,0.0,Treptow-Köpenick,Accident with minor injuries,Collision between vehicle and pedestrian,Pedestrian crossing accident,Daylight,Dry,892,273689.0
5579,5579,194882,1,Charitéviertel,2019,5,15,7,3,0,1,0,0,0,0,1,0,0,1.0,Mitte,Accident with minor injuries,Others,Driving accident,Daylight,Wet/moist/slippery,2215,385748.0
5580,5580,194883,10,Kaulsdorf Nord,2019,5,19,7,2,0,1,0,1,0,0,0,0,0,0.0,Marzahn-Hellersdorf,Accident with serious injuries,Others,Driving accident,Daylight,Dry,586,269967.0
5581,5581,194884,1,Soldiner Straße,2019,5,11,7,3,6,4,0,1,0,1,0,0,0,0.0,Mitte,Accident with minor injuries,Collision between vehicle and pedestrian,Pedestrian crossing accident,Daylight,Dry,2215,385748.0
5582,5582,194885,5,Borkumer Straße,2019,5,18,7,3,5,2,0,0,1,0,0,0,0,0.0,Spandau,Accident with minor injuries,Collision with a turning/crossing vehicle,Turning accident,Daylight,Dry,798,245197.0
5583,5583,194886,10,Wuhletalstraße,2019,5,4,7,3,5,3,1,0,1,0,0,0,0,0.0,Marzahn-Hellersdorf,Accident with minor injuries,Collision with a turning/crossing vehicle,Turning/Crossing accident,Twilight,Dry,586,269967.0
5584,5584,194887,1,Heine-Viertel West,2019,5,8,7,3,5,2,0,1,1,0,0,0,0,0.0,Mitte,Accident with minor injuries,Collision with a turning/crossing vehicle,Turning accident,Daylight,Dry,2215,385748.0
5585,5585,194888,10,Biesdorf Süd,2019,5,18,7,3,2,7,0,0,1,0,0,0,0,0.0,Marzahn-Hellersdorf,Accident with minor injuries,Collision with the vehicle in front/waiting vehicle,Others,Daylight,Dry,586,269967.0
5586,5586,194889,2,Rathaus Yorckstraße,2019,5,15,6,3,3,6,0,1,0,0,0,0,0,0.0,Friedrichshain-Kreuzberg,Accident with minor injuries,Collision with a vehicle traveling laterally in the same direction,Collision involving vehicles going in the same way,Daylight,Dry,1381,290386.0
5587,5587,194890,8,Parchimer Allee,2019,5,8,6,3,5,7,0,0,1,0,0,0,0,0.0,Neukölln,Accident with minor injuries,Collision with a turning/crossing vehicle,Others,Daylight,Dry,934,329917.0
5588,5588,194891,1,Rehberge,2019,5,10,7,3,2,6,0,0,1,0,0,0,0,0.0,Mitte,Accident with minor injuries,Collision with the vehicle in front/waiting vehicle,Collision involving vehicles going in the same way,Daylight,Dry,2215,385748.0
5589,5589,194892,7,John-Locke-Straße,2019,5,7,6,3,6,2,0,0,1,1,0,0,0,0.0,Tempelhof-Schöneberg,Accident with minor injuries,Collision between vehicle and pedestrian,Turning accident,Daylight,Dry,1241,350984.0
5590,5590,194893,5,Gartenfelder Straße,2019,5,10,7,2,2,7,0,0,1,0,1,0,0,0.0,Spandau,Accident with serious injuries,Collision with the vehicle in front/waiting vehicle,Others,Daylight,Dry,798,245197.0
5591,5591,194894,3,Alt-Karow,2019,5,7,6,3,5,3,0,1,1,0,0,0,0,1.0,Pankow,Accident with minor injuries,Collision with a turning/crossing vehicle,Turning/Crossing accident,Daylight,Wet/moist/slippery,1219,409335.0
5592,5592,194895,1,Invalidenstraße,2019,5,11,7,3,1,5,0,1,1,0,0,0,0,0.0,Mitte,Accident with minor injuries,Collision with a moving/standing/parked vehicle,Accident involving parked vehicles,Daylight,Dry,2215,385748.0
5593,5593,194896,5,Borkumer Straße,2019,5,11,7,2,6,2,0,0,1,1,0,0,0,0.0,Spandau,Accident with serious injuries,Collision between vehicle and pedestrian,Turning accident,Daylight,Dry,798,245197.0
5594,5594,194897,8,Reuterkiez,2019,5,7,6,3,0,7,0,1,0,0,0,0,1,1.0,Neukölln,Accident with minor injuries,Others,Others,Daylight,Wet/moist/slippery,934,329917.0
5595,5595,194898,3,Buchholz,2019,5,7,6,3,0,3,0,1,1,0,0,0,0,1.0,Pankow,Accident with minor injuries,Others,Turning/Crossing accident,Daylight,Wet/moist/slippery,1219,409335.0
5596,5596,194899,3,Hansastraße,2019,5,12,7,3,2,6,0,0,1,0,1,0,0,0.0,Pankow,Accident with minor injuries,Collision with the vehicle in front/waiting vehicle,Collision involving vehicles going in the same way,Daylight,Dry,1219,409335.0
5597,5597,194900,5,Hakenfelde Nord,2019,5,12,7,1,2,6,0,0,1,0,0,0,0,0.0,Spandau,Accident with fatalities,Collision with the vehicle in front/waiting vehicle,Collision involving vehicles going in the same way,Daylight,Dry,798,245197.0
5598,5598,194901,8,Vogelviertel Süd,2019,5,6,6,3,5,2,1,0,1,0,0,0,0,0.0,Neukölln,Accident with minor injuries,Collision with a turning/crossing vehicle,Turning accident,Twilight,Dry,934,329917.0
5599,5599,194902,4,Siedlung Ruhleben,2019,5,12,7,3,2,6,0,0,1,0,0,0,0,0.0,Charlottenburg-Wilmersdorf,Accident with minor injuries,Collision with the vehicle in front/waiting vehicle,Collision involving vehicles going in the same way,Daylight,Dry,1727,343592.0
5600,5600,194903,11,Malchower Weg,2019,5,5,6,3,5,3,0,1,1,0,0,0,0,1.0,Lichtenberg,Accident with minor injuries,Collision with a turning/crossing vehicle,Turning/Crossing accident,Daylight,Wet/moist/slippery,679,294201.0
5601,5601,194904,4,Plötzensee,2019,5,13,7,3,5,2,0,0,1,0,0,0,1,0.0,Charlottenburg-Wilmersdorf,Accident with minor injuries,Collision with a turning/crossing vehicle,Turning accident,Daylight,Dry,1727,343592.0
5602,5602,194905,1,Rehberge,2019,5,12,7,3,2,6,0,0,1,0,0,0,1,0.0,Mitte,Accident with minor injuries,Collision with the vehicle in front/waiting vehicle,Collision involving vehicles going in the same way,Daylight,Dry,2215,385748.0
5603,5603,194906,9,Köpenick Nord,2019,5,5,6,3,5,3,0,1,1,0,0,0,0,0.0,Treptow-Köpenick,Accident with minor injuries,Collision with a turning/crossing vehicle,Turning/Crossing accident,Daylight,Dry,892,273689.0
5604,5604,194907,10,Kaulsdorf Nord I,2019,5,13,7,3,2,7,0,0,1,0,0,0,1,0.0,Marzahn-Hellersdorf,Accident with minor injuries,Collision with the vehicle in front/waiting vehicle,Others,Daylight,Dry,586,269967.0
5605,5605,194908,3,Weißenseer Spitze,2019,5,5,6,3,1,5,0,1,1,0,0,0,0,1.0,Pankow,Accident with minor injuries,Collision with a moving/standing/parked vehicle,Accident involving parked vehicles,Daylight,Wet/moist/slippery,1219,409335.0
5606,5606,194909,5,Freiheit,2019,5,14,7,2,1,5,0,0,1,0,1,0,0,0.0,Spandau,Accident with serious injuries,Collision with a moving/standing/parked vehicle,Accident involving parked vehicles,Daylight,Dry,798,245197.0
5607,5607,194910,2,Andreasviertel,2019,5,21,6,2,5,3,2,1,1,0,0,0,0,0.0,Friedrichshain-Kreuzberg,Accident with serious injuries,Collision with a turning/crossing vehicle,Turning/Crossing accident,Dark,Dry,1381,290386.0
5608,5608,194911,6,Schweizer Viertel,2019,5,14,7,3,5,3,0,0,1,0,0,0,0,0.0,Steglitz-Zehlendorf,Accident with minor injuries,Collision with a turning/crossing vehicle,Turning/Crossing accident,Daylight,Dry,851,310071.0
5609,5609,194912,1,Alexanderplatzviertel,2019,5,18,6,3,1,5,0,1,1,0,0,0,1,0.0,Mitte,Accident with minor injuries,Collision with a moving/standing/parked vehicle,Accident involving parked vehicles,Daylight,Dry,2215,385748.0
5610,5610,194913,3,Märchenland,2019,5,15,7,3,5,3,0,1,1,0,0,0,0,0.0,Pankow,Accident with minor injuries,Collision with a turning/crossing vehicle,Turning/Crossing accident,Daylight,Dry,1219,409335.0
5611,5611,194914,7,Nollendorfplatz,2019,5,15,7,3,2,6,0,0,1,0,0,0,0,0.0,Tempelhof-Schöneberg,Accident with minor injuries,Collision with the vehicle in front/waiting vehicle,Collision involving vehicles going in the same way,Daylight,Dry,1241,350984.0
5612,5612,194915,4,Alt-Lietzow,2019,5,17,6,3,5,3,0,0,1,0,0,0,0,0.0,Charlottenburg-Wilmersdorf,Accident with minor injuries,Collision with a turning/crossing vehicle,Turning/Crossing accident,Daylight,Dry,1727,343592.0
5613,5613,194916,9,Bohnsdorf,2019,5,17,6,2,6,4,0,0,1,1,0,0,0,0.0,Treptow-Köpenick,Accident with serious injuries,Collision between vehicle and pedestrian,Pedestrian crossing accident,Daylight,Dry,892,273689.0
5614,5614,194917,4,Schloßstraße,2019,5,15,7,3,2,6,0,0,1,0,0,0,1,0.0,Charlottenburg-Wilmersdorf,Accident with minor injuries,Collision with the vehicle in front/waiting vehicle,Collision involving vehicles going in the same way,Daylight,Dry,1727,343592.0
5615,5615,194918,2,Askanischer Platz,2019,5,17,7,2,3,2,0,1,1,0,0,0,0,0.0,Friedrichshain-Kreuzberg,Accident with serious injuries,Collision with a vehicle traveling laterally in the same direction,Turning accident,Daylight,Dry,1381,290386.0
5616,5616,194919,10,Alt-Kaulsdorf,2019,5,17,6,2,5,3,0,0,1,0,0,0,1,0.0,Marzahn-Hellersdorf,Accident with serious injuries,Collision with a turning/crossing vehicle,Turning/Crossing accident,Daylight,Dry,586,269967.0
5617,5617,194920,9,Johannisthal Ost,2019,5,22,7,3,5,2,2,0,1,0,1,0,0,0.0,Treptow-Köpenick,Accident with minor injuries,Collision with a turning/crossing vehicle,Turning accident,Dark,Dry,892,273689.0
5618,5618,194921,2,Askanischer Platz,2019,5,16,6,3,2,6,0,0,1,0,0,0,0,0.0,Friedrichshain-Kreuzberg,Accident with minor injuries,Collision with the vehicle in front/waiting vehicle,Collision involving vehicles going in the same way,Daylight,Dry,1381,290386.0
5619,5619,194922,3,Rennbahnstraße,2019,5,7,6,3,5,3,0,1,1,0,0,0,0,0.0,Pankow,Accident with minor injuries,Collision with a turning/crossing vehicle,Turning/Crossing accident,Daylight,Dry,1219,409335.0
5620,5620,194923,7,Rathaus Tempelhof,2019,5,15,6,3,3,6,0,0,1,0,1,1,0,0.0,Tempelhof-Schöneberg,Accident with minor injuries,Collision with a vehicle traveling laterally in the same direction,Collision involving vehicles going in the same way,Daylight,Dry,1241,350984.0
5621,5621,194924,11,Karlshorst West,2019,5,14,6,2,5,2,0,0,1,0,0,0,1,0.0,Lichtenberg,Accident with serious injuries,Collision with a turning/crossing vehicle,Turning accident,Daylight,Dry,679,294201.0
5622,5622,194925,1,Unter den Linden Süd,2019,5,13,6,3,5,3,0,0,1,0,1,0,0,0.0,Mitte,Accident with minor injuries,Collision with a turning/crossing vehicle,Turning/Crossing accident,Daylight,Dry,2215,385748.0
5623,5623,194926,10,Buckower Ring,2019,5,17,6,3,1,6,0,1,1,0,0,0,0,0.0,Marzahn-Hellersdorf,Accident with minor injuries,Collision with a moving/standing/parked vehicle,Collision involving vehicles going in the same way,Daylight,Dry,586,269967.0
5624,5624,194927,10,Adele-Sandrock-Straße,2019,5,14,6,2,6,4,0,0,1,1,0,0,0,0.0,Marzahn-Hellersdorf,Accident with serious injuries,Collision between vehicle and pedestrian,Pedestrian crossing accident,Daylight,Dry,586,269967.0
5625,5625,194928,2,Askanischer Platz,2019,5,0,6,3,0,1,2,1,0,0,0,0,0,1.0,Friedrichshain-Kreuzberg,Accident with minor injuries,Others,Driving accident,Dark,Wet/moist/slippery,1381,290386.0
5626,5626,194929,1,Charitéviertel,2019,5,14,6,2,6,4,0,0,0,1,0,0,1,0.0,Mitte,Accident with serious injuries,Collision between vehicle and pedestrian,Pedestrian crossing accident,Daylight,Dry,2215,385748.0