,Unnamed: 0,object id,district,street,year,month,hour of day,weekday,category,accident type,accident type 2,light situation,bike involved,car involved,pedestrian involved,motor bike involved,big track involved,other vehicle involved,road condition,district name,category name,accident detail,accident type detail,light condition,road condition detail,accident count by district,est. population
5865,5865,195168,6,Botanischer Garten,2019,5,16,4,3,5,2,0,1,0,0,0,0,1,0.0,Steglitz-Zehlendorf,Accident with minor injuries,Collision with a turning/crossing vehicle,Turning accident,Daylight,Dry,851,310071.0
5866,5866,195169,7,Wittenbergplatz/Viktoria-Luise-Platz,2019,5,16,4,3,2,6,0,0,1,0,0,0,0,1.0,Tempelhof-Schöneberg,Accident with minor injuries,Collision with the vehicle in front/waiting vehicle,Collision involving vehicles going in the same way,Daylight,Wet/moist/slippery,1241,350984.0
5867,5867,195170,2,Viktoriapark,2019,5,16,4,3,6,4,0,1,0,1,0,0,0,1.0,Friedrichshain-Kreuzberg,Accident with minor injuries,Collision between vehicle and pedestrian,Pedestrian crossing accident,Daylight,Wet/moist/slippery,1381,290386.0
5868,5868,195171,1,Alexanderplatzviertel,2019,5,16,4,3,6,4,0,1,0,1,0,0,0,1.0,Mitte,Accident with minor injuries,Collision between vehicle and pedestrian,Pedestrian crossing accident,Daylight,Wet/moist/slippery,2215,385748.0
5869,5869,195172,1,Oranienburger Straße,2019,5,15,4,2,0,1,0,0,0,0,1,0,0,1.0,Mitte,Accident with serious injuries,Others,Driving accident,Daylight,Wet/moist/slippery,2215,385748.0
5870,5870,195173,4,Park Ruhwald,2019,5,3,4,3,5,2,2,0,0,0,0,1,1,1.0,Charlottenburg-Wilmersdorf,Accident with minor injuries,Collision with a turning/crossing vehicle,Turning accident,Dark,Wet/moist/slippery,1727,343592.0
5871,5871,195174,5,Magistratsweg,2019,5,0,4,3,5,3,2,0,1,0,0,0,0,1.0,Spandau,Accident with minor injuries,Collision with a turning/crossing vehicle,Turning/Crossing accident,Dark,Wet/moist/slippery,798,245197.0
5872,5872,195175,6,Königsberger Straße,2019,5,7,4,3,2,6,0,0,1,0,0,0,0,0.0,Steglitz-Zehlendorf,Accident with minor injuries,Collision with the vehicle in front/waiting vehicle,Collision involving vehicles going in the same way,Daylight,Dry,851,310071.0
5873,5873,195176,6,Augustaplatz,2019,5,7,4,3,5,3,0,0,1,0,1,0,0,1.0,Steglitz-Zehlendorf,Accident with minor injuries,Collision with a turning/crossing vehicle,Turning/Crossing accident,Daylight,Wet/moist/slippery,851,310071.0
5874,5874,195177,3,Pankow Zentrum,2019,5,7,4,3,5,2,1,1,1,0,0,0,0,1.0,Pankow,Accident with minor injuries,Collision with a turning/crossing vehicle,Turning accident,Twilight,Wet/moist/slippery,1219,409335.0
5875,5875,195178,6,Teltower Damm,2019,5,7,4,3,5,2,0,1,1,0,0,0,0,1.0,Steglitz-Zehlendorf,Accident with minor injuries,Collision with a turning/crossing vehicle,Turning accident,Daylight,Wet/moist/slippery,851,310071.0
5876,5876,195179,9,Adlershof Ost,2019,5,7,4,3,5,2,0,0,1,0,0,0,0,1.0,Treptow-Köpenick,Accident with minor injuries,Collision with a turning/crossing vehicle,Turning accident,Daylight,Wet/moist/slippery,892,273689.0
5877,5877,195180,8,Gropiusstadt Süd,2019,5,8,4,3,5,3,0,0,1,0,1,0,0,1.0,Neukölln,Accident with minor injuries,Collision with a turning/crossing vehicle,Turning/Crossing accident,Daylight,Wet/moist/slippery,934,329917.0
5878,5878,195181,11,Rüdigerstraße,2019,5,8,4,3,0,1,0,1,1,0,0,0,0,1.0,Lichtenberg,Accident with minor injuries,Others,Driving accident,Daylight,Wet/moist/slippery,679,294201.0
5879,5879,195182,4,Plötzensee,2019,5,8,4,3,2,3,0,0,1,0,1,0,0,1.0,Charlottenburg-Wilmersdorf,Accident with minor injuries,Collision with the vehicle in front/waiting vehicle,Turning/Crossing accident,Daylight,Wet/moist/slippery,1727,343592.0
5880,5880,195183,1,Nördlicher Landwehrkanal,2019,5,8,4,3,1,5,0,1,1,0,0,0,0,1.0,Mitte,Accident with minor injuries,Collision with a moving/standing/parked vehicle,Accident involving parked vehicles,Daylight,Wet/moist/slippery,2215,385748.0
5881,5881,195184,1,Sparrplatz,2019,5,9,4,3,5,2,0,0,1,0,0,0,0,1.0,Mitte,Accident with minor injuries,Collision with a turning/crossing vehicle,Turning accident,Daylight,Wet/moist/slippery,2215,385748.0
5882,5882,195185,8,Silbersteinstraße,2019,5,11,4,3,2,6,0,0,1,0,0,0,0,1.0,Neukölln,Accident with minor injuries,Collision with the vehicle in front/waiting vehicle,Collision involving vehicles going in the same way,Daylight,Wet/moist/slippery,934,329917.0
5883,5883,195186,4,Rathaus Wilmersdorf,2019,5,12,4,3,5,3,0,1,1,0,0,0,0,1.0,Charlottenburg-Wilmersdorf,Accident with minor injuries,Collision with a turning/crossing vehicle,Turning/Crossing accident,Daylight,Wet/moist/slippery,1727,343592.0
5884,5884,195187,2,Lausitzer Platz,2019,5,13,4,3,5,3,0,0,1,0,0,0,0,1.0,Friedrichshain-Kreuzberg,Accident with minor injuries,Collision with a turning/crossing vehicle,Turning/Crossing accident,Daylight,Wet/moist/slippery,1381,290386.0
5885,5885,195188,9,Oberschöneweide West,2019,5,13,4,3,3,6,0,0,0,0,1,0,1,0.0,Treptow-Köpenick,Accident with minor injuries,Collision with a vehicle traveling laterally in the same direction,Collision involving vehicles going in the same way,Daylight,Dry,892,273689.0
5886,5886,195189,8,Schillerpromenade,2019,5,13,4,3,0,2,0,1,0,0,0,1,0,0.0,Neukölln,Accident with minor injuries,Others,Turning accident,Daylight,Dry,934,329917.0
5887,5887,195190,11,Karlshorst West,2019,5,14,4,3,5,3,0,0,1,0,0,0,1,1.0,Lichtenberg,Accident with minor injuries,Collision with a turning/crossing vehicle,Turning/Crossing accident,Daylight,Wet/moist/slippery,679,294201.0
5888,5888,195191,3,Buchholz,2019,5,14,4,3,5,3,0,1,1,0,0,0,0,1.0,Pankow,Accident with minor injuries,Collision with a turning/crossing vehicle,Turning/Crossing accident,Daylight,Wet/moist/slippery,1219,409335.0
5889,5889,195192,7,Germaniagarten,2019,5,15,4,3,2,6,0,1,1,0,0,0,0,1.0,Tempelhof-Schöneberg,Accident with minor injuries,Collision with the vehicle in front/waiting vehicle,Collision involving vehicles going in the same way,Daylight,Wet/moist/slippery,1241,350984.0
5890,5890,195193,4,Angerburger Allee,2019,5,15,4,3,5,3,0,0,0,0,0,0,1,1.0,Charlottenburg-Wilmersdorf,Accident with minor injuries,Collision with a turning/crossing vehicle,Turning/Crossing accident,Daylight,Wet/moist/slippery,1727,343592.0
5891,5891,195194,3,Blankenburg,2019,5,15,4,3,5,2,0,1,1,0,0,0,0,0.0,Pankow,Accident with minor injuries,Collision with a turning/crossing vehicle,Turning accident,Daylight,Dry,1219,409335.0
5892,5892,195195,2,Friedenstraße,2019,5,15,4,3,2,7,0,1,1,0,0,0,0,1.0,Friedrichshain-Kreuzberg,Accident with minor injuries,Collision with the vehicle in front/waiting vehicle,Others,Daylight,Wet/moist/slippery,1381,290386.0
5893,5893,195196,5,Rohrdamm,2019,5,17,4,3,2,6,0,0,0,0,0,0,1,0.0,Spandau,Accident with minor injuries,Collision with the vehicle in front/waiting vehicle,Collision involving vehicles going in the same way,Daylight,Dry,798,245197.0
5894,5894,195197,9,Bölschestraße,2019,5,15,3,3,0,7,0,0,0,0,1,1,0,0.0,Treptow-Köpenick,Accident with minor injuries,Others,Others,Daylight,Dry,892,273689.0
5895,5895,195198,2,Hausburgviertel,2019,5,5,3,3,5,2,0,1,0,0,0,0,1,0.0,Friedrichshain-Kreuzberg,Accident with minor injuries,Collision with a turning/crossing vehicle,Turning accident,Daylight,Dry,1381,290386.0
5896,5896,195199,7,Marienhöhe,2019,5,8,3,3,5,7,0,0,1,0,1,0,0,0.0,Tempelhof-Schöneberg,Accident with minor injuries,Collision with a turning/crossing vehicle,Others,Daylight,Dry,1241,350984.0
5897,5897,195200,4,Messegelände,2019,5,17,3,3,5,3,0,0,1,0,0,0,0,0.0,Charlottenburg-Wilmersdorf,Accident with minor injuries,Collision with a turning/crossing vehicle,Turning/Crossing accident,Daylight,Dry,1727,343592.0
5898,5898,195201,3,Schönholz,2019,5,17,3,3,2,2,0,1,1,0,0,0,0,0.0,Pankow,Accident with minor injuries,Collision with the vehicle in front/waiting vehicle,Turning accident,Daylight,Dry,1219,409335.0
5899,5899,195202,9,Altstadt Kietz,2019,5,13,3,3,6,4,0,0,1,1,0,0,0,0.0,Treptow-Köpenick,Accident with minor injuries,Collision between vehicle and pedestrian,Pedestrian crossing accident,Daylight,Dry,892,273689.0
5900,5900,195203,3,Weißenseer Spitze,2019,5,14,3,3,5,3,0,1,1,0,0,0,0,0.0,Pankow,Accident with minor injuries,Collision with a turning/crossing vehicle,Turning/Crossing accident,Daylight,Dry,1219,409335.0
5901,5901,195204,12,Waldidyll/Flughafensee,2019,5,16,3,3,2,6,0,0,1,0,1,0,0,0.0,Reinickendorf,Accident with minor injuries,Collision with the vehicle in front/waiting vehicle,Collision involving vehicles going in the same way,Daylight,Dry,867,266408.0
5902,5902,195205,4,Park Ruhwald,2019,5,15,3,3,2,6,0,0,1,0,0,0,0,0.0,Charlottenburg-Wilmersdorf,Accident with minor injuries,Collision with the vehicle in front/waiting vehicle,Collision involving vehicles going in the same way,Daylight,Dry,1727,343592.0
5903,5903,195206,1,Emdener Straße,2019,5,14,3,3,5,3,0,1,1,0,0,0,0,0.0,Mitte,Accident with minor injuries,Collision with a turning/crossing vehicle,Turning/Crossing accident,Daylight,Dry,2215,385748.0
5904,5904,195207,1,Lüneburger Straße,2019,5,14,3,3,6,4,0,0,0,1,0,1,0,0.0,Mitte,Accident with minor injuries,Collision between vehicle and pedestrian,Pedestrian crossing accident,Daylight,Dry,2215,385748.0
5905,5905,195208,3,Arnimplatz,2019,5,16,4,2,5,2,0,1,0,0,0,0,1,0.0,Pankow,Accident with serious injuries,Collision with a turning/crossing vehicle,Turning accident,Daylight,Dry,1219,409335.0
5906,5906,195209,9,Oberschöneweide West,2019,5,16,3,3,5,2,0,1,1,0,0,0,0,0.0,Treptow-Köpenick,Accident with minor injuries,Collision with a turning/crossing vehicle,Turning accident,Daylight,Dry,892,273689.0
5907,5907,195210,6,Zehlendorf Eiche,2019,5,17,4,3,2,2,0,0,1,0,0,0,0,0.0,Steglitz-Zehlendorf,Accident with minor injuries,Collision with the vehicle in front/waiting vehicle,Turning accident,Daylight,Dry,851,310071.0
5908,5908,195211,1,Alexanderplatzviertel,2019,5,17,3,3,6,4,0,0,1,1,0,0,0,0.0,Mitte,Accident with minor injuries,Collision between vehicle and pedestrian,Pedestrian crossing accident,Daylight,Dry,2215,385748.0
5909,5909,195212,4,Tegeler Weg,2019,5,16,4,3,0,7,0,0,1,0,1,0,0,0.0,Charlottenburg-Wilmersdorf,Accident with minor injuries,Others,Others,Daylight,Dry,1727,343592.0
5910,5910,195213,4,Nikolsburger Platz,2019,5,18,3,3,0,7,0,0,1,0,1,0,0,1.0,Charlottenburg-Wilmersdorf,Accident with minor injuries,Others,Others,Daylight,Wet/moist/slippery,1727,343592.0
5911,5911,195214,9,Adlershof West,2019,5,16,4,2,4,6,0,1,0,0,0,0,0,0.0,Treptow-Köpenick,Accident with serious injuries,Collision with oncoming vehicle,Collision involving vehicles going in the same way,Daylight,Dry,892,273689.0
5912,5912,195215,2,Rathaus Yorckstraße,2019,5,19,3,3,5,3,0,1,0,0,0,0,0,0.0,Friedrichshain-Kreuzberg,Accident with minor injuries,Collision with a turning/crossing vehicle,Turning/Crossing accident,Daylight,Dry,1381,290386.0
5913,5913,195216,11,Fennpfuhl West,2019,5,13,4,2,1,5,0,1,1,0,0,0,0,0.0,Lichtenberg,Accident with serious injuries,Collision with a moving/standing/parked vehicle,Accident involving parked vehicles,Daylight,Dry,679,294201.0
5914,5914,195217,9,Adlershof West,2019,5,19,3,3,5,2,0,1,1,0,0,0,0,0.0,Treptow-Köpenick,Accident with minor injuries,Collision with a turning/crossing vehicle,Turning accident,Daylight,Dry,892,273689.0
5915,5915,195218,2,Traveplatz,2019,5,17,4,3,0,1,0,1,0,0,0,0,0,0.0,Friedrichshain-Kreuzberg,Accident with minor injuries,Others,Driving accident,Daylight,Dry,1381,290386.0
5916,5916,195219,11,Herzbergstraße,2019,5,0,3,3,2,6,2,0,0,0,1,0,1,0.0,Lichtenberg,Accident with minor injuries,Collision with the vehicle in front/waiting vehicle,Collision involving vehicles going in the same way,Dark,Dry,679,294201.0
5917,5917,195220,8,Bouchéstraße,2019,5,19,3,3,2,1,0,1,1,0,1,0,0,0.0,Neukölln,Accident with minor injuries,Collision with the vehicle in front/waiting vehicle,Driving accident,Daylight,Dry,934,329917.0
5918,5918,195221,8,Waßmannsdorfer Chaussee,2019,5,14,4,3,5,2,0,0,1,0,1,0,0,0.0,Neukölln,Accident with minor injuries,Collision with a turning/crossing vehicle,Turning accident,Daylight,Dry,934,329917.0
5919,5919,195222,1,Charitéviertel,2019,5,13,3,3,2,6,0,0,1,0,0,0,1,0.0,Mitte,Accident with minor injuries,Collision with the vehicle in front/waiting vehicle,Collision involving vehicles going in the same way,Daylight,Dry,2215,385748.0
5920,5920,195223,1,Elberfelder Straße,2019,5,14,4,3,6,2,0,0,1,1,0,0,0,0.0,Mitte,Accident with minor injuries,Collision between vehicle and pedestrian,Turning accident,Daylight,Dry,2215,385748.0
5921,5921,195224,1,Humboldthain Nordwest,2019,5,19,3,3,0,6,1,0,1,0,0,0,1,0.0,Mitte,Accident with minor injuries,Others,Collision involving vehicles going in the same way,Twilight,Dry,2215,385748.0
5922,5922,195225,3,Weißenseer Spitze,2019,5,11,3,3,6,4,0,0,1,1,0,0,0,0.0,Pankow,Accident with minor injuries,Collision between vehicle and pedestrian,Pedestrian crossing accident,Daylight,Dry,1219,409335.0
5923,5923,195226,11,Rüdigerstraße,2019,5,14,4,3,2,6,0,0,0,0,0,1,1,0.0,Lichtenberg,Accident with minor injuries,Collision with the vehicle in front/waiting vehicle,Collision involving vehicles going in the same way,Daylight,Dry,679,294201.0
5924,5924,195227,7,John-Locke-Straße,2019,5,11,3,3,1,5,0,0,1,0,0,0,1,0.0,Tempelhof-Schöneberg,Accident with minor injuries,Collision with a moving/standing/parked vehicle,Accident involving parked vehicles,Daylight,Dry,1241,350984.0
5925,5925,195228,3,Buchholz,2019,5,16,4,3,5,2,0,1,1,0,0,0,0,0.0,Pankow,Accident with minor injuries,Collision with a turning/crossing vehicle,Turning accident,Daylight,Dry,1219,409335.0
5926,5926,195229,7,Nollendorfplatz,2019,5,10,3,2,1,5,0,1,0,0,0,0,1,0.0,Tempelhof-Schöneberg,Accident with serious injuries,Collision with a moving/standing/parked vehicle,Accident involving parked vehicles,Daylight,Dry,1241,350984.0
5927,5927,195230,11,Rüdigerstraße,2019,5,15,4,3,1,5,0,0,1,0,0,0,1,0.0,Lichtenberg,Accident with minor injuries,Collision with a moving/standing/parked vehicle,Accident involving parked vehicles,Daylight,Dry,679,294201.0
5928,5928,195231,4,Breitscheidplatz,2019,5,11,3,3,1,7,0,0,1,0,0,0,0,0.0,Charlottenburg-Wilmersdorf,Accident with minor injuries,Collision with a moving/standing/parked vehicle,Others,Daylight,Dry,1727,343592.0
5929,5929,195232,6,Schloßstraße,2019,5,15,4,3,1,5,0,1,1,0,0,0,0,0.0,Steglitz-Zehlendorf,Accident with minor injuries,Collision with a moving/standing/parked vehicle,Accident involving parked vehicles,Daylight,Dry,851,310071.0
5930,5930,195233,7,Manteuffelstraße,2019,5,10,3,3,5,3,0,1,1,0,0,0,0,0.0,Tempelhof-Schöneberg,Accident with minor injuries,Collision with a turning/crossing vehicle,Turning/Crossing accident,Daylight,Dry,1241,350984.0
5931,5931,195234,4,Wilhelmsaue,2019,5,10,3,3,0,4,0,1,0,1,0,0,0,0.0,Charlottenburg-Wilmersdorf,Accident with minor injuries,Others,Pedestrian crossing accident,Daylight,Dry,1727,343592.0
5932,5932,195235,4,Binger Straße,2019,5,15,4,3,5,3,0,0,1,0,0,0,0,0.0,Charlottenburg-Wilmersdorf,Accident with minor injuries,Collision with a turning/crossing vehicle,Turning/Crossing accident,Daylight,Dry,1727,343592.0
5933,5933,195236,8,Schillerpromenade,2019,5,15,4,3,5,3,0,1,1,0,0,0,0,0.0,Neukölln,Accident with minor injuries,Collision with a turning/crossing vehicle,Turning/Crossing accident,Daylight,Dry,934,329917.0
5934,5934,195237,1,Thomasiusstraße,2019,5,10,3,3,1,5,0,1,1,0,0,0,0,0.0,Mitte,Accident with minor injuries,Collision with a moving/standing/parked vehicle,Accident involving parked vehicles,Daylight,Dry,2215,385748.0
5935,5935,195238,8,Zittauer Straße,2019,5,17,4,3,5,3,0,0,1,0,0,0,0,0.0,Neukölln,Accident with minor injuries,Collision with a turning/crossing vehicle,Turning/Crossing accident,Daylight,Dry,934,329917.0
5936,5936,195239,1,Sparrplatz,2019,5,9,3,3,5,2,0,0,1,0,0,0,1,0.0,Mitte,Accident with minor injuries,Collision with a turning/crossing vehicle,Turning accident,Daylight,Dry,2215,385748.0
5937,5937,195240,7,Germaniagarten,2019,5,15,4,3,6,4,0,0,1,1,0,0,0,0.0,Tempelhof-Schöneberg,Accident with minor injuries,Collision between vehicle and pedestrian,Pedestrian crossing accident,Daylight,Dry,1241,350984.0
5938,5938,195241,1,Leopoldplatz,2019,5,9,3,3,3,6,0,0,1,0,0,0,0,0.0,Mitte,Accident with minor injuries,Collision with a vehicle traveling laterally in the same direction,Collision involving vehicles going in the same way,Daylight,Dry,2215,385748.0
5939,5939,195242,1,Lüneburger Straße,2019,5,9,3,3,5,2,0,0,1,0,0,0,1,0.0,Mitte,Accident with minor injuries,Collision with a turning/crossing vehicle,Turning accident,Daylight,Dry,2215,385748.0
5940,5940,195243,12,Waldidyll/Flughafensee,2019,5,15,4,3,0,3,0,0,1,0,0,0,0,0.0,Reinickendorf,Accident with minor injuries,Others,Turning/Crossing accident,Daylight,Dry,867,266408.0
5941,5941,195244,3,Pankow Zentrum,2019,5,15,4,3,0,2,0,1,1,0,0,0,0,0.0,Pankow,Accident with minor injuries,Others,Turning accident,Daylight,Dry,1219,409335.0
5942,5942,195245,1,Alexanderplatzviertel,2019,5,9,3,3,5,2,0,1,1,0,0,0,0,0.0,Mitte,Accident with minor injuries,Collision with a turning/crossing vehicle,Turning accident,Daylight,Dry,2215,385748.0
5943,5943,195246,3,Arnimplatz,2019,5,8,3,3,2,6,0,0,1,0,0,0,1,0.0,Pankow,Accident with minor injuries,Collision with the vehicle in front/waiting vehicle,Collision involving vehicles going in the same way,Daylight,Dry,1219,409335.0
5944,5944,195247,6,Schloßstraße,2019,5,16,4,3,2,3,0,0,1,0,0,0,0,0.0,Steglitz-Zehlendorf,Accident with minor injuries,Collision with the vehicle in front/waiting vehicle,Turning/Crossing accident,Daylight,Dry,851,310071.0
5945,5945,195248,4,Halensee,2019,5,8,3,3,5,2,0,1,1,0,0,0,0,0.0,Charlottenburg-Wilmersdorf,Accident with minor injuries,Collision with a turning/crossing vehicle,Turning accident,Daylight,Dry,1727,343592.0
5946,5946,195249,11,Hauptstraße,2019,5,16,4,3,5,2,0,1,1,0,0,0,0,0.0,Lichtenberg,Accident with minor injuries,Collision with a turning/crossing vehicle,Turning accident,Daylight,Dry,679,294201.0
5947,5947,195250,2,Graefekiez,2019,5,8,3,3,5,2,0,1,0,0,0,0,1,0.0,Friedrichshain-Kreuzberg,Accident with minor injuries,Collision with a turning/crossing vehicle,Turning accident,Daylight,Dry,1381,290386.0
5948,5948,195251,4,Brabanter Platz,2019,5,8,3,3,5,2,0,0,1,0,0,0,0,0.0,Charlottenburg-Wilmersdorf,Accident with minor injuries,Collision with a turning/crossing vehicle,Turning accident,Daylight,Dry,1727,343592.0
5949,5949,195252,6,Nikolassee,2019,5,15,4,3,5,3,0,0,1,0,1,0,0,0.0,Steglitz-Zehlendorf,Accident with minor injuries,Collision with a turning/crossing vehicle,Turning/Crossing accident,Daylight,Dry,851,310071.0
5950,5950,195253,9,Johannisthal West,2019,5,7,3,3,5,2,0,0,1,0,0,0,0,0.0,Treptow-Köpenick,Accident with minor injuries,Collision with a turning/crossing vehicle,Turning accident,Daylight,Dry,892,273689.0
5951,5951,195254,5,Tiefwerder,2019,5,15,4,2,5,2,0,0,1,0,0,0,1,0.0,Spandau,Accident with serious injuries,Collision with a turning/crossing vehicle,Turning accident,Daylight,Dry,798,245197.0
5952,5952,195255,4,Königin-Elisabeth-Straße,2019,5,8,3,3,0,3,0,0,1,0,1,0,0,0.0,Charlottenburg-Wilmersdorf,Accident with minor injuries,Others,Turning/Crossing accident,Daylight,Dry,1727,343592.0
5953,5953,195256,4,Schloßstraße,2019,5,7,4,3,2,6,0,1,0,0,0,0,0,0.0,Charlottenburg-Wilmersdorf,Accident with minor injuries,Collision with the vehicle in front/waiting vehicle,Collision involving vehicles going in the same way,Daylight,Dry,1727,343592.0
5954,5954,195257,9,Adlershof Ost,2019,5,7,3,2,2,6,0,0,1,0,1,0,0,0.0,Treptow-Köpenick,Accident with serious injuries,Collision with the vehicle in front/waiting vehicle,Collision involving vehicles going in the same way,Daylight,Dry,892,273689.0
5955,5955,195258,1,Brunnenstraße,2019,5,23,4,3,0,1,2,0,1,0,1,0,0,0.0,Mitte,Accident with minor injuries,Others,Driving accident,Dark,Dry,2215,385748.0
5956,5956,195259,5,Döberitzer Weg,2019,5,7,3,3,2,6,0,0,1,0,0,0,0,0.0,Spandau,Accident with minor injuries,Collision with the vehicle in front/waiting vehicle,Collision involving vehicles going in the same way,Daylight,Dry,798,245197.0
5957,5957,195260,9,Oberschöneweide Ost,2019,5,6,3,3,5,3,0,0,1,0,0,0,0,1.0,Treptow-Köpenick,Accident with minor injuries,Collision with a turning/crossing vehicle,Turning/Crossing accident,Daylight,Wet/moist/slippery,892,273689.0
5958,5958,195261,6,Goerzwerke,2019,5,7,4,3,2,6,0,0,1,0,0,0,0,0.0,Steglitz-Zehlendorf,Accident with minor injuries,Collision with the vehicle in front/waiting vehicle,Collision involving vehicles going in the same way,Daylight,Dry,851,310071.0
5959,5959,195262,1,Karl-Marx-Allee,2019,5,7,4,3,2,3,0,1,1,0,0,0,0,0.0,Mitte,Accident with minor injuries,Collision with the vehicle in front/waiting vehicle,Turning/Crossing accident,Daylight,Dry,2215,385748.0
5960,5960,195263,10,Gut Hellersdorf,2019,5,22,3,3,5,2,2,0,1,0,0,0,1,1.0,Marzahn-Hellersdorf,Accident with minor injuries,Collision with a turning/crossing vehicle,Turning accident,Dark,Wet/moist/slippery,586,269967.0
5961,5961,195264,6,Fischerhüttenstraße,2019,5,8,3,3,0,7,0,1,0,0,0,0,0,0.0,Steglitz-Zehlendorf,Accident with minor injuries,Others,Others,Daylight,Dry,851,310071.0
5962,5962,195265,7,John-Locke-Straße,2019,5,7,4,3,5,3,0,1,1,0,0,0,0,0.0,Tempelhof-Schöneberg,Accident with minor injuries,Collision with a turning/crossing vehicle,Turning/Crossing accident,Daylight,Dry,1241,350984.0
5963,5963,195266,4,Amtsgerichtsplatz,2019,5,17,2,3,2,6,0,0,1,0,0,0,0,1.0,Charlottenburg-Wilmersdorf,Accident with minor injuries,Collision with the vehicle in front/waiting vehicle,Collision involving vehicles going in the same way,Daylight,Wet/moist/slippery,1727,343592.0
5964,5964,195267,3,Volkspark Prenzlauer Berg,2019,5,8,4,3,5,2,0,1,1,0,0,0,0,0.0,Pankow,Accident with minor injuries,Collision with a turning/crossing vehicle,Turning accident,Daylight,Dry,1219,409335.0
5965,5965,195268,6,Südende,2019,5,19,2,3,5,3,0,1,1,0,0,0,0,1.0,Steglitz-Zehlendorf,Accident with minor injuries,Collision with a turning/crossing vehicle,Turning/Crossing accident,Daylight,Wet/moist/slippery,851,310071.0
5966,5966,195269,1,Soldiner Straße,2019,5,8,4,3,6,2,0,0,1,1,0,0,0,0.0,Mitte,Accident with minor injuries,Collision between vehicle and pedestrian,Turning accident,Daylight,Dry,2215,385748.0
5967,5967,195270,8,Rixdorf,2019,5,18,2,3,6,4,0,0,1,1,0,0,0,1.0,Neukölln,Accident with minor injuries,Collision between vehicle and pedestrian,Pedestrian crossing accident,Daylight,Wet/moist/slippery,934,329917.0
5968,5968,195271,1,Charitéviertel,2019,5,9,4,3,2,6,0,1,1,0,0,0,0,0.0,Mitte,Accident with minor injuries,Collision with the vehicle in front/waiting vehicle,Collision involving vehicles going in the same way,Daylight,Dry,2215,385748.0
5969,5969,195272,11,Fennpfuhl Ost,2019,5,18,2,3,0,1,0,0,1,0,1,0,0,1.0,Lichtenberg,Accident with minor injuries,Others,Driving accident,Daylight,Wet/moist/slippery,679,294201.0
5970,5970,195273,1,Großer Tiergarten,2019,5,9,4,2,5,2,0,1,1,0,0,0,0,0.0,Mitte,Accident with serious injuries,Collision with a turning/crossing vehicle,Turning accident,Daylight,Dry,2215,385748.0
5971,5971,195274,10,Böhlener Straße,2019,5,18,2,3,5,7,0,0,1,0,0,0,0,1.0,Marzahn-Hellersdorf,Accident with minor injuries,Collision with a turning/crossing vehicle,Others,Daylight,Wet/moist/slippery,586,269967.0
5972,5972,195275,2,Graefekiez,2019,5,7,4,3,5,3,0,0,1,0,0,0,0,0.0,Friedrichshain-Kreuzberg,Accident with minor injuries,Collision with a turning/crossing vehicle,Turning/Crossing accident,Daylight,Dry,1381,290386.0
5973,5973,195276,4,Flinsberger Platz,2019,5,18,2,3,5,2,0,0,1,0,0,0,0,1.0,Charlottenburg-Wilmersdorf,Accident with minor injuries,Collision with a turning/crossing vehicle,Turning accident,Daylight,Wet/moist/slippery,1727,343592.0
5974,5974,195277,1,Brunnenstraße,2019,5,17,2,3,5,2,0,1,1,0,0,0,0,1.0,Mitte,Accident with minor injuries,Collision with a turning/crossing vehicle,Turning accident,Daylight,Wet/moist/slippery,2215,385748.0
5975,5975,195278,4,Jungfernheide,2019,5,18,3,3,2,6,0,0,1,0,0,0,0,0.0,Charlottenburg-Wilmersdorf,Accident with minor injuries,Collision with the vehicle in front/waiting vehicle,Collision involving vehicles going in the same way,Daylight,Dry,1727,343592.0
5976,5976,195279,4,Bismarckallee,2019,5,17,2,3,5,3,0,1,1,0,0,0,0,1.0,Charlottenburg-Wilmersdorf,Accident with minor injuries,Collision with a turning/crossing vehicle,Turning/Crossing accident,Daylight,Wet/moist/slippery,1727,343592.0
5977,5977,195280,4,Hagenplatz,2019,5,17,3,3,7,7,0,1,0,0,0,0,0,0.0,Charlottenburg-Wilmersdorf,Accident with minor injuries,Collision with a road obstacle,Others,Daylight,Dry,1727,343592.0
5978,5978,195281,1,Arkonaplatz,2019,5,18,2,3,1,5,0,1,1,0,0,0,0,1.0,Mitte,Accident with minor injuries,Collision with a moving/standing/parked vehicle,Accident involving parked vehicles,Daylight,Wet/moist/slippery,2215,385748.0
5979,5979,195282,6,Königsberger Straße,2019,5,11,3,3,5,3,0,0,1,0,0,0,0,0.0,Steglitz-Zehlendorf,Accident with minor injuries,Collision with a turning/crossing vehicle,Turning/Crossing accident,Daylight,Dry,851,310071.0
5980,5980,195283,6,Königsberger Straße,2019,5,17,2,3,5,3,0,0,1,0,0,0,0,1.0,Steglitz-Zehlendorf,Accident with minor injuries,Collision with a turning/crossing vehicle,Turning/Crossing accident,Daylight,Wet/moist/slippery,851,310071.0
5981,5981,195284,12,Alt-Tegel,2019,5,8,3,3,1,5,0,1,1,0,0,0,0,0.0,Reinickendorf,Accident with minor injuries,Collision with a moving/standing/parked vehicle,Accident involving parked vehicles,Daylight,Dry,867,266408.0
5982,5982,195285,9,Altstadt Kietz,2019,5,19,2,3,0,1,0,1,0,0,0,0,0,1.0,Treptow-Köpenick,Accident with minor injuries,Others,Driving accident,Daylight,Wet/moist/slippery,892,273689.0
5983,5983,195286,2,Mehringplatz,2019,5,17,2,3,6,7,0,0,1,1,0,0,0,1.0,Friedrichshain-Kreuzberg,Accident with minor injuries,Collision between vehicle and pedestrian,Others,Daylight,Wet/moist/slippery,1381,290386.0