,Unnamed: 0,object id,district,street,year,month,hour of day,weekday,category,accident type,accident type 2,light situation,bike involved,car involved,pedestrian involved,motor bike involved,big track involved,other vehicle involved,road condition,district name,category name,accident detail,accident type detail,light condition,road condition detail,accident count by district,est. population
5984,5984,195287,12,Schorfheidestraße,2019,5,8,3,3,1,5,0,0,1,0,0,0,0,0.0,Reinickendorf,Accident with minor injuries,Collision with a moving/standing/parked vehicle,Accident involving parked vehicles,Daylight,Dry,867,266408.0
5985,5985,195288,9,Altstadt Kietz,2019,5,7,3,3,6,4,0,1,0,1,0,0,0,0.0,Treptow-Köpenick,Accident with minor injuries,Collision between vehicle and pedestrian,Pedestrian crossing accident,Daylight,Dry,892,273689.0
5986,5986,195289,3,Weißenseer Spitze,2019,5,16,2,2,5,3,0,1,1,0,0,0,0,1.0,Pankow,Accident with serious injuries,Collision with a turning/crossing vehicle,Turning/Crossing accident,Daylight,Wet/moist/slippery,1219,409335.0
5987,5987,195290,1,Arkonaplatz,2019,5,16,2,3,0,1,0,1,0,0,0,0,0,1.0,Mitte,Accident with minor injuries,Others,Driving accident,Daylight,Wet/moist/slippery,2215,385748.0
5988,5988,195291,7,Kaiser-Wilhelm-Platz,2019,5,7,3,3,6,4,0,0,1,1,0,0,0,0.0,Tempelhof-Schöneberg,Accident with minor injuries,Collision between vehicle and pedestrian,Pedestrian crossing accident,Daylight,Dry,1241,350984.0
5989,5989,195292,4,Droysenstraße,2019,5,11,2,3,3,6,0,0,1,0,0,0,0,0.0,Charlottenburg-Wilmersdorf,Accident with minor injuries,Collision with a vehicle traveling laterally in the same direction,Collision involving vehicles going in the same way,Daylight,Dry,1727,343592.0
5990,5990,195293,8,Gropiusstadt Süd,2019,5,8,3,3,2,6,0,0,1,0,0,0,0,0.0,Neukölln,Accident with minor injuries,Collision with the vehicle in front/waiting vehicle,Collision involving vehicles going in the same way,Daylight,Dry,934,329917.0
5991,5991,195294,1,Leipziger Straße,2019,5,14,2,3,2,2,0,0,1,0,0,0,0,0.0,Mitte,Accident with minor injuries,Collision with the vehicle in front/waiting vehicle,Turning accident,Daylight,Dry,2215,385748.0
5992,5992,195295,7,Friedenau,2019,5,14,2,3,5,2,0,1,1,0,0,0,0,0.0,Tempelhof-Schöneberg,Accident with minor injuries,Collision with a turning/crossing vehicle,Turning accident,Daylight,Dry,1241,350984.0
5993,5993,195296,1,Nördlicher Landwehrkanal,2019,5,9,3,3,3,6,0,1,1,0,0,0,0,0.0,Mitte,Accident with minor injuries,Collision with a vehicle traveling laterally in the same direction,Collision involving vehicles going in the same way,Daylight,Dry,2215,385748.0
5994,5994,195297,12,Borsigwalde,2019,5,12,2,3,6,7,0,1,0,1,0,0,0,0.0,Reinickendorf,Accident with minor injuries,Collision between vehicle and pedestrian,Others,Daylight,Dry,867,266408.0
5995,5995,195298,2,Wassertorplatz,2019,5,12,2,3,2,6,0,0,1,0,0,0,0,0.0,Friedrichshain-Kreuzberg,Accident with minor injuries,Collision with the vehicle in front/waiting vehicle,Collision involving vehicles going in the same way,Daylight,Dry,1381,290386.0
5996,5996,195299,9,Baumschulenstraße,2019,5,7,3,2,5,2,0,1,0,0,0,1,0,0.0,Treptow-Köpenick,Accident with serious injuries,Collision with a turning/crossing vehicle,Turning accident,Daylight,Dry,892,273689.0
5997,5997,195300,11,Rüdigerstraße,2019,5,14,2,2,6,4,0,0,1,1,0,0,0,0.0,Lichtenberg,Accident with serious injuries,Collision between vehicle and pedestrian,Pedestrian crossing accident,Daylight,Dry,679,294201.0
5998,5998,195301,9,Dammvorstadt,2019,5,12,2,2,2,6,0,0,1,0,0,1,1,0.0,Treptow-Köpenick,Accident with serious injuries,Collision with the vehicle in front/waiting vehicle,Collision involving vehicles going in the same way,Daylight,Dry,892,273689.0
5999,5999,195302,8,Rixdorf,2019,5,6,3,3,5,3,0,0,1,0,0,0,0,0.0,Neukölln,Accident with minor injuries,Collision with a turning/crossing vehicle,Turning/Crossing accident,Daylight,Dry,934,329917.0
6000,6000,195303,4,Flatowallee,2019,5,16,2,3,2,7,0,0,1,0,0,1,0,0.0,Charlottenburg-Wilmersdorf,Accident with minor injuries,Collision with the vehicle in front/waiting vehicle,Others,Daylight,Dry,1727,343592.0
6001,6001,195304,4,Jungfernheide,2019,5,6,3,3,1,5,0,0,1,0,1,0,0,0.0,Charlottenburg-Wilmersdorf,Accident with minor injuries,Collision with a moving/standing/parked vehicle,Accident involving parked vehicles,Daylight,Dry,1727,343592.0
6002,6002,195305,8,Buckow Mitte,2019,5,11,2,3,5,2,0,0,1,0,0,0,0,0.0,Neukölln,Accident with minor injuries,Collision with a turning/crossing vehicle,Turning accident,Daylight,Dry,934,329917.0
6003,6003,195306,9,Grünau,2019,5,0,3,3,9,1,2,0,0,0,1,0,0,0.0,Treptow-Köpenick,Accident with minor injuries,Departure from the roadway to the left,Driving accident,Dark,Dry,892,273689.0
6004,6004,195307,5,Rohrdamm,2019,5,13,2,3,0,1,0,1,0,0,0,0,0,0.0,Spandau,Accident with minor injuries,Others,Driving accident,Daylight,Dry,798,245197.0
6005,6005,195308,1,Lüneburger Straße,2019,5,15,3,3,2,6,0,0,1,0,1,0,0,0.0,Mitte,Accident with minor injuries,Collision with the vehicle in front/waiting vehicle,Collision involving vehicles going in the same way,Daylight,Dry,2215,385748.0
6006,6006,195309,5,Carl-Schurz-Straße,2019,5,9,2,3,3,6,0,0,1,0,0,0,1,0.0,Spandau,Accident with minor injuries,Collision with a vehicle traveling laterally in the same direction,Collision involving vehicles going in the same way,Daylight,Dry,798,245197.0
6007,6007,195310,11,Herzbergstraße,2019,5,7,2,2,0,1,0,1,0,0,0,0,0,0.0,Lichtenberg,Accident with serious injuries,Others,Driving accident,Daylight,Dry,679,294201.0
6008,6008,195311,1,Heine-Viertel Ost,2019,5,15,3,3,3,2,0,1,1,0,0,0,0,0.0,Mitte,Accident with minor injuries,Collision with a vehicle traveling laterally in the same direction,Turning accident,Daylight,Dry,2215,385748.0
6009,6009,195312,2,Graefekiez,2019,5,15,3,3,1,5,0,1,0,0,0,0,1,0.0,Friedrichshain-Kreuzberg,Accident with minor injuries,Collision with a moving/standing/parked vehicle,Accident involving parked vehicles,Daylight,Dry,1381,290386.0
6010,6010,195313,8,Rixdorf,2019,5,7,2,3,2,7,0,0,1,0,0,0,1,0.0,Neukölln,Accident with minor injuries,Collision with the vehicle in front/waiting vehicle,Others,Daylight,Dry,934,329917.0
6011,6011,195314,12,Alt-Tegel,2019,5,11,2,3,3,6,0,1,0,0,0,0,0,0.0,Reinickendorf,Accident with minor injuries,Collision with a vehicle traveling laterally in the same direction,Collision involving vehicles going in the same way,Daylight,Dry,867,266408.0
6012,6012,195315,7,Schöneberger Insel,2019,5,15,3,3,2,7,0,0,1,0,0,0,0,0.0,Tempelhof-Schöneberg,Accident with minor injuries,Collision with the vehicle in front/waiting vehicle,Others,Daylight,Dry,1241,350984.0
6013,6013,195316,8,Alt-Rudow,2019,5,10,2,3,6,2,0,0,1,1,0,0,0,0.0,Neukölln,Accident with minor injuries,Collision between vehicle and pedestrian,Turning accident,Daylight,Dry,934,329917.0
6014,6014,195317,3,Bucher Forst,2019,5,14,3,3,5,2,0,1,1,0,0,0,0,0.0,Pankow,Accident with minor injuries,Collision with a turning/crossing vehicle,Turning accident,Daylight,Dry,1219,409335.0
6015,6015,195318,12,Waldidyll/Flughafensee,2019,5,10,2,3,1,7,0,1,1,0,0,0,0,0.0,Reinickendorf,Accident with minor injuries,Collision with a moving/standing/parked vehicle,Others,Daylight,Dry,867,266408.0
6016,6016,195319,12,Hermsdorf,2019,5,14,3,3,5,3,0,0,1,0,1,0,0,0.0,Reinickendorf,Accident with minor injuries,Collision with a turning/crossing vehicle,Turning/Crossing accident,Daylight,Dry,867,266408.0
6017,6017,195320,4,Schaperstraße,2019,5,10,2,3,5,3,0,1,1,0,0,0,0,0.0,Charlottenburg-Wilmersdorf,Accident with minor injuries,Collision with a turning/crossing vehicle,Turning/Crossing accident,Daylight,Dry,1727,343592.0
6018,6018,195321,1,Gesundbrunnen,2019,5,13,3,3,5,7,0,0,1,0,0,0,0,0.0,Mitte,Accident with minor injuries,Collision with a turning/crossing vehicle,Others,Daylight,Dry,2215,385748.0
6019,6019,195322,2,Barnimkiez,2019,5,9,2,3,1,5,0,1,1,0,0,0,0,0.0,Friedrichshain-Kreuzberg,Accident with minor injuries,Collision with a moving/standing/parked vehicle,Accident involving parked vehicles,Daylight,Dry,1381,290386.0
6020,6020,195323,9,Siedlung Kämmereiheide,2019,5,11,2,3,5,3,0,1,1,0,0,0,0,0.0,Treptow-Köpenick,Accident with minor injuries,Collision with a turning/crossing vehicle,Turning/Crossing accident,Daylight,Dry,892,273689.0
6021,6021,195324,3,Buch,2019,5,13,3,2,4,6,0,0,1,0,0,0,0,0.0,Pankow,Accident with serious injuries,Collision with oncoming vehicle,Collision involving vehicles going in the same way,Daylight,Dry,1219,409335.0
6022,6022,195325,1,Rehberge,2019,5,16,3,3,5,7,2,1,0,0,1,0,0,0.0,Mitte,Accident with minor injuries,Collision with a turning/crossing vehicle,Others,Dark,Dry,2215,385748.0
6023,6023,195326,2,Urbanstraße,2019,5,12,1,3,2,6,0,0,1,0,0,0,0,0.0,Friedrichshain-Kreuzberg,Accident with minor injuries,Collision with the vehicle in front/waiting vehicle,Collision involving vehicles going in the same way,Daylight,Dry,1381,290386.0
6024,6024,195327,9,Dorf Altglienicke,2019,5,16,3,2,5,3,0,1,1,0,0,0,0,0.0,Treptow-Köpenick,Accident with serious injuries,Collision with a turning/crossing vehicle,Turning/Crossing accident,Daylight,Dry,892,273689.0
6025,6025,195328,1,Leopoldplatz,2019,6,16,5,3,2,6,0,0,1,0,0,1,0,1.0,Mitte,Accident with minor injuries,Collision with the vehicle in front/waiting vehicle,Collision involving vehicles going in the same way,Daylight,Wet/moist/slippery,2215,385748.0
6026,6026,195329,7,Rathausstraße,2019,6,16,5,2,0,2,0,1,1,0,0,0,0,1.0,Tempelhof-Schöneberg,Accident with serious injuries,Others,Turning accident,Daylight,Wet/moist/slippery,1241,350984.0
6027,6027,195330,8,Buschkrugallee Nord,2019,6,16,5,3,5,2,0,1,0,0,0,0,1,0.0,Neukölln,Accident with minor injuries,Collision with a turning/crossing vehicle,Turning accident,Daylight,Dry,934,329917.0
6028,6028,195331,4,Savignyplatz,2019,6,16,5,3,5,2,0,1,1,0,0,0,0,1.0,Charlottenburg-Wilmersdorf,Accident with minor injuries,Collision with a turning/crossing vehicle,Turning accident,Daylight,Wet/moist/slippery,1727,343592.0
6029,6029,195332,2,Viktoriapark,2019,6,9,5,3,5,2,0,1,1,0,0,0,0,0.0,Friedrichshain-Kreuzberg,Accident with minor injuries,Collision with a turning/crossing vehicle,Turning accident,Daylight,Dry,1381,290386.0
6030,6030,195333,1,Westhafen,2019,6,13,5,3,5,2,0,1,1,0,0,0,0,0.0,Mitte,Accident with minor injuries,Collision with a turning/crossing vehicle,Turning accident,Daylight,Dry,2215,385748.0
6031,6031,195334,11,Rüdigerstraße,2019,6,15,5,3,5,3,0,0,1,0,0,0,0,1.0,Lichtenberg,Accident with minor injuries,Collision with a turning/crossing vehicle,Turning/Crossing accident,Daylight,Wet/moist/slippery,679,294201.0
6032,6032,195335,4,Babelsberger Straße,2019,6,8,5,3,0,7,0,0,1,0,0,0,1,0.0,Charlottenburg-Wilmersdorf,Accident with minor injuries,Others,Others,Daylight,Dry,1727,343592.0
6033,6033,195336,4,Amtsgerichtsplatz,2019,6,8,5,3,5,3,0,0,1,0,0,0,0,0.0,Charlottenburg-Wilmersdorf,Accident with minor injuries,Collision with a turning/crossing vehicle,Turning/Crossing accident,Daylight,Dry,1727,343592.0
6034,6034,195337,4,Preußenpark,2019,6,8,5,3,5,3,0,1,1,0,0,0,0,0.0,Charlottenburg-Wilmersdorf,Accident with minor injuries,Collision with a turning/crossing vehicle,Turning/Crossing accident,Daylight,Dry,1727,343592.0
6035,6035,195338,4,Paul-Hertz-Siedlung,2019,6,7,5,3,2,6,0,0,1,0,0,0,0,0.0,Charlottenburg-Wilmersdorf,Accident with minor injuries,Collision with the vehicle in front/waiting vehicle,Collision involving vehicles going in the same way,Daylight,Dry,1727,343592.0
6036,6036,195339,10,Rotes Viertel,2019,6,7,5,3,5,3,0,1,1,0,0,0,0,0.0,Marzahn-Hellersdorf,Accident with minor injuries,Collision with a turning/crossing vehicle,Turning/Crossing accident,Daylight,Dry,586,269967.0
6037,6037,195340,8,Waßmannsdorfer Chaussee,2019,6,7,5,3,5,2,0,1,0,0,0,0,0,0.0,Neukölln,Accident with minor injuries,Collision with a turning/crossing vehicle,Turning accident,Daylight,Dry,934,329917.0
6038,6038,195341,10,Kaulsdorf Nord I,2019,6,6,5,3,1,5,0,0,1,0,0,0,0,0.0,Marzahn-Hellersdorf,Accident with minor injuries,Collision with a moving/standing/parked vehicle,Accident involving parked vehicles,Daylight,Dry,586,269967.0
6039,6039,195342,7,Kaiser-Wilhelm-Platz,2019,6,23,4,3,7,7,2,1,0,0,0,0,0,0.0,Tempelhof-Schöneberg,Accident with minor injuries,Collision with a road obstacle,Others,Dark,Dry,1241,350984.0
6040,6040,195343,4,Paul-Hertz-Siedlung,2019,6,16,4,3,4,6,0,1,1,0,0,0,0,0.0,Charlottenburg-Wilmersdorf,Accident with minor injuries,Collision with oncoming vehicle,Collision involving vehicles going in the same way,Daylight,Dry,1727,343592.0
6041,6041,195344,12,Frohnau,2019,6,19,4,3,5,2,0,0,1,0,1,0,0,0.0,Reinickendorf,Accident with minor injuries,Collision with a turning/crossing vehicle,Turning accident,Daylight,Dry,867,266408.0
6042,6042,195345,4,Flinsberger Platz,2019,6,18,4,3,2,6,0,0,1,0,0,0,0,0.0,Charlottenburg-Wilmersdorf,Accident with minor injuries,Collision with the vehicle in front/waiting vehicle,Collision involving vehicles going in the same way,Daylight,Dry,1727,343592.0
6043,6043,195346,2,Rathaus Yorckstraße,2019,6,18,4,3,5,3,0,1,1,0,0,0,0,0.0,Friedrichshain-Kreuzberg,Accident with minor injuries,Collision with a turning/crossing vehicle,Turning/Crossing accident,Daylight,Dry,1381,290386.0
6044,6044,195347,4,Amtsgerichtsplatz,2019,6,23,4,3,1,5,2,0,1,0,1,0,0,0.0,Charlottenburg-Wilmersdorf,Accident with minor injuries,Collision with a moving/standing/parked vehicle,Accident involving parked vehicles,Dark,Dry,1727,343592.0
6045,6045,195348,2,Viktoriapark,2019,6,22,4,3,5,3,2,1,1,0,0,0,0,0.0,Friedrichshain-Kreuzberg,Accident with minor injuries,Collision with a turning/crossing vehicle,Turning/Crossing accident,Dark,Dry,1381,290386.0
6046,6046,195349,1,Reinickendorfer Straße,2019,6,22,4,2,2,6,2,0,1,0,0,0,0,0.0,Mitte,Accident with serious injuries,Collision with the vehicle in front/waiting vehicle,Collision involving vehicles going in the same way,Dark,Dry,2215,385748.0
6047,6047,195350,2,Lausitzer Platz,2019,6,18,4,3,3,6,0,1,1,0,0,0,0,0.0,Friedrichshain-Kreuzberg,Accident with minor injuries,Collision with a vehicle traveling laterally in the same direction,Collision involving vehicles going in the same way,Daylight,Dry,1381,290386.0
6048,6048,195351,9,Adlershof Ost,2019,6,18,4,3,5,3,0,1,1,0,0,0,0,0.0,Treptow-Köpenick,Accident with minor injuries,Collision with a turning/crossing vehicle,Turning/Crossing accident,Daylight,Dry,892,273689.0
6049,6049,195352,6,Lichterfelde West,2019,6,18,4,3,0,7,0,1,0,0,0,0,0,0.0,Steglitz-Zehlendorf,Accident with minor injuries,Others,Others,Daylight,Dry,851,310071.0
6050,6050,195353,3,Greifswalder Straße,2019,6,18,4,3,5,3,0,1,0,0,1,0,0,0.0,Pankow,Accident with minor injuries,Collision with a turning/crossing vehicle,Turning/Crossing accident,Daylight,Dry,1219,409335.0
6051,6051,195354,12,Teichstraße,2019,6,16,4,3,5,2,0,0,1,0,0,0,0,0.0,Reinickendorf,Accident with minor injuries,Collision with a turning/crossing vehicle,Turning accident,Daylight,Dry,867,266408.0
6052,6052,195355,1,Elberfelder Straße,2019,6,16,4,3,5,2,0,1,1,0,0,0,0,0.0,Mitte,Accident with minor injuries,Collision with a turning/crossing vehicle,Turning accident,Daylight,Dry,2215,385748.0
6053,6053,195356,1,Humboldthain Süd,2019,6,15,4,3,0,1,0,0,0,0,1,0,0,0.0,Mitte,Accident with minor injuries,Others,Driving accident,Daylight,Dry,2215,385748.0
6054,6054,195357,4,Plötzensee,2019,6,22,4,3,5,2,2,0,1,0,0,0,0,0.0,Charlottenburg-Wilmersdorf,Accident with minor injuries,Collision with a turning/crossing vehicle,Turning accident,Dark,Dry,1727,343592.0
6055,6055,195358,2,Urbanstraße,2019,6,20,4,3,5,2,0,1,0,1,0,0,0,0.0,Friedrichshain-Kreuzberg,Accident with minor injuries,Collision with a turning/crossing vehicle,Turning accident,Daylight,Dry,1381,290386.0
6056,6056,195359,4,Schloßstraße,2019,6,15,4,3,5,3,0,1,0,0,0,0,1,0.0,Charlottenburg-Wilmersdorf,Accident with minor injuries,Collision with a turning/crossing vehicle,Turning/Crossing accident,Daylight,Dry,1727,343592.0
6057,6057,195360,11,Weitlingstraße,2019,6,14,4,3,5,3,0,1,1,0,0,0,0,0.0,Lichtenberg,Accident with minor injuries,Collision with a turning/crossing vehicle,Turning/Crossing accident,Daylight,Dry,679,294201.0
6058,6058,195361,3,Herthaplatz,2019,6,14,4,3,5,3,0,0,1,0,0,0,1,0.0,Pankow,Accident with minor injuries,Collision with a turning/crossing vehicle,Turning/Crossing accident,Daylight,Dry,1219,409335.0
6059,6059,195362,10,Alt-Marzahn,2019,6,14,4,2,6,4,0,1,0,1,0,0,0,0.0,Marzahn-Hellersdorf,Accident with serious injuries,Collision between vehicle and pedestrian,Pedestrian crossing accident,Daylight,Dry,586,269967.0
6060,6060,195363,2,Samariterviertel,2019,6,13,4,3,5,2,0,0,1,0,0,0,0,0.0,Friedrichshain-Kreuzberg,Accident with minor injuries,Collision with a turning/crossing vehicle,Turning accident,Daylight,Dry,1381,290386.0
6061,6061,195364,8,Alt-Rudow,2019,6,13,4,3,5,3,0,1,1,0,0,0,0,0.0,Neukölln,Accident with minor injuries,Collision with a turning/crossing vehicle,Turning/Crossing accident,Daylight,Dry,934,329917.0
6062,6062,195365,3,Helmholtzplatz,2019,6,13,4,3,1,7,0,0,0,0,1,0,0,0.0,Pankow,Accident with minor injuries,Collision with a moving/standing/parked vehicle,Others,Daylight,Dry,1219,409335.0
6063,6063,195366,9,Dammvorstadt,2019,6,13,4,2,6,4,0,0,1,1,0,0,0,0.0,Treptow-Köpenick,Accident with serious injuries,Collision between vehicle and pedestrian,Pedestrian crossing accident,Daylight,Dry,892,273689.0
6064,6064,195367,3,Alt-Karow,2019,6,8,4,3,0,1,0,0,0,0,1,0,0,0.0,Pankow,Accident with minor injuries,Others,Driving accident,Daylight,Dry,1219,409335.0
6065,6065,195368,11,Weitlingstraße,2019,6,10,4,3,0,2,0,1,1,0,0,0,0,0.0,Lichtenberg,Accident with minor injuries,Others,Turning accident,Daylight,Dry,679,294201.0
6066,6066,195369,3,Teutoburger Platz,2019,6,10,4,3,2,7,0,0,0,0,1,1,0,0.0,Pankow,Accident with minor injuries,Collision with the vehicle in front/waiting vehicle,Others,Daylight,Dry,1219,409335.0
6067,6067,195370,6,Kaiser-Wilhelm-Straße,2019,6,13,4,3,5,3,0,1,1,0,0,0,0,0.0,Steglitz-Zehlendorf,Accident with minor injuries,Collision with a turning/crossing vehicle,Turning/Crossing accident,Daylight,Dry,851,310071.0
6068,6068,195371,4,Plötzensee,2019,6,10,4,3,2,6,0,0,1,0,1,0,0,0.0,Charlottenburg-Wilmersdorf,Accident with minor injuries,Collision with the vehicle in front/waiting vehicle,Collision involving vehicles going in the same way,Daylight,Dry,1727,343592.0
6069,6069,195372,11,Malchower Weg,2019,6,8,4,2,0,1,0,1,0,0,0,0,0,0.0,Lichtenberg,Accident with serious injuries,Others,Driving accident,Daylight,Dry,679,294201.0
6070,6070,195373,5,Kurstraße,2019,6,12,4,3,2,2,0,0,1,0,0,0,1,0.0,Spandau,Accident with minor injuries,Collision with the vehicle in front/waiting vehicle,Turning accident,Daylight,Dry,798,245197.0
6071,6071,195374,3,Pankow Zentrum,2019,6,9,4,3,5,2,0,1,1,0,0,0,0,0.0,Pankow,Accident with minor injuries,Collision with a turning/crossing vehicle,Turning accident,Daylight,Dry,1219,409335.0
6072,6072,195375,7,Lindenhofsiedlung,2019,6,11,4,3,5,2,0,1,1,0,0,0,0,0.0,Tempelhof-Schöneberg,Accident with minor injuries,Collision with a turning/crossing vehicle,Turning accident,Daylight,Dry,1241,350984.0
6073,6073,195376,8,Hasenheide,2019,6,8,4,3,5,2,0,1,1,0,0,0,0,0.0,Neukölln,Accident with minor injuries,Collision with a turning/crossing vehicle,Turning accident,Daylight,Dry,934,329917.0
6074,6074,195377,8,Parchimer Allee,2019,6,8,4,3,5,2,0,1,1,0,0,0,0,0.0,Neukölln,Accident with minor injuries,Collision with a turning/crossing vehicle,Turning accident,Daylight,Dry,934,329917.0
6075,6075,195378,9,Köpenick Nord,2019,6,7,4,3,5,7,0,0,1,0,1,0,0,0.0,Treptow-Köpenick,Accident with minor injuries,Collision with a turning/crossing vehicle,Others,Daylight,Dry,892,273689.0
6076,6076,195379,3,Humannplatz,2019,6,7,4,2,5,3,0,1,1,0,0,0,0,0.0,Pankow,Accident with serious injuries,Collision with a turning/crossing vehicle,Turning/Crossing accident,Daylight,Dry,1219,409335.0
6077,6077,195380,1,Charitéviertel,2019,6,2,4,2,0,7,2,0,1,0,0,0,1,0.0,Mitte,Accident with serious injuries,Others,Others,Dark,Dry,2215,385748.0
6078,6078,195381,2,Viktoriapark,2019,6,8,3,3,3,6,0,0,1,0,1,0,0,0.0,Friedrichshain-Kreuzberg,Accident with minor injuries,Collision with a vehicle traveling laterally in the same direction,Collision involving vehicles going in the same way,Daylight,Dry,1381,290386.0
6079,6079,195382,4,Karl-August-Platz,2019,6,14,3,3,0,7,0,0,1,0,0,0,0,0.0,Charlottenburg-Wilmersdorf,Accident with minor injuries,Others,Others,Daylight,Dry,1727,343592.0
6080,6080,195383,1,Arkonaplatz,2019,6,13,3,3,0,3,0,1,0,0,0,0,1,0.0,Mitte,Accident with minor injuries,Others,Turning/Crossing accident,Daylight,Dry,2215,385748.0
6081,6081,195384,1,Emdener Straße,2019,6,8,3,3,6,4,0,0,1,1,0,0,0,0.0,Mitte,Accident with minor injuries,Collision between vehicle and pedestrian,Pedestrian crossing accident,Daylight,Dry,2215,385748.0
6082,6082,195385,1,Unter den Linden Nord,2019,6,16,3,3,2,2,0,1,1,0,0,0,0,0.0,Mitte,Accident with minor injuries,Collision with the vehicle in front/waiting vehicle,Turning accident,Daylight,Dry,2215,385748.0
6083,6083,195386,12,Wittenau Süd,2019,6,16,3,3,5,2,0,1,1,0,0,0,0,0.0,Reinickendorf,Accident with minor injuries,Collision with a turning/crossing vehicle,Turning accident,Daylight,Dry,867,266408.0
6084,6084,195387,2,Reichenberger Straße,2019,6,16,3,3,5,2,0,1,1,0,0,0,0,0.0,Friedrichshain-Kreuzberg,Accident with minor injuries,Collision with a turning/crossing vehicle,Turning accident,Daylight,Dry,1381,290386.0
6085,6085,195388,7,Neu-Tempelhof,2019,6,15,3,3,0,2,0,1,1,0,0,0,0,0.0,Tempelhof-Schöneberg,Accident with minor injuries,Others,Turning accident,Daylight,Dry,1241,350984.0
6086,6086,195389,11,Herzbergstraße,2019,6,15,3,3,2,6,0,0,1,0,0,0,0,0.0,Lichtenberg,Accident with minor injuries,Collision with the vehicle in front/waiting vehicle,Collision involving vehicles going in the same way,Daylight,Dry,679,294201.0
6087,6087,195390,3,Humannplatz,2019,6,14,3,3,5,7,0,1,1,0,0,0,0,0.0,Pankow,Accident with minor injuries,Collision with a turning/crossing vehicle,Others,Daylight,Dry,1219,409335.0
6088,6088,195391,5,Magistratsweg,2019,6,14,3,3,0,6,0,1,0,0,0,0,0,0.0,Spandau,Accident with minor injuries,Others,Collision involving vehicles going in the same way,Daylight,Dry,798,245197.0
6089,6089,195392,9,Oberschöneweide West,2019,6,13,3,3,5,2,0,0,0,0,1,0,1,0.0,Treptow-Köpenick,Accident with minor injuries,Collision with a turning/crossing vehicle,Turning accident,Daylight,Dry,892,273689.0
6090,6090,195393,6,Gemeindepark Lankwitz,2019,6,18,3,3,6,4,0,0,1,1,0,0,0,0.0,Steglitz-Zehlendorf,Accident with minor injuries,Collision between vehicle and pedestrian,Pedestrian crossing accident,Daylight,Dry,851,310071.0
6091,6091,195394,4,Hindemithplatz,2019,6,12,3,3,3,6,0,0,1,0,1,0,0,0.0,Charlottenburg-Wilmersdorf,Accident with minor injuries,Collision with a vehicle traveling laterally in the same direction,Collision involving vehicles going in the same way,Daylight,Dry,1727,343592.0
6092,6092,195395,7,Eisenacher Straße,2019,6,12,3,3,6,7,0,0,1,1,0,0,0,0.0,Tempelhof-Schöneberg,Accident with minor injuries,Collision between vehicle and pedestrian,Others,Daylight,Dry,1241,350984.0
6093,6093,195396,5,Borkumer Straße,2019,6,11,3,3,2,2,0,0,1,0,0,0,0,0.0,Spandau,Accident with minor injuries,Collision with the vehicle in front/waiting vehicle,Turning accident,Daylight,Dry,798,245197.0
6094,6094,195397,1,Nördlicher Landwehrkanal,2019,6,11,3,3,5,2,0,1,1,0,0,0,0,0.0,Mitte,Accident with minor injuries,Collision with a turning/crossing vehicle,Turning accident,Daylight,Dry,2215,385748.0
6095,6095,195398,9,Kietzer Feld/Nachtheide,2019,6,11,3,3,3,6,0,1,0,0,0,0,0,0.0,Treptow-Köpenick,Accident with minor injuries,Collision with a vehicle traveling laterally in the same direction,Collision involving vehicles going in the same way,Daylight,Dry,892,273689.0
6096,6096,195399,11,Rosenfelder Ring,2019,6,13,3,2,5,3,0,1,1,0,0,0,0,0.0,Lichtenberg,Accident with serious injuries,Collision with a turning/crossing vehicle,Turning/Crossing accident,Daylight,Dry,679,294201.0
6097,6097,195400,4,Richard-Wagner-Straße,2019,6,11,3,2,2,7,0,1,1,0,0,0,0,0.0,Charlottenburg-Wilmersdorf,Accident with serious injuries,Collision with the vehicle in front/waiting vehicle,Others,Daylight,Dry,1727,343592.0
6098,6098,195401,1,Reinickendorfer Straße,2019,6,11,3,3,2,2,0,0,1,0,0,0,0,0.0,Mitte,Accident with minor injuries,Collision with the vehicle in front/waiting vehicle,Turning accident,Daylight,Dry,2215,385748.0
6099,6099,195402,1,Brunnenstraße,2019,6,10,3,3,3,6,0,0,1,0,1,0,0,0.0,Mitte,Accident with minor injuries,Collision with a vehicle traveling laterally in the same direction,Collision involving vehicles going in the same way,Daylight,Dry,2215,385748.0
6100,6100,195403,4,Plötzensee,2019,6,10,3,3,5,2,0,0,1,0,0,0,0,0.0,Charlottenburg-Wilmersdorf,Accident with minor injuries,Collision with a turning/crossing vehicle,Turning accident,Daylight,Dry,1727,343592.0
6101,6101,195404,8,Alt-Rudow,2019,6,10,3,3,5,3,0,0,1,0,0,0,0,0.0,Neukölln,Accident with minor injuries,Collision with a turning/crossing vehicle,Turning/Crossing accident,Daylight,Dry,934,329917.0
6102,6102,195405,4,Tegeler Weg,2019,6,9,3,3,5,3,0,1,1,0,0,0,0,0.0,Charlottenburg-Wilmersdorf,Accident with minor injuries,Collision with a turning/crossing vehicle,Turning/Crossing accident,Daylight,Dry,1727,343592.0
6103,6103,195406,2,Rathaus Yorckstraße,2019,6,23,3,2,5,2,2,1,1,0,0,0,0,0.0,Friedrichshain-Kreuzberg,Accident with serious injuries,Collision with a turning/crossing vehicle,Turning accident,Dark,Dry,1381,290386.0
6104,6104,195407,1,Emdener Straße,2019,6,20,3,3,2,6,0,0,1,0,0,0,0,0.0,Mitte,Accident with minor injuries,Collision with the vehicle in front/waiting vehicle,Collision involving vehicles going in the same way,Daylight,Dry,2215,385748.0