,Unnamed: 0,object id,district,street,year,month,hour of day,weekday,category,accident type,accident type 2,light situation,bike involved,car involved,pedestrian involved,motor bike involved,big track involved,other vehicle involved,road condition,district name,category name,accident detail,accident type detail,light condition,road condition detail,accident count by district,est. population
6105,6105,195408,2,Mehringplatz,2019,6,8,3,3,5,3,0,1,1,0,0,0,0,0.0,Friedrichshain-Kreuzberg,Accident with minor injuries,Collision with a turning/crossing vehicle,Turning/Crossing accident,Daylight,Dry,1381,290386.0
6106,6106,195409,8,Körnerpark,2019,6,9,3,3,1,5,0,1,1,0,0,0,0,0.0,Neukölln,Accident with minor injuries,Collision with a moving/standing/parked vehicle,Accident involving parked vehicles,Daylight,Dry,934,329917.0
6107,6107,195410,3,Volkspark Prenzlauer Berg,2019,6,9,3,3,2,6,0,0,1,0,1,0,0,0.0,Pankow,Accident with minor injuries,Collision with the vehicle in front/waiting vehicle,Collision involving vehicles going in the same way,Daylight,Dry,1219,409335.0
6108,6108,195411,5,Weinmeisterhornweg,2019,6,7,3,3,0,1,0,1,0,0,0,0,0,0.0,Spandau,Accident with minor injuries,Others,Driving accident,Daylight,Dry,798,245197.0
6109,6109,195412,11,Große-Leege-Straße,2019,6,8,3,3,5,3,0,1,1,0,0,0,0,0.0,Lichtenberg,Accident with minor injuries,Collision with a turning/crossing vehicle,Turning/Crossing accident,Daylight,Dry,679,294201.0
6110,6110,195413,6,Komponistenviertel Lankwitz,2019,6,20,3,3,6,7,0,1,0,1,0,0,0,0.0,Steglitz-Zehlendorf,Accident with minor injuries,Collision between vehicle and pedestrian,Others,Daylight,Dry,851,310071.0
6111,6111,195414,10,Gut Hellersdorf,2019,6,19,3,2,6,4,0,0,1,1,0,0,0,0.0,Marzahn-Hellersdorf,Accident with serious injuries,Collision between vehicle and pedestrian,Pedestrian crossing accident,Daylight,Dry,586,269967.0
6112,6112,195415,12,Klixstraße,2019,6,8,3,2,5,2,0,1,1,0,0,0,0,0.0,Reinickendorf,Accident with serious injuries,Collision with a turning/crossing vehicle,Turning accident,Daylight,Dry,867,266408.0
6113,6113,195416,3,Volkspark Prenzlauer Berg,2019,6,19,3,3,5,2,0,1,1,0,0,0,0,0.0,Pankow,Accident with minor injuries,Collision with a turning/crossing vehicle,Turning accident,Daylight,Dry,1219,409335.0
6114,6114,195417,7,Germaniagarten,2019,6,8,3,3,3,6,0,0,1,0,0,1,0,0.0,Tempelhof-Schöneberg,Accident with minor injuries,Collision with a vehicle traveling laterally in the same direction,Collision involving vehicles going in the same way,Daylight,Dry,1241,350984.0
6115,6115,195418,8,Gropiusstadt Ost,2019,6,19,3,3,6,2,0,0,1,1,0,0,0,0.0,Neukölln,Accident with minor injuries,Collision between vehicle and pedestrian,Turning accident,Daylight,Dry,934,329917.0
6116,6116,195419,4,Schaperstraße,2019,6,19,3,3,1,5,0,1,1,0,0,0,1,0.0,Charlottenburg-Wilmersdorf,Accident with minor injuries,Collision with a moving/standing/parked vehicle,Accident involving parked vehicles,Daylight,Dry,1727,343592.0
6117,6117,195420,3,Niederschönhausen,2019,6,8,3,3,5,3,0,1,1,0,0,0,0,0.0,Pankow,Accident with minor injuries,Collision with a turning/crossing vehicle,Turning/Crossing accident,Daylight,Dry,1219,409335.0
6118,6118,195421,12,Klixstraße,2019,6,7,3,3,2,6,0,0,1,0,0,0,0,0.0,Reinickendorf,Accident with minor injuries,Collision with the vehicle in front/waiting vehicle,Collision involving vehicles going in the same way,Daylight,Dry,867,266408.0
6119,6119,195422,4,Savignyplatz,2019,6,7,3,3,5,3,0,0,1,0,0,0,1,0.0,Charlottenburg-Wilmersdorf,Accident with minor injuries,Collision with a turning/crossing vehicle,Turning/Crossing accident,Daylight,Dry,1727,343592.0
6120,6120,195423,2,Graefekiez,2019,6,18,3,3,3,6,0,1,1,0,0,0,0,0.0,Friedrichshain-Kreuzberg,Accident with minor injuries,Collision with a vehicle traveling laterally in the same direction,Collision involving vehicles going in the same way,Daylight,Dry,1381,290386.0
6121,6121,195424,4,Tegeler Weg,2019,6,18,3,2,5,2,0,0,1,0,1,0,0,0.0,Charlottenburg-Wilmersdorf,Accident with serious injuries,Collision with a turning/crossing vehicle,Turning accident,Daylight,Dry,1727,343592.0
6122,6122,195425,12,Waldidyll/Flughafensee,2019,6,18,3,3,2,6,0,0,1,0,0,0,0,0.0,Reinickendorf,Accident with minor injuries,Collision with the vehicle in front/waiting vehicle,Collision involving vehicles going in the same way,Daylight,Dry,867,266408.0
6123,6123,195426,2,Viktoriapark,2019,6,7,3,3,1,1,0,0,1,0,1,0,0,0.0,Friedrichshain-Kreuzberg,Accident with minor injuries,Collision with a moving/standing/parked vehicle,Driving accident,Daylight,Dry,1381,290386.0
6124,6124,195427,11,Landsberger Allee,2019,6,4,3,3,5,3,1,0,1,0,0,0,0,0.0,Lichtenberg,Accident with minor injuries,Collision with a turning/crossing vehicle,Turning/Crossing accident,Twilight,Dry,679,294201.0
6125,6125,195428,9,Oberschöneweide Ost,2019,6,17,3,3,1,5,0,1,1,0,0,0,0,0.0,Treptow-Köpenick,Accident with minor injuries,Collision with a moving/standing/parked vehicle,Accident involving parked vehicles,Daylight,Dry,892,273689.0
6126,6126,195429,9,Dammvorstadt,2019,6,4,3,3,0,1,1,1,0,0,0,0,0,0.0,Treptow-Köpenick,Accident with minor injuries,Others,Driving accident,Twilight,Dry,892,273689.0
6127,6127,195430,1,Stülerstraße,2019,6,17,3,3,5,3,0,0,1,0,0,0,1,0.0,Mitte,Accident with minor injuries,Collision with a turning/crossing vehicle,Turning/Crossing accident,Daylight,Dry,2215,385748.0
6128,6128,195431,10,Marzahner Chaussee,2019,6,17,3,3,0,2,0,1,1,0,0,0,0,0.0,Marzahn-Hellersdorf,Accident with minor injuries,Others,Turning accident,Daylight,Dry,586,269967.0
6129,6129,195432,9,Dorf Altglienicke,2019,6,12,2,3,2,6,0,0,1,0,1,0,0,0.0,Treptow-Köpenick,Accident with minor injuries,Collision with the vehicle in front/waiting vehicle,Collision involving vehicles going in the same way,Daylight,Dry,892,273689.0
6130,6130,195433,2,Mehringplatz,2019,6,18,2,3,1,5,0,1,1,0,0,0,0,0.0,Friedrichshain-Kreuzberg,Accident with minor injuries,Collision with a moving/standing/parked vehicle,Accident involving parked vehicles,Daylight,Dry,1381,290386.0
6131,6131,195434,11,Malchower Weg,2019,6,12,2,3,5,3,0,1,0,0,0,0,0,0.0,Lichtenberg,Accident with minor injuries,Collision with a turning/crossing vehicle,Turning/Crossing accident,Daylight,Dry,679,294201.0
6132,6132,195435,6,Lichterfelde West,2019,6,12,2,3,6,7,0,1,0,1,0,0,0,0.0,Steglitz-Zehlendorf,Accident with minor injuries,Collision between vehicle and pedestrian,Others,Daylight,Dry,851,310071.0
6133,6133,195436,11,Malchower Weg,2019,6,22,2,3,8,1,2,0,1,0,0,0,0,1.0,Lichtenberg,Accident with minor injuries,Departure from the roadway to the right,Driving accident,Dark,Wet/moist/slippery,679,294201.0
6134,6134,195437,8,Schulenburgpark,2019,6,22,2,3,0,3,2,1,1,0,0,0,0,1.0,Neukölln,Accident with minor injuries,Others,Turning/Crossing accident,Dark,Wet/moist/slippery,934,329917.0
6135,6135,195438,1,Lüneburger Straße,2019,6,21,2,3,5,3,0,0,1,0,0,0,0,0.0,Mitte,Accident with minor injuries,Collision with a turning/crossing vehicle,Turning/Crossing accident,Daylight,Dry,2215,385748.0
6136,6136,195439,7,Manteuffelstraße,2019,6,20,2,3,5,2,0,0,1,0,0,0,1,0.0,Tempelhof-Schöneberg,Accident with minor injuries,Collision with a turning/crossing vehicle,Turning accident,Daylight,Dry,1241,350984.0
6137,6137,195440,9,Oberschöneweide West,2019,6,20,2,3,5,2,0,1,1,0,0,0,0,0.0,Treptow-Köpenick,Accident with minor injuries,Collision with a turning/crossing vehicle,Turning accident,Daylight,Dry,892,273689.0
6138,6138,195441,8,Körnerpark,2019,6,19,2,3,0,3,0,1,1,0,0,0,0,1.0,Neukölln,Accident with minor injuries,Others,Turning/Crossing accident,Daylight,Wet/moist/slippery,934,329917.0
6139,6139,195442,10,Mahlsdorf Süd,2019,6,20,2,3,5,3,0,0,1,0,0,0,1,1.0,Marzahn-Hellersdorf,Accident with minor injuries,Collision with a turning/crossing vehicle,Turning/Crossing accident,Daylight,Wet/moist/slippery,586,269967.0
6140,6140,195443,3,Humannplatz,2019,6,20,2,3,5,3,1,1,1,0,0,0,0,1.0,Pankow,Accident with minor injuries,Collision with a turning/crossing vehicle,Turning/Crossing accident,Twilight,Wet/moist/slippery,1219,409335.0
6141,6141,195444,9,Adlershof Ost,2019,6,19,2,2,0,1,0,1,0,0,0,0,0,1.0,Treptow-Köpenick,Accident with serious injuries,Others,Driving accident,Daylight,Wet/moist/slippery,892,273689.0
6142,6142,195445,9,Bohnsdorf,2019,6,20,2,2,1,7,1,0,1,0,0,0,0,1.0,Treptow-Köpenick,Accident with serious injuries,Collision with a moving/standing/parked vehicle,Others,Twilight,Wet/moist/slippery,892,273689.0
6143,6143,195446,7,Rathaus Tempelhof,2019,6,19,2,3,8,1,0,0,1,0,0,0,0,1.0,Tempelhof-Schöneberg,Accident with minor injuries,Departure from the roadway to the right,Driving accident,Daylight,Wet/moist/slippery,1241,350984.0
6144,6144,195447,1,Rehberge,2019,6,18,2,3,2,2,0,1,1,0,0,0,0,0.0,Mitte,Accident with minor injuries,Collision with the vehicle in front/waiting vehicle,Turning accident,Daylight,Dry,2215,385748.0
6145,6145,195448,4,Spreestadt,2019,6,18,2,3,2,6,0,0,1,0,0,0,0,0.0,Charlottenburg-Wilmersdorf,Accident with minor injuries,Collision with the vehicle in front/waiting vehicle,Collision involving vehicles going in the same way,Daylight,Dry,1727,343592.0
6146,6146,195449,2,Boxhagener Platz,2019,6,18,2,2,5,2,0,1,1,0,0,0,0,0.0,Friedrichshain-Kreuzberg,Accident with serious injuries,Collision with a turning/crossing vehicle,Turning accident,Daylight,Dry,1381,290386.0
6147,6147,195450,4,Halensee,2019,6,18,2,3,1,5,0,1,1,0,0,0,0,0.0,Charlottenburg-Wilmersdorf,Accident with minor injuries,Collision with a moving/standing/parked vehicle,Accident involving parked vehicles,Daylight,Dry,1727,343592.0
6148,6148,195451,4,Nikolsburger Platz,2019,6,17,2,3,2,6,0,0,1,0,0,0,0,0.0,Charlottenburg-Wilmersdorf,Accident with minor injuries,Collision with the vehicle in front/waiting vehicle,Collision involving vehicles going in the same way,Daylight,Dry,1727,343592.0
6149,6149,195452,6,Zehlendorf Mitte,2019,6,15,2,3,3,6,0,0,1,0,1,0,0,0.0,Steglitz-Zehlendorf,Accident with minor injuries,Collision with a vehicle traveling laterally in the same direction,Collision involving vehicles going in the same way,Daylight,Dry,851,310071.0
6150,6150,195453,7,Rathaus Tempelhof,2019,6,17,2,3,5,3,0,0,1,0,0,0,0,0.0,Tempelhof-Schöneberg,Accident with minor injuries,Collision with a turning/crossing vehicle,Turning/Crossing accident,Daylight,Dry,1241,350984.0
6151,6151,195454,10,Mahlsdorf Nord,2019,6,17,2,3,5,3,0,1,1,0,0,0,0,0.0,Marzahn-Hellersdorf,Accident with minor injuries,Collision with a turning/crossing vehicle,Turning/Crossing accident,Daylight,Dry,586,269967.0
6152,6152,195455,9,Baumschulenstraße,2019,6,22,2,3,5,2,2,1,1,0,0,0,0,1.0,Treptow-Köpenick,Accident with minor injuries,Collision with a turning/crossing vehicle,Turning accident,Dark,Wet/moist/slippery,892,273689.0
6153,6153,195456,3,Buchholz,2019,6,15,2,3,5,3,0,1,0,0,0,0,0,0.0,Pankow,Accident with minor injuries,Collision with a turning/crossing vehicle,Turning/Crossing accident,Daylight,Dry,1219,409335.0
6154,6154,195457,6,Schloßstraße,2019,6,14,2,3,5,3,0,1,1,0,0,0,0,0.0,Steglitz-Zehlendorf,Accident with minor injuries,Collision with a turning/crossing vehicle,Turning/Crossing accident,Daylight,Dry,851,310071.0
6155,6155,195458,1,Körnerstraße,2019,6,14,2,3,0,2,0,0,1,0,0,0,1,0.0,Mitte,Accident with minor injuries,Others,Turning accident,Daylight,Dry,2215,385748.0
6156,6156,195459,2,Graefekiez,2019,6,14,2,3,2,6,0,0,1,0,0,0,0,0.0,Friedrichshain-Kreuzberg,Accident with minor injuries,Collision with the vehicle in front/waiting vehicle,Collision involving vehicles going in the same way,Daylight,Dry,1381,290386.0
6157,6157,195460,3,Heinersdorf,2019,6,13,2,3,2,6,0,0,1,0,0,1,0,0.0,Pankow,Accident with minor injuries,Collision with the vehicle in front/waiting vehicle,Collision involving vehicles going in the same way,Daylight,Dry,1219,409335.0
6158,6158,195461,5,An der Kappe,2019,6,12,2,3,1,5,0,1,0,0,0,0,1,0.0,Spandau,Accident with minor injuries,Collision with a moving/standing/parked vehicle,Accident involving parked vehicles,Daylight,Dry,798,245197.0
6159,6159,195462,8,Buschkrugallee Nord,2019,6,11,2,3,5,7,0,0,1,0,0,0,0,0.0,Neukölln,Accident with minor injuries,Collision with a turning/crossing vehicle,Others,Daylight,Dry,934,329917.0
6160,6160,195463,1,Leopoldplatz,2019,6,12,2,3,2,6,0,0,1,0,0,0,0,0.0,Mitte,Accident with minor injuries,Collision with the vehicle in front/waiting vehicle,Collision involving vehicles going in the same way,Daylight,Dry,2215,385748.0
6161,6161,195464,1,Oranienburger Straße,2019,6,0,2,3,5,2,2,1,1,0,0,0,0,0.0,Mitte,Accident with minor injuries,Collision with a turning/crossing vehicle,Turning accident,Dark,Dry,2215,385748.0
6162,6162,195465,4,Hindemithplatz,2019,6,12,2,3,5,7,0,0,1,0,1,0,0,0.0,Charlottenburg-Wilmersdorf,Accident with minor injuries,Collision with a turning/crossing vehicle,Others,Daylight,Dry,1727,343592.0
6163,6163,195466,1,Arkonaplatz,2019,6,11,2,3,6,4,0,1,0,1,0,0,0,0.0,Mitte,Accident with minor injuries,Collision between vehicle and pedestrian,Pedestrian crossing accident,Daylight,Dry,2215,385748.0
6164,6164,195467,1,Gesundbrunnen,2019,6,11,2,2,5,2,0,0,1,0,0,0,0,0.0,Mitte,Accident with serious injuries,Collision with a turning/crossing vehicle,Turning accident,Daylight,Dry,2215,385748.0
6165,6165,195468,9,Kietzer Feld/Nachtheide,2019,6,16,2,3,5,3,0,0,1,0,1,0,0,0.0,Treptow-Köpenick,Accident with minor injuries,Collision with a turning/crossing vehicle,Turning/Crossing accident,Daylight,Dry,892,273689.0
6166,6166,195469,2,Viktoriapark,2019,6,11,2,3,5,2,0,1,1,0,0,0,0,0.0,Friedrichshain-Kreuzberg,Accident with minor injuries,Collision with a turning/crossing vehicle,Turning accident,Daylight,Dry,1381,290386.0
6167,6167,195470,1,Reinickendorfer Straße,2019,6,11,2,3,3,6,0,0,1,0,1,0,0,0.0,Mitte,Accident with minor injuries,Collision with a vehicle traveling laterally in the same direction,Collision involving vehicles going in the same way,Daylight,Dry,2215,385748.0
6168,6168,195471,10,Buckower Ring,2019,6,16,2,2,0,5,0,1,1,0,0,0,0,0.0,Marzahn-Hellersdorf,Accident with serious injuries,Others,Accident involving parked vehicles,Daylight,Dry,586,269967.0
6169,6169,195472,5,Hakenfelde Nord,2019,6,10,2,2,5,2,0,0,1,0,1,0,0,0.0,Spandau,Accident with serious injuries,Collision with a turning/crossing vehicle,Turning accident,Daylight,Dry,798,245197.0
6170,6170,195473,9,Dammvorstadt,2019,6,16,2,3,5,3,0,1,1,0,0,0,0,0.0,Treptow-Köpenick,Accident with minor injuries,Collision with a turning/crossing vehicle,Turning/Crossing accident,Daylight,Dry,892,273689.0
6171,6171,195474,4,Schloßgarten,2019,6,10,2,3,2,6,0,0,1,0,1,0,0,0.0,Charlottenburg-Wilmersdorf,Accident with minor injuries,Collision with the vehicle in front/waiting vehicle,Collision involving vehicles going in the same way,Daylight,Dry,1727,343592.0
6172,6172,195475,8,Gropiusstadt Süd,2019,6,10,2,3,5,7,0,1,1,0,0,0,0,0.0,Neukölln,Accident with minor injuries,Collision with a turning/crossing vehicle,Others,Daylight,Dry,934,329917.0
6173,6173,195476,3,Volkspark Prenzlauer Berg,2019,6,15,2,3,0,7,0,0,1,0,0,0,0,0.0,Pankow,Accident with minor injuries,Others,Others,Daylight,Dry,1219,409335.0
6174,6174,195477,9,Johannisthal West,2019,6,15,2,3,0,6,0,1,1,0,0,0,0,0.0,Treptow-Köpenick,Accident with minor injuries,Others,Collision involving vehicles going in the same way,Daylight,Dry,892,273689.0
6175,6175,195478,2,Andreasviertel,2019,6,9,2,3,5,3,0,1,1,0,0,0,0,0.0,Friedrichshain-Kreuzberg,Accident with minor injuries,Collision with a turning/crossing vehicle,Turning/Crossing accident,Daylight,Dry,1381,290386.0
6176,6176,195479,5,Adamstraße,2019,6,9,2,3,5,2,0,1,1,0,0,0,0,0.0,Spandau,Accident with minor injuries,Collision with a turning/crossing vehicle,Turning accident,Daylight,Dry,798,245197.0
6177,6177,195480,2,Urbanstraße,2019,6,8,2,3,5,2,0,1,1,0,0,0,0,0.0,Friedrichshain-Kreuzberg,Accident with minor injuries,Collision with a turning/crossing vehicle,Turning accident,Daylight,Dry,1381,290386.0
6178,6178,195481,4,Park Ruhwald,2019,6,8,2,3,5,2,0,0,1,0,0,0,0,0.0,Charlottenburg-Wilmersdorf,Accident with minor injuries,Collision with a turning/crossing vehicle,Turning accident,Daylight,Dry,1727,343592.0
6179,6179,195482,2,Oranienplatz,2019,6,7,2,3,2,6,0,0,1,0,0,1,0,0.0,Friedrichshain-Kreuzberg,Accident with minor injuries,Collision with the vehicle in front/waiting vehicle,Collision involving vehicles going in the same way,Daylight,Dry,1381,290386.0
6180,6180,195483,5,Borkumer Straße,2019,6,15,2,3,6,4,0,0,1,1,0,0,0,0.0,Spandau,Accident with minor injuries,Collision between vehicle and pedestrian,Pedestrian crossing accident,Daylight,Dry,798,245197.0
6181,6181,195484,9,Köpenick Nord,2019,6,7,2,3,5,3,0,0,1,0,0,0,0,0.0,Treptow-Köpenick,Accident with minor injuries,Collision with a turning/crossing vehicle,Turning/Crossing accident,Daylight,Dry,892,273689.0
6182,6182,195485,1,Nördlicher Landwehrkanal,2019,6,6,2,3,5,7,0,0,1,0,0,0,0,0.0,Mitte,Accident with minor injuries,Collision with a turning/crossing vehicle,Others,Daylight,Dry,2215,385748.0
6183,6183,195486,12,Waldidyll/Flughafensee,2019,6,15,2,3,0,2,0,0,1,0,0,0,1,0.0,Reinickendorf,Accident with minor injuries,Others,Turning accident,Daylight,Dry,867,266408.0
6184,6184,195487,1,Oranienburger Straße,2019,6,6,2,3,2,6,0,0,1,0,0,0,0,0.0,Mitte,Accident with minor injuries,Collision with the vehicle in front/waiting vehicle,Collision involving vehicles going in the same way,Daylight,Dry,2215,385748.0
6185,6185,195488,9,Adlershof Ost,2019,6,6,2,3,0,3,0,1,1,0,0,0,0,0.0,Treptow-Köpenick,Accident with minor injuries,Others,Turning/Crossing accident,Daylight,Dry,892,273689.0
6186,6186,195489,1,Karl-Marx-Allee,2019,6,15,2,2,2,2,0,0,1,0,0,0,0,0.0,Mitte,Accident with serious injuries,Collision with the vehicle in front/waiting vehicle,Turning accident,Daylight,Dry,2215,385748.0
6187,6187,195490,3,Erich-Weinert-Straße,2019,6,5,2,3,1,5,0,0,1,0,1,0,0,0.0,Pankow,Accident with minor injuries,Collision with a moving/standing/parked vehicle,Accident involving parked vehicles,Daylight,Dry,1219,409335.0
6188,6188,195491,2,Hausburgviertel,2019,6,1,2,3,5,2,2,0,1,0,0,0,0,0.0,Friedrichshain-Kreuzberg,Accident with minor injuries,Collision with a turning/crossing vehicle,Turning accident,Dark,Dry,1381,290386.0
6189,6189,195492,1,Invalidenstraße,2019,6,8,2,3,0,1,0,1,0,0,0,0,0,0.0,Mitte,Accident with minor injuries,Others,Driving accident,Daylight,Dry,2215,385748.0
6190,6190,195493,11,Herzbergstraße,2019,6,20,2,3,5,2,0,1,1,0,0,0,0,1.0,Lichtenberg,Accident with minor injuries,Collision with a turning/crossing vehicle,Turning accident,Daylight,Wet/moist/slippery,679,294201.0
6191,6191,195494,6,Dahlem,2019,6,9,2,3,5,2,0,1,0,0,0,0,1,0.0,Steglitz-Zehlendorf,Accident with minor injuries,Collision with a turning/crossing vehicle,Turning accident,Daylight,Dry,851,310071.0
6192,6192,195495,10,Gewerbegebiet Bitterfelder Straße,2019,6,17,2,1,1,7,0,0,1,0,0,0,0,0.0,Marzahn-Hellersdorf,Accident with fatalities,Collision with a moving/standing/parked vehicle,Others,Daylight,Dry,586,269967.0
6193,6193,195496,4,Lietzensee,2019,6,14,1,3,2,6,0,1,0,0,0,0,0,0.0,Charlottenburg-Wilmersdorf,Accident with minor injuries,Collision with the vehicle in front/waiting vehicle,Collision involving vehicles going in the same way,Daylight,Dry,1727,343592.0
6194,6194,195497,4,Kissinger Straße,2019,6,14,1,3,5,3,0,1,1,0,0,0,0,0.0,Charlottenburg-Wilmersdorf,Accident with minor injuries,Collision with a turning/crossing vehicle,Turning/Crossing accident,Daylight,Dry,1727,343592.0
6195,6195,195498,1,Invalidenstraße,2019,6,14,1,3,6,7,0,0,1,1,0,0,0,0.0,Mitte,Accident with minor injuries,Collision between vehicle and pedestrian,Others,Daylight,Dry,2215,385748.0
6196,6196,195499,9,Altstadt Kietz,2019,6,19,1,3,3,6,0,1,1,0,0,0,0,0.0,Treptow-Köpenick,Accident with minor injuries,Collision with a vehicle traveling laterally in the same direction,Collision involving vehicles going in the same way,Daylight,Dry,892,273689.0
6197,6197,195500,1,Reinickendorfer Straße,2019,6,21,1,3,5,3,0,0,1,0,0,0,0,0.0,Mitte,Accident with minor injuries,Collision with a turning/crossing vehicle,Turning/Crossing accident,Daylight,Dry,2215,385748.0
6198,6198,195501,11,Stralauer Kiez,2019,6,20,1,2,4,6,0,0,1,0,1,0,0,0.0,Lichtenberg,Accident with serious injuries,Collision with oncoming vehicle,Collision involving vehicles going in the same way,Daylight,Dry,679,294201.0
6199,6199,195502,2,Andreasviertel,2019,6,20,1,3,1,5,0,1,1,0,0,0,1,0.0,Friedrichshain-Kreuzberg,Accident with minor injuries,Collision with a moving/standing/parked vehicle,Accident involving parked vehicles,Daylight,Dry,1381,290386.0
6200,6200,195503,4,Plötzensee,2019,6,17,1,3,0,2,0,1,1,0,0,0,0,0.0,Charlottenburg-Wilmersdorf,Accident with minor injuries,Others,Turning accident,Daylight,Dry,1727,343592.0
6201,6201,195504,2,Mehringplatz,2019,6,17,1,2,5,3,0,0,1,0,1,0,0,0.0,Friedrichshain-Kreuzberg,Accident with serious injuries,Collision with a turning/crossing vehicle,Turning/Crossing accident,Daylight,Dry,1381,290386.0
6202,6202,195505,10,Mahlsdorf Süd,2019,6,15,1,2,5,3,0,0,1,0,1,0,0,0.0,Marzahn-Hellersdorf,Accident with serious injuries,Collision with a turning/crossing vehicle,Turning/Crossing accident,Daylight,Dry,586,269967.0
6203,6203,195506,7,Dennewitzplatz,2019,6,16,1,3,5,2,0,1,1,0,0,0,0,0.0,Tempelhof-Schöneberg,Accident with minor injuries,Collision with a turning/crossing vehicle,Turning accident,Daylight,Dry,1241,350984.0
6204,6204,195507,3,Thälmannpark,2019,6,16,1,3,0,1,0,1,0,0,0,0,0,0.0,Pankow,Accident with minor injuries,Others,Driving accident,Daylight,Dry,1219,409335.0
6205,6205,195508,11,Karlshorst Nord,2019,6,14,1,3,5,3,0,0,1,0,0,0,0,0.0,Lichtenberg,Accident with minor injuries,Collision with a turning/crossing vehicle,Turning/Crossing accident,Daylight,Dry,679,294201.0
6206,6206,195509,7,Nollendorfplatz,2019,6,14,1,3,5,3,0,0,1,0,1,0,0,0.0,Tempelhof-Schöneberg,Accident with minor injuries,Collision with a turning/crossing vehicle,Turning/Crossing accident,Daylight,Dry,1241,350984.0
6207,6207,195510,1,Stülerstraße,2019,6,14,1,3,5,3,0,0,1,0,0,0,0,0.0,Mitte,Accident with minor injuries,Collision with a turning/crossing vehicle,Turning/Crossing accident,Daylight,Dry,2215,385748.0
6208,6208,195511,1,Unter den Linden Nord,2019,6,14,1,3,5,2,0,0,1,0,1,0,0,0.0,Mitte,Accident with minor injuries,Collision with a turning/crossing vehicle,Turning accident,Daylight,Dry,2215,385748.0
6209,6209,195512,11,Karlshorst Nord,2019,6,14,1,2,5,3,0,1,1,0,0,0,0,0.0,Lichtenberg,Accident with serious injuries,Collision with a turning/crossing vehicle,Turning/Crossing accident,Daylight,Dry,679,294201.0
6210,6210,195513,3,Arnimplatz,2019,6,13,1,3,2,6,0,0,1,0,0,0,0,0.0,Pankow,Accident with minor injuries,Collision with the vehicle in front/waiting vehicle,Collision involving vehicles going in the same way,Daylight,Dry,1219,409335.0
6211,6211,195514,11,Karlshorst West,2019,6,12,6,3,5,2,0,1,1,0,0,0,0,0.0,Lichtenberg,Accident with minor injuries,Collision with a turning/crossing vehicle,Turning accident,Daylight,Dry,679,294201.0
6212,6212,195515,8,Buschkrugallee Nord,2019,6,13,1,3,2,6,0,0,1,0,0,0,0,0.0,Neukölln,Accident with minor injuries,Collision with the vehicle in front/waiting vehicle,Collision involving vehicles going in the same way,Daylight,Dry,934,329917.0
6213,6213,195516,7,Manteuffelstraße,2019,6,12,1,2,5,3,0,0,1,0,1,0,0,0.0,Tempelhof-Schöneberg,Accident with serious injuries,Collision with a turning/crossing vehicle,Turning/Crossing accident,Daylight,Dry,1241,350984.0
6214,6214,195517,1,Gesundbrunnen,2019,6,12,6,3,5,2,0,1,0,0,0,0,1,0.0,Mitte,Accident with minor injuries,Collision with a turning/crossing vehicle,Turning accident,Daylight,Dry,2215,385748.0
6215,6215,195518,1,Rehberge,2019,6,1,1,2,5,2,2,0,1,0,0,0,0,0.0,Mitte,Accident with serious injuries,Collision with a turning/crossing vehicle,Turning accident,Dark,Dry,2215,385748.0
6216,6216,195519,6,Thielallee,2019,6,17,6,2,5,2,0,1,1,0,0,0,0,0.0,Steglitz-Zehlendorf,Accident with serious injuries,Collision with a turning/crossing vehicle,Turning accident,Daylight,Dry,851,310071.0
6217,6217,195520,11,Malchower Weg,2019,6,2,1,3,5,3,2,0,1,0,0,0,0,0.0,Lichtenberg,Accident with minor injuries,Collision with a turning/crossing vehicle,Turning/Crossing accident,Dark,Dry,679,294201.0
6218,6218,195521,8,Handwerker-Siedlung,2019,6,12,6,3,3,6,0,1,0,0,0,1,0,0.0,Neukölln,Accident with minor injuries,Collision with a vehicle traveling laterally in the same direction,Collision involving vehicles going in the same way,Daylight,Dry,934,329917.0
6219,6219,195522,12,Wittenau Süd,2019,6,10,1,3,4,5,0,0,1,0,0,0,0,0.0,Reinickendorf,Accident with minor injuries,Collision with oncoming vehicle,Accident involving parked vehicles,Daylight,Dry,867,266408.0
6220,6220,195523,12,Wittenau Süd,2019,6,7,6,2,5,2,0,1,0,0,0,1,0,0.0,Reinickendorf,Accident with serious injuries,Collision with a turning/crossing vehicle,Turning accident,Daylight,Dry,867,266408.0
6221,6221,195524,1,Sparrplatz,2019,6,10,1,3,5,2,0,0,1,0,0,0,0,0.0,Mitte,Accident with minor injuries,Collision with a turning/crossing vehicle,Turning accident,Daylight,Dry,2215,385748.0
6222,6222,195525,1,Gesundbrunnen,2019,6,11,1,3,5,3,0,0,1,0,0,0,1,0.0,Mitte,Accident with minor injuries,Collision with a turning/crossing vehicle,Turning/Crossing accident,Daylight,Dry,2215,385748.0
6223,6223,195526,5,Hakenfelde Nord,2019,6,12,6,3,5,3,0,1,1,0,0,0,0,0.0,Spandau,Accident with minor injuries,Collision with a turning/crossing vehicle,Turning/Crossing accident,Daylight,Dry,798,245197.0
6224,6224,195527,6,Goerzwerke,2019,6,12,1,2,2,1,0,0,1,0,0,0,0,0.0,Steglitz-Zehlendorf,Accident with serious injuries,Collision with the vehicle in front/waiting vehicle,Driving accident,Daylight,Dry,851,310071.0
6225,6225,195528,4,Schaperstraße,2019,6,12,6,3,0,6,0,0,1,0,1,0,0,0.0,Charlottenburg-Wilmersdorf,Accident with minor injuries,Others,Collision involving vehicles going in the same way,Daylight,Dry,1727,343592.0