,Unnamed: 0,object id,district,street,year,month,hour of day,weekday,category,accident type,accident type 2,light situation,bike involved,car involved,pedestrian involved,motor bike involved,big track involved,other vehicle involved,road condition,district name,category name,accident detail,accident type detail,light condition,road condition detail,accident count by district,est. population
6347,6347,195650,11,Weitlingstraße,2019,5,13,5,3,6,2,0,0,0,1,0,0,1,0.0,Lichtenberg,Accident with minor injuries,Collision between vehicle and pedestrian,Turning accident,Daylight,Dry,679,294201.0
6348,6348,195651,2,Friedenstraße,2019,6,12,5,3,5,2,0,1,1,0,0,0,0,0.0,Friedrichshain-Kreuzberg,Accident with minor injuries,Collision with a turning/crossing vehicle,Turning accident,Daylight,Dry,1381,290386.0
6349,6349,195652,5,Alt-Gatow,2019,5,13,5,2,1,5,0,1,1,0,0,0,0,0.0,Spandau,Accident with serious injuries,Collision with a moving/standing/parked vehicle,Accident involving parked vehicles,Daylight,Dry,798,245197.0
6350,6350,195653,6,Schweizer Viertel,2019,5,10,5,2,5,7,0,0,1,0,1,0,0,0.0,Steglitz-Zehlendorf,Accident with serious injuries,Collision with a turning/crossing vehicle,Others,Daylight,Dry,851,310071.0
6351,6351,195654,1,Zillesiedlung,2019,6,12,5,3,5,2,0,0,1,0,1,0,0,0.0,Mitte,Accident with minor injuries,Collision with a turning/crossing vehicle,Turning accident,Daylight,Dry,2215,385748.0
6352,6352,195655,5,Borkumer Straße,2019,5,6,5,2,1,5,0,0,1,0,0,0,0,0.0,Spandau,Accident with serious injuries,Collision with a moving/standing/parked vehicle,Accident involving parked vehicles,Daylight,Dry,798,245197.0
6353,6353,195656,9,Oberschöneweide West,2019,6,12,5,3,2,6,0,0,1,0,0,0,0,0.0,Treptow-Köpenick,Accident with minor injuries,Collision with the vehicle in front/waiting vehicle,Collision involving vehicles going in the same way,Daylight,Dry,892,273689.0
6354,6354,195657,12,Tegeler Forst,2019,5,16,4,3,2,6,0,0,1,0,0,0,0,0.0,Reinickendorf,Accident with minor injuries,Collision with the vehicle in front/waiting vehicle,Collision involving vehicles going in the same way,Daylight,Dry,867,266408.0
6355,6355,195658,2,Chamissokiez,2019,6,11,5,2,5,7,0,1,1,0,0,0,0,0.0,Friedrichshain-Kreuzberg,Accident with serious injuries,Collision with a turning/crossing vehicle,Others,Daylight,Dry,1381,290386.0
6356,6356,195659,4,Plötzensee,2019,5,18,4,3,2,2,0,1,1,0,0,0,0,0.0,Charlottenburg-Wilmersdorf,Accident with minor injuries,Collision with the vehicle in front/waiting vehicle,Turning accident,Daylight,Dry,1727,343592.0
6357,6357,195660,6,Nikolassee,2019,6,11,5,3,5,2,0,0,1,0,1,0,0,0.0,Steglitz-Zehlendorf,Accident with minor injuries,Collision with a turning/crossing vehicle,Turning accident,Daylight,Dry,851,310071.0
6358,6358,195661,2,Wriezener Bahnhof/Entwicklungsgebiet,2019,5,18,4,3,5,2,0,1,0,0,0,0,1,0.0,Friedrichshain-Kreuzberg,Accident with minor injuries,Collision with a turning/crossing vehicle,Turning accident,Daylight,Dry,1381,290386.0
6359,6359,195662,1,Emdener Straße,2019,5,16,4,3,3,6,0,0,1,0,1,0,0,0.0,Mitte,Accident with minor injuries,Collision with a vehicle traveling laterally in the same direction,Collision involving vehicles going in the same way,Daylight,Dry,2215,385748.0
6360,6360,195663,10,Alt-Marzahn,2019,6,11,5,3,2,6,0,0,1,0,0,0,0,0.0,Marzahn-Hellersdorf,Accident with minor injuries,Collision with the vehicle in front/waiting vehicle,Collision involving vehicles going in the same way,Daylight,Dry,586,269967.0
6361,6361,195664,9,Bölschestraße,2019,6,7,5,3,6,2,0,0,1,1,0,0,0,0.0,Treptow-Köpenick,Accident with minor injuries,Collision between vehicle and pedestrian,Turning accident,Daylight,Dry,892,273689.0
6362,6362,195665,9,Dammvorstadt,2019,5,23,4,3,0,1,2,1,0,0,0,0,0,0.0,Treptow-Köpenick,Accident with minor injuries,Others,Driving accident,Dark,Dry,892,273689.0
6363,6363,195666,4,Richard-Wagner-Straße,2019,5,17,4,3,6,4,0,0,1,1,0,0,0,0.0,Charlottenburg-Wilmersdorf,Accident with minor injuries,Collision between vehicle and pedestrian,Pedestrian crossing accident,Daylight,Dry,1727,343592.0
6364,6364,195667,2,Boxhagener Platz,2019,6,10,5,3,5,5,0,0,1,0,1,0,0,0.0,Friedrichshain-Kreuzberg,Accident with minor injuries,Collision with a turning/crossing vehicle,Accident involving parked vehicles,Daylight,Dry,1381,290386.0
6365,6365,195668,1,Leipziger Straße,2019,5,20,4,3,0,2,1,1,0,0,0,1,0,0.0,Mitte,Accident with minor injuries,Others,Turning accident,Twilight,Dry,2215,385748.0
6366,6366,195669,4,Spreestadt,2019,6,10,5,3,2,2,0,0,1,0,0,0,0,0.0,Charlottenburg-Wilmersdorf,Accident with minor injuries,Collision with the vehicle in front/waiting vehicle,Turning accident,Daylight,Dry,1727,343592.0
6367,6367,195670,4,Prager Platz,2019,5,18,4,3,5,3,0,1,1,0,0,0,0,0.0,Charlottenburg-Wilmersdorf,Accident with minor injuries,Collision with a turning/crossing vehicle,Turning/Crossing accident,Daylight,Dry,1727,343592.0
6368,6368,195671,9,Baumschulenstraße,2019,5,18,4,2,5,2,0,0,1,0,0,0,0,0.0,Treptow-Köpenick,Accident with serious injuries,Collision with a turning/crossing vehicle,Turning accident,Daylight,Dry,892,273689.0
6369,6369,195672,4,Schaperstraße,2019,6,9,5,3,6,2,0,1,0,1,0,0,0,0.0,Charlottenburg-Wilmersdorf,Accident with minor injuries,Collision between vehicle and pedestrian,Turning accident,Daylight,Dry,1727,343592.0
6370,6370,195673,2,Viktoriapark,2019,5,23,4,3,5,3,2,0,1,0,0,0,0,0.0,Friedrichshain-Kreuzberg,Accident with minor injuries,Collision with a turning/crossing vehicle,Turning/Crossing accident,Dark,Dry,1381,290386.0
6371,6371,195674,11,Weitlingstraße,2019,5,22,4,3,5,2,2,0,1,0,0,0,0,0.0,Lichtenberg,Accident with minor injuries,Collision with a turning/crossing vehicle,Turning accident,Dark,Dry,679,294201.0
6372,6372,195675,11,Mühlengrund,2019,6,9,5,2,6,4,0,0,0,1,0,0,1,0.0,Lichtenberg,Accident with serious injuries,Collision between vehicle and pedestrian,Pedestrian crossing accident,Daylight,Dry,679,294201.0
6373,6373,195676,3,Pankow Süd,2019,5,21,4,3,5,2,1,1,1,0,0,0,0,0.0,Pankow,Accident with minor injuries,Collision with a turning/crossing vehicle,Turning accident,Twilight,Dry,1219,409335.0
6374,6374,195677,3,Helmholtzplatz,2019,5,18,4,3,0,2,0,0,1,0,1,0,0,0.0,Pankow,Accident with minor injuries,Others,Turning accident,Daylight,Dry,1219,409335.0
6375,6375,195678,4,Hindemithplatz,2019,6,19,5,3,2,6,0,1,0,0,1,0,0,1.0,Charlottenburg-Wilmersdorf,Accident with minor injuries,Collision with the vehicle in front/waiting vehicle,Collision involving vehicles going in the same way,Daylight,Wet/moist/slippery,1727,343592.0
6376,6376,195679,1,Leopoldplatz,2019,5,18,4,3,5,2,0,1,1,0,0,0,0,0.0,Mitte,Accident with minor injuries,Collision with a turning/crossing vehicle,Turning accident,Daylight,Dry,2215,385748.0
6377,6377,195680,1,Oranienburger Straße,2019,6,18,5,3,0,1,0,1,0,0,0,0,0,1.0,Mitte,Accident with minor injuries,Others,Driving accident,Daylight,Wet/moist/slippery,2215,385748.0
6378,6378,195681,5,Borkumer Straße,2019,5,15,4,3,6,2,0,0,1,1,0,0,0,0.0,Spandau,Accident with minor injuries,Collision between vehicle and pedestrian,Turning accident,Daylight,Dry,798,245197.0
6379,6379,195682,1,Oranienburger Straße,2019,6,18,5,3,0,3,0,1,0,0,1,0,0,1.0,Mitte,Accident with minor injuries,Others,Turning/Crossing accident,Daylight,Wet/moist/slippery,2215,385748.0
6380,6380,195683,10,Kaulsdorf Süd,2019,5,18,4,3,5,3,0,1,1,0,0,0,0,0.0,Marzahn-Hellersdorf,Accident with minor injuries,Collision with a turning/crossing vehicle,Turning/Crossing accident,Daylight,Dry,586,269967.0
6381,6381,195684,5,Carl-Schurz-Straße,2019,6,18,5,3,0,2,0,1,1,0,0,0,0,1.0,Spandau,Accident with minor injuries,Others,Turning accident,Daylight,Wet/moist/slippery,798,245197.0
6382,6382,195685,6,Fichtenberg,2019,5,9,4,2,3,6,0,0,1,0,1,0,0,0.0,Steglitz-Zehlendorf,Accident with serious injuries,Collision with a vehicle traveling laterally in the same direction,Collision involving vehicles going in the same way,Daylight,Dry,851,310071.0
6383,6383,195686,2,Lausitzer Platz,2019,5,11,4,3,5,3,0,1,1,0,0,0,0,0.0,Friedrichshain-Kreuzberg,Accident with minor injuries,Collision with a turning/crossing vehicle,Turning/Crossing accident,Daylight,Dry,1381,290386.0
6384,6384,195687,1,Wilhelmstraße,2019,6,18,5,2,5,3,1,1,1,0,0,0,0,1.0,Mitte,Accident with serious injuries,Collision with a turning/crossing vehicle,Turning/Crossing accident,Twilight,Wet/moist/slippery,2215,385748.0
6385,6385,195688,12,Treuenbrietzener Straße,2019,6,18,5,3,5,2,0,1,1,0,0,0,0,1.0,Reinickendorf,Accident with minor injuries,Collision with a turning/crossing vehicle,Turning accident,Daylight,Wet/moist/slippery,867,266408.0
6386,6386,195689,4,Preußenpark,2019,5,18,4,3,2,6,0,0,1,0,0,0,0,0.0,Charlottenburg-Wilmersdorf,Accident with minor injuries,Collision with the vehicle in front/waiting vehicle,Collision involving vehicles going in the same way,Daylight,Dry,1727,343592.0
6387,6387,195690,4,Hagenplatz,2019,5,11,4,3,5,2,0,0,1,0,0,1,0,0.0,Charlottenburg-Wilmersdorf,Accident with minor injuries,Collision with a turning/crossing vehicle,Turning accident,Daylight,Dry,1727,343592.0
6388,6388,195691,6,Fischtal,2019,6,18,5,2,6,4,0,0,1,1,0,0,0,1.0,Steglitz-Zehlendorf,Accident with serious injuries,Collision between vehicle and pedestrian,Pedestrian crossing accident,Daylight,Wet/moist/slippery,851,310071.0
6389,6389,195692,7,Nollendorfplatz,2019,5,11,4,3,5,7,0,0,1,0,0,0,0,0.0,Tempelhof-Schöneberg,Accident with minor injuries,Collision with a turning/crossing vehicle,Others,Daylight,Dry,1241,350984.0
6390,6390,195693,1,Charitéviertel,2019,6,18,5,3,0,1,0,0,0,0,1,0,0,1.0,Mitte,Accident with minor injuries,Others,Driving accident,Daylight,Wet/moist/slippery,2215,385748.0
6391,6391,195694,5,Carl-Schurz-Straße,2019,5,11,4,3,5,2,0,0,1,0,1,0,0,0.0,Spandau,Accident with minor injuries,Collision with a turning/crossing vehicle,Turning accident,Daylight,Dry,798,245197.0
6392,6392,195695,2,Oranienplatz,2019,6,17,5,2,6,4,0,0,0,1,1,0,0,1.0,Friedrichshain-Kreuzberg,Accident with serious injuries,Collision between vehicle and pedestrian,Pedestrian crossing accident,Daylight,Wet/moist/slippery,1381,290386.0
6393,6393,195696,2,Wriezener Bahnhof/Entwicklungsgebiet,2019,5,12,4,3,1,5,0,1,1,0,0,0,1,0.0,Friedrichshain-Kreuzberg,Accident with minor injuries,Collision with a moving/standing/parked vehicle,Accident involving parked vehicles,Daylight,Dry,1381,290386.0
6394,6394,195697,12,Heiligensee,2019,6,16,5,2,0,1,0,1,0,0,0,0,0,1.0,Reinickendorf,Accident with serious injuries,Others,Driving accident,Daylight,Wet/moist/slippery,867,266408.0
6395,6395,195698,9,Späthsfelde,2019,5,17,4,3,2,6,0,1,1,0,0,0,0,0.0,Treptow-Köpenick,Accident with minor injuries,Collision with the vehicle in front/waiting vehicle,Collision involving vehicles going in the same way,Daylight,Dry,892,273689.0
6396,6396,195699,4,Reichsstraße,2019,5,17,4,2,6,4,0,0,1,1,0,0,0,0.0,Charlottenburg-Wilmersdorf,Accident with serious injuries,Collision between vehicle and pedestrian,Pedestrian crossing accident,Daylight,Dry,1727,343592.0
6397,6397,195700,1,Beusselkiez,2019,6,16,5,3,6,4,0,0,1,1,0,0,0,1.0,Mitte,Accident with minor injuries,Collision between vehicle and pedestrian,Pedestrian crossing accident,Daylight,Wet/moist/slippery,2215,385748.0
6398,6398,195701,7,Hundsteinweg,2019,6,15,5,3,1,5,0,0,1,0,0,0,0,1.0,Tempelhof-Schöneberg,Accident with minor injuries,Collision with a moving/standing/parked vehicle,Accident involving parked vehicles,Daylight,Wet/moist/slippery,1241,350984.0
6399,6399,195702,6,Oberhofer Platz,2019,5,17,4,3,5,3,0,0,1,0,0,0,1,0.0,Steglitz-Zehlendorf,Accident with minor injuries,Collision with a turning/crossing vehicle,Turning/Crossing accident,Daylight,Dry,851,310071.0
6400,6400,195703,4,Schloßstraße,2019,6,17,5,3,5,3,0,1,1,0,0,0,0,0.0,Charlottenburg-Wilmersdorf,Accident with minor injuries,Collision with a turning/crossing vehicle,Turning/Crossing accident,Daylight,Dry,1727,343592.0
6401,6401,195704,1,Soldiner Straße,2019,6,17,5,3,4,6,0,0,0,0,1,1,0,0.0,Mitte,Accident with minor injuries,Collision with oncoming vehicle,Collision involving vehicles going in the same way,Daylight,Dry,2215,385748.0
6402,6402,195705,4,Kaiserin-Augusta-Allee,2019,6,17,5,3,5,3,0,0,1,0,0,0,0,0.0,Charlottenburg-Wilmersdorf,Accident with minor injuries,Collision with a turning/crossing vehicle,Turning/Crossing accident,Daylight,Dry,1727,343592.0
6403,6403,195706,12,Schäfersee,2019,6,17,5,3,5,3,0,1,1,0,0,0,0,0.0,Reinickendorf,Accident with minor injuries,Collision with a turning/crossing vehicle,Turning/Crossing accident,Daylight,Dry,867,266408.0
6404,6404,195707,1,Heine-Viertel Ost,2019,6,16,5,3,5,3,0,0,1,0,0,0,1,0.0,Mitte,Accident with minor injuries,Collision with a turning/crossing vehicle,Turning/Crossing accident,Daylight,Dry,2215,385748.0
6405,6405,195708,6,Teltower Damm,2019,6,16,5,3,5,2,0,1,1,0,0,0,0,0.0,Steglitz-Zehlendorf,Accident with minor injuries,Collision with a turning/crossing vehicle,Turning accident,Daylight,Dry,851,310071.0
6406,6406,195709,4,Alt-Lietzow,2019,6,16,5,2,5,3,0,1,1,0,0,0,0,0.0,Charlottenburg-Wilmersdorf,Accident with serious injuries,Collision with a turning/crossing vehicle,Turning/Crossing accident,Daylight,Dry,1727,343592.0
6407,6407,195710,3,Buch,2019,6,16,5,3,5,2,0,1,1,0,0,0,0,0.0,Pankow,Accident with minor injuries,Collision with a turning/crossing vehicle,Turning accident,Daylight,Dry,1219,409335.0
6408,6408,195711,1,Charitéviertel,2019,6,16,5,3,5,2,0,0,1,0,1,0,0,0.0,Mitte,Accident with minor injuries,Collision with a turning/crossing vehicle,Turning accident,Daylight,Dry,2215,385748.0
6409,6409,195712,10,Gelbes Viertel,2019,6,20,5,3,2,6,0,0,1,0,1,0,0,0.0,Marzahn-Hellersdorf,Accident with minor injuries,Collision with the vehicle in front/waiting vehicle,Collision involving vehicles going in the same way,Daylight,Dry,586,269967.0
6410,6410,195713,2,Traveplatz,2019,6,20,5,3,5,3,0,1,1,0,0,0,0,0.0,Friedrichshain-Kreuzberg,Accident with minor injuries,Collision with a turning/crossing vehicle,Turning/Crossing accident,Daylight,Dry,1381,290386.0
6411,6411,195714,2,Hausburgviertel,2019,6,19,5,3,5,3,0,1,1,0,0,0,0,0.0,Friedrichshain-Kreuzberg,Accident with minor injuries,Collision with a turning/crossing vehicle,Turning/Crossing accident,Daylight,Dry,1381,290386.0
6412,6412,195715,11,Weitlingstraße,2019,6,19,5,3,2,2,0,0,1,0,0,0,0,0.0,Lichtenberg,Accident with minor injuries,Collision with the vehicle in front/waiting vehicle,Turning accident,Daylight,Dry,679,294201.0
6413,6413,195716,5,Adamstraße,2019,6,19,5,3,1,5,0,0,1,0,0,0,1,0.0,Spandau,Accident with minor injuries,Collision with a moving/standing/parked vehicle,Accident involving parked vehicles,Daylight,Dry,798,245197.0
6414,6414,195717,10,Alte Hellersdorfer Straße,2019,6,18,5,3,2,6,0,0,1,0,0,0,1,0.0,Marzahn-Hellersdorf,Accident with minor injuries,Collision with the vehicle in front/waiting vehicle,Collision involving vehicles going in the same way,Daylight,Dry,586,269967.0
6415,6415,195718,6,Dahlem,2019,6,18,5,3,0,7,0,1,0,0,0,0,0,0.0,Steglitz-Zehlendorf,Accident with minor injuries,Others,Others,Daylight,Dry,851,310071.0
6416,6416,195719,1,Emdener Straße,2019,6,18,5,3,5,3,0,1,1,0,0,0,0,0.0,Mitte,Accident with minor injuries,Collision with a turning/crossing vehicle,Turning/Crossing accident,Daylight,Dry,2215,385748.0
6417,6417,195720,1,Invalidenstraße,2019,6,18,5,3,0,1,0,1,0,0,0,0,0,0.0,Mitte,Accident with minor injuries,Others,Driving accident,Daylight,Dry,2215,385748.0
6418,6418,195721,7,Marienfelde Süd,2019,6,18,5,3,0,2,0,1,1,0,0,0,0,0.0,Tempelhof-Schöneberg,Accident with minor injuries,Others,Turning accident,Daylight,Dry,1241,350984.0
6419,6419,195722,9,Oberschöneweide Ost,2019,6,15,5,3,6,7,0,1,0,1,0,0,0,0.0,Treptow-Köpenick,Accident with minor injuries,Collision between vehicle and pedestrian,Others,Daylight,Dry,892,273689.0
6420,6420,195723,9,Dammvorstadt,2019,6,17,5,3,2,6,0,0,1,0,1,0,0,0.0,Treptow-Köpenick,Accident with minor injuries,Collision with the vehicle in front/waiting vehicle,Collision involving vehicles going in the same way,Daylight,Dry,892,273689.0
6421,6421,195724,2,Samariterviertel,2019,6,15,5,3,6,4,0,0,1,1,0,0,0,0.0,Friedrichshain-Kreuzberg,Accident with minor injuries,Collision between vehicle and pedestrian,Pedestrian crossing accident,Daylight,Dry,1381,290386.0
6422,6422,195725,9,Oberschöneweide West,2019,6,15,5,3,2,6,0,0,1,0,0,0,0,0.0,Treptow-Köpenick,Accident with minor injuries,Collision with the vehicle in front/waiting vehicle,Collision involving vehicles going in the same way,Daylight,Dry,892,273689.0
6423,6423,195726,2,Wassertorplatz,2019,6,15,5,3,5,7,0,0,1,0,0,0,0,0.0,Friedrichshain-Kreuzberg,Accident with minor injuries,Collision with a turning/crossing vehicle,Others,Daylight,Dry,1381,290386.0
6424,6424,195727,10,Gewerbegebiet Bitterfelder Straße,2019,6,6,5,2,5,2,0,1,1,0,0,0,0,0.0,Marzahn-Hellersdorf,Accident with serious injuries,Collision with a turning/crossing vehicle,Turning accident,Daylight,Dry,586,269967.0
6425,6425,195728,3,Pankow Zentrum,2019,6,7,5,2,5,3,0,1,1,0,0,0,0,0.0,Pankow,Accident with serious injuries,Collision with a turning/crossing vehicle,Turning/Crossing accident,Daylight,Dry,1219,409335.0
6426,6426,195729,1,Großer Tiergarten,2019,6,14,5,3,6,4,0,0,1,1,0,0,0,0.0,Mitte,Accident with minor injuries,Collision between vehicle and pedestrian,Pedestrian crossing accident,Daylight,Dry,2215,385748.0
6427,6427,195730,11,Rummelsburg,2019,6,7,5,3,3,6,0,0,1,0,1,0,0,1.0,Lichtenberg,Accident with minor injuries,Collision with a vehicle traveling laterally in the same direction,Collision involving vehicles going in the same way,Daylight,Wet/moist/slippery,679,294201.0
6428,6428,195731,2,Wrangelkiez,2019,6,7,5,3,3,6,0,1,0,0,0,0,1,0.0,Friedrichshain-Kreuzberg,Accident with minor injuries,Collision with a vehicle traveling laterally in the same direction,Collision involving vehicles going in the same way,Daylight,Dry,1381,290386.0
6429,6429,195732,6,Südende,2019,6,7,5,3,3,6,0,0,1,0,1,0,0,0.0,Steglitz-Zehlendorf,Accident with minor injuries,Collision with a vehicle traveling laterally in the same direction,Collision involving vehicles going in the same way,Daylight,Dry,851,310071.0
6430,6430,195733,6,Zehlendorf Mitte,2019,6,7,5,2,5,2,0,0,1,0,1,0,0,1.0,Steglitz-Zehlendorf,Accident with serious injuries,Collision with a turning/crossing vehicle,Turning accident,Daylight,Wet/moist/slippery,851,310071.0
6431,6431,195734,1,Reinickendorfer Straße,2019,6,8,5,3,5,3,0,1,1,0,0,0,0,0.0,Mitte,Accident with minor injuries,Collision with a turning/crossing vehicle,Turning/Crossing accident,Daylight,Dry,2215,385748.0
6432,6432,195735,11,Hauptstraße,2019,6,8,5,3,6,4,0,0,1,1,0,0,0,0.0,Lichtenberg,Accident with minor injuries,Collision between vehicle and pedestrian,Pedestrian crossing accident,Daylight,Dry,679,294201.0
6433,6433,195736,9,Elsenstraße,2019,6,8,5,3,5,2,0,1,1,0,0,0,0,0.0,Treptow-Köpenick,Accident with minor injuries,Collision with a turning/crossing vehicle,Turning accident,Daylight,Dry,892,273689.0
6434,6434,195737,9,Oberschöneweide West,2019,6,9,5,3,5,2,0,1,1,0,0,0,0,0.0,Treptow-Köpenick,Accident with minor injuries,Collision with a turning/crossing vehicle,Turning accident,Daylight,Dry,892,273689.0
6435,6435,195738,1,Unter den Linden Süd,2019,6,14,5,3,5,7,0,0,1,0,1,0,0,0.0,Mitte,Accident with minor injuries,Collision with a turning/crossing vehicle,Others,Daylight,Dry,2215,385748.0
6436,6436,195739,1,Unter den Linden Nord,2019,6,10,5,3,5,3,0,1,1,0,0,0,0,0.0,Mitte,Accident with minor injuries,Collision with a turning/crossing vehicle,Turning/Crossing accident,Daylight,Dry,2215,385748.0
6437,6437,195740,11,Sewanstraße,2019,6,10,5,2,5,3,0,1,0,0,0,1,0,0.0,Lichtenberg,Accident with serious injuries,Collision with a turning/crossing vehicle,Turning/Crossing accident,Daylight,Dry,679,294201.0
6438,6438,195741,4,Hagenplatz,2019,6,12,5,3,2,6,0,1,1,0,0,0,0,0.0,Charlottenburg-Wilmersdorf,Accident with minor injuries,Collision with the vehicle in front/waiting vehicle,Collision involving vehicles going in the same way,Daylight,Dry,1727,343592.0
6439,6439,195742,3,Hansastraße,2019,6,12,5,3,1,5,0,1,1,0,0,0,0,0.0,Pankow,Accident with minor injuries,Collision with a moving/standing/parked vehicle,Accident involving parked vehicles,Daylight,Dry,1219,409335.0
6440,6440,195743,2,Urbanstraße,2019,6,12,5,3,0,3,0,1,0,0,0,1,0,0.0,Friedrichshain-Kreuzberg,Accident with minor injuries,Others,Turning/Crossing accident,Daylight,Dry,1381,290386.0
6441,6441,195744,4,Droysenstraße,2019,6,8,5,2,0,1,0,1,0,0,0,0,0,0.0,Charlottenburg-Wilmersdorf,Accident with serious injuries,Others,Driving accident,Daylight,Dry,1727,343592.0
6442,6442,195745,4,Kranzallee,2019,6,16,5,3,5,3,0,1,0,0,0,0,1,0.0,Charlottenburg-Wilmersdorf,Accident with minor injuries,Collision with a turning/crossing vehicle,Turning/Crossing accident,Daylight,Dry,1727,343592.0
6443,6443,195746,6,Lichterfelde West,2019,6,15,4,3,6,7,0,0,0,1,1,0,0,0.0,Steglitz-Zehlendorf,Accident with minor injuries,Collision between vehicle and pedestrian,Others,Daylight,Dry,851,310071.0
6444,6444,195747,1,Humboldthain Süd,2019,6,11,4,3,6,4,0,1,0,1,0,0,0,0.0,Mitte,Accident with minor injuries,Collision between vehicle and pedestrian,Pedestrian crossing accident,Daylight,Dry,2215,385748.0
6445,6445,195748,1,Charitéviertel,2019,6,19,4,3,0,1,0,0,0,0,1,0,0,1.0,Mitte,Accident with minor injuries,Others,Driving accident,Daylight,Wet/moist/slippery,2215,385748.0
6446,6446,195749,8,Schulenburgpark,2019,6,19,4,3,0,1,1,1,0,0,0,0,0,1.0,Neukölln,Accident with minor injuries,Others,Driving accident,Twilight,Wet/moist/slippery,934,329917.0
6447,6447,195750,3,Buch,2019,6,11,4,2,4,6,0,0,1,0,0,1,0,0.0,Pankow,Accident with serious injuries,Collision with oncoming vehicle,Collision involving vehicles going in the same way,Daylight,Dry,1219,409335.0
6448,6448,195751,2,Viktoriapark,2019,6,8,4,3,0,1,0,0,0,0,1,0,0,1.0,Friedrichshain-Kreuzberg,Accident with minor injuries,Others,Driving accident,Daylight,Wet/moist/slippery,1381,290386.0
6449,6449,195752,1,Gesundbrunnen,2019,6,23,4,3,0,2,2,1,1,0,0,0,0,1.0,Mitte,Accident with minor injuries,Others,Turning accident,Dark,Wet/moist/slippery,2215,385748.0
6450,6450,195753,1,Humboldthain Nordwest,2019,6,22,4,3,0,3,2,0,1,0,1,0,0,1.0,Mitte,Accident with minor injuries,Others,Turning/Crossing accident,Dark,Wet/moist/slippery,2215,385748.0
6451,6451,195754,12,Märkisches Zentrum,2019,6,22,4,3,5,3,2,0,1,0,0,0,0,1.0,Reinickendorf,Accident with minor injuries,Collision with a turning/crossing vehicle,Turning/Crossing accident,Dark,Wet/moist/slippery,867,266408.0
6452,6452,195755,6,Stadtpark,2019,6,15,4,3,5,2,0,0,1,0,1,0,0,0.0,Steglitz-Zehlendorf,Accident with minor injuries,Collision with a turning/crossing vehicle,Turning accident,Daylight,Dry,851,310071.0
6453,6453,195756,10,Alte Hellersdorfer Straße,2019,6,15,4,2,6,4,0,0,1,1,0,0,0,0.0,Marzahn-Hellersdorf,Accident with serious injuries,Collision between vehicle and pedestrian,Pedestrian crossing accident,Daylight,Dry,586,269967.0
6454,6454,195757,7,Rathaus Tempelhof,2019,6,15,4,3,0,7,0,0,1,0,0,0,1,0.0,Tempelhof-Schöneberg,Accident with minor injuries,Others,Others,Daylight,Dry,1241,350984.0
6455,6455,195758,1,Wilhelmstraße,2019,6,16,4,3,6,4,0,1,0,1,0,0,0,0.0,Mitte,Accident with minor injuries,Collision between vehicle and pedestrian,Pedestrian crossing accident,Daylight,Dry,2215,385748.0
6456,6456,195759,9,Dammvorstadt,2019,6,18,4,3,5,2,0,1,1,0,0,0,0,1.0,Treptow-Köpenick,Accident with minor injuries,Collision with a turning/crossing vehicle,Turning accident,Daylight,Wet/moist/slippery,892,273689.0
6457,6457,195760,9,Köllnische Vorstadt,2019,6,18,4,3,6,4,0,0,1,1,0,0,0,1.0,Treptow-Köpenick,Accident with minor injuries,Collision between vehicle and pedestrian,Pedestrian crossing accident,Daylight,Wet/moist/slippery,892,273689.0
6458,6458,195761,4,Alt-Lietzow,2019,6,18,4,3,5,3,0,1,1,0,0,0,0,1.0,Charlottenburg-Wilmersdorf,Accident with minor injuries,Collision with a turning/crossing vehicle,Turning/Crossing accident,Daylight,Wet/moist/slippery,1727,343592.0
6459,6459,195762,11,Frankfurter Allee Süd,2019,6,19,4,3,0,7,0,0,1,0,0,0,0,1.0,Lichtenberg,Accident with minor injuries,Others,Others,Daylight,Wet/moist/slippery,679,294201.0
6460,6460,195763,8,Hertzbergplatz,2019,6,18,4,3,5,2,0,0,0,0,1,0,1,0.0,Neukölln,Accident with minor injuries,Collision with a turning/crossing vehicle,Turning accident,Daylight,Dry,934,329917.0
6461,6461,195764,5,Gütersloher Weg,2019,6,17,4,3,6,4,0,1,0,1,0,0,0,0.0,Spandau,Accident with minor injuries,Collision between vehicle and pedestrian,Pedestrian crossing accident,Daylight,Dry,798,245197.0
6462,6462,195765,3,Volkspark Prenzlauer Berg,2019,6,16,4,3,6,4,0,1,0,1,0,0,0,0.0,Pankow,Accident with minor injuries,Collision between vehicle and pedestrian,Pedestrian crossing accident,Daylight,Dry,1219,409335.0
6463,6463,195766,3,Pankow Süd,2019,6,16,4,3,5,3,0,0,1,0,0,0,1,0.0,Pankow,Accident with minor injuries,Collision with a turning/crossing vehicle,Turning/Crossing accident,Daylight,Dry,1219,409335.0
6464,6464,195767,8,Donaustraße,2019,6,22,4,3,2,6,2,0,1,0,0,0,0,1.0,Neukölln,Accident with minor injuries,Collision with the vehicle in front/waiting vehicle,Collision involving vehicles going in the same way,Dark,Wet/moist/slippery,934,329917.0
6465,6465,195768,3,Weißer See,2019,6,20,4,3,5,3,1,1,1,0,0,0,0,1.0,Pankow,Accident with minor injuries,Collision with a turning/crossing vehicle,Turning/Crossing accident,Twilight,Wet/moist/slippery,1219,409335.0
6466,6466,195769,5,Adamstraße,2019,6,16,4,3,2,6,0,0,1,0,0,0,0,0.0,Spandau,Accident with minor injuries,Collision with the vehicle in front/waiting vehicle,Collision involving vehicles going in the same way,Daylight,Dry,798,245197.0
6467,6467,195770,1,Wilhelmstraße,2019,6,20,4,3,1,5,0,1,1,0,0,0,0,1.0,Mitte,Accident with minor injuries,Collision with a moving/standing/parked vehicle,Accident involving parked vehicles,Daylight,Wet/moist/slippery,2215,385748.0