,Unnamed: 0,object id,district,street,year,month,hour of day,weekday,category,accident type,accident type 2,light situation,bike involved,car involved,pedestrian involved,motor bike involved,big track involved,other vehicle involved,road condition,district name,category name,accident detail,accident type detail,light condition,road condition detail,accident count by district,est. population
6468,6468,195771,1,Brunnenstraße,2019,6,19,4,2,5,7,0,0,1,0,0,0,1,1.0,Mitte,Accident with serious injuries,Collision with a turning/crossing vehicle,Others,Daylight,Wet/moist/slippery,2215,385748.0
6469,6469,195772,8,Gropiusstadt Nord,2019,6,18,4,3,0,1,1,1,0,0,0,0,0,1.0,Neukölln,Accident with minor injuries,Others,Driving accident,Twilight,Wet/moist/slippery,934,329917.0
6470,6470,195773,1,Oranienburger Straße,2019,6,10,4,3,1,5,0,1,1,0,0,0,1,0.0,Mitte,Accident with minor injuries,Collision with a moving/standing/parked vehicle,Accident involving parked vehicles,Daylight,Dry,2215,385748.0
6471,6471,195774,6,Lichterfelde West,2019,6,13,4,3,5,2,0,1,1,0,0,0,0,0.0,Steglitz-Zehlendorf,Accident with minor injuries,Collision with a turning/crossing vehicle,Turning accident,Daylight,Dry,851,310071.0
6472,6472,195775,5,Eiswerder,2019,6,14,4,3,5,2,0,1,1,0,0,0,0,0.0,Spandau,Accident with minor injuries,Collision with a turning/crossing vehicle,Turning accident,Daylight,Dry,798,245197.0
6473,6473,195776,6,Nikolassee,2019,6,14,4,3,5,3,0,0,1,0,0,0,0,0.0,Steglitz-Zehlendorf,Accident with minor injuries,Collision with a turning/crossing vehicle,Turning/Crossing accident,Daylight,Dry,851,310071.0
6474,6474,195777,2,Moritzplatz,2019,6,12,4,3,2,6,0,1,1,0,0,0,0,0.0,Friedrichshain-Kreuzberg,Accident with minor injuries,Collision with the vehicle in front/waiting vehicle,Collision involving vehicles going in the same way,Daylight,Dry,1381,290386.0
6475,6475,195778,2,Wrangelkiez,2019,6,13,4,3,5,2,0,0,1,0,1,0,0,0.0,Friedrichshain-Kreuzberg,Accident with minor injuries,Collision with a turning/crossing vehicle,Turning accident,Daylight,Dry,1381,290386.0
6476,6476,195779,1,Stephankiez,2019,6,13,4,3,5,3,0,1,1,0,0,0,0,0.0,Mitte,Accident with minor injuries,Collision with a turning/crossing vehicle,Turning/Crossing accident,Daylight,Dry,2215,385748.0
6477,6477,195780,4,Königin-Elisabeth-Straße,2019,6,13,4,3,5,3,0,1,1,0,0,0,0,0.0,Charlottenburg-Wilmersdorf,Accident with minor injuries,Collision with a turning/crossing vehicle,Turning/Crossing accident,Daylight,Dry,1727,343592.0
6478,6478,195781,6,Gemeindepark Lankwitz,2019,6,15,4,3,5,2,0,1,1,0,0,0,0,0.0,Steglitz-Zehlendorf,Accident with minor injuries,Collision with a turning/crossing vehicle,Turning accident,Daylight,Dry,851,310071.0
6479,6479,195782,4,Prager Platz,2019,6,15,4,3,2,6,0,0,1,0,0,0,0,0.0,Charlottenburg-Wilmersdorf,Accident with minor injuries,Collision with the vehicle in front/waiting vehicle,Collision involving vehicles going in the same way,Daylight,Dry,1727,343592.0
6480,6480,195783,4,Lietzensee,2019,6,12,4,2,5,3,0,1,1,0,0,0,0,0.0,Charlottenburg-Wilmersdorf,Accident with serious injuries,Collision with a turning/crossing vehicle,Turning/Crossing accident,Daylight,Dry,1727,343592.0
6481,6481,195784,6,Oberhofer Platz,2019,6,13,4,3,2,6,0,0,1,0,0,0,0,0.0,Steglitz-Zehlendorf,Accident with minor injuries,Collision with the vehicle in front/waiting vehicle,Collision involving vehicles going in the same way,Daylight,Dry,851,310071.0
6482,6482,195785,3,Buschallee,2019,6,10,4,3,5,7,0,0,1,0,0,0,1,0.0,Pankow,Accident with minor injuries,Collision with a turning/crossing vehicle,Others,Daylight,Dry,1219,409335.0
6483,6483,195786,1,Reinickendorfer Straße,2019,6,19,4,3,3,6,0,0,1,0,0,0,0,1.0,Mitte,Accident with minor injuries,Collision with a vehicle traveling laterally in the same direction,Collision involving vehicles going in the same way,Daylight,Wet/moist/slippery,2215,385748.0
6484,6484,195787,2,Graefekiez,2019,6,19,4,3,0,5,0,1,1,0,0,0,0,1.0,Friedrichshain-Kreuzberg,Accident with minor injuries,Others,Accident involving parked vehicles,Daylight,Wet/moist/slippery,1381,290386.0
6485,6485,195788,11,Fennpfuhl Ost,2019,6,4,4,3,0,7,1,0,0,0,1,0,1,1.0,Lichtenberg,Accident with minor injuries,Others,Others,Twilight,Wet/moist/slippery,679,294201.0
6486,6486,195789,4,Rüdesheimer Platz,2019,6,5,4,3,0,3,0,0,1,0,1,0,0,1.0,Charlottenburg-Wilmersdorf,Accident with minor injuries,Others,Turning/Crossing accident,Daylight,Wet/moist/slippery,1727,343592.0
6487,6487,195790,1,Unter den Linden Süd,2019,6,6,4,3,5,3,0,0,1,0,0,0,0,1.0,Mitte,Accident with minor injuries,Collision with a turning/crossing vehicle,Turning/Crossing accident,Daylight,Wet/moist/slippery,2215,385748.0
6488,6488,195791,9,Oberschöneweide Ost,2019,6,6,4,3,5,3,0,0,1,0,0,0,0,0.0,Treptow-Köpenick,Accident with minor injuries,Collision with a turning/crossing vehicle,Turning/Crossing accident,Daylight,Dry,892,273689.0
6489,6489,195792,10,Marzahner Chaussee,2019,6,10,4,3,5,3,0,1,1,0,0,0,0,0.0,Marzahn-Hellersdorf,Accident with minor injuries,Collision with a turning/crossing vehicle,Turning/Crossing accident,Daylight,Dry,586,269967.0
6490,6490,195793,4,Spreestadt,2019,6,6,4,3,2,7,0,0,0,0,1,1,0,1.0,Charlottenburg-Wilmersdorf,Accident with minor injuries,Collision with the vehicle in front/waiting vehicle,Others,Daylight,Wet/moist/slippery,1727,343592.0
6491,6491,195794,4,Eisenzahnstraße,2019,6,7,4,3,5,7,0,0,1,0,0,0,0,0.0,Charlottenburg-Wilmersdorf,Accident with minor injuries,Collision with a turning/crossing vehicle,Others,Daylight,Dry,1727,343592.0
6492,6492,195795,11,Fennpfuhl Ost,2019,6,7,4,3,5,2,0,1,1,0,0,0,0,0.0,Lichtenberg,Accident with minor injuries,Collision with a turning/crossing vehicle,Turning accident,Daylight,Dry,679,294201.0
6493,6493,195796,5,Pillnitzer Weg,2019,6,8,4,3,5,2,0,1,1,0,0,0,0,1.0,Spandau,Accident with minor injuries,Collision with a turning/crossing vehicle,Turning accident,Daylight,Wet/moist/slippery,798,245197.0
6494,6494,195797,2,Urbanstraße,2019,6,9,4,3,3,6,0,1,0,0,0,0,0,0.0,Friedrichshain-Kreuzberg,Accident with minor injuries,Collision with a vehicle traveling laterally in the same direction,Collision involving vehicles going in the same way,Daylight,Dry,1381,290386.0
6495,6495,195798,1,Alexanderplatzviertel,2019,6,9,4,3,5,2,0,1,1,0,0,0,0,0.0,Mitte,Accident with minor injuries,Collision with a turning/crossing vehicle,Turning accident,Daylight,Dry,2215,385748.0
6496,6496,195799,9,Altstadt Kietz,2019,6,9,4,3,2,6,0,0,1,0,0,1,0,0.0,Treptow-Köpenick,Accident with minor injuries,Collision with the vehicle in front/waiting vehicle,Collision involving vehicles going in the same way,Daylight,Dry,892,273689.0
6497,6497,195800,2,Oranienplatz,2019,6,9,4,3,5,2,0,0,1,0,1,0,0,0.0,Friedrichshain-Kreuzberg,Accident with minor injuries,Collision with a turning/crossing vehicle,Turning accident,Daylight,Dry,1381,290386.0
6498,6498,195801,6,Botanischer Garten,2019,6,8,4,3,5,3,0,1,1,0,0,0,0,0.0,Steglitz-Zehlendorf,Accident with minor injuries,Collision with a turning/crossing vehicle,Turning/Crossing accident,Daylight,Dry,851,310071.0
6499,6499,195802,4,Kaiserin-Augusta-Allee,2019,6,9,4,3,6,4,0,0,1,1,0,0,0,0.0,Charlottenburg-Wilmersdorf,Accident with minor injuries,Collision between vehicle and pedestrian,Pedestrian crossing accident,Daylight,Dry,1727,343592.0
6500,6500,195803,3,Eldenaer Straße,2019,6,8,4,3,1,5,0,0,1,0,0,0,0,0.0,Pankow,Accident with minor injuries,Collision with a moving/standing/parked vehicle,Accident involving parked vehicles,Daylight,Dry,1219,409335.0
6501,6501,195804,3,Erich-Weinert-Straße,2019,6,9,4,3,2,6,0,1,0,0,0,0,1,0.0,Pankow,Accident with minor injuries,Collision with the vehicle in front/waiting vehicle,Collision involving vehicles going in the same way,Daylight,Dry,1219,409335.0
6502,6502,195805,7,Marienhöhe,2019,6,8,4,3,6,4,0,1,0,1,0,0,0,0.0,Tempelhof-Schöneberg,Accident with minor injuries,Collision between vehicle and pedestrian,Pedestrian crossing accident,Daylight,Dry,1241,350984.0
6503,6503,195806,12,Märkisches Zentrum,2019,6,8,4,3,5,3,0,0,1,0,0,0,1,0.0,Reinickendorf,Accident with minor injuries,Collision with a turning/crossing vehicle,Turning/Crossing accident,Daylight,Dry,867,266408.0
6504,6504,195807,4,Hindemithplatz,2019,6,8,4,3,0,1,0,0,0,0,1,0,0,0.0,Charlottenburg-Wilmersdorf,Accident with minor injuries,Others,Driving accident,Daylight,Dry,1727,343592.0
6505,6505,195808,3,Wilhelmsruh,2019,6,15,3,3,2,6,0,0,1,0,0,0,0,0.0,Pankow,Accident with minor injuries,Collision with the vehicle in front/waiting vehicle,Collision involving vehicles going in the same way,Daylight,Dry,1219,409335.0
6506,6506,195809,1,Reinickendorfer Straße,2019,6,18,3,3,2,6,0,1,1,0,0,0,0,0.0,Mitte,Accident with minor injuries,Collision with the vehicle in front/waiting vehicle,Collision involving vehicles going in the same way,Daylight,Dry,2215,385748.0
6507,6507,195810,1,Gesundbrunnen,2019,6,14,3,3,6,7,0,1,0,1,0,0,0,0.0,Mitte,Accident with minor injuries,Collision between vehicle and pedestrian,Others,Daylight,Dry,2215,385748.0
6508,6508,195811,8,Bouchéstraße,2019,6,14,3,3,2,6,0,0,1,0,0,0,0,0.0,Neukölln,Accident with minor injuries,Collision with the vehicle in front/waiting vehicle,Collision involving vehicles going in the same way,Daylight,Dry,934,329917.0
6509,6509,195812,1,Großer Tiergarten,2019,6,12,3,3,6,7,0,1,0,1,0,0,0,0.0,Mitte,Accident with minor injuries,Collision between vehicle and pedestrian,Others,Daylight,Dry,2215,385748.0
6510,6510,195813,5,Maulbeerallee,2019,6,19,3,3,5,3,0,0,1,0,0,0,0,0.0,Spandau,Accident with minor injuries,Collision with a turning/crossing vehicle,Turning/Crossing accident,Daylight,Dry,798,245197.0
6511,6511,195814,1,Leipziger Straße,2019,6,18,3,3,2,6,0,1,1,0,0,0,0,0.0,Mitte,Accident with minor injuries,Collision with the vehicle in front/waiting vehicle,Collision involving vehicles going in the same way,Daylight,Dry,2215,385748.0
6512,6512,195815,3,Arnimplatz,2019,6,17,3,3,2,6,0,0,0,0,1,1,0,0.0,Pankow,Accident with minor injuries,Collision with the vehicle in front/waiting vehicle,Collision involving vehicles going in the same way,Daylight,Dry,1219,409335.0
6513,6513,195816,1,Sparrplatz,2019,6,18,3,3,0,7,0,0,1,0,0,0,1,0.0,Mitte,Accident with minor injuries,Others,Others,Daylight,Dry,2215,385748.0
6514,6514,195817,5,Tiefwerder,2019,6,18,3,3,2,6,0,0,1,0,0,0,0,0.0,Spandau,Accident with minor injuries,Collision with the vehicle in front/waiting vehicle,Collision involving vehicles going in the same way,Daylight,Dry,798,245197.0
6515,6515,195818,2,Weberwiese,2019,6,18,3,3,5,3,0,0,1,0,0,0,0,0.0,Friedrichshain-Kreuzberg,Accident with minor injuries,Collision with a turning/crossing vehicle,Turning/Crossing accident,Daylight,Dry,1381,290386.0
6516,6516,195819,4,George-Grosz-Platz,2019,6,18,3,3,6,2,0,0,1,1,0,0,0,0.0,Charlottenburg-Wilmersdorf,Accident with minor injuries,Collision between vehicle and pedestrian,Turning accident,Daylight,Dry,1727,343592.0
6517,6517,195820,11,Sewanstraße,2019,6,17,3,2,5,3,0,1,0,0,0,0,0,0.0,Lichtenberg,Accident with serious injuries,Collision with a turning/crossing vehicle,Turning/Crossing accident,Daylight,Dry,679,294201.0
6518,6518,195821,3,Falkplatz,2019,6,17,3,3,6,4,0,1,0,1,0,0,0,0.0,Pankow,Accident with minor injuries,Collision between vehicle and pedestrian,Pedestrian crossing accident,Daylight,Dry,1219,409335.0
6519,6519,195822,1,Nördlicher Landwehrkanal,2019,6,17,3,3,5,2,0,1,1,0,0,0,0,0.0,Mitte,Accident with minor injuries,Collision with a turning/crossing vehicle,Turning accident,Daylight,Dry,2215,385748.0
6520,6520,195823,1,Humboldthain Nordwest,2019,6,17,3,3,2,6,0,0,1,0,0,0,0,0.0,Mitte,Accident with minor injuries,Collision with the vehicle in front/waiting vehicle,Collision involving vehicles going in the same way,Daylight,Dry,2215,385748.0
6521,6521,195824,11,Karlshorst Nord,2019,6,16,3,3,6,7,0,1,0,1,0,0,0,0.0,Lichtenberg,Accident with minor injuries,Collision between vehicle and pedestrian,Others,Daylight,Dry,679,294201.0
6522,6522,195825,9,Dammvorstadt,2019,6,15,3,3,5,2,0,0,1,0,1,0,0,0.0,Treptow-Köpenick,Accident with minor injuries,Collision with a turning/crossing vehicle,Turning accident,Daylight,Dry,892,273689.0
6523,6523,195826,8,Flughafenstraße,2019,6,15,3,3,2,7,0,0,1,0,1,0,0,0.0,Neukölln,Accident with minor injuries,Collision with the vehicle in front/waiting vehicle,Others,Daylight,Dry,934,329917.0
6524,6524,195827,7,Marienfelder Allee Nordwest,2019,6,10,2,2,8,1,0,0,1,0,0,0,0,0.0,Tempelhof-Schöneberg,Accident with serious injuries,Departure from the roadway to the right,Driving accident,Daylight,Dry,1241,350984.0
6525,6525,195828,4,Prager Platz,2019,6,15,3,3,2,6,0,0,1,0,0,0,0,0.0,Charlottenburg-Wilmersdorf,Accident with minor injuries,Collision with the vehicle in front/waiting vehicle,Collision involving vehicles going in the same way,Daylight,Dry,1727,343592.0
6526,6526,195829,11,Weitlingstraße,2019,6,8,2,3,0,7,0,0,0,0,1,1,0,1.0,Lichtenberg,Accident with minor injuries,Others,Others,Daylight,Wet/moist/slippery,679,294201.0
6527,6527,195830,12,Scharnweberstraße,2019,6,14,3,3,1,5,0,1,1,0,0,0,1,0.0,Reinickendorf,Accident with minor injuries,Collision with a moving/standing/parked vehicle,Accident involving parked vehicles,Daylight,Dry,867,266408.0
6528,6528,195831,3,Pankow Süd,2019,6,10,2,3,0,1,0,1,0,0,0,0,0,0.0,Pankow,Accident with minor injuries,Others,Driving accident,Daylight,Dry,1219,409335.0
6529,6529,195832,9,Baumschulenstraße,2019,6,14,3,3,5,2,0,0,1,0,0,0,0,0.0,Treptow-Köpenick,Accident with minor injuries,Collision with a turning/crossing vehicle,Turning accident,Daylight,Dry,892,273689.0
6530,6530,195833,2,Urbanstraße,2019,6,19,2,3,5,2,0,1,1,0,0,0,0,0.0,Friedrichshain-Kreuzberg,Accident with minor injuries,Collision with a turning/crossing vehicle,Turning accident,Daylight,Dry,1381,290386.0
6531,6531,195834,5,Spandauer Straße,2019,6,19,2,3,2,7,0,0,0,0,1,0,1,0.0,Spandau,Accident with minor injuries,Collision with the vehicle in front/waiting vehicle,Others,Daylight,Dry,798,245197.0
6532,6532,195835,5,Gartenfelder Straße,2019,6,14,3,3,1,5,0,1,1,0,0,0,0,0.0,Spandau,Accident with minor injuries,Collision with a moving/standing/parked vehicle,Accident involving parked vehicles,Daylight,Dry,798,245197.0
6533,6533,195836,12,Lübarser Straße,2019,6,13,3,3,3,6,0,0,1,0,1,0,0,0.0,Reinickendorf,Accident with minor injuries,Collision with a vehicle traveling laterally in the same direction,Collision involving vehicles going in the same way,Daylight,Dry,867,266408.0
6534,6534,195837,1,Reinickendorfer Straße,2019,6,19,2,3,5,2,0,1,1,0,0,0,0,0.0,Mitte,Accident with minor injuries,Collision with a turning/crossing vehicle,Turning accident,Daylight,Dry,2215,385748.0
6535,6535,195838,2,Andreasviertel,2019,6,21,2,2,9,1,1,0,0,0,1,0,0,0.0,Friedrichshain-Kreuzberg,Accident with serious injuries,Departure from the roadway to the left,Driving accident,Twilight,Dry,1381,290386.0
6536,6536,195839,11,Wartenberg Nord,2019,6,17,3,3,8,1,0,0,1,0,0,0,0,0.0,Lichtenberg,Accident with minor injuries,Departure from the roadway to the right,Driving accident,Daylight,Dry,679,294201.0
6537,6537,195840,3,Falkplatz,2019,6,18,2,2,0,1,0,0,0,0,1,0,0,0.0,Pankow,Accident with serious injuries,Others,Driving accident,Daylight,Dry,1219,409335.0
6538,6538,195841,1,Stülerstraße,2019,6,9,3,3,3,6,0,1,0,0,0,0,1,0.0,Mitte,Accident with minor injuries,Collision with a vehicle traveling laterally in the same direction,Collision involving vehicles going in the same way,Daylight,Dry,2215,385748.0
6539,6539,195842,10,Alt-Mahlsdorf,2019,6,18,2,3,5,3,0,0,1,0,0,0,1,0.0,Marzahn-Hellersdorf,Accident with minor injuries,Collision with a turning/crossing vehicle,Turning/Crossing accident,Daylight,Dry,586,269967.0
6540,6540,195843,6,Schweizer Viertel,2019,6,18,2,3,5,3,0,1,1,0,0,0,0,0.0,Steglitz-Zehlendorf,Accident with minor injuries,Collision with a turning/crossing vehicle,Turning/Crossing accident,Daylight,Dry,851,310071.0
6541,6541,195844,2,Hausburgviertel,2019,6,17,2,3,5,3,0,0,1,0,0,1,0,0.0,Friedrichshain-Kreuzberg,Accident with minor injuries,Collision with a turning/crossing vehicle,Turning/Crossing accident,Daylight,Dry,1381,290386.0
6542,6542,195845,1,Emdener Straße,2019,6,10,3,3,2,6,0,1,1,0,0,0,0,0.0,Mitte,Accident with minor injuries,Collision with the vehicle in front/waiting vehicle,Collision involving vehicles going in the same way,Daylight,Dry,2215,385748.0
6543,6543,195846,1,Westhafen,2019,6,17,2,3,5,7,0,0,1,0,1,0,0,0.0,Mitte,Accident with minor injuries,Collision with a turning/crossing vehicle,Others,Daylight,Dry,2215,385748.0
6544,6544,195847,4,Binger Straße,2019,6,10,3,3,0,6,0,0,1,0,0,0,1,0.0,Charlottenburg-Wilmersdorf,Accident with minor injuries,Others,Collision involving vehicles going in the same way,Daylight,Dry,1727,343592.0
6545,6545,195848,2,Rathaus Yorckstraße,2019,6,18,2,3,5,2,0,1,1,0,0,0,0,0.0,Friedrichshain-Kreuzberg,Accident with minor injuries,Collision with a turning/crossing vehicle,Turning accident,Daylight,Dry,1381,290386.0
6546,6546,195849,9,Adlershof West,2019,6,16,2,3,2,2,0,0,1,0,0,0,0,0.0,Treptow-Köpenick,Accident with minor injuries,Collision with the vehicle in front/waiting vehicle,Turning accident,Daylight,Dry,892,273689.0
6547,6547,195850,1,Unter den Linden Nord,2019,6,10,3,3,8,1,0,1,1,0,0,0,0,0.0,Mitte,Accident with minor injuries,Departure from the roadway to the right,Driving accident,Daylight,Dry,2215,385748.0
6548,6548,195851,12,Breitkopfbecken,2019,6,16,2,3,5,2,0,1,0,0,0,0,1,0.0,Reinickendorf,Accident with minor injuries,Collision with a turning/crossing vehicle,Turning accident,Daylight,Dry,867,266408.0
6549,6549,195852,7,Nahariyastraße,2019,6,17,2,3,8,1,0,0,1,0,0,0,0,0.0,Tempelhof-Schöneberg,Accident with minor injuries,Departure from the roadway to the right,Driving accident,Daylight,Dry,1241,350984.0
6550,6550,195853,9,Dammvorstadt,2019,6,11,3,3,0,2,0,1,0,0,0,0,0,0.0,Treptow-Köpenick,Accident with minor injuries,Others,Turning accident,Daylight,Dry,892,273689.0
6551,6551,195854,5,Döberitzer Weg,2019,6,7,2,2,6,4,0,0,1,1,0,0,0,0.0,Spandau,Accident with serious injuries,Collision between vehicle and pedestrian,Pedestrian crossing accident,Daylight,Dry,798,245197.0
6552,6552,195855,5,An der Kappe,2019,6,13,3,3,5,3,0,0,1,0,0,0,0,0.0,Spandau,Accident with minor injuries,Collision with a turning/crossing vehicle,Turning/Crossing accident,Daylight,Dry,798,245197.0
6553,6553,195856,12,Wittenau Süd,2019,6,7,2,3,0,2,0,1,0,0,0,1,0,0.0,Reinickendorf,Accident with minor injuries,Others,Turning accident,Daylight,Dry,867,266408.0
6554,6554,195857,1,Leipziger Straße,2019,6,7,2,2,5,3,0,0,1,0,1,0,0,0.0,Mitte,Accident with serious injuries,Collision with a turning/crossing vehicle,Turning/Crossing accident,Daylight,Dry,2215,385748.0
6555,6555,195858,7,Kaiser-Wilhelm-Platz,2019,6,11,3,3,0,7,0,0,0,0,1,0,0,1.0,Tempelhof-Schöneberg,Accident with minor injuries,Others,Others,Daylight,Wet/moist/slippery,1241,350984.0
6556,6556,195859,6,Oberhofer Platz,2019,6,12,3,2,2,2,0,0,1,0,1,0,0,0.0,Steglitz-Zehlendorf,Accident with serious injuries,Collision with the vehicle in front/waiting vehicle,Turning accident,Daylight,Dry,851,310071.0
6557,6557,195860,10,Oberfeldstraße,2019,6,7,2,3,5,2,0,0,1,0,1,0,0,0.0,Marzahn-Hellersdorf,Accident with minor injuries,Collision with a turning/crossing vehicle,Turning accident,Daylight,Dry,586,269967.0
6558,6558,195861,3,Bucher Forst,2019,6,7,2,3,2,6,0,0,1,0,0,0,0,0.0,Pankow,Accident with minor injuries,Collision with the vehicle in front/waiting vehicle,Collision involving vehicles going in the same way,Daylight,Dry,1219,409335.0
6559,6559,195862,11,Falkenberg West,2019,6,10,3,2,2,7,0,0,1,0,0,0,0,0.0,Lichtenberg,Accident with serious injuries,Collision with the vehicle in front/waiting vehicle,Others,Daylight,Dry,679,294201.0
6560,6560,195863,6,Schloßstraße,2019,6,6,2,3,5,3,0,1,1,0,0,0,0,0.0,Steglitz-Zehlendorf,Accident with minor injuries,Collision with a turning/crossing vehicle,Turning/Crossing accident,Daylight,Dry,851,310071.0
6561,6561,195864,9,Adlershof West,2019,6,9,3,2,5,2,0,1,1,0,0,0,0,0.0,Treptow-Köpenick,Accident with serious injuries,Collision with a turning/crossing vehicle,Turning accident,Daylight,Dry,892,273689.0
6562,6562,195865,12,Dannenwalder Weg,2019,6,5,2,3,5,3,0,0,1,0,0,0,0,0.0,Reinickendorf,Accident with minor injuries,Collision with a turning/crossing vehicle,Turning/Crossing accident,Daylight,Dry,867,266408.0
6563,6563,195866,3,Wilhelmsruh,2019,6,9,3,3,9,1,0,0,1,0,0,0,0,0.0,Pankow,Accident with minor injuries,Departure from the roadway to the left,Driving accident,Daylight,Dry,1219,409335.0
6564,6564,195867,2,Boxhagener Platz,2019,6,3,2,3,0,1,2,1,0,0,0,0,0,0.0,Friedrichshain-Kreuzberg,Accident with minor injuries,Others,Driving accident,Dark,Dry,1381,290386.0
6565,6565,195868,12,Scharnweberstraße,2019,6,19,3,3,0,4,1,0,0,1,0,0,1,0.0,Reinickendorf,Accident with minor injuries,Others,Pedestrian crossing accident,Twilight,Dry,867,266408.0
6566,6566,195869,8,Treptower Straße Nord,2019,6,10,2,3,5,3,0,0,1,0,0,0,0,0.0,Neukölln,Accident with minor injuries,Collision with a turning/crossing vehicle,Turning/Crossing accident,Daylight,Dry,934,329917.0
6567,6567,195870,4,Tegeler Weg,2019,6,10,2,3,2,6,0,0,1,0,0,0,0,0.0,Charlottenburg-Wilmersdorf,Accident with minor injuries,Collision with the vehicle in front/waiting vehicle,Collision involving vehicles going in the same way,Daylight,Dry,1727,343592.0
6568,6568,195871,4,Bismarckallee,2019,6,22,3,3,2,6,2,0,1,0,0,0,0,1.0,Charlottenburg-Wilmersdorf,Accident with minor injuries,Collision with the vehicle in front/waiting vehicle,Collision involving vehicles going in the same way,Dark,Wet/moist/slippery,1727,343592.0
6569,6569,195872,2,Reichenberger Straße,2019,6,8,3,3,1,5,0,1,1,0,0,0,0,0.0,Friedrichshain-Kreuzberg,Accident with minor injuries,Collision with a moving/standing/parked vehicle,Accident involving parked vehicles,Daylight,Dry,1381,290386.0
6570,6570,195873,9,Wendenschloß,2019,6,10,2,3,5,3,0,1,1,0,0,0,0,0.0,Treptow-Köpenick,Accident with minor injuries,Collision with a turning/crossing vehicle,Turning/Crossing accident,Daylight,Dry,892,273689.0
6571,6571,195874,12,Letteplatz,2019,6,9,3,3,1,5,0,1,1,0,0,0,0,0.0,Reinickendorf,Accident with minor injuries,Collision with a moving/standing/parked vehicle,Accident involving parked vehicles,Daylight,Dry,867,266408.0
6572,6572,195875,11,Fennpfuhl West,2019,6,9,2,3,1,5,0,0,1,0,0,0,0,0.0,Lichtenberg,Accident with minor injuries,Collision with a moving/standing/parked vehicle,Accident involving parked vehicles,Daylight,Dry,679,294201.0
6573,6573,195876,8,Tempelhofer Weg,2019,6,9,3,3,5,3,0,0,1,0,1,0,0,0.0,Neukölln,Accident with minor injuries,Collision with a turning/crossing vehicle,Turning/Crossing accident,Daylight,Dry,934,329917.0
6574,6574,195877,6,Königsberger Straße,2019,6,9,2,3,5,7,0,0,1,0,0,0,0,0.0,Steglitz-Zehlendorf,Accident with minor injuries,Collision with a turning/crossing vehicle,Others,Daylight,Dry,851,310071.0
6575,6575,195878,1,Nördlicher Landwehrkanal,2019,6,8,3,2,3,6,0,1,0,0,0,1,0,0.0,Mitte,Accident with serious injuries,Collision with a vehicle traveling laterally in the same direction,Collision involving vehicles going in the same way,Daylight,Dry,2215,385748.0
6576,6576,195879,9,Oberschöneweide West,2019,6,9,2,2,5,2,0,0,1,0,0,0,1,0.0,Treptow-Köpenick,Accident with serious injuries,Collision with a turning/crossing vehicle,Turning accident,Daylight,Dry,892,273689.0
6577,6577,195880,3,Heinersdorf,2019,6,6,3,3,2,6,0,0,1,0,0,0,0,0.0,Pankow,Accident with minor injuries,Collision with the vehicle in front/waiting vehicle,Collision involving vehicles going in the same way,Daylight,Dry,1219,409335.0
6578,6578,195881,6,Dahlem,2019,6,8,2,3,5,3,0,0,1,0,1,0,0,0.0,Steglitz-Zehlendorf,Accident with minor injuries,Collision with a turning/crossing vehicle,Turning/Crossing accident,Daylight,Dry,851,310071.0
6579,6579,195882,7,Dennewitzplatz,2019,6,9,2,3,5,2,0,1,0,0,0,0,1,0.0,Tempelhof-Schöneberg,Accident with minor injuries,Collision with a turning/crossing vehicle,Turning accident,Daylight,Dry,1241,350984.0
6580,6580,195883,5,Rohrdamm,2019,6,4,3,3,2,2,1,0,1,0,0,0,0,1.0,Spandau,Accident with minor injuries,Collision with the vehicle in front/waiting vehicle,Turning accident,Twilight,Wet/moist/slippery,798,245197.0
6581,6581,195884,11,Weitlingstraße,2019,6,8,2,3,5,3,0,1,1,0,0,0,0,1.0,Lichtenberg,Accident with minor injuries,Collision with a turning/crossing vehicle,Turning/Crossing accident,Daylight,Wet/moist/slippery,679,294201.0
6582,6582,195885,2,Oranienplatz,2019,6,8,3,3,0,1,0,0,0,0,1,0,0,0.0,Friedrichshain-Kreuzberg,Accident with minor injuries,Others,Driving accident,Daylight,Dry,1381,290386.0
6583,6583,195886,12,Reinickes Hof,2019,6,16,2,3,0,2,0,0,1,0,0,0,1,0.0,Reinickendorf,Accident with minor injuries,Others,Turning accident,Daylight,Dry,867,266408.0
6584,6584,195887,11,Rüdigerstraße,2019,6,16,2,3,5,7,0,0,0,0,1,0,1,0.0,Lichtenberg,Accident with minor injuries,Collision with a turning/crossing vehicle,Others,Daylight,Dry,679,294201.0
6585,6585,195888,7,Marienhöhe,2019,6,8,3,3,0,7,0,1,0,0,0,0,0,0.0,Tempelhof-Schöneberg,Accident with minor injuries,Others,Others,Daylight,Dry,1241,350984.0
6586,6586,195889,1,Karl-Marx-Allee,2019,6,11,2,3,5,2,0,1,0,0,0,0,1,0.0,Mitte,Accident with minor injuries,Collision with a turning/crossing vehicle,Turning accident,Daylight,Dry,2215,385748.0
6587,6587,195890,4,Breite Straße,2019,6,15,2,3,2,6,0,0,1,0,0,0,0,0.0,Charlottenburg-Wilmersdorf,Accident with minor injuries,Collision with the vehicle in front/waiting vehicle,Collision involving vehicles going in the same way,Daylight,Dry,1727,343592.0
6588,6588,195891,1,Westhafen,2019,6,11,2,2,5,3,0,1,1,0,0,0,0,0.0,Mitte,Accident with serious injuries,Collision with a turning/crossing vehicle,Turning/Crossing accident,Daylight,Dry,2215,385748.0