,Unnamed: 0,object id,district,street,year,month,hour of day,weekday,category,accident type,accident type 2,light situation,bike involved,car involved,pedestrian involved,motor bike involved,big track involved,other vehicle involved,road condition,district name,category name,accident detail,accident type detail,light condition,road condition detail,accident count by district,est. population
6589,6589,195892,1,Westliche Müllerstraße,2019,6,17,2,3,0,5,0,0,1,0,0,0,1,0.0,Mitte,Accident with minor injuries,Others,Accident involving parked vehicles,Daylight,Dry,2215,385748.0
6590,6590,195893,2,Wassertorplatz,2019,6,11,2,3,5,2,0,0,1,0,0,0,0,0.0,Friedrichshain-Kreuzberg,Accident with minor injuries,Collision with a turning/crossing vehicle,Turning accident,Daylight,Dry,1381,290386.0
6591,6591,195894,7,Kettinger Straße/Schillerstraße,2019,6,16,2,2,5,2,0,0,1,0,0,0,1,0.0,Tempelhof-Schöneberg,Accident with serious injuries,Collision with a turning/crossing vehicle,Turning accident,Daylight,Dry,1241,350984.0
6592,6592,195895,6,Dahlem,2019,6,11,2,3,5,2,0,1,1,0,0,0,0,0.0,Steglitz-Zehlendorf,Accident with minor injuries,Collision with a turning/crossing vehicle,Turning accident,Daylight,Dry,851,310071.0
6593,6593,195896,3,Pankow Süd,2019,6,12,2,3,2,2,0,0,1,0,0,0,0,0.0,Pankow,Accident with minor injuries,Collision with the vehicle in front/waiting vehicle,Turning accident,Daylight,Dry,1219,409335.0
6594,6594,195897,8,Hertzbergplatz,2019,6,16,2,3,5,2,0,1,1,0,0,0,0,0.0,Neukölln,Accident with minor injuries,Collision with a turning/crossing vehicle,Turning accident,Daylight,Dry,934,329917.0
6595,6595,195898,10,Adele-Sandrock-Straße,2019,6,16,2,3,4,6,0,1,0,0,0,0,0,0.0,Marzahn-Hellersdorf,Accident with minor injuries,Collision with oncoming vehicle,Collision involving vehicles going in the same way,Daylight,Dry,586,269967.0
6596,6596,195899,5,Groß-Glienicker Weg,2019,6,16,2,3,6,7,0,0,1,1,0,0,0,0.0,Spandau,Accident with minor injuries,Collision between vehicle and pedestrian,Others,Daylight,Dry,798,245197.0
6597,6597,195900,8,Silbersteinstraße,2019,6,14,2,3,2,6,0,0,1,0,0,0,0,0.0,Neukölln,Accident with minor injuries,Collision with the vehicle in front/waiting vehicle,Collision involving vehicles going in the same way,Daylight,Dry,934,329917.0
6598,6598,195901,7,Rathaus Tempelhof,2019,6,13,2,2,5,3,0,1,0,0,0,0,0,0.0,Tempelhof-Schöneberg,Accident with serious injuries,Collision with a turning/crossing vehicle,Turning/Crossing accident,Daylight,Dry,1241,350984.0
6599,6599,195902,4,Rüdesheimer Platz,2019,6,13,2,3,5,3,0,0,1,0,0,0,0,0.0,Charlottenburg-Wilmersdorf,Accident with minor injuries,Collision with a turning/crossing vehicle,Turning/Crossing accident,Daylight,Dry,1727,343592.0
6600,6600,195903,3,Greifswalder Straße,2019,6,14,2,3,1,5,0,1,1,0,0,0,0,0.0,Pankow,Accident with minor injuries,Collision with a moving/standing/parked vehicle,Accident involving parked vehicles,Daylight,Dry,1219,409335.0
6601,6601,195904,3,Humannplatz,2019,6,14,2,2,0,7,0,0,0,0,1,0,0,1.0,Pankow,Accident with serious injuries,Others,Others,Daylight,Wet/moist/slippery,1219,409335.0
6602,6602,195905,4,Schloßstraße,2019,6,16,2,3,5,3,0,0,1,0,0,0,0,0.0,Charlottenburg-Wilmersdorf,Accident with minor injuries,Collision with a turning/crossing vehicle,Turning/Crossing accident,Daylight,Dry,1727,343592.0
6603,6603,195906,11,Landsberger Allee,2019,6,14,2,3,5,3,0,1,1,0,0,0,0,0.0,Lichtenberg,Accident with minor injuries,Collision with a turning/crossing vehicle,Turning/Crossing accident,Daylight,Dry,679,294201.0
6604,6604,195907,2,Graefekiez,2019,6,17,2,3,5,2,0,0,1,0,1,0,0,0.0,Friedrichshain-Kreuzberg,Accident with minor injuries,Collision with a turning/crossing vehicle,Turning accident,Daylight,Dry,1381,290386.0
6605,6605,195908,12,Scharnweberstraße,2019,6,15,2,3,2,6,0,0,1,0,1,0,0,0.0,Reinickendorf,Accident with minor injuries,Collision with the vehicle in front/waiting vehicle,Collision involving vehicles going in the same way,Daylight,Dry,867,266408.0
6606,6606,195909,3,Wilhelmsruh,2019,6,22,2,3,5,3,2,0,1,0,0,1,0,0.0,Pankow,Accident with minor injuries,Collision with a turning/crossing vehicle,Turning/Crossing accident,Dark,Dry,1219,409335.0
6607,6607,195910,8,Rollberg,2019,6,14,2,3,6,7,0,0,1,1,0,0,0,0.0,Neukölln,Accident with minor injuries,Collision between vehicle and pedestrian,Others,Daylight,Dry,934,329917.0
6608,6608,195911,10,Kaulsdorf Nord I,2019,6,19,2,3,5,3,0,0,1,0,0,0,0,0.0,Marzahn-Hellersdorf,Accident with minor injuries,Collision with a turning/crossing vehicle,Turning/Crossing accident,Daylight,Dry,586,269967.0
6609,6609,195912,8,Blumenviertel,2019,6,15,2,3,0,2,0,0,1,0,1,0,0,0.0,Neukölln,Accident with minor injuries,Others,Turning accident,Daylight,Dry,934,329917.0
6610,6610,195913,3,Thälmannpark,2019,6,19,2,2,0,3,0,1,0,0,0,0,0,0.0,Pankow,Accident with serious injuries,Others,Turning/Crossing accident,Daylight,Dry,1219,409335.0
6611,6611,195914,10,Marzahner Chaussee,2019,6,15,2,3,0,2,0,1,0,0,0,0,1,0.0,Marzahn-Hellersdorf,Accident with minor injuries,Others,Turning accident,Daylight,Dry,586,269967.0
6612,6612,195915,7,Marienfelder Allee Nordwest,2019,6,15,2,3,6,4,0,0,0,1,0,0,1,0.0,Tempelhof-Schöneberg,Accident with minor injuries,Collision between vehicle and pedestrian,Pedestrian crossing accident,Daylight,Dry,1241,350984.0
6613,6613,195916,5,Borkumer Straße,2019,6,18,2,3,0,5,0,0,1,0,1,0,0,0.0,Spandau,Accident with minor injuries,Others,Accident involving parked vehicles,Daylight,Dry,798,245197.0
6614,6614,195917,4,Kaiserin-Augusta-Allee,2019,6,15,2,3,5,3,0,1,1,0,0,0,0,0.0,Charlottenburg-Wilmersdorf,Accident with minor injuries,Collision with a turning/crossing vehicle,Turning/Crossing accident,Daylight,Dry,1727,343592.0
6615,6615,195918,5,Borkumer Straße,2019,6,16,2,2,5,2,0,0,1,0,1,0,0,0.0,Spandau,Accident with serious injuries,Collision with a turning/crossing vehicle,Turning accident,Daylight,Dry,798,245197.0
6616,6616,195919,8,Glasower Straße,2019,6,14,2,3,5,2,0,1,1,0,0,0,0,0.0,Neukölln,Accident with minor injuries,Collision with a turning/crossing vehicle,Turning accident,Daylight,Dry,934,329917.0
6617,6617,195920,7,Marienfelde Süd,2019,6,11,2,3,0,1,0,1,0,0,0,0,0,0.0,Tempelhof-Schöneberg,Accident with minor injuries,Others,Driving accident,Daylight,Dry,1241,350984.0
6618,6618,195921,5,Weinmeisterhornweg,2019,6,14,2,3,0,3,0,0,1,0,0,0,0,0.0,Spandau,Accident with minor injuries,Others,Turning/Crossing accident,Daylight,Dry,798,245197.0
6619,6619,195922,8,Reuterkiez,2019,6,7,2,3,0,1,0,0,0,0,1,0,0,1.0,Neukölln,Accident with minor injuries,Others,Driving accident,Daylight,Wet/moist/slippery,934,329917.0
6620,6620,195923,8,Alt-Rudow,2019,6,15,2,3,5,3,0,0,1,0,0,0,0,0.0,Neukölln,Accident with minor injuries,Collision with a turning/crossing vehicle,Turning/Crossing accident,Daylight,Dry,934,329917.0
6621,6621,195924,4,Friedenau,2019,6,14,2,3,1,5,0,1,1,0,0,0,0,0.0,Charlottenburg-Wilmersdorf,Accident with minor injuries,Collision with a moving/standing/parked vehicle,Accident involving parked vehicles,Daylight,Dry,1727,343592.0
6622,6622,195925,2,Urbanstraße,2019,6,0,2,3,5,3,2,1,1,0,0,0,0,0.0,Friedrichshain-Kreuzberg,Accident with minor injuries,Collision with a turning/crossing vehicle,Turning/Crossing accident,Dark,Dry,1381,290386.0
6623,6623,195926,4,Jungfernheide,2019,6,0,2,3,3,6,2,1,1,0,0,0,0,0.0,Charlottenburg-Wilmersdorf,Accident with minor injuries,Collision with a vehicle traveling laterally in the same direction,Collision involving vehicles going in the same way,Dark,Dry,1727,343592.0
6624,6624,195927,12,Alt-Tegel,2019,6,15,2,3,5,3,0,1,1,0,0,0,0,0.0,Reinickendorf,Accident with minor injuries,Collision with a turning/crossing vehicle,Turning/Crossing accident,Daylight,Dry,867,266408.0
6625,6625,195928,1,Brunnenstraße,2019,6,16,1,3,3,6,0,0,1,0,0,0,0,0.0,Mitte,Accident with minor injuries,Collision with a vehicle traveling laterally in the same direction,Collision involving vehicles going in the same way,Daylight,Dry,2215,385748.0
6626,6626,195929,9,Baumschulenstraße,2019,6,10,1,3,5,2,0,0,1,0,1,0,0,0.0,Treptow-Köpenick,Accident with minor injuries,Collision with a turning/crossing vehicle,Turning accident,Daylight,Dry,892,273689.0
6627,6627,195930,11,Falkenberg West,2019,6,14,1,3,2,2,0,0,1,0,0,0,0,0.0,Lichtenberg,Accident with minor injuries,Collision with the vehicle in front/waiting vehicle,Turning accident,Daylight,Dry,679,294201.0
6628,6628,195931,1,Rehberge,2019,6,4,1,3,9,1,1,0,1,0,0,0,0,0.0,Mitte,Accident with minor injuries,Departure from the roadway to the left,Driving accident,Twilight,Dry,2215,385748.0
6629,6629,195932,3,Pankow Zentrum,2019,6,20,1,3,0,7,0,0,1,0,1,0,0,0.0,Pankow,Accident with minor injuries,Others,Others,Daylight,Dry,1219,409335.0
6630,6630,195933,2,Traveplatz,2019,6,19,1,3,5,3,0,1,1,0,0,0,0,0.0,Friedrichshain-Kreuzberg,Accident with minor injuries,Collision with a turning/crossing vehicle,Turning/Crossing accident,Daylight,Dry,1381,290386.0
6631,6631,195934,3,Herthaplatz,2019,6,13,1,3,1,5,0,1,1,0,0,0,0,0.0,Pankow,Accident with minor injuries,Collision with a moving/standing/parked vehicle,Accident involving parked vehicles,Daylight,Dry,1219,409335.0
6632,6632,195935,8,Parchimer Allee,2019,6,18,1,3,5,2,0,0,1,0,0,0,0,0.0,Neukölln,Accident with minor injuries,Collision with a turning/crossing vehicle,Turning accident,Daylight,Dry,934,329917.0
6633,6633,195936,2,Oranienplatz,2019,6,18,1,3,5,7,0,1,1,0,0,0,0,0.0,Friedrichshain-Kreuzberg,Accident with minor injuries,Collision with a turning/crossing vehicle,Others,Daylight,Dry,1381,290386.0
6634,6634,195937,4,Rathaus Wilmersdorf,2019,6,14,1,3,1,5,0,1,1,0,0,0,0,0.0,Charlottenburg-Wilmersdorf,Accident with minor injuries,Collision with a moving/standing/parked vehicle,Accident involving parked vehicles,Daylight,Dry,1727,343592.0
6635,6635,195938,3,Teutoburger Platz,2019,6,17,1,3,3,6,0,1,1,0,0,0,0,0.0,Pankow,Accident with minor injuries,Collision with a vehicle traveling laterally in the same direction,Collision involving vehicles going in the same way,Daylight,Dry,1219,409335.0
6636,6636,195939,6,Hindenburgdamm,2019,6,16,1,3,2,7,0,0,1,0,1,0,0,0.0,Steglitz-Zehlendorf,Accident with minor injuries,Collision with the vehicle in front/waiting vehicle,Others,Daylight,Dry,851,310071.0
6637,6637,195940,11,Victoriastadt,2019,6,17,1,3,2,6,0,0,1,0,1,0,0,0.0,Lichtenberg,Accident with minor injuries,Collision with the vehicle in front/waiting vehicle,Collision involving vehicles going in the same way,Daylight,Dry,679,294201.0
6638,6638,195941,8,Schillerpromenade,2019,6,16,1,3,6,7,0,1,0,1,0,0,0,0.0,Neukölln,Accident with minor injuries,Collision between vehicle and pedestrian,Others,Daylight,Dry,934,329917.0
6639,6639,195942,1,Lützowstraße,2019,6,17,1,3,5,2,0,1,0,0,1,0,0,0.0,Mitte,Accident with minor injuries,Collision with a turning/crossing vehicle,Turning accident,Daylight,Dry,2215,385748.0
6640,6640,195943,5,Kurstraße,2019,6,16,1,3,0,1,0,1,1,0,0,0,0,0.0,Spandau,Accident with minor injuries,Others,Driving accident,Daylight,Dry,798,245197.0
6641,6641,195944,12,Teichstraße,2019,6,14,1,2,6,4,0,0,1,1,0,0,0,0.0,Reinickendorf,Accident with serious injuries,Collision between vehicle and pedestrian,Pedestrian crossing accident,Daylight,Dry,867,266408.0
6642,6642,195945,4,Jungfernheide,2019,6,16,1,2,1,5,0,0,1,0,1,0,0,0.0,Charlottenburg-Wilmersdorf,Accident with serious injuries,Collision with a moving/standing/parked vehicle,Accident involving parked vehicles,Daylight,Dry,1727,343592.0
6643,6643,195946,7,John-Locke-Straße,2019,6,16,1,3,3,6,0,1,1,0,0,0,0,0.0,Tempelhof-Schöneberg,Accident with minor injuries,Collision with a vehicle traveling laterally in the same direction,Collision involving vehicles going in the same way,Daylight,Dry,1241,350984.0
6644,6644,195947,4,Halensee,2019,6,12,1,2,5,2,0,1,1,0,0,0,0,0.0,Charlottenburg-Wilmersdorf,Accident with serious injuries,Collision with a turning/crossing vehicle,Turning accident,Daylight,Dry,1727,343592.0
6645,6645,195948,5,Börnicker Straße,2019,6,11,1,2,6,4,0,0,1,1,0,0,0,0.0,Spandau,Accident with serious injuries,Collision between vehicle and pedestrian,Pedestrian crossing accident,Daylight,Dry,798,245197.0
6646,6646,195949,1,Humboldthain Nordwest,2019,6,16,1,3,1,5,0,1,1,0,0,0,0,0.0,Mitte,Accident with minor injuries,Collision with a moving/standing/parked vehicle,Accident involving parked vehicles,Daylight,Dry,2215,385748.0
6647,6647,195950,9,Adlershof West,2019,6,15,1,3,5,2,0,1,1,0,0,0,0,0.0,Treptow-Köpenick,Accident with minor injuries,Collision with a turning/crossing vehicle,Turning accident,Daylight,Dry,892,273689.0
6648,6648,195951,8,Reuterkiez,2019,6,15,1,3,5,2,0,0,1,0,0,0,0,0.0,Neukölln,Accident with minor injuries,Collision with a turning/crossing vehicle,Turning accident,Daylight,Dry,934,329917.0
6649,6649,195952,5,Groß-Glienicker Weg,2019,6,14,1,3,2,6,0,0,1,0,0,0,0,0.0,Spandau,Accident with minor injuries,Collision with the vehicle in front/waiting vehicle,Collision involving vehicles going in the same way,Daylight,Dry,798,245197.0
6650,6650,195953,12,Letteplatz,2019,6,11,1,2,5,2,0,0,1,0,0,0,0,0.0,Reinickendorf,Accident with serious injuries,Collision with a turning/crossing vehicle,Turning accident,Daylight,Dry,867,266408.0
6651,6651,195954,9,Adlershof Ost,2019,6,14,1,3,0,1,0,1,0,0,0,0,0,0.0,Treptow-Köpenick,Accident with minor injuries,Others,Driving accident,Daylight,Dry,892,273689.0
6652,6652,195955,7,Wittenbergplatz/Viktoria-Luise-Platz,2019,6,14,1,2,3,1,0,1,1,0,0,0,0,0.0,Tempelhof-Schöneberg,Accident with serious injuries,Collision with a vehicle traveling laterally in the same direction,Driving accident,Daylight,Dry,1241,350984.0
6653,6653,195956,1,Invalidenstraße,2019,6,5,1,3,0,1,0,1,0,0,0,0,0,0.0,Mitte,Accident with minor injuries,Others,Driving accident,Daylight,Dry,2215,385748.0
6654,6654,195957,3,Pankow Süd,2019,6,13,1,2,1,5,0,1,1,0,0,0,0,0.0,Pankow,Accident with serious injuries,Collision with a moving/standing/parked vehicle,Accident involving parked vehicles,Daylight,Dry,1219,409335.0
6655,6655,195958,6,Teltower Damm,2019,6,12,1,3,0,1,0,0,0,0,1,0,0,0.0,Steglitz-Zehlendorf,Accident with minor injuries,Others,Driving accident,Daylight,Dry,851,310071.0
6656,6656,195959,6,Krumme Lanke,2019,6,16,1,3,0,1,0,1,0,0,0,0,0,0.0,Steglitz-Zehlendorf,Accident with minor injuries,Others,Driving accident,Daylight,Dry,851,310071.0
6657,6657,195960,12,Märkisches Zentrum,2019,6,10,1,2,5,3,0,0,1,0,0,0,0,0.0,Reinickendorf,Accident with serious injuries,Collision with a turning/crossing vehicle,Turning/Crossing accident,Daylight,Dry,867,266408.0
6658,6658,195961,8,Reuterkiez,2019,6,1,1,3,5,3,2,1,1,0,0,0,0,0.0,Neukölln,Accident with minor injuries,Collision with a turning/crossing vehicle,Turning/Crossing accident,Dark,Dry,934,329917.0
6659,6659,195962,2,Rathaus Yorckstraße,2019,6,2,1,2,0,1,2,0,0,0,1,0,0,0.0,Friedrichshain-Kreuzberg,Accident with serious injuries,Others,Driving accident,Dark,Dry,1381,290386.0
6660,6660,195963,2,Graefekiez,2019,6,1,1,3,2,6,2,1,1,0,0,0,0,0.0,Friedrichshain-Kreuzberg,Accident with minor injuries,Collision with the vehicle in front/waiting vehicle,Collision involving vehicles going in the same way,Dark,Dry,1381,290386.0
6661,6661,195964,6,Lankwitz Kirche,2019,6,21,1,3,0,4,2,0,0,1,0,0,1,0.0,Steglitz-Zehlendorf,Accident with minor injuries,Others,Pedestrian crossing accident,Dark,Dry,851,310071.0
6662,6662,195965,6,Mittelstraße,2019,6,18,1,3,5,3,0,0,1,0,1,0,0,0.0,Steglitz-Zehlendorf,Accident with minor injuries,Collision with a turning/crossing vehicle,Turning/Crossing accident,Daylight,Dry,851,310071.0
6663,6663,195966,8,Reuterkiez,2019,6,1,1,3,5,2,2,1,1,0,0,0,0,0.0,Neukölln,Accident with minor injuries,Collision with a turning/crossing vehicle,Turning accident,Dark,Dry,934,329917.0
6664,6664,195967,4,Paul-Hertz-Siedlung,2019,6,1,1,3,0,1,2,1,0,0,0,0,0,0.0,Charlottenburg-Wilmersdorf,Accident with minor injuries,Others,Driving accident,Dark,Dry,1727,343592.0
6665,6665,195968,8,Reuterkiez,2019,6,3,7,3,6,4,2,0,0,1,1,0,0,0.0,Neukölln,Accident with minor injuries,Collision between vehicle and pedestrian,Pedestrian crossing accident,Dark,Dry,934,329917.0
6666,6666,195969,4,Schloßstraße,2019,6,12,7,3,2,6,0,0,1,0,0,0,0,0.0,Charlottenburg-Wilmersdorf,Accident with minor injuries,Collision with the vehicle in front/waiting vehicle,Collision involving vehicles going in the same way,Daylight,Dry,1727,343592.0
6667,6667,195970,11,Orankesee,2019,6,10,7,3,6,4,0,0,1,1,0,0,0,0.0,Lichtenberg,Accident with minor injuries,Collision between vehicle and pedestrian,Pedestrian crossing accident,Daylight,Dry,679,294201.0
6668,6668,195971,10,Mahlsdorf Süd,2019,6,9,7,3,5,2,0,1,1,0,0,0,0,0.0,Marzahn-Hellersdorf,Accident with minor injuries,Collision with a turning/crossing vehicle,Turning accident,Daylight,Dry,586,269967.0
6669,6669,195972,2,Wassertorplatz,2019,6,15,7,3,1,5,0,1,0,0,0,0,0,0.0,Friedrichshain-Kreuzberg,Accident with minor injuries,Collision with a moving/standing/parked vehicle,Accident involving parked vehicles,Daylight,Dry,1381,290386.0
6670,6670,195973,3,Humannplatz,2019,6,19,7,3,2,6,0,0,1,0,0,0,0,0.0,Pankow,Accident with minor injuries,Collision with the vehicle in front/waiting vehicle,Collision involving vehicles going in the same way,Daylight,Dry,1219,409335.0
6671,6671,195974,8,Donaustraße,2019,6,16,7,3,5,2,0,0,1,0,1,0,0,0.0,Neukölln,Accident with minor injuries,Collision with a turning/crossing vehicle,Turning accident,Daylight,Dry,934,329917.0
6672,6672,195975,1,Moritzplatz,2019,6,16,7,3,2,2,0,1,1,0,0,0,0,0.0,Mitte,Accident with minor injuries,Collision with the vehicle in front/waiting vehicle,Turning accident,Daylight,Dry,2215,385748.0
6673,6673,195976,3,Behaimstraße,2019,6,14,7,3,5,3,0,1,0,0,0,0,0,0.0,Pankow,Accident with minor injuries,Collision with a turning/crossing vehicle,Turning/Crossing accident,Daylight,Dry,1219,409335.0
6674,6674,195977,2,Andreasviertel,2019,6,14,7,3,5,3,0,1,1,0,0,0,0,0.0,Friedrichshain-Kreuzberg,Accident with minor injuries,Collision with a turning/crossing vehicle,Turning/Crossing accident,Daylight,Dry,1381,290386.0
6675,6675,195978,3,Pankow Zentrum,2019,6,13,7,3,6,7,0,1,0,1,0,0,0,0.0,Pankow,Accident with minor injuries,Collision between vehicle and pedestrian,Others,Daylight,Dry,1219,409335.0
6676,6676,195979,10,Wuhletalstraße,2019,6,15,7,3,2,7,0,0,1,0,0,0,0,0.0,Marzahn-Hellersdorf,Accident with minor injuries,Collision with the vehicle in front/waiting vehicle,Others,Daylight,Dry,586,269967.0
6677,6677,195980,8,Reuterkiez,2019,6,12,7,3,3,6,0,1,1,0,0,0,0,0.0,Neukölln,Accident with minor injuries,Collision with a vehicle traveling laterally in the same direction,Collision involving vehicles going in the same way,Daylight,Dry,934,329917.0
6678,6678,195981,7,Marienhöhe,2019,6,15,7,3,0,3,0,0,0,0,1,0,1,0.0,Tempelhof-Schöneberg,Accident with minor injuries,Others,Turning/Crossing accident,Daylight,Dry,1241,350984.0
6679,6679,195982,9,Dammvorstadt,2019,6,12,7,3,6,4,0,0,1,1,0,0,0,0.0,Treptow-Köpenick,Accident with minor injuries,Collision between vehicle and pedestrian,Pedestrian crossing accident,Daylight,Dry,892,273689.0
6680,6680,195983,4,Breitscheidplatz,2019,6,15,7,3,5,3,0,1,1,0,0,0,0,0.0,Charlottenburg-Wilmersdorf,Accident with minor injuries,Collision with a turning/crossing vehicle,Turning/Crossing accident,Daylight,Dry,1727,343592.0
6681,6681,195984,12,Alt-Tegel,2019,6,12,7,3,5,7,0,0,1,0,0,0,0,0.0,Reinickendorf,Accident with minor injuries,Collision with a turning/crossing vehicle,Others,Daylight,Dry,867,266408.0
6682,6682,195985,12,Ziekowstraße/Freie Scholle,2019,6,17,7,3,0,7,0,0,1,0,0,0,0,0.0,Reinickendorf,Accident with minor injuries,Others,Others,Daylight,Dry,867,266408.0
6683,6683,195986,4,Schloßstraße,2019,6,18,7,3,1,5,0,1,1,0,0,0,0,0.0,Charlottenburg-Wilmersdorf,Accident with minor injuries,Collision with a moving/standing/parked vehicle,Accident involving parked vehicles,Daylight,Dry,1727,343592.0
6684,6684,195987,4,Schaperstraße,2019,6,9,7,3,5,3,0,1,1,0,0,0,0,0.0,Charlottenburg-Wilmersdorf,Accident with minor injuries,Collision with a turning/crossing vehicle,Turning/Crossing accident,Daylight,Dry,1727,343592.0
6685,6685,195988,10,Mahlsdorf Süd,2019,6,18,7,3,0,1,0,0,0,0,1,0,0,0.0,Marzahn-Hellersdorf,Accident with minor injuries,Others,Driving accident,Daylight,Dry,586,269967.0
6686,6686,195989,9,Johannisthal West,2019,6,14,7,3,0,1,0,1,0,0,0,0,0,0.0,Treptow-Köpenick,Accident with minor injuries,Others,Driving accident,Daylight,Dry,892,273689.0
6687,6687,195990,7,Grazer Platz,2019,6,21,7,2,9,1,0,0,0,0,1,0,0,0.0,Tempelhof-Schöneberg,Accident with serious injuries,Departure from the roadway to the left,Driving accident,Daylight,Dry,1241,350984.0
6688,6688,195991,4,Halensee,2019,6,20,7,3,5,2,0,0,1,0,1,0,0,0.0,Charlottenburg-Wilmersdorf,Accident with minor injuries,Collision with a turning/crossing vehicle,Turning accident,Daylight,Dry,1727,343592.0
6689,6689,195992,2,Askanischer Platz,2019,6,13,7,2,6,7,0,0,1,1,0,0,0,0.0,Friedrichshain-Kreuzberg,Accident with serious injuries,Collision between vehicle and pedestrian,Others,Daylight,Dry,1381,290386.0
6690,6690,195993,5,Tiefwerder,2019,6,18,7,2,2,6,0,0,1,0,1,0,0,0.0,Spandau,Accident with serious injuries,Collision with the vehicle in front/waiting vehicle,Collision involving vehicles going in the same way,Daylight,Dry,798,245197.0
6691,6691,195994,1,Humboldthain Süd,2019,6,13,7,3,0,1,0,1,0,0,0,0,0,0.0,Mitte,Accident with minor injuries,Others,Driving accident,Daylight,Dry,2215,385748.0
6692,6692,195995,7,Kaiser-Wilhelm-Platz,2019,6,7,7,3,2,2,0,1,0,0,0,0,0,0.0,Tempelhof-Schöneberg,Accident with minor injuries,Collision with the vehicle in front/waiting vehicle,Turning accident,Daylight,Dry,1241,350984.0
6693,6693,195996,2,Boxhagener Platz,2019,6,15,7,2,5,2,0,1,0,0,0,0,1,0.0,Friedrichshain-Kreuzberg,Accident with serious injuries,Collision with a turning/crossing vehicle,Turning accident,Daylight,Dry,1381,290386.0
6694,6694,195997,4,Ernst-Reuter-Platz,2019,6,3,7,3,1,5,2,0,1,0,1,0,0,0.0,Charlottenburg-Wilmersdorf,Accident with minor injuries,Collision with a moving/standing/parked vehicle,Accident involving parked vehicles,Dark,Dry,1727,343592.0
6695,6695,195998,12,Teichstraße,2019,6,11,7,3,0,2,0,0,1,0,0,0,1,0.0,Reinickendorf,Accident with minor injuries,Others,Turning accident,Daylight,Dry,867,266408.0
6696,6696,195999,8,Buckow Ost,2019,6,13,7,3,5,3,0,0,1,0,1,0,0,0.0,Neukölln,Accident with minor injuries,Collision with a turning/crossing vehicle,Turning/Crossing accident,Daylight,Dry,934,329917.0
6697,6697,196000,12,Wittenau Süd,2019,6,12,7,2,5,3,0,1,1,0,0,0,0,0.0,Reinickendorf,Accident with serious injuries,Collision with a turning/crossing vehicle,Turning/Crossing accident,Daylight,Dry,867,266408.0
6698,6698,196001,12,Dannenwalder Weg,2019,6,11,7,2,0,7,0,0,1,0,0,0,1,0.0,Reinickendorf,Accident with serious injuries,Others,Others,Daylight,Dry,867,266408.0
6699,6699,196002,11,Herzbergstraße,2019,6,11,7,3,0,7,0,1,0,0,0,0,0,0.0,Lichtenberg,Accident with minor injuries,Others,Others,Daylight,Dry,679,294201.0
6700,6700,196003,9,Hirschgarten,2019,6,12,7,3,0,7,0,1,0,0,0,0,0,0.0,Treptow-Köpenick,Accident with minor injuries,Others,Others,Daylight,Dry,892,273689.0
6701,6701,196004,4,Droysenstraße,2019,6,3,7,3,5,3,1,0,1,0,1,0,0,0.0,Charlottenburg-Wilmersdorf,Accident with minor injuries,Collision with a turning/crossing vehicle,Turning/Crossing accident,Twilight,Dry,1727,343592.0
6702,6702,196005,9,Adlershof West,2019,6,11,7,3,5,2,0,1,1,0,0,0,0,0.0,Treptow-Köpenick,Accident with minor injuries,Collision with a turning/crossing vehicle,Turning accident,Daylight,Dry,892,273689.0
6703,6703,196006,6,Zehlendorf Eiche,2019,6,21,7,3,5,3,2,0,1,0,0,0,0,0.0,Steglitz-Zehlendorf,Accident with minor injuries,Collision with a turning/crossing vehicle,Turning/Crossing accident,Dark,Dry,851,310071.0
6704,6704,196007,3,Falkplatz,2019,6,11,7,3,5,2,0,1,1,0,0,0,0,0.0,Pankow,Accident with minor injuries,Collision with a turning/crossing vehicle,Turning accident,Daylight,Dry,1219,409335.0
6705,6705,196008,3,Pankow Zentrum,2019,6,9,7,3,0,1,0,1,0,0,0,0,0,0.0,Pankow,Accident with minor injuries,Others,Driving accident,Daylight,Dry,1219,409335.0
6706,6706,196009,6,Alt-Lankwitz,2019,6,20,7,3,1,5,0,1,1,0,0,0,0,0.0,Steglitz-Zehlendorf,Accident with minor injuries,Collision with a moving/standing/parked vehicle,Accident involving parked vehicles,Daylight,Dry,851,310071.0
6707,6707,196010,10,Kaulsdorf Süd,2019,6,20,7,3,2,2,0,1,1,0,0,0,0,0.0,Marzahn-Hellersdorf,Accident with minor injuries,Collision with the vehicle in front/waiting vehicle,Turning accident,Daylight,Dry,586,269967.0
6708,6708,196011,12,Heiligensee,2019,6,10,7,3,2,3,0,0,1,0,0,0,0,0.0,Reinickendorf,Accident with minor injuries,Collision with the vehicle in front/waiting vehicle,Turning/Crossing accident,Daylight,Dry,867,266408.0
6709,6709,196012,7,Nollendorfplatz,2019,6,10,7,3,7,7,0,1,0,0,0,0,1,0.0,Tempelhof-Schöneberg,Accident with minor injuries,Collision with a road obstacle,Others,Daylight,Dry,1241,350984.0
6710,6710,196013,2,Graefekiez,2019,6,19,7,3,2,6,0,0,1,0,0,0,0,0.0,Friedrichshain-Kreuzberg,Accident with minor injuries,Collision with the vehicle in front/waiting vehicle,Collision involving vehicles going in the same way,Daylight,Dry,1381,290386.0
6711,6711,196014,6,Südende,2019,6,2,7,3,0,1,2,1,0,0,0,0,0,0.0,Steglitz-Zehlendorf,Accident with minor injuries,Others,Driving accident,Dark,Dry,851,310071.0
6712,6712,196015,4,Bismarckallee,2019,6,11,7,3,1,5,0,1,1,0,0,0,0,0.0,Charlottenburg-Wilmersdorf,Accident with minor injuries,Collision with a moving/standing/parked vehicle,Accident involving parked vehicles,Daylight,Dry,1727,343592.0
6713,6713,196016,1,Charitéviertel,2019,6,16,6,3,0,1,0,1,0,0,0,0,0,0.0,Mitte,Accident with minor injuries,Others,Driving accident,Daylight,Dry,2215,385748.0