,Unnamed: 0,object id,district,street,year,month,hour of day,weekday,category,accident type,accident type 2,light situation,bike involved,car involved,pedestrian involved,motor bike involved,big track involved,other vehicle involved,road condition,district name,category name,accident detail,accident type detail,light condition,road condition detail,accident count by district,est. population
6834,6834,196137,4,Ernst-Reuter-Platz,2019,6,13,6,3,2,6,0,0,1,0,0,0,0,0.0,Charlottenburg-Wilmersdorf,Accident with minor injuries,Collision with the vehicle in front/waiting vehicle,Collision involving vehicles going in the same way,Daylight,Dry,1727,343592.0
6835,6835,196138,2,Andreasviertel,2019,6,14,6,3,0,1,0,0,0,0,1,0,0,0.0,Friedrichshain-Kreuzberg,Accident with minor injuries,Others,Driving accident,Daylight,Dry,1381,290386.0
6836,6836,196139,11,Wartenberg Süd,2019,6,15,6,3,2,6,0,0,1,0,0,0,1,0.0,Lichtenberg,Accident with minor injuries,Collision with the vehicle in front/waiting vehicle,Collision involving vehicles going in the same way,Daylight,Dry,679,294201.0
6837,6837,196140,1,Karl-Marx-Allee,2019,6,13,6,3,5,2,0,0,1,0,0,0,0,0.0,Mitte,Accident with minor injuries,Collision with a turning/crossing vehicle,Turning accident,Daylight,Dry,2215,385748.0
6838,6838,196141,11,Rummelsburg,2019,6,13,6,3,0,7,0,0,0,0,1,0,0,1.0,Lichtenberg,Accident with minor injuries,Others,Others,Daylight,Wet/moist/slippery,679,294201.0
6839,6839,196142,2,Andreasviertel,2019,6,20,6,3,1,5,1,1,1,0,0,0,1,0.0,Friedrichshain-Kreuzberg,Accident with minor injuries,Collision with a moving/standing/parked vehicle,Accident involving parked vehicles,Twilight,Dry,1381,290386.0
6840,6840,196143,9,Kietzer Feld/Nachtheide,2019,6,19,6,3,3,6,0,1,0,0,0,0,1,0.0,Treptow-Köpenick,Accident with minor injuries,Collision with a vehicle traveling laterally in the same direction,Collision involving vehicles going in the same way,Daylight,Dry,892,273689.0
6841,6841,196144,10,Adele-Sandrock-Straße,2019,6,19,6,2,5,3,0,1,1,0,0,0,0,0.0,Marzahn-Hellersdorf,Accident with serious injuries,Collision with a turning/crossing vehicle,Turning/Crossing accident,Daylight,Dry,586,269967.0
6842,6842,196145,4,Preußenpark,2019,6,19,6,3,1,5,0,1,0,0,0,1,0,0.0,Charlottenburg-Wilmersdorf,Accident with minor injuries,Collision with a moving/standing/parked vehicle,Accident involving parked vehicles,Daylight,Dry,1727,343592.0
6843,6843,196146,8,Silbersteinstraße,2019,6,19,6,3,2,2,0,0,1,0,0,0,0,0.0,Neukölln,Accident with minor injuries,Collision with the vehicle in front/waiting vehicle,Turning accident,Daylight,Dry,934,329917.0
6844,6844,196147,1,Brunnenstraße,2019,6,19,6,3,5,2,0,1,0,0,0,0,1,0.0,Mitte,Accident with minor injuries,Collision with a turning/crossing vehicle,Turning accident,Daylight,Dry,2215,385748.0
6845,6845,196148,2,Lausitzer Platz,2019,6,19,6,3,0,7,0,0,1,0,0,0,1,0.0,Friedrichshain-Kreuzberg,Accident with minor injuries,Others,Others,Daylight,Dry,1381,290386.0
6846,6846,196149,2,Graefekiez,2019,6,7,6,3,1,5,0,1,1,0,0,0,1,0.0,Friedrichshain-Kreuzberg,Accident with minor injuries,Collision with a moving/standing/parked vehicle,Accident involving parked vehicles,Daylight,Dry,1381,290386.0
6847,6847,196150,2,Boxhagener Platz,2019,6,23,6,2,0,1,2,1,0,0,0,0,1,0.0,Friedrichshain-Kreuzberg,Accident with serious injuries,Others,Driving accident,Dark,Dry,1381,290386.0
6848,6848,196151,11,Hauptstraße,2019,6,7,6,2,5,2,0,1,1,0,0,0,0,0.0,Lichtenberg,Accident with serious injuries,Collision with a turning/crossing vehicle,Turning accident,Daylight,Dry,679,294201.0
6849,6849,196152,9,Oberspree,2019,6,6,6,3,6,4,0,1,0,1,0,0,0,0.0,Treptow-Köpenick,Accident with minor injuries,Collision between vehicle and pedestrian,Pedestrian crossing accident,Daylight,Dry,892,273689.0
6850,6850,196153,12,Scharnweberstraße,2019,6,5,6,3,5,3,0,0,1,0,0,0,0,0.0,Reinickendorf,Accident with minor injuries,Collision with a turning/crossing vehicle,Turning/Crossing accident,Daylight,Dry,867,266408.0
6851,6851,196154,8,Gewerbegebiet Köllnische Heide,2019,6,13,6,3,5,3,0,1,1,0,0,0,0,0.0,Neukölln,Accident with minor injuries,Collision with a turning/crossing vehicle,Turning/Crossing accident,Daylight,Dry,934,329917.0
6852,6852,196155,1,Westhafen,2019,6,13,6,3,2,2,0,0,1,0,0,0,1,0.0,Mitte,Accident with minor injuries,Collision with the vehicle in front/waiting vehicle,Turning accident,Daylight,Dry,2215,385748.0
6853,6853,196156,1,Alexanderplatzviertel,2019,6,9,6,3,1,5,0,1,1,0,0,0,1,0.0,Mitte,Accident with minor injuries,Collision with a moving/standing/parked vehicle,Accident involving parked vehicles,Daylight,Dry,2215,385748.0
6854,6854,196157,6,Zehlendorf Süd,2019,6,12,6,3,5,3,0,1,1,0,0,0,0,0.0,Steglitz-Zehlendorf,Accident with minor injuries,Collision with a turning/crossing vehicle,Turning/Crossing accident,Daylight,Dry,851,310071.0
6855,6855,196158,5,Jägerallee,2019,6,10,6,3,4,6,0,1,1,0,0,0,0,0.0,Spandau,Accident with minor injuries,Collision with oncoming vehicle,Collision involving vehicles going in the same way,Daylight,Dry,798,245197.0
6856,6856,196159,1,Charitéviertel,2019,6,11,6,3,6,4,0,1,0,1,0,0,0,0.0,Mitte,Accident with minor injuries,Collision between vehicle and pedestrian,Pedestrian crossing accident,Daylight,Dry,2215,385748.0
6857,6857,196160,6,Alt-Lankwitz,2019,6,10,6,3,5,3,0,0,1,0,0,0,0,0.0,Steglitz-Zehlendorf,Accident with minor injuries,Collision with a turning/crossing vehicle,Turning/Crossing accident,Daylight,Dry,851,310071.0
6858,6858,196161,10,Mahlsdorf Süd,2019,6,9,6,3,5,3,0,1,1,0,0,0,0,0.0,Marzahn-Hellersdorf,Accident with minor injuries,Collision with a turning/crossing vehicle,Turning/Crossing accident,Daylight,Dry,586,269967.0
6859,6859,196162,9,Altstadt Kietz,2019,6,10,6,2,5,2,0,1,0,0,0,1,0,0.0,Treptow-Köpenick,Accident with serious injuries,Collision with a turning/crossing vehicle,Turning accident,Daylight,Dry,892,273689.0
6860,6860,196163,10,Mahlsdorf Süd,2019,6,9,6,3,5,3,0,1,1,0,0,0,0,0.0,Marzahn-Hellersdorf,Accident with minor injuries,Collision with a turning/crossing vehicle,Turning/Crossing accident,Daylight,Dry,586,269967.0
6861,6861,196164,1,Lützowstraße,2019,6,10,6,3,2,6,0,0,1,0,0,0,0,0.0,Mitte,Accident with minor injuries,Collision with the vehicle in front/waiting vehicle,Collision involving vehicles going in the same way,Daylight,Dry,2215,385748.0
6862,6862,196165,8,Schillerpromenade,2019,6,3,6,3,3,6,2,0,1,0,1,0,0,1.0,Neukölln,Accident with minor injuries,Collision with a vehicle traveling laterally in the same direction,Collision involving vehicles going in the same way,Dark,Wet/moist/slippery,934,329917.0
6863,6863,196166,2,Boxhagener Platz,2019,6,0,6,3,6,4,2,0,1,1,0,0,0,1.0,Friedrichshain-Kreuzberg,Accident with minor injuries,Collision between vehicle and pedestrian,Pedestrian crossing accident,Dark,Wet/moist/slippery,1381,290386.0
6864,6864,196167,1,Thomasiusstraße,2019,6,11,6,2,1,5,0,1,1,0,0,0,1,0.0,Mitte,Accident with serious injuries,Collision with a moving/standing/parked vehicle,Accident involving parked vehicles,Daylight,Dry,2215,385748.0
6865,6865,196168,7,Manteuffelstraße,2019,6,21,5,3,3,6,2,0,1,0,0,0,0,0.0,Tempelhof-Schöneberg,Accident with minor injuries,Collision with a vehicle traveling laterally in the same direction,Collision involving vehicles going in the same way,Dark,Dry,1241,350984.0
6866,6866,196169,7,Friedenau,2019,6,13,5,3,4,6,0,1,1,0,0,0,0,0.0,Tempelhof-Schöneberg,Accident with minor injuries,Collision with oncoming vehicle,Collision involving vehicles going in the same way,Daylight,Dry,1241,350984.0
6867,6867,196170,1,Stülerstraße,2019,6,9,5,3,0,2,0,1,0,0,0,1,0,1.0,Mitte,Accident with minor injuries,Others,Turning accident,Daylight,Wet/moist/slippery,2215,385748.0
6868,6868,196171,1,Lübecker Straße,2019,6,9,5,3,0,1,0,1,0,0,0,0,0,1.0,Mitte,Accident with minor injuries,Others,Driving accident,Daylight,Wet/moist/slippery,2215,385748.0
6869,6869,196172,4,Schloßgarten,2019,6,8,5,3,2,2,0,1,1,0,0,0,0,1.0,Charlottenburg-Wilmersdorf,Accident with minor injuries,Collision with the vehicle in front/waiting vehicle,Turning accident,Daylight,Wet/moist/slippery,1727,343592.0
6870,6870,196173,3,Wilhelmsruh,2019,6,21,5,3,5,3,2,0,1,0,0,0,0,1.0,Pankow,Accident with minor injuries,Collision with a turning/crossing vehicle,Turning/Crossing accident,Dark,Wet/moist/slippery,1219,409335.0
6871,6871,196174,2,Andreasviertel,2019,6,22,5,3,1,1,2,1,1,0,0,0,0,0.0,Friedrichshain-Kreuzberg,Accident with minor injuries,Collision with a moving/standing/parked vehicle,Driving accident,Dark,Dry,1381,290386.0
6872,6872,196175,2,Graefekiez,2019,6,23,5,3,0,3,1,1,0,0,1,0,0,0.0,Friedrichshain-Kreuzberg,Accident with minor injuries,Others,Turning/Crossing accident,Twilight,Dry,1381,290386.0
6873,6873,196176,8,Blumenviertel,2019,6,7,5,3,5,3,0,1,1,0,0,0,0,0.0,Neukölln,Accident with minor injuries,Collision with a turning/crossing vehicle,Turning/Crossing accident,Daylight,Dry,934,329917.0
6874,6874,196177,3,Humannplatz,2019,6,7,5,3,2,6,0,0,1,0,0,0,0,0.0,Pankow,Accident with minor injuries,Collision with the vehicle in front/waiting vehicle,Collision involving vehicles going in the same way,Daylight,Dry,1219,409335.0
6875,6875,196178,1,Charitéviertel,2019,6,7,5,3,5,2,0,1,1,0,0,0,0,0.0,Mitte,Accident with minor injuries,Collision with a turning/crossing vehicle,Turning accident,Daylight,Dry,2215,385748.0
6876,6876,196179,9,Adlershof West,2019,6,6,5,3,5,3,0,1,1,0,0,0,0,0.0,Treptow-Köpenick,Accident with minor injuries,Collision with a turning/crossing vehicle,Turning/Crossing accident,Daylight,Dry,892,273689.0
6877,6877,196180,9,Dammvorstadt,2019,6,0,5,3,0,1,2,0,1,0,1,0,0,0.0,Treptow-Köpenick,Accident with minor injuries,Others,Driving accident,Dark,Dry,892,273689.0
6878,6878,196181,6,Hüttenweg,2019,6,23,5,1,0,1,2,1,0,0,0,0,0,0.0,Steglitz-Zehlendorf,Accident with fatalities,Others,Driving accident,Dark,Dry,851,310071.0
6879,6879,196182,4,Nikolsburger Platz,2019,6,8,5,3,6,4,0,0,1,1,0,0,0,1.0,Charlottenburg-Wilmersdorf,Accident with minor injuries,Collision between vehicle and pedestrian,Pedestrian crossing accident,Daylight,Wet/moist/slippery,1727,343592.0
6880,6880,196183,1,Schillerpark,2019,6,8,5,3,5,3,0,1,1,0,0,0,0,1.0,Mitte,Accident with minor injuries,Collision with a turning/crossing vehicle,Turning/Crossing accident,Daylight,Wet/moist/slippery,2215,385748.0
6881,6881,196184,9,Dorf Altglienicke,2019,6,8,5,2,5,2,0,1,1,0,0,0,0,1.0,Treptow-Köpenick,Accident with serious injuries,Collision with a turning/crossing vehicle,Turning accident,Daylight,Wet/moist/slippery,892,273689.0
6882,6882,196185,6,Königsberger Straße,2019,6,2,5,3,1,1,2,0,1,0,0,0,0,1.0,Steglitz-Zehlendorf,Accident with minor injuries,Collision with a moving/standing/parked vehicle,Driving accident,Dark,Wet/moist/slippery,851,310071.0
6883,6883,196186,2,Wriezener Bahnhof/Entwicklungsgebiet,2019,6,2,5,3,0,1,2,1,0,0,0,0,0,1.0,Friedrichshain-Kreuzberg,Accident with minor injuries,Others,Driving accident,Dark,Wet/moist/slippery,1381,290386.0
6884,6884,196187,1,Alexanderplatzviertel,2019,6,20,5,2,6,4,0,0,1,1,0,0,0,0.0,Mitte,Accident with serious injuries,Collision between vehicle and pedestrian,Pedestrian crossing accident,Daylight,Dry,2215,385748.0
6885,6885,196188,9,Oberschöneweide West,2019,6,7,5,3,5,3,0,1,1,0,0,0,0,0.0,Treptow-Köpenick,Accident with minor injuries,Collision with a turning/crossing vehicle,Turning/Crossing accident,Daylight,Dry,892,273689.0
6886,6886,196189,4,Lietzensee,2019,6,13,5,3,5,7,0,1,1,0,0,0,0,0.0,Charlottenburg-Wilmersdorf,Accident with minor injuries,Collision with a turning/crossing vehicle,Others,Daylight,Dry,1727,343592.0
6887,6887,196190,2,Chamissokiez,2019,6,7,5,3,5,2,0,1,0,0,0,0,1,0.0,Friedrichshain-Kreuzberg,Accident with minor injuries,Collision with a turning/crossing vehicle,Turning accident,Daylight,Dry,1381,290386.0
6888,6888,196191,7,Manteuffelstraße,2019,6,13,5,3,5,3,0,0,1,0,0,0,1,0.0,Tempelhof-Schöneberg,Accident with minor injuries,Collision with a turning/crossing vehicle,Turning/Crossing accident,Daylight,Dry,1241,350984.0
6889,6889,196192,1,Westhafen,2019,6,0,5,3,1,7,2,0,1,0,0,0,1,0.0,Mitte,Accident with minor injuries,Collision with a moving/standing/parked vehicle,Others,Dark,Dry,2215,385748.0
6890,6890,196193,2,Wriezener Bahnhof/Entwicklungsgebiet,2019,6,17,5,3,5,5,0,1,1,0,0,0,0,0.0,Friedrichshain-Kreuzberg,Accident with minor injuries,Collision with a turning/crossing vehicle,Accident involving parked vehicles,Daylight,Dry,1381,290386.0
6891,6891,196194,8,Buschkrugallee Nord,2019,6,14,5,3,1,5,0,0,1,0,0,0,0,0.0,Neukölln,Accident with minor injuries,Collision with a moving/standing/parked vehicle,Accident involving parked vehicles,Daylight,Dry,934,329917.0
6892,6892,196195,6,Oberhofer Platz,2019,6,16,5,3,2,6,0,0,1,0,1,0,0,0.0,Steglitz-Zehlendorf,Accident with minor injuries,Collision with the vehicle in front/waiting vehicle,Collision involving vehicles going in the same way,Daylight,Dry,851,310071.0
6893,6893,196196,3,Bucher Forst,2019,6,15,5,3,5,3,0,1,1,0,0,0,0,0.0,Pankow,Accident with minor injuries,Collision with a turning/crossing vehicle,Turning/Crossing accident,Daylight,Dry,1219,409335.0
6894,6894,196197,4,Breitscheidplatz,2019,6,16,5,3,1,5,0,1,1,0,0,0,0,0.0,Charlottenburg-Wilmersdorf,Accident with minor injuries,Collision with a moving/standing/parked vehicle,Accident involving parked vehicles,Daylight,Dry,1727,343592.0
6895,6895,196198,4,Halensee,2019,6,13,5,3,3,6,0,0,1,0,1,0,0,0.0,Charlottenburg-Wilmersdorf,Accident with minor injuries,Collision with a vehicle traveling laterally in the same direction,Collision involving vehicles going in the same way,Daylight,Dry,1727,343592.0
6896,6896,196199,12,Heiligensee,2019,6,12,5,3,5,3,0,0,1,0,1,0,0,0.0,Reinickendorf,Accident with minor injuries,Collision with a turning/crossing vehicle,Turning/Crossing accident,Daylight,Dry,867,266408.0
6897,6897,196200,6,Schütte-Lanz-Straße,2019,6,16,5,3,5,2,0,0,1,0,0,0,0,0.0,Steglitz-Zehlendorf,Accident with minor injuries,Collision with a turning/crossing vehicle,Turning accident,Daylight,Dry,851,310071.0
6898,6898,196201,9,Adlershof West,2019,6,16,5,3,5,3,0,1,1,0,0,0,0,0.0,Treptow-Köpenick,Accident with minor injuries,Collision with a turning/crossing vehicle,Turning/Crossing accident,Daylight,Dry,892,273689.0
6899,6899,196202,2,Oranienplatz,2019,6,11,5,3,5,3,0,0,1,0,0,0,0,0.0,Friedrichshain-Kreuzberg,Accident with minor injuries,Collision with a turning/crossing vehicle,Turning/Crossing accident,Daylight,Dry,1381,290386.0
6900,6900,196203,5,Borkumer Straße,2019,6,15,5,3,5,2,0,1,1,0,0,0,0,0.0,Spandau,Accident with minor injuries,Collision with a turning/crossing vehicle,Turning accident,Daylight,Dry,798,245197.0
6901,6901,196204,9,Kietzer Feld/Nachtheide,2019,6,12,5,2,5,3,0,0,1,0,1,0,0,0.0,Treptow-Köpenick,Accident with serious injuries,Collision with a turning/crossing vehicle,Turning/Crossing accident,Daylight,Dry,892,273689.0
6902,6902,196205,4,George-Grosz-Platz,2019,6,19,5,3,6,4,0,0,1,1,0,0,0,0.0,Charlottenburg-Wilmersdorf,Accident with minor injuries,Collision between vehicle and pedestrian,Pedestrian crossing accident,Daylight,Dry,1727,343592.0
6903,6903,196206,5,Rohrdamm,2019,6,11,5,3,5,7,0,0,1,0,1,0,0,0.0,Spandau,Accident with minor injuries,Collision with a turning/crossing vehicle,Others,Daylight,Dry,798,245197.0
6904,6904,196207,8,Rixdorf,2019,6,15,5,3,5,3,0,1,1,0,0,0,0,0.0,Neukölln,Accident with minor injuries,Collision with a turning/crossing vehicle,Turning/Crossing accident,Daylight,Dry,934,329917.0
6905,6905,196208,2,Lausitzer Platz,2019,6,19,5,3,2,5,0,1,1,0,0,0,0,0.0,Friedrichshain-Kreuzberg,Accident with minor injuries,Collision with the vehicle in front/waiting vehicle,Accident involving parked vehicles,Daylight,Dry,1381,290386.0
6906,6906,196209,11,Karlshorst West,2019,6,11,4,3,5,2,0,1,1,0,0,0,0,0.0,Lichtenberg,Accident with minor injuries,Collision with a turning/crossing vehicle,Turning accident,Daylight,Dry,679,294201.0
6907,6907,196210,8,Rixdorf,2019,6,8,4,3,1,5,0,1,1,0,0,0,0,0.0,Neukölln,Accident with minor injuries,Collision with a moving/standing/parked vehicle,Accident involving parked vehicles,Daylight,Dry,934,329917.0
6908,6908,196211,8,Parchimer Allee,2019,6,11,5,3,5,3,0,0,1,0,0,0,0,1.0,Neukölln,Accident with minor injuries,Collision with a turning/crossing vehicle,Turning/Crossing accident,Daylight,Wet/moist/slippery,934,329917.0
6909,6909,196212,4,Eisenzahnstraße,2019,6,11,5,3,6,4,0,0,1,1,0,0,0,1.0,Charlottenburg-Wilmersdorf,Accident with minor injuries,Collision between vehicle and pedestrian,Pedestrian crossing accident,Daylight,Wet/moist/slippery,1727,343592.0
6910,6910,196213,2,Mehringplatz,2019,6,13,4,3,6,4,0,0,1,1,0,0,0,0.0,Friedrichshain-Kreuzberg,Accident with minor injuries,Collision between vehicle and pedestrian,Pedestrian crossing accident,Daylight,Dry,1381,290386.0
6911,6911,196214,8,Parchimer Allee,2019,6,18,5,2,6,4,0,0,1,1,0,0,0,0.0,Neukölln,Accident with serious injuries,Collision between vehicle and pedestrian,Pedestrian crossing accident,Daylight,Dry,934,329917.0
6912,6912,196215,4,Lietzensee,2019,6,16,4,3,6,4,0,1,0,1,0,0,0,0.0,Charlottenburg-Wilmersdorf,Accident with minor injuries,Collision between vehicle and pedestrian,Pedestrian crossing accident,Daylight,Dry,1727,343592.0
6913,6913,196216,1,Gesundbrunnen,2019,6,10,5,3,3,6,0,1,1,0,0,0,0,0.0,Mitte,Accident with minor injuries,Collision with a vehicle traveling laterally in the same direction,Collision involving vehicles going in the same way,Daylight,Dry,2215,385748.0
6914,6914,196217,7,Friedenau,2019,6,15,4,3,3,2,0,0,1,0,1,0,0,0.0,Tempelhof-Schöneberg,Accident with minor injuries,Collision with a vehicle traveling laterally in the same direction,Turning accident,Daylight,Dry,1241,350984.0
6915,6915,196218,2,Wrangelkiez,2019,6,7,5,3,0,6,0,1,0,0,0,1,0,0.0,Friedrichshain-Kreuzberg,Accident with minor injuries,Others,Collision involving vehicles going in the same way,Daylight,Dry,1381,290386.0
6916,6916,196219,3,Pankow Süd,2019,6,15,4,2,1,5,0,1,1,0,0,0,0,0.0,Pankow,Accident with serious injuries,Collision with a moving/standing/parked vehicle,Accident involving parked vehicles,Daylight,Dry,1219,409335.0
6917,6917,196220,7,Friedenau,2019,6,15,4,3,5,2,0,0,1,0,0,0,0,0.0,Tempelhof-Schöneberg,Accident with minor injuries,Collision with a turning/crossing vehicle,Turning accident,Daylight,Dry,1241,350984.0
6918,6918,196221,6,Thielallee,2019,6,10,5,3,5,2,0,1,1,0,0,0,0,0.0,Steglitz-Zehlendorf,Accident with minor injuries,Collision with a turning/crossing vehicle,Turning accident,Daylight,Dry,851,310071.0
6919,6919,196222,1,Oranienburger Straße,2019,6,15,4,3,3,6,0,0,1,0,1,0,0,0.0,Mitte,Accident with minor injuries,Collision with a vehicle traveling laterally in the same direction,Collision involving vehicles going in the same way,Daylight,Dry,2215,385748.0
6920,6920,196223,1,Thomasiusstraße,2019,6,9,5,2,6,4,0,0,1,1,0,0,0,1.0,Mitte,Accident with serious injuries,Collision between vehicle and pedestrian,Pedestrian crossing accident,Daylight,Wet/moist/slippery,2215,385748.0
6921,6921,196224,1,Leipziger Straße,2019,6,14,4,3,2,6,0,1,0,0,0,0,1,0.0,Mitte,Accident with minor injuries,Collision with the vehicle in front/waiting vehicle,Collision involving vehicles going in the same way,Daylight,Dry,2215,385748.0
6922,6922,196225,7,Manteuffelstraße,2019,6,18,5,3,2,2,0,0,1,0,0,0,0,0.0,Tempelhof-Schöneberg,Accident with minor injuries,Collision with the vehicle in front/waiting vehicle,Turning accident,Daylight,Dry,1241,350984.0
6923,6923,196226,4,Kaiserin-Augusta-Allee,2019,6,14,4,3,5,2,0,1,1,0,0,0,0,0.0,Charlottenburg-Wilmersdorf,Accident with minor injuries,Collision with a turning/crossing vehicle,Turning accident,Daylight,Dry,1727,343592.0
6924,6924,196227,7,Volkspark (Rudolf-Wilde-Park),2019,6,17,5,3,2,6,0,0,1,0,0,0,0,0.0,Tempelhof-Schöneberg,Accident with minor injuries,Collision with the vehicle in front/waiting vehicle,Collision involving vehicles going in the same way,Daylight,Dry,1241,350984.0
6925,6925,196228,4,Nikolsburger Platz,2019,6,13,4,3,5,5,0,1,1,0,0,0,0,0.0,Charlottenburg-Wilmersdorf,Accident with minor injuries,Collision with a turning/crossing vehicle,Accident involving parked vehicles,Daylight,Dry,1727,343592.0
6926,6926,196229,1,Invalidenstraße,2019,6,13,4,2,0,2,0,1,1,0,0,0,0,0.0,Mitte,Accident with serious injuries,Others,Turning accident,Daylight,Dry,2215,385748.0
6927,6927,196230,1,Reinickendorfer Straße,2019,6,18,5,3,5,3,0,0,1,0,0,0,0,0.0,Mitte,Accident with minor injuries,Collision with a turning/crossing vehicle,Turning/Crossing accident,Daylight,Dry,2215,385748.0
6928,6928,196231,2,Oranienplatz,2019,6,17,5,3,5,2,0,1,0,0,0,0,1,0.0,Friedrichshain-Kreuzberg,Accident with minor injuries,Collision with a turning/crossing vehicle,Turning accident,Daylight,Dry,1381,290386.0
6929,6929,196232,2,Traveplatz,2019,6,13,4,3,6,4,0,0,1,1,0,0,0,0.0,Friedrichshain-Kreuzberg,Accident with minor injuries,Collision between vehicle and pedestrian,Pedestrian crossing accident,Daylight,Dry,1381,290386.0
6930,6930,196233,1,Reinickendorfer Straße,2019,6,13,4,3,5,2,0,0,1,0,0,0,0,0.0,Mitte,Accident with minor injuries,Collision with a turning/crossing vehicle,Turning accident,Daylight,Dry,2215,385748.0
6931,6931,196234,1,Rehberge,2019,6,17,5,3,2,2,0,0,1,0,1,0,0,0.0,Mitte,Accident with minor injuries,Collision with the vehicle in front/waiting vehicle,Turning accident,Daylight,Dry,2215,385748.0
6932,6932,196235,1,Oranienburger Straße,2019,6,12,4,3,5,5,0,0,1,0,1,0,0,0.0,Mitte,Accident with minor injuries,Collision with a turning/crossing vehicle,Accident involving parked vehicles,Daylight,Dry,2215,385748.0
6933,6933,196236,7,Wittenbergplatz/Viktoria-Luise-Platz,2019,6,12,4,3,5,2,0,1,1,0,0,0,0,0.0,Tempelhof-Schöneberg,Accident with minor injuries,Collision with a turning/crossing vehicle,Turning accident,Daylight,Dry,1241,350984.0
6934,6934,196237,4,Jungfernheide,2019,6,18,5,2,6,4,0,0,1,1,0,0,0,0.0,Charlottenburg-Wilmersdorf,Accident with serious injuries,Collision between vehicle and pedestrian,Pedestrian crossing accident,Daylight,Dry,1727,343592.0
6935,6935,196238,1,Westhafen,2019,6,9,5,3,0,6,0,0,1,0,1,0,0,0.0,Mitte,Accident with minor injuries,Others,Collision involving vehicles going in the same way,Daylight,Dry,2215,385748.0
6936,6936,196239,4,Breitscheidplatz,2019,6,22,4,3,6,4,2,0,0,1,1,0,0,0.0,Charlottenburg-Wilmersdorf,Accident with minor injuries,Collision between vehicle and pedestrian,Pedestrian crossing accident,Dark,Dry,1727,343592.0
6937,6937,196240,4,Plötzensee,2019,6,16,5,3,5,7,0,0,1,0,1,0,0,0.0,Charlottenburg-Wilmersdorf,Accident with minor injuries,Collision with a turning/crossing vehicle,Others,Daylight,Dry,1727,343592.0
6938,6938,196241,12,Wittenau Nord,2019,6,22,4,3,1,5,2,0,1,0,0,0,0,0.0,Reinickendorf,Accident with minor injuries,Collision with a moving/standing/parked vehicle,Accident involving parked vehicles,Dark,Dry,867,266408.0
6939,6939,196242,2,Stralauer Kiez,2019,6,9,5,3,3,6,0,0,1,0,0,0,1,1.0,Friedrichshain-Kreuzberg,Accident with minor injuries,Collision with a vehicle traveling laterally in the same direction,Collision involving vehicles going in the same way,Daylight,Wet/moist/slippery,1381,290386.0
6940,6940,196243,9,Kietzer Feld/Nachtheide,2019,6,21,4,3,5,3,1,0,1,0,1,0,0,0.0,Treptow-Köpenick,Accident with minor injuries,Collision with a turning/crossing vehicle,Turning/Crossing accident,Twilight,Dry,892,273689.0
6941,6941,196244,7,Neu-Tempelhof,2019,6,9,5,3,0,4,0,0,0,1,0,0,1,0.0,Tempelhof-Schöneberg,Accident with minor injuries,Others,Pedestrian crossing accident,Daylight,Dry,1241,350984.0
6942,6942,196245,1,Oranienburger Straße,2019,6,20,4,3,3,6,1,1,1,0,0,0,0,0.0,Mitte,Accident with minor injuries,Collision with a vehicle traveling laterally in the same direction,Collision involving vehicles going in the same way,Twilight,Dry,2215,385748.0
6943,6943,196246,4,Jungfernheide,2019,6,19,4,3,5,3,0,0,1,0,0,0,0,0.0,Charlottenburg-Wilmersdorf,Accident with minor injuries,Collision with a turning/crossing vehicle,Turning/Crossing accident,Daylight,Dry,1727,343592.0
6944,6944,196247,9,Dammvorstadt,2019,6,9,5,3,1,1,0,1,1,0,0,0,0,1.0,Treptow-Köpenick,Accident with minor injuries,Collision with a moving/standing/parked vehicle,Driving accident,Daylight,Wet/moist/slippery,892,273689.0
6945,6945,196248,2,Mehringplatz,2019,6,19,4,3,5,2,0,1,1,0,0,0,0,0.0,Friedrichshain-Kreuzberg,Accident with minor injuries,Collision with a turning/crossing vehicle,Turning accident,Daylight,Dry,1381,290386.0
6946,6946,196249,1,Gesundbrunnen,2019,6,8,5,3,0,2,0,0,1,0,1,0,0,1.0,Mitte,Accident with minor injuries,Others,Turning accident,Daylight,Wet/moist/slippery,2215,385748.0
6947,6947,196250,4,Halensee,2019,6,18,4,3,6,4,0,1,0,1,0,0,0,0.0,Charlottenburg-Wilmersdorf,Accident with minor injuries,Collision between vehicle and pedestrian,Pedestrian crossing accident,Daylight,Dry,1727,343592.0
6948,6948,196251,9,Schnellerstraße,2019,6,17,5,3,5,2,0,1,1,0,0,0,0,0.0,Treptow-Köpenick,Accident with minor injuries,Collision with a turning/crossing vehicle,Turning accident,Daylight,Dry,892,273689.0
6949,6949,196252,5,Hakenfelde Nord,2019,6,17,4,3,2,6,0,0,1,0,0,0,0,0.0,Spandau,Accident with minor injuries,Collision with the vehicle in front/waiting vehicle,Collision involving vehicles going in the same way,Daylight,Dry,798,245197.0
6950,6950,196253,1,Humboldthain Nordwest,2019,6,10,5,3,0,1,0,0,0,0,1,0,0,1.0,Mitte,Accident with minor injuries,Others,Driving accident,Daylight,Wet/moist/slippery,2215,385748.0
6951,6951,196254,6,Dahlem,2019,6,17,4,3,5,2,0,1,1,0,0,0,0,0.0,Steglitz-Zehlendorf,Accident with minor injuries,Collision with a turning/crossing vehicle,Turning accident,Daylight,Dry,851,310071.0
6952,6952,196255,1,Charitéviertel,2019,6,17,4,3,1,5,0,1,1,0,0,0,0,0.0,Mitte,Accident with minor injuries,Collision with a moving/standing/parked vehicle,Accident involving parked vehicles,Daylight,Dry,2215,385748.0