,Unnamed: 0,object id,district,street,year,month,hour of day,weekday,category,accident type,accident type 2,light situation,bike involved,car involved,pedestrian involved,motor bike involved,big track involved,other vehicle involved,road condition,district name,category name,accident detail,accident type detail,light condition,road condition detail,accident count by district,est. population
6953,6953,196256,3,Falkplatz,2019,6,16,5,3,4,1,0,0,1,0,0,0,0,1.0,Pankow,Accident with minor injuries,Collision with oncoming vehicle,Driving accident,Daylight,Wet/moist/slippery,1219,409335.0
6954,6954,196257,4,Paul-Hertz-Siedlung,2019,6,15,5,3,3,6,0,0,1,0,0,0,0,0.0,Charlottenburg-Wilmersdorf,Accident with minor injuries,Collision with a vehicle traveling laterally in the same direction,Collision involving vehicles going in the same way,Daylight,Dry,1727,343592.0
6955,6955,196258,10,Marzahner Chaussee,2019,6,10,4,3,0,2,0,0,1,0,1,0,0,0.0,Marzahn-Hellersdorf,Accident with minor injuries,Others,Turning accident,Daylight,Dry,586,269967.0
6956,6956,196259,2,Richard-Sorge-Viertel,2019,6,10,4,3,2,6,0,0,1,0,1,0,0,0.0,Friedrichshain-Kreuzberg,Accident with minor injuries,Collision with the vehicle in front/waiting vehicle,Collision involving vehicles going in the same way,Daylight,Dry,1381,290386.0
6957,6957,196260,1,Alexanderplatzviertel,2019,6,15,5,3,6,4,0,0,1,1,0,0,0,0.0,Mitte,Accident with minor injuries,Collision between vehicle and pedestrian,Pedestrian crossing accident,Daylight,Dry,2215,385748.0
6958,6958,196261,9,Elsenstraße,2019,6,9,4,3,2,6,0,1,1,0,0,0,0,0.0,Treptow-Köpenick,Accident with minor injuries,Collision with the vehicle in front/waiting vehicle,Collision involving vehicles going in the same way,Daylight,Dry,892,273689.0
6959,6959,196262,4,Park Ruhwald,2019,6,15,5,3,0,2,0,1,1,0,0,0,0,0.0,Charlottenburg-Wilmersdorf,Accident with minor injuries,Others,Turning accident,Daylight,Dry,1727,343592.0
6960,6960,196263,6,Kaiser-Wilhelm-Straße,2019,6,9,4,3,6,2,0,0,1,1,0,0,0,0.0,Steglitz-Zehlendorf,Accident with minor injuries,Collision between vehicle and pedestrian,Turning accident,Daylight,Dry,851,310071.0
6961,6961,196264,3,Pankow Zentrum,2019,6,8,4,3,1,1,0,0,1,0,0,0,1,0.0,Pankow,Accident with minor injuries,Collision with a moving/standing/parked vehicle,Driving accident,Daylight,Dry,1219,409335.0
6962,6962,196265,2,Lausitzer Platz,2019,6,8,4,3,2,6,0,1,0,0,0,0,0,0.0,Friedrichshain-Kreuzberg,Accident with minor injuries,Collision with the vehicle in front/waiting vehicle,Collision involving vehicles going in the same way,Daylight,Dry,1381,290386.0
6963,6963,196266,3,Greifswalder Straße,2019,6,8,5,3,0,1,0,1,0,0,0,0,0,1.0,Pankow,Accident with minor injuries,Others,Driving accident,Daylight,Wet/moist/slippery,1219,409335.0
6964,6964,196267,1,Alexanderplatzviertel,2019,6,8,4,3,5,2,0,1,1,0,0,0,0,0.0,Mitte,Accident with minor injuries,Collision with a turning/crossing vehicle,Turning accident,Daylight,Dry,2215,385748.0
6965,6965,196268,1,Brunnenstraße,2019,6,18,4,2,5,3,0,0,1,0,0,0,0,0.0,Mitte,Accident with serious injuries,Collision with a turning/crossing vehicle,Turning/Crossing accident,Daylight,Dry,2215,385748.0
6966,6966,196269,11,Herzbergstraße,2019,6,8,4,3,2,6,0,0,1,0,0,0,0,0.0,Lichtenberg,Accident with minor injuries,Collision with the vehicle in front/waiting vehicle,Collision involving vehicles going in the same way,Daylight,Dry,679,294201.0
6967,6967,196270,3,Buch,2019,6,8,4,3,5,3,0,1,1,0,0,0,0,0.0,Pankow,Accident with minor injuries,Collision with a turning/crossing vehicle,Turning/Crossing accident,Daylight,Dry,1219,409335.0
6968,6968,196271,2,Graefekiez,2019,6,14,4,3,0,3,0,1,0,0,0,0,0,1.0,Friedrichshain-Kreuzberg,Accident with minor injuries,Others,Turning/Crossing accident,Daylight,Wet/moist/slippery,1381,290386.0
6969,6969,196272,10,Alte Hellersdorfer Straße,2019,6,7,4,3,2,6,0,0,1,0,0,0,0,0.0,Marzahn-Hellersdorf,Accident with minor injuries,Collision with the vehicle in front/waiting vehicle,Collision involving vehicles going in the same way,Daylight,Dry,586,269967.0
6970,6970,196273,1,Charitéviertel,2019,6,7,4,3,1,5,0,1,1,0,0,0,0,0.0,Mitte,Accident with minor injuries,Collision with a moving/standing/parked vehicle,Accident involving parked vehicles,Daylight,Dry,2215,385748.0
6971,6971,196274,4,Kaiserin-Augusta-Allee,2019,6,23,4,3,0,1,2,0,1,0,1,0,0,0.0,Charlottenburg-Wilmersdorf,Accident with minor injuries,Others,Driving accident,Dark,Dry,1727,343592.0
6972,6972,196275,7,Hundsteinweg,2019,6,7,4,3,2,6,0,0,1,0,0,0,0,0.0,Tempelhof-Schöneberg,Accident with minor injuries,Collision with the vehicle in front/waiting vehicle,Collision involving vehicles going in the same way,Daylight,Dry,1241,350984.0
6973,6973,196276,7,Hundsteinweg,2019,6,21,4,3,6,4,0,0,0,1,0,0,1,0.0,Tempelhof-Schöneberg,Accident with minor injuries,Collision between vehicle and pedestrian,Pedestrian crossing accident,Daylight,Dry,1241,350984.0
6974,6974,196277,3,Volkspark Prenzlauer Berg,2019,6,6,4,3,6,4,0,1,0,1,0,0,0,0.0,Pankow,Accident with minor injuries,Collision between vehicle and pedestrian,Pedestrian crossing accident,Daylight,Dry,1219,409335.0
6975,6975,196278,2,Viktoriapark,2019,6,4,4,3,3,6,1,0,1,0,0,0,0,0.0,Friedrichshain-Kreuzberg,Accident with minor injuries,Collision with a vehicle traveling laterally in the same direction,Collision involving vehicles going in the same way,Twilight,Dry,1381,290386.0
6976,6976,196279,8,Weiße Siedlung,2019,6,20,4,3,5,3,0,0,1,0,0,0,0,0.0,Neukölln,Accident with minor injuries,Collision with a turning/crossing vehicle,Turning/Crossing accident,Daylight,Dry,934,329917.0
6977,6977,196280,12,Alt-Tegel,2019,6,19,4,3,5,3,0,0,1,0,1,0,0,0.0,Reinickendorf,Accident with minor injuries,Collision with a turning/crossing vehicle,Turning/Crossing accident,Daylight,Dry,867,266408.0
6978,6978,196281,7,Rathaus Tempelhof,2019,6,12,4,2,5,3,0,1,0,0,0,0,1,0.0,Tempelhof-Schöneberg,Accident with serious injuries,Collision with a turning/crossing vehicle,Turning/Crossing accident,Daylight,Dry,1241,350984.0
6979,6979,196282,3,Schönholz,2019,6,11,4,3,0,2,0,0,1,0,1,0,0,0.0,Pankow,Accident with minor injuries,Others,Turning accident,Daylight,Dry,1219,409335.0
6980,6980,196283,1,Sparrplatz,2019,6,18,4,3,1,5,0,1,1,0,0,0,0,0.0,Mitte,Accident with minor injuries,Collision with a moving/standing/parked vehicle,Accident involving parked vehicles,Daylight,Dry,2215,385748.0
6981,6981,196284,1,Heine-Viertel Ost,2019,6,11,4,3,6,7,0,0,0,1,0,0,1,0.0,Mitte,Accident with minor injuries,Collision between vehicle and pedestrian,Others,Daylight,Dry,2215,385748.0
6982,6982,196285,10,Wuhletalstraße,2019,6,17,4,3,5,3,0,1,1,0,0,0,0,0.0,Marzahn-Hellersdorf,Accident with minor injuries,Collision with a turning/crossing vehicle,Turning/Crossing accident,Daylight,Dry,586,269967.0
6983,6983,196286,2,Askanischer Platz,2019,6,10,4,3,3,6,0,1,0,0,0,0,0,0.0,Friedrichshain-Kreuzberg,Accident with minor injuries,Collision with a vehicle traveling laterally in the same direction,Collision involving vehicles going in the same way,Daylight,Dry,1381,290386.0
6984,6984,196287,1,Lüneburger Straße,2019,6,22,4,3,0,2,2,0,1,0,0,0,1,0.0,Mitte,Accident with minor injuries,Others,Turning accident,Dark,Dry,2215,385748.0
6985,6985,196288,10,Alt-Marzahn,2019,6,10,4,3,0,2,0,0,1,0,0,0,1,0.0,Marzahn-Hellersdorf,Accident with minor injuries,Others,Turning accident,Daylight,Dry,586,269967.0
6986,6986,196289,1,Leipziger Straße,2019,6,9,4,3,5,2,0,0,1,0,0,0,0,0.0,Mitte,Accident with minor injuries,Collision with a turning/crossing vehicle,Turning accident,Daylight,Dry,2215,385748.0
6987,6987,196290,4,Eisenzahnstraße,2019,6,10,4,3,5,3,0,1,0,0,0,0,0,0.0,Charlottenburg-Wilmersdorf,Accident with minor injuries,Collision with a turning/crossing vehicle,Turning/Crossing accident,Daylight,Dry,1727,343592.0
6988,6988,196291,6,Fichtenberg,2019,6,13,4,3,5,3,0,0,1,0,0,0,1,0.0,Steglitz-Zehlendorf,Accident with minor injuries,Collision with a turning/crossing vehicle,Turning/Crossing accident,Daylight,Dry,851,310071.0
6989,6989,196292,5,Borkumer Straße,2019,6,9,4,2,5,2,0,0,1,0,0,0,0,0.0,Spandau,Accident with serious injuries,Collision with a turning/crossing vehicle,Turning accident,Daylight,Dry,798,245197.0
6990,6990,196293,1,Karl-Marx-Allee,2019,6,18,4,3,0,7,0,1,0,0,0,0,0,0.0,Mitte,Accident with minor injuries,Others,Others,Daylight,Dry,2215,385748.0
6991,6991,196294,1,Huttenkiez,2019,6,11,3,3,3,6,0,0,0,0,1,0,1,0.0,Mitte,Accident with minor injuries,Collision with a vehicle traveling laterally in the same direction,Collision involving vehicles going in the same way,Daylight,Dry,2215,385748.0
6992,6992,196295,1,Reinickendorfer Straße,2019,6,9,4,3,2,6,0,0,1,0,0,0,0,0.0,Mitte,Accident with minor injuries,Collision with the vehicle in front/waiting vehicle,Collision involving vehicles going in the same way,Daylight,Dry,2215,385748.0
6993,6993,196296,1,Stephankiez,2019,6,10,3,3,5,2,0,1,1,0,0,0,0,0.0,Mitte,Accident with minor injuries,Collision with a turning/crossing vehicle,Turning accident,Daylight,Dry,2215,385748.0
6994,6994,196297,5,Motardstraße,2019,6,8,4,3,5,2,0,1,1,0,0,0,0,0.0,Spandau,Accident with minor injuries,Collision with a turning/crossing vehicle,Turning accident,Daylight,Dry,798,245197.0
6995,6995,196298,8,Rixdorf,2019,6,21,3,3,1,5,0,1,1,0,0,0,0,0.0,Neukölln,Accident with minor injuries,Collision with a moving/standing/parked vehicle,Accident involving parked vehicles,Daylight,Dry,934,329917.0
6996,6996,196299,7,Marienfelde Süd,2019,6,7,4,3,1,5,0,1,1,0,0,0,0,0.0,Tempelhof-Schöneberg,Accident with minor injuries,Collision with a moving/standing/parked vehicle,Accident involving parked vehicles,Daylight,Dry,1241,350984.0
6997,6997,196300,2,Boxhagener Platz,2019,6,20,3,3,2,6,0,0,1,0,0,0,0,0.0,Friedrichshain-Kreuzberg,Accident with minor injuries,Collision with the vehicle in front/waiting vehicle,Collision involving vehicles going in the same way,Daylight,Dry,1381,290386.0
6998,6998,196301,6,Markelstraße,2019,6,7,4,3,1,5,0,0,0,0,1,0,1,0.0,Steglitz-Zehlendorf,Accident with minor injuries,Collision with a moving/standing/parked vehicle,Accident involving parked vehicles,Daylight,Dry,851,310071.0
6999,6999,196302,4,Jungfernheide,2019,6,13,3,3,2,6,0,0,0,0,1,1,0,0.0,Charlottenburg-Wilmersdorf,Accident with minor injuries,Collision with the vehicle in front/waiting vehicle,Collision involving vehicles going in the same way,Daylight,Dry,1727,343592.0
7000,7000,196303,7,Nahariyastraße,2019,6,13,3,3,5,2,0,1,1,0,0,0,0,0.0,Tempelhof-Schöneberg,Accident with minor injuries,Collision with a turning/crossing vehicle,Turning accident,Daylight,Dry,1241,350984.0
7001,7001,196304,10,Mahlsdorf Süd,2019,6,7,4,3,5,3,0,1,1,0,0,0,0,0.0,Marzahn-Hellersdorf,Accident with minor injuries,Collision with a turning/crossing vehicle,Turning/Crossing accident,Daylight,Dry,586,269967.0
7002,7002,196305,2,Andreasviertel,2019,6,10,3,3,3,6,0,0,1,0,0,0,1,0.0,Friedrichshain-Kreuzberg,Accident with minor injuries,Collision with a vehicle traveling laterally in the same direction,Collision involving vehicles going in the same way,Daylight,Dry,1381,290386.0
7003,7003,196306,6,Fischtal,2019,6,7,4,3,5,3,0,1,0,0,0,0,0,0.0,Steglitz-Zehlendorf,Accident with minor injuries,Collision with a turning/crossing vehicle,Turning/Crossing accident,Daylight,Dry,851,310071.0
7004,7004,196307,12,Letteplatz,2019,6,13,3,3,5,3,0,1,1,0,0,0,0,0.0,Reinickendorf,Accident with minor injuries,Collision with a turning/crossing vehicle,Turning/Crossing accident,Daylight,Dry,867,266408.0
7005,7005,196308,5,Staakener Straße,2019,6,12,3,3,5,2,0,1,0,0,0,1,0,0.0,Spandau,Accident with minor injuries,Collision with a turning/crossing vehicle,Turning accident,Daylight,Dry,798,245197.0
7006,7006,196309,9,Köllnische Vorstadt,2019,6,7,4,2,5,2,0,1,1,0,0,0,0,0.0,Treptow-Köpenick,Accident with serious injuries,Collision with a turning/crossing vehicle,Turning accident,Daylight,Dry,892,273689.0
7007,7007,196310,2,Stralauer Kiez,2019,6,11,3,3,3,6,0,0,1,0,0,0,1,0.0,Friedrichshain-Kreuzberg,Accident with minor injuries,Collision with a vehicle traveling laterally in the same direction,Collision involving vehicles going in the same way,Daylight,Dry,1381,290386.0
7008,7008,196311,2,Wriezener Bahnhof/Entwicklungsgebiet,2019,6,6,4,3,5,2,0,0,1,0,0,0,0,0.0,Friedrichshain-Kreuzberg,Accident with minor injuries,Collision with a turning/crossing vehicle,Turning accident,Daylight,Dry,1381,290386.0
7009,7009,196312,10,Kaulsdorf Nord I,2019,6,11,3,2,3,6,0,1,0,0,0,0,1,0.0,Marzahn-Hellersdorf,Accident with serious injuries,Collision with a vehicle traveling laterally in the same direction,Collision involving vehicles going in the same way,Daylight,Dry,586,269967.0
7010,7010,196313,7,Neu-Tempelhof,2019,6,1,4,3,2,6,2,1,1,0,0,0,0,0.0,Tempelhof-Schöneberg,Accident with minor injuries,Collision with the vehicle in front/waiting vehicle,Collision involving vehicles going in the same way,Dark,Dry,1241,350984.0
7011,7011,196314,1,Westliche Müllerstraße,2019,6,10,3,2,5,5,0,0,1,0,1,0,0,0.0,Mitte,Accident with serious injuries,Collision with a turning/crossing vehicle,Accident involving parked vehicles,Daylight,Dry,2215,385748.0
7012,7012,196315,3,Buschallee,2019,6,7,4,3,0,7,0,1,0,0,0,0,0,0.0,Pankow,Accident with minor injuries,Others,Others,Daylight,Dry,1219,409335.0
7013,7013,196316,1,Brunnenstraße,2019,6,10,3,3,2,6,0,0,1,0,0,0,0,0.0,Mitte,Accident with minor injuries,Collision with the vehicle in front/waiting vehicle,Collision involving vehicles going in the same way,Daylight,Dry,2215,385748.0
7014,7014,196317,4,Park Ruhwald,2019,6,19,3,3,4,2,0,0,1,0,0,0,0,0.0,Charlottenburg-Wilmersdorf,Accident with minor injuries,Collision with oncoming vehicle,Turning accident,Daylight,Dry,1727,343592.0
7015,7015,196318,8,Handwerker-Siedlung,2019,6,16,4,3,5,2,0,1,0,0,0,0,1,0.0,Neukölln,Accident with minor injuries,Collision with a turning/crossing vehicle,Turning accident,Daylight,Dry,934,329917.0
7016,7016,196319,2,Moritzplatz,2019,6,16,4,3,5,3,0,1,1,0,0,0,0,0.0,Friedrichshain-Kreuzberg,Accident with minor injuries,Collision with a turning/crossing vehicle,Turning/Crossing accident,Daylight,Dry,1381,290386.0
7017,7017,196320,2,Urbanstraße,2019,6,8,3,3,5,2,0,1,1,0,0,0,0,0.0,Friedrichshain-Kreuzberg,Accident with minor injuries,Collision with a turning/crossing vehicle,Turning accident,Daylight,Dry,1381,290386.0
7018,7018,196321,7,Volkspark (Rudolf-Wilde-Park),2019,6,15,4,3,1,5,0,1,1,0,0,0,0,0.0,Tempelhof-Schöneberg,Accident with minor injuries,Collision with a moving/standing/parked vehicle,Accident involving parked vehicles,Daylight,Dry,1241,350984.0
7019,7019,196322,3,Weißer See,2019,6,8,3,3,5,3,0,1,1,0,0,0,0,0.0,Pankow,Accident with minor injuries,Collision with a turning/crossing vehicle,Turning/Crossing accident,Daylight,Dry,1219,409335.0
7020,7020,196323,11,Hauptstraße,2019,6,13,4,3,6,4,0,0,0,1,0,0,1,0.0,Lichtenberg,Accident with minor injuries,Collision between vehicle and pedestrian,Pedestrian crossing accident,Daylight,Dry,679,294201.0
7021,7021,196324,2,Chamissokiez,2019,6,8,3,3,5,2,0,1,0,0,0,0,0,0.0,Friedrichshain-Kreuzberg,Accident with minor injuries,Collision with a turning/crossing vehicle,Turning accident,Daylight,Dry,1381,290386.0
7022,7022,196325,12,Schäfersee,2019,6,15,4,3,5,2,0,0,1,0,0,0,0,0.0,Reinickendorf,Accident with minor injuries,Collision with a turning/crossing vehicle,Turning accident,Daylight,Dry,867,266408.0
7023,7023,196326,1,Karl-Marx-Allee,2019,6,19,3,3,5,2,0,1,1,0,0,0,0,0.0,Mitte,Accident with minor injuries,Collision with a turning/crossing vehicle,Turning accident,Daylight,Dry,2215,385748.0
7024,7024,196327,1,Invalidenstraße,2019,6,8,3,3,0,1,0,1,0,0,0,0,0,0.0,Mitte,Accident with minor injuries,Others,Driving accident,Daylight,Dry,2215,385748.0
7025,7025,196328,1,Gesundbrunnen,2019,6,15,4,3,1,5,0,1,1,0,0,0,0,0.0,Mitte,Accident with minor injuries,Collision with a moving/standing/parked vehicle,Accident involving parked vehicles,Daylight,Dry,2215,385748.0
7026,7026,196329,6,Kaiser-Wilhelm-Straße,2019,6,8,3,2,5,7,0,0,1,0,0,0,0,0.0,Steglitz-Zehlendorf,Accident with serious injuries,Collision with a turning/crossing vehicle,Others,Daylight,Dry,851,310071.0
7027,7027,196330,1,Brunnenstraße,2019,6,14,4,2,5,2,0,0,1,0,1,0,0,0.0,Mitte,Accident with serious injuries,Collision with a turning/crossing vehicle,Turning accident,Daylight,Dry,2215,385748.0
7028,7028,196331,1,Invalidenstraße,2019,6,8,3,3,0,1,0,1,0,0,0,0,0,0.0,Mitte,Accident with minor injuries,Others,Driving accident,Daylight,Dry,2215,385748.0
7029,7029,196332,8,Tempelhofer Weg,2019,6,11,4,3,3,2,0,1,1,0,0,0,0,0.0,Neukölln,Accident with minor injuries,Collision with a vehicle traveling laterally in the same direction,Turning accident,Daylight,Dry,934,329917.0
7030,7030,196333,8,Buschkrugallee Nord,2019,6,18,3,3,5,2,0,1,0,0,0,0,1,0.0,Neukölln,Accident with minor injuries,Collision with a turning/crossing vehicle,Turning accident,Daylight,Dry,934,329917.0
7031,7031,196334,4,Breitscheidplatz,2019,6,12,4,3,2,6,0,1,1,0,0,0,0,0.0,Charlottenburg-Wilmersdorf,Accident with minor injuries,Collision with the vehicle in front/waiting vehicle,Collision involving vehicles going in the same way,Daylight,Dry,1727,343592.0
7032,7032,196335,2,Mehringplatz,2019,6,18,3,3,5,2,0,1,1,0,0,0,0,0.0,Friedrichshain-Kreuzberg,Accident with minor injuries,Collision with a turning/crossing vehicle,Turning accident,Daylight,Dry,1381,290386.0
7033,7033,196336,9,Späthsfelde,2019,6,18,3,3,5,2,0,0,1,0,1,0,0,0.0,Treptow-Köpenick,Accident with minor injuries,Collision with a turning/crossing vehicle,Turning accident,Daylight,Dry,892,273689.0
7034,7034,196337,8,Silbersteinstraße,2019,6,11,4,2,5,2,0,0,1,0,1,0,0,0.0,Neukölln,Accident with serious injuries,Collision with a turning/crossing vehicle,Turning accident,Daylight,Dry,934,329917.0
7035,7035,196338,2,Friedenstraße,2019,6,18,3,3,5,2,0,1,0,0,0,1,0,0.0,Friedrichshain-Kreuzberg,Accident with minor injuries,Collision with a turning/crossing vehicle,Turning accident,Daylight,Dry,1381,290386.0
7036,7036,196339,9,Köllnische Vorstadt,2019,6,11,4,3,2,6,0,0,1,0,0,0,0,0.0,Treptow-Köpenick,Accident with minor injuries,Collision with the vehicle in front/waiting vehicle,Collision involving vehicles going in the same way,Daylight,Dry,892,273689.0
7037,7037,196340,9,Schnellerstraße,2019,6,18,3,2,5,2,0,1,1,0,0,0,0,0.0,Treptow-Köpenick,Accident with serious injuries,Collision with a turning/crossing vehicle,Turning accident,Daylight,Dry,892,273689.0
7038,7038,196341,9,Oberspree,2019,6,10,4,3,5,3,0,1,1,0,0,0,0,0.0,Treptow-Köpenick,Accident with minor injuries,Collision with a turning/crossing vehicle,Turning/Crossing accident,Daylight,Dry,892,273689.0
7039,7039,196342,1,Unter den Linden Süd,2019,6,17,3,2,5,7,0,1,1,0,0,0,0,0.0,Mitte,Accident with serious injuries,Collision with a turning/crossing vehicle,Others,Daylight,Dry,2215,385748.0
7040,7040,196343,4,Jungfernheide,2019,6,10,4,3,2,6,0,0,1,0,0,0,1,0.0,Charlottenburg-Wilmersdorf,Accident with minor injuries,Collision with the vehicle in front/waiting vehicle,Collision involving vehicles going in the same way,Daylight,Dry,1727,343592.0
7041,7041,196344,10,Oberfeldstraße,2019,6,13,3,3,5,3,0,1,1,0,0,0,0,0.0,Marzahn-Hellersdorf,Accident with minor injuries,Collision with a turning/crossing vehicle,Turning/Crossing accident,Daylight,Dry,586,269967.0
7042,7042,196345,5,Gartenfelder Straße,2019,6,15,3,3,6,2,0,0,1,1,0,0,0,0.0,Spandau,Accident with minor injuries,Collision between vehicle and pedestrian,Turning accident,Daylight,Dry,798,245197.0
7043,7043,196346,6,Schütte-Lanz-Straße,2019,6,10,4,3,5,3,0,0,1,0,1,0,0,0.0,Steglitz-Zehlendorf,Accident with minor injuries,Collision with a turning/crossing vehicle,Turning/Crossing accident,Daylight,Dry,851,310071.0
7044,7044,196347,7,Rathaus Tempelhof,2019,6,10,4,3,0,5,0,0,1,0,0,0,0,0.0,Tempelhof-Schöneberg,Accident with minor injuries,Others,Accident involving parked vehicles,Daylight,Dry,1241,350984.0
7045,7045,196348,9,Allende II,2019,6,16,3,2,5,3,0,1,0,0,0,1,0,0.0,Treptow-Köpenick,Accident with serious injuries,Collision with a turning/crossing vehicle,Turning/Crossing accident,Daylight,Dry,892,273689.0
7046,7046,196349,6,Lankwitz Kirche,2019,6,16,3,3,2,6,0,0,1,0,0,1,0,0.0,Steglitz-Zehlendorf,Accident with minor injuries,Collision with the vehicle in front/waiting vehicle,Collision involving vehicles going in the same way,Daylight,Dry,851,310071.0
7047,7047,196350,1,Heine-Viertel Ost,2019,6,9,4,3,5,3,0,1,0,0,1,0,0,0.0,Mitte,Accident with minor injuries,Collision with a turning/crossing vehicle,Turning/Crossing accident,Daylight,Dry,2215,385748.0
7048,7048,196351,2,Urbanstraße,2019,6,16,3,3,2,2,0,0,1,0,0,0,0,0.0,Friedrichshain-Kreuzberg,Accident with minor injuries,Collision with the vehicle in front/waiting vehicle,Turning accident,Daylight,Dry,1381,290386.0
7049,7049,196352,8,Gropiusstadt Ost,2019,6,13,3,3,2,6,0,0,1,0,0,0,0,0.0,Neukölln,Accident with minor injuries,Collision with the vehicle in front/waiting vehicle,Collision involving vehicles going in the same way,Daylight,Dry,934,329917.0
7050,7050,196353,7,Manteuffelstraße,2019,6,16,3,3,0,2,0,1,1,0,0,0,0,0.0,Tempelhof-Schöneberg,Accident with minor injuries,Others,Turning accident,Daylight,Dry,1241,350984.0
7051,7051,196354,3,Arnimplatz,2019,6,15,3,2,0,1,0,1,0,0,0,0,0,0.0,Pankow,Accident with serious injuries,Others,Driving accident,Daylight,Dry,1219,409335.0
7052,7052,196355,3,Pankow Zentrum,2019,6,10,3,3,5,3,0,1,1,0,0,0,0,0.0,Pankow,Accident with minor injuries,Collision with a turning/crossing vehicle,Turning/Crossing accident,Daylight,Dry,1219,409335.0
7053,7053,196356,7,Lindenhofsiedlung,2019,6,15,3,2,3,6,0,0,0,0,1,1,0,0.0,Tempelhof-Schöneberg,Accident with serious injuries,Collision with a vehicle traveling laterally in the same direction,Collision involving vehicles going in the same way,Daylight,Dry,1241,350984.0
7054,7054,196357,4,Karl-August-Platz,2019,6,15,3,3,5,2,0,0,1,0,0,0,0,0.0,Charlottenburg-Wilmersdorf,Accident with minor injuries,Collision with a turning/crossing vehicle,Turning accident,Daylight,Dry,1727,343592.0
7055,7055,196358,2,Wassertorplatz,2019,6,16,3,3,6,7,0,1,0,1,0,0,0,0.0,Friedrichshain-Kreuzberg,Accident with minor injuries,Collision between vehicle and pedestrian,Others,Daylight,Dry,1381,290386.0
7056,7056,196359,5,Borkumer Straße,2019,6,14,3,3,5,3,0,1,1,0,0,0,0,0.0,Spandau,Accident with minor injuries,Collision with a turning/crossing vehicle,Turning/Crossing accident,Daylight,Dry,798,245197.0
7057,7057,196360,7,Rathaus Tempelhof,2019,6,11,3,3,1,5,0,1,1,0,0,0,0,0.0,Tempelhof-Schöneberg,Accident with minor injuries,Collision with a moving/standing/parked vehicle,Accident involving parked vehicles,Daylight,Dry,1241,350984.0
7058,7058,196361,1,Heine-Viertel West,2019,6,8,3,3,0,5,0,0,1,0,1,0,0,0.0,Mitte,Accident with minor injuries,Others,Accident involving parked vehicles,Daylight,Dry,2215,385748.0
7059,7059,196362,4,Ernst-Reuter-Platz,2019,6,7,3,2,1,5,0,1,1,0,0,0,0,0.0,Charlottenburg-Wilmersdorf,Accident with serious injuries,Collision with a moving/standing/parked vehicle,Accident involving parked vehicles,Daylight,Dry,1727,343592.0
7060,7060,196363,4,Tegeler Weg,2019,6,0,3,3,1,1,2,0,1,0,0,0,0,0.0,Charlottenburg-Wilmersdorf,Accident with minor injuries,Collision with a moving/standing/parked vehicle,Driving accident,Dark,Dry,1727,343592.0
7061,7061,196364,11,Orankesee,2019,6,6,3,3,2,6,0,0,1,0,0,1,0,0.0,Lichtenberg,Accident with minor injuries,Collision with the vehicle in front/waiting vehicle,Collision involving vehicles going in the same way,Daylight,Dry,679,294201.0
7062,7062,196365,2,Moritzplatz,2019,6,18,3,3,5,2,0,1,1,0,0,0,0,0.0,Friedrichshain-Kreuzberg,Accident with minor injuries,Collision with a turning/crossing vehicle,Turning accident,Daylight,Dry,1381,290386.0
7063,7063,196366,1,Arkonaplatz,2019,6,1,3,3,0,1,2,0,0,0,0,0,1,0.0,Mitte,Accident with minor injuries,Others,Driving accident,Dark,Dry,2215,385748.0
7064,7064,196367,2,Moritzplatz,2019,6,19,2,3,5,2,0,1,0,0,1,0,0,0.0,Friedrichshain-Kreuzberg,Accident with minor injuries,Collision with a turning/crossing vehicle,Turning accident,Daylight,Dry,1381,290386.0
7065,7065,196368,3,Wilhelmsruh,2019,6,3,3,3,0,1,2,0,0,0,1,0,0,0.0,Pankow,Accident with minor injuries,Others,Driving accident,Dark,Dry,1219,409335.0
7066,7066,196369,4,Breitscheidplatz,2019,6,15,3,3,0,4,0,1,0,1,0,0,0,0.0,Charlottenburg-Wilmersdorf,Accident with minor injuries,Others,Pedestrian crossing accident,Daylight,Dry,1727,343592.0
7067,7067,196370,8,Glasower Straße,2019,6,11,2,3,2,6,0,0,1,0,0,1,0,0.0,Neukölln,Accident with minor injuries,Collision with the vehicle in front/waiting vehicle,Collision involving vehicles going in the same way,Daylight,Dry,934,329917.0
7068,7068,196371,1,Alexanderplatzviertel,2019,6,19,2,3,5,3,0,0,1,0,0,0,1,0.0,Mitte,Accident with minor injuries,Collision with a turning/crossing vehicle,Turning/Crossing accident,Daylight,Dry,2215,385748.0
7069,7069,196372,4,Babelsberger Straße,2019,6,9,3,3,5,3,0,1,0,0,0,0,0,0.0,Charlottenburg-Wilmersdorf,Accident with minor injuries,Collision with a turning/crossing vehicle,Turning/Crossing accident,Daylight,Dry,1727,343592.0
7070,7070,196373,4,Karl-August-Platz,2019,6,15,2,3,3,2,0,1,0,0,0,0,1,0.0,Charlottenburg-Wilmersdorf,Accident with minor injuries,Collision with a vehicle traveling laterally in the same direction,Turning accident,Daylight,Dry,1727,343592.0
7071,7071,196374,3,Humannplatz,2019,6,15,3,3,6,4,0,1,0,1,0,0,0,0.0,Pankow,Accident with minor injuries,Collision between vehicle and pedestrian,Pedestrian crossing accident,Daylight,Dry,1219,409335.0
7072,7072,196375,1,Sparrplatz,2019,6,18,2,3,6,4,0,1,0,1,0,0,0,0.0,Mitte,Accident with minor injuries,Collision between vehicle and pedestrian,Pedestrian crossing accident,Daylight,Dry,2215,385748.0
7073,7073,196376,6,Stadtpark,2019,6,18,2,3,5,2,0,1,1,0,0,0,0,0.0,Steglitz-Zehlendorf,Accident with minor injuries,Collision with a turning/crossing vehicle,Turning accident,Daylight,Dry,851,310071.0