,Unnamed: 0,object id,district,street,year,month,hour of day,weekday,category,accident type,accident type 2,light situation,bike involved,car involved,pedestrian involved,motor bike involved,big track involved,other vehicle involved,road condition,district name,category name,accident detail,accident type detail,light condition,road condition detail,accident count by district,est. population
7074,7074,196377,1,Heine-Viertel West,2019,6,15,3,3,2,6,0,0,1,0,0,0,0,0.0,Mitte,Accident with minor injuries,Collision with the vehicle in front/waiting vehicle,Collision involving vehicles going in the same way,Daylight,Dry,2215,385748.0
7075,7075,196378,12,Lübars,2019,6,14,2,3,5,3,0,1,0,0,0,0,1,0.0,Reinickendorf,Accident with minor injuries,Collision with a turning/crossing vehicle,Turning/Crossing accident,Daylight,Dry,867,266408.0
7076,7076,196379,5,Hakenfelde Nord,2019,6,16,2,3,5,3,0,1,1,0,0,0,0,0.0,Spandau,Accident with minor injuries,Collision with a turning/crossing vehicle,Turning/Crossing accident,Daylight,Dry,798,245197.0
7077,7077,196380,8,Rixdorf,2019,6,20,3,3,1,5,1,1,1,0,0,0,0,0.0,Neukölln,Accident with minor injuries,Collision with a moving/standing/parked vehicle,Accident involving parked vehicles,Twilight,Dry,934,329917.0
7078,7078,196381,3,Karow Nord,2019,6,16,2,2,5,3,0,1,0,0,0,0,0,0.0,Pankow,Accident with serious injuries,Collision with a turning/crossing vehicle,Turning/Crossing accident,Daylight,Dry,1219,409335.0
7079,7079,196382,8,Glasower Straße,2019,6,16,3,3,5,3,0,0,1,0,0,0,0,0.0,Neukölln,Accident with minor injuries,Collision with a turning/crossing vehicle,Turning/Crossing accident,Daylight,Dry,934,329917.0
7080,7080,196383,2,Graefekiez,2019,6,20,2,3,3,6,0,0,1,0,0,0,0,0.0,Friedrichshain-Kreuzberg,Accident with minor injuries,Collision with a vehicle traveling laterally in the same direction,Collision involving vehicles going in the same way,Daylight,Dry,1381,290386.0
7081,7081,196384,1,Rehberge,2019,6,17,2,3,5,2,0,1,1,0,0,0,0,0.0,Mitte,Accident with minor injuries,Collision with a turning/crossing vehicle,Turning accident,Daylight,Dry,2215,385748.0
7082,7082,196385,6,Gemeindepark Lankwitz,2019,6,16,3,3,5,7,0,1,0,0,0,0,0,0.0,Steglitz-Zehlendorf,Accident with minor injuries,Collision with a turning/crossing vehicle,Others,Daylight,Dry,851,310071.0
7083,7083,196386,1,Leopoldplatz,2019,6,16,3,3,6,4,0,0,0,1,0,0,1,0.0,Mitte,Accident with minor injuries,Collision between vehicle and pedestrian,Pedestrian crossing accident,Daylight,Dry,2215,385748.0
7084,7084,196387,7,Franziusweg/Rohrbachstraße,2019,6,18,2,3,5,5,0,1,1,0,0,0,0,0.0,Tempelhof-Schöneberg,Accident with minor injuries,Collision with a turning/crossing vehicle,Accident involving parked vehicles,Daylight,Dry,1241,350984.0
7085,7085,196388,10,Marzahner Promenade,2019,6,17,2,3,4,6,0,1,0,0,0,0,0,0.0,Marzahn-Hellersdorf,Accident with minor injuries,Collision with oncoming vehicle,Collision involving vehicles going in the same way,Daylight,Dry,586,269967.0
7086,7086,196389,1,Zillesiedlung,2019,6,16,3,3,0,6,0,1,0,0,0,0,1,0.0,Mitte,Accident with minor injuries,Others,Collision involving vehicles going in the same way,Daylight,Dry,2215,385748.0
7087,7087,196390,4,Karl-August-Platz,2019,6,17,2,3,5,3,0,0,1,0,0,0,0,0.0,Charlottenburg-Wilmersdorf,Accident with minor injuries,Collision with a turning/crossing vehicle,Turning/Crossing accident,Daylight,Dry,1727,343592.0
7088,7088,196391,11,Große-Leege-Straße,2019,6,15,3,3,3,6,0,1,1,0,0,0,0,0.0,Lichtenberg,Accident with minor injuries,Collision with a vehicle traveling laterally in the same direction,Collision involving vehicles going in the same way,Daylight,Dry,679,294201.0
7089,7089,196392,1,Emdener Straße,2019,6,17,2,3,2,6,0,0,1,0,1,0,0,0.0,Mitte,Accident with minor injuries,Collision with the vehicle in front/waiting vehicle,Collision involving vehicles going in the same way,Daylight,Dry,2215,385748.0
7090,7090,196393,7,Nollendorfplatz,2019,6,16,2,3,3,6,0,0,1,0,1,0,0,0.0,Tempelhof-Schöneberg,Accident with minor injuries,Collision with a vehicle traveling laterally in the same direction,Collision involving vehicles going in the same way,Daylight,Dry,1241,350984.0
7091,7091,196394,4,George-Grosz-Platz,2019,6,10,2,3,5,2,0,0,1,0,1,0,0,0.0,Charlottenburg-Wilmersdorf,Accident with minor injuries,Collision with a turning/crossing vehicle,Turning accident,Daylight,Dry,1727,343592.0
7092,7092,196395,7,Marienfelde Süd,2019,6,14,3,3,5,2,0,0,1,0,1,0,0,0.0,Tempelhof-Schöneberg,Accident with minor injuries,Collision with a turning/crossing vehicle,Turning accident,Daylight,Dry,1241,350984.0
7093,7093,196396,7,Neu-Tempelhof,2019,6,9,2,3,5,3,0,0,1,0,0,0,0,0.0,Tempelhof-Schöneberg,Accident with minor injuries,Collision with a turning/crossing vehicle,Turning/Crossing accident,Daylight,Dry,1241,350984.0
7094,7094,196397,8,Buschkrugallee Nord,2019,6,15,3,3,5,7,0,0,1,0,0,0,1,0.0,Neukölln,Accident with minor injuries,Collision with a turning/crossing vehicle,Others,Daylight,Dry,934,329917.0
7095,7095,196398,2,Graefekiez,2019,6,18,2,2,2,6,0,0,1,0,1,0,0,0.0,Friedrichshain-Kreuzberg,Accident with serious injuries,Collision with the vehicle in front/waiting vehicle,Collision involving vehicles going in the same way,Daylight,Dry,1381,290386.0
7096,7096,196399,3,Bötzowstraße,2019,6,15,3,3,6,4,0,0,1,1,0,0,0,0.0,Pankow,Accident with minor injuries,Collision between vehicle and pedestrian,Pedestrian crossing accident,Daylight,Dry,1219,409335.0
7097,7097,196400,1,Sparrplatz,2019,6,8,2,3,5,2,0,1,0,0,0,0,1,0.0,Mitte,Accident with minor injuries,Collision with a turning/crossing vehicle,Turning accident,Daylight,Dry,2215,385748.0
7098,7098,196401,10,Alt-Biesdorf,2019,6,15,3,3,5,2,0,1,1,0,0,0,0,0.0,Marzahn-Hellersdorf,Accident with minor injuries,Collision with a turning/crossing vehicle,Turning accident,Daylight,Dry,586,269967.0
7099,7099,196402,1,Gesundbrunnen,2019,6,17,2,2,6,4,0,0,1,1,0,0,0,0.0,Mitte,Accident with serious injuries,Collision between vehicle and pedestrian,Pedestrian crossing accident,Daylight,Dry,2215,385748.0
7100,7100,196403,7,Manteuffelstraße,2019,6,15,3,3,2,6,0,0,0,0,1,0,1,0.0,Tempelhof-Schöneberg,Accident with minor injuries,Collision with the vehicle in front/waiting vehicle,Collision involving vehicles going in the same way,Daylight,Dry,1241,350984.0
7101,7101,196404,4,Karl-August-Platz,2019,6,18,2,3,2,6,0,0,1,0,0,0,0,0.0,Charlottenburg-Wilmersdorf,Accident with minor injuries,Collision with the vehicle in front/waiting vehicle,Collision involving vehicles going in the same way,Daylight,Dry,1727,343592.0
7102,7102,196405,1,Gesundbrunnen,2019,6,15,3,2,0,1,0,1,0,0,0,0,0,0.0,Mitte,Accident with serious injuries,Others,Driving accident,Daylight,Dry,2215,385748.0
7103,7103,196406,5,Adamstraße,2019,6,18,2,3,5,3,0,0,1,0,0,0,0,0.0,Spandau,Accident with minor injuries,Collision with a turning/crossing vehicle,Turning/Crossing accident,Daylight,Dry,798,245197.0
7104,7104,196407,9,Späthsfelde,2019,6,16,2,3,5,2,0,0,0,0,1,0,1,0.0,Treptow-Köpenick,Accident with minor injuries,Collision with a turning/crossing vehicle,Turning accident,Daylight,Dry,892,273689.0
7105,7105,196408,4,George-Grosz-Platz,2019,6,16,3,3,6,7,0,0,1,1,0,0,0,0.0,Charlottenburg-Wilmersdorf,Accident with minor injuries,Collision between vehicle and pedestrian,Others,Daylight,Dry,1727,343592.0
7106,7106,196409,7,Neu-Tempelhof,2019,6,18,2,3,2,6,0,0,1,0,0,0,0,0.0,Tempelhof-Schöneberg,Accident with minor injuries,Collision with the vehicle in front/waiting vehicle,Collision involving vehicles going in the same way,Daylight,Dry,1241,350984.0
7107,7107,196410,1,Mehringplatz,2019,6,11,3,3,6,4,0,0,1,1,0,0,0,0.0,Mitte,Accident with minor injuries,Collision between vehicle and pedestrian,Pedestrian crossing accident,Daylight,Dry,2215,385748.0
7108,7108,196411,12,Ziekowstraße/Freie Scholle,2019,6,15,2,2,1,5,0,0,1,0,0,0,0,0.0,Reinickendorf,Accident with serious injuries,Collision with a moving/standing/parked vehicle,Accident involving parked vehicles,Daylight,Dry,867,266408.0
7109,7109,196412,1,Heine-Viertel West,2019,6,15,2,3,5,2,0,1,1,0,0,0,0,0.0,Mitte,Accident with minor injuries,Collision with a turning/crossing vehicle,Turning accident,Daylight,Dry,2215,385748.0
7110,7110,196413,7,Kettinger Straße/Schillerstraße,2019,6,13,3,3,1,7,0,0,1,0,0,0,0,0.0,Tempelhof-Schöneberg,Accident with minor injuries,Collision with a moving/standing/parked vehicle,Others,Daylight,Dry,1241,350984.0
7111,7111,196414,6,Dahlem,2019,6,15,2,3,5,2,0,0,1,0,0,0,0,0.0,Steglitz-Zehlendorf,Accident with minor injuries,Collision with a turning/crossing vehicle,Turning accident,Daylight,Dry,851,310071.0
7112,7112,196415,7,Grazer Platz,2019,6,12,3,3,5,3,0,0,1,0,0,0,0,0.0,Tempelhof-Schöneberg,Accident with minor injuries,Collision with a turning/crossing vehicle,Turning/Crossing accident,Daylight,Dry,1241,350984.0
7113,7113,196416,12,Reinickes Hof,2019,6,8,2,3,5,2,0,1,1,0,0,0,0,0.0,Reinickendorf,Accident with minor injuries,Collision with a turning/crossing vehicle,Turning accident,Daylight,Dry,867,266408.0
7114,7114,196417,9,Grünau,2019,6,12,3,3,5,2,0,0,1,0,1,0,0,0.0,Treptow-Köpenick,Accident with minor injuries,Collision with a turning/crossing vehicle,Turning accident,Daylight,Dry,892,273689.0
7115,7115,196418,7,Friedenau,2019,6,10,2,3,5,2,0,0,1,0,1,0,0,0.0,Tempelhof-Schöneberg,Accident with minor injuries,Collision with a turning/crossing vehicle,Turning accident,Daylight,Dry,1241,350984.0
7116,7116,196419,2,Lausitzer Platz,2019,6,12,3,3,5,3,0,0,1,0,1,0,0,0.0,Friedrichshain-Kreuzberg,Accident with minor injuries,Collision with a turning/crossing vehicle,Turning/Crossing accident,Daylight,Dry,1381,290386.0
7117,7117,196420,4,George-Grosz-Platz,2019,6,15,2,3,5,7,0,0,1,0,0,0,0,0.0,Charlottenburg-Wilmersdorf,Accident with minor injuries,Collision with a turning/crossing vehicle,Others,Daylight,Dry,1727,343592.0
7118,7118,196421,7,Wittenbergplatz/Viktoria-Luise-Platz,2019,6,15,2,3,5,3,0,0,1,0,0,0,0,0.0,Tempelhof-Schöneberg,Accident with minor injuries,Collision with a turning/crossing vehicle,Turning/Crossing accident,Daylight,Dry,1241,350984.0
7119,7119,196422,10,Biesdorf Süd,2019,6,12,3,3,0,7,0,0,1,0,0,0,0,0.0,Marzahn-Hellersdorf,Accident with minor injuries,Others,Others,Daylight,Dry,586,269967.0
7120,7120,196423,12,Märkisches Zentrum,2019,6,12,3,3,5,3,0,0,1,0,0,0,0,0.0,Reinickendorf,Accident with minor injuries,Collision with a turning/crossing vehicle,Turning/Crossing accident,Daylight,Dry,867,266408.0
7121,7121,196424,7,Manteuffelstraße,2019,6,15,2,3,2,6,0,0,1,0,0,0,1,0.0,Tempelhof-Schöneberg,Accident with minor injuries,Collision with the vehicle in front/waiting vehicle,Collision involving vehicles going in the same way,Daylight,Dry,1241,350984.0
7122,7122,196425,10,Havemannstraße,2019,6,11,3,3,5,5,0,0,1,0,0,0,0,0.0,Marzahn-Hellersdorf,Accident with minor injuries,Collision with a turning/crossing vehicle,Accident involving parked vehicles,Daylight,Dry,586,269967.0
7123,7123,196426,2,Samariterviertel,2019,6,6,2,3,2,7,0,0,1,0,1,0,0,0.0,Friedrichshain-Kreuzberg,Accident with minor injuries,Collision with the vehicle in front/waiting vehicle,Others,Daylight,Dry,1381,290386.0
7124,7124,196427,9,Baumschulenstraße,2019,6,21,3,3,6,2,2,0,1,1,0,0,0,0.0,Treptow-Köpenick,Accident with minor injuries,Collision between vehicle and pedestrian,Turning accident,Dark,Dry,892,273689.0
7125,7125,196428,3,Gustav-Adolf-Straße,2019,6,6,2,3,5,2,0,1,0,0,0,0,1,0.0,Pankow,Accident with minor injuries,Collision with a turning/crossing vehicle,Turning accident,Daylight,Dry,1219,409335.0
7126,7126,196429,3,Helmholtzplatz,2019,6,7,2,3,2,7,0,1,0,0,0,0,1,0.0,Pankow,Accident with minor injuries,Collision with the vehicle in front/waiting vehicle,Others,Daylight,Dry,1219,409335.0
7127,7127,196430,11,Fennpfuhl West,2019,6,19,3,3,5,3,0,1,0,0,0,0,0,0.0,Lichtenberg,Accident with minor injuries,Collision with a turning/crossing vehicle,Turning/Crossing accident,Daylight,Dry,679,294201.0
7128,7128,196431,2,Moritzplatz,2019,6,18,3,3,2,6,0,1,1,0,0,0,0,0.0,Friedrichshain-Kreuzberg,Accident with minor injuries,Collision with the vehicle in front/waiting vehicle,Collision involving vehicles going in the same way,Daylight,Dry,1381,290386.0
7129,7129,196432,4,Alt-Lietzow,2019,6,14,2,3,5,2,0,0,1,0,0,0,0,0.0,Charlottenburg-Wilmersdorf,Accident with minor injuries,Collision with a turning/crossing vehicle,Turning accident,Daylight,Dry,1727,343592.0
7130,7130,196433,7,Rathaus Tempelhof,2019,6,16,2,3,2,6,0,0,1,0,0,0,1,0.0,Tempelhof-Schöneberg,Accident with minor injuries,Collision with the vehicle in front/waiting vehicle,Collision involving vehicles going in the same way,Daylight,Dry,1241,350984.0
7131,7131,196434,8,Silbersteinstraße,2019,6,19,3,3,0,6,0,0,1,0,0,0,1,0.0,Neukölln,Accident with minor injuries,Others,Collision involving vehicles going in the same way,Daylight,Dry,934,329917.0
7132,7132,196435,6,Dahlem,2019,6,14,2,3,3,6,0,0,1,0,1,0,0,0.0,Steglitz-Zehlendorf,Accident with minor injuries,Collision with a vehicle traveling laterally in the same direction,Collision involving vehicles going in the same way,Daylight,Dry,851,310071.0
7133,7133,196436,8,Hasenheide,2019,6,19,3,2,6,4,0,0,1,1,0,0,0,0.0,Neukölln,Accident with serious injuries,Collision between vehicle and pedestrian,Pedestrian crossing accident,Daylight,Dry,934,329917.0
7134,7134,196437,2,Graefekiez,2019,6,13,2,3,6,7,0,0,0,1,0,0,1,0.0,Friedrichshain-Kreuzberg,Accident with minor injuries,Collision between vehicle and pedestrian,Others,Daylight,Dry,1381,290386.0
7135,7135,196438,12,Ziekowstraße/Freie Scholle,2019,6,12,2,3,0,2,0,0,1,0,1,0,0,0.0,Reinickendorf,Accident with minor injuries,Others,Turning accident,Daylight,Dry,867,266408.0
7136,7136,196439,4,Schlangenbader Straße,2019,6,18,3,3,5,2,0,0,1,0,0,0,0,0.0,Charlottenburg-Wilmersdorf,Accident with minor injuries,Collision with a turning/crossing vehicle,Turning accident,Daylight,Dry,1727,343592.0
7137,7137,196440,3,Lietzengraben,2019,6,11,2,3,3,6,0,0,1,0,0,0,0,0.0,Pankow,Accident with minor injuries,Collision with a vehicle traveling laterally in the same direction,Collision involving vehicles going in the same way,Daylight,Dry,1219,409335.0
7138,7138,196441,5,Staakener Straße,2019,6,18,3,3,3,6,0,0,1,0,0,0,0,0.0,Spandau,Accident with minor injuries,Collision with a vehicle traveling laterally in the same direction,Collision involving vehicles going in the same way,Daylight,Dry,798,245197.0
7139,7139,196442,1,Oranienburger Straße,2019,6,23,2,2,6,2,2,0,1,1,0,0,0,0.0,Mitte,Accident with serious injuries,Collision between vehicle and pedestrian,Turning accident,Dark,Dry,2215,385748.0
7140,7140,196443,12,Alt-Tegel,2019,6,18,3,3,2,2,0,1,1,0,0,0,0,0.0,Reinickendorf,Accident with minor injuries,Collision with the vehicle in front/waiting vehicle,Turning accident,Daylight,Dry,867,266408.0
7141,7141,196444,8,Reuterkiez,2019,6,21,2,3,3,6,2,1,1,0,0,0,0,0.0,Neukölln,Accident with minor injuries,Collision with a vehicle traveling laterally in the same direction,Collision involving vehicles going in the same way,Dark,Dry,934,329917.0
7142,7142,196445,8,Gewerbegebiet Köllnische Heide,2019,6,11,3,3,2,6,0,0,1,0,0,0,0,0.0,Neukölln,Accident with minor injuries,Collision with the vehicle in front/waiting vehicle,Collision involving vehicles going in the same way,Daylight,Dry,934,329917.0
7143,7143,196446,3,Pankow Zentrum,2019,6,11,2,3,5,3,0,1,1,0,0,0,0,0.0,Pankow,Accident with minor injuries,Collision with a turning/crossing vehicle,Turning/Crossing accident,Daylight,Dry,1219,409335.0
7144,7144,196447,11,Karlshorst Nord,2019,6,10,2,3,5,2,0,0,1,0,0,0,1,0.0,Lichtenberg,Accident with minor injuries,Collision with a turning/crossing vehicle,Turning accident,Daylight,Dry,679,294201.0
7145,7145,196448,1,Thomasiusstraße,2019,6,17,3,3,5,3,0,1,0,0,0,0,0,0.0,Mitte,Accident with minor injuries,Collision with a turning/crossing vehicle,Turning/Crossing accident,Daylight,Dry,2215,385748.0
7146,7146,196449,6,Krumme Lanke,2019,6,11,3,3,5,3,0,1,1,0,0,0,0,0.0,Steglitz-Zehlendorf,Accident with minor injuries,Collision with a turning/crossing vehicle,Turning/Crossing accident,Daylight,Dry,851,310071.0
7147,7147,196450,1,Karl-Marx-Allee,2019,6,21,2,2,6,4,1,0,0,1,0,0,1,0.0,Mitte,Accident with serious injuries,Collision between vehicle and pedestrian,Pedestrian crossing accident,Twilight,Dry,2215,385748.0
7148,7148,196451,9,Kietzer Feld/Nachtheide,2019,6,10,2,3,5,3,0,1,1,0,0,0,0,0.0,Treptow-Köpenick,Accident with minor injuries,Collision with a turning/crossing vehicle,Turning/Crossing accident,Daylight,Dry,892,273689.0
7149,7149,196452,1,Karl-Marx-Allee,2019,6,10,3,3,2,6,0,0,1,0,0,0,0,0.0,Mitte,Accident with minor injuries,Collision with the vehicle in front/waiting vehicle,Collision involving vehicles going in the same way,Daylight,Dry,2215,385748.0
7150,7150,196453,4,Ernst-Reuter-Platz,2019,6,10,2,3,6,4,0,0,1,1,0,0,0,0.0,Charlottenburg-Wilmersdorf,Accident with minor injuries,Collision between vehicle and pedestrian,Pedestrian crossing accident,Daylight,Dry,1727,343592.0
7151,7151,196454,12,Teichstraße,2019,6,17,3,3,2,6,0,0,1,0,0,0,0,0.0,Reinickendorf,Accident with minor injuries,Collision with the vehicle in front/waiting vehicle,Collision involving vehicles going in the same way,Daylight,Dry,867,266408.0
7152,7152,196455,7,Manteuffelstraße,2019,6,10,2,3,1,5,0,1,1,0,0,0,0,0.0,Tempelhof-Schöneberg,Accident with minor injuries,Collision with a moving/standing/parked vehicle,Accident involving parked vehicles,Daylight,Dry,1241,350984.0
7153,7153,196456,4,Prager Platz,2019,6,16,3,3,2,6,0,0,1,0,1,0,0,0.0,Charlottenburg-Wilmersdorf,Accident with minor injuries,Collision with the vehicle in front/waiting vehicle,Collision involving vehicles going in the same way,Daylight,Dry,1727,343592.0
7154,7154,196457,1,Lützowstraße,2019,6,20,2,2,5,2,0,0,1,0,0,0,1,0.0,Mitte,Accident with serious injuries,Collision with a turning/crossing vehicle,Turning accident,Daylight,Dry,2215,385748.0
7155,7155,196458,4,Breitscheidplatz,2019,6,10,3,3,1,5,0,1,1,0,0,0,0,0.0,Charlottenburg-Wilmersdorf,Accident with minor injuries,Collision with a moving/standing/parked vehicle,Accident involving parked vehicles,Daylight,Dry,1727,343592.0
7156,7156,196459,4,Alt-Lietzow,2019,6,17,2,3,0,7,0,0,0,0,1,0,0,1.0,Charlottenburg-Wilmersdorf,Accident with minor injuries,Others,Others,Daylight,Wet/moist/slippery,1727,343592.0
7157,7157,196460,1,Gesundbrunnen,2019,6,9,3,3,5,3,0,0,1,0,0,0,0,0.0,Mitte,Accident with minor injuries,Collision with a turning/crossing vehicle,Turning/Crossing accident,Daylight,Dry,2215,385748.0
7158,7158,196461,6,Königsberger Straße,2019,6,9,2,3,5,2,0,0,1,0,0,0,0,0.0,Steglitz-Zehlendorf,Accident with minor injuries,Collision with a turning/crossing vehicle,Turning accident,Daylight,Dry,851,310071.0
7159,7159,196462,2,Askanischer Platz,2019,6,9,3,3,3,6,0,1,0,0,1,0,0,0.0,Friedrichshain-Kreuzberg,Accident with minor injuries,Collision with a vehicle traveling laterally in the same direction,Collision involving vehicles going in the same way,Daylight,Dry,1381,290386.0
7160,7160,196463,5,Pillnitzer Weg,2019,6,9,2,3,5,3,0,0,1,0,0,0,0,0.0,Spandau,Accident with minor injuries,Collision with a turning/crossing vehicle,Turning/Crossing accident,Daylight,Dry,798,245197.0
7161,7161,196464,11,Sewanstraße,2019,6,9,2,3,6,4,0,0,0,1,1,0,0,0.0,Lichtenberg,Accident with minor injuries,Collision between vehicle and pedestrian,Pedestrian crossing accident,Daylight,Dry,679,294201.0
7162,7162,196465,1,Rehberge,2019,6,16,3,3,2,6,0,0,1,0,1,0,0,0.0,Mitte,Accident with minor injuries,Collision with the vehicle in front/waiting vehicle,Collision involving vehicles going in the same way,Daylight,Dry,2215,385748.0
7163,7163,196466,1,Schillerpark,2019,6,9,2,2,5,2,0,1,1,0,0,0,0,0.0,Mitte,Accident with serious injuries,Collision with a turning/crossing vehicle,Turning accident,Daylight,Dry,2215,385748.0
7164,7164,196467,12,Rollbergesiedlung,2019,6,9,3,3,5,2,0,1,1,0,0,0,0,0.0,Reinickendorf,Accident with minor injuries,Collision with a turning/crossing vehicle,Turning accident,Daylight,Dry,867,266408.0
7165,7165,196468,11,Weitlingstraße,2019,6,9,2,3,5,3,0,0,1,0,1,0,0,0.0,Lichtenberg,Accident with minor injuries,Collision with a turning/crossing vehicle,Turning/Crossing accident,Daylight,Dry,679,294201.0
7166,7166,196469,11,Orankesee,2019,6,16,3,3,3,6,0,0,1,0,0,1,0,0.0,Lichtenberg,Accident with minor injuries,Collision with a vehicle traveling laterally in the same direction,Collision involving vehicles going in the same way,Daylight,Dry,679,294201.0
7167,7167,196470,9,Dammvorstadt,2019,6,8,2,2,5,2,0,1,1,0,0,0,0,0.0,Treptow-Köpenick,Accident with serious injuries,Collision with a turning/crossing vehicle,Turning accident,Daylight,Dry,892,273689.0
7168,7168,196471,10,Kaulsdorf Süd,2019,6,16,3,3,5,3,0,1,1,0,0,0,0,0.0,Marzahn-Hellersdorf,Accident with minor injuries,Collision with a turning/crossing vehicle,Turning/Crossing accident,Daylight,Dry,586,269967.0
7169,7169,196472,9,Oberschöneweide West,2019,6,8,2,3,0,6,0,1,0,0,0,1,0,0.0,Treptow-Köpenick,Accident with minor injuries,Others,Collision involving vehicles going in the same way,Daylight,Dry,892,273689.0
7170,7170,196473,7,Rathausstraße,2019,6,8,2,3,2,6,0,0,1,0,0,0,0,0.0,Tempelhof-Schöneberg,Accident with minor injuries,Collision with the vehicle in front/waiting vehicle,Collision involving vehicles going in the same way,Daylight,Dry,1241,350984.0
7171,7171,196474,1,Emdener Straße,2019,6,9,3,3,2,6,0,0,1,0,0,0,0,0.0,Mitte,Accident with minor injuries,Collision with the vehicle in front/waiting vehicle,Collision involving vehicles going in the same way,Daylight,Dry,2215,385748.0
7172,7172,196475,1,Heine-Viertel Ost,2019,6,16,3,3,3,6,0,1,1,0,0,0,0,0.0,Mitte,Accident with minor injuries,Collision with a vehicle traveling laterally in the same direction,Collision involving vehicles going in the same way,Daylight,Dry,2215,385748.0
7173,7173,196476,10,Oberfeldstraße,2019,6,8,2,3,5,2,0,0,1,0,0,0,0,0.0,Marzahn-Hellersdorf,Accident with minor injuries,Collision with a turning/crossing vehicle,Turning accident,Daylight,Dry,586,269967.0
7174,7174,196477,4,Alt-Lietzow,2019,6,18,2,3,2,6,0,0,1,0,0,0,1,0.0,Charlottenburg-Wilmersdorf,Accident with minor injuries,Collision with the vehicle in front/waiting vehicle,Collision involving vehicles going in the same way,Daylight,Dry,1727,343592.0
7175,7175,196478,2,Askanischer Platz,2019,6,9,3,3,5,2,0,1,1,0,0,0,0,0.0,Friedrichshain-Kreuzberg,Accident with minor injuries,Collision with a turning/crossing vehicle,Turning accident,Daylight,Dry,1381,290386.0
7176,7176,196479,4,Halensee,2019,6,9,1,3,5,2,0,1,1,0,0,0,0,0.0,Charlottenburg-Wilmersdorf,Accident with minor injuries,Collision with a turning/crossing vehicle,Turning accident,Daylight,Dry,1727,343592.0
7177,7177,196480,9,Altstadt Kietz,2019,6,16,3,3,1,5,0,1,1,0,0,0,1,0.0,Treptow-Köpenick,Accident with minor injuries,Collision with a moving/standing/parked vehicle,Accident involving parked vehicles,Daylight,Dry,892,273689.0
7178,7178,196481,11,Karlshorst Nord,2019,6,0,1,3,5,3,2,0,1,0,0,0,0,0.0,Lichtenberg,Accident with minor injuries,Collision with a turning/crossing vehicle,Turning/Crossing accident,Dark,Dry,679,294201.0
7179,7179,196482,5,Zitadellenweg,2019,6,1,1,2,0,1,2,0,1,0,1,0,0,0.0,Spandau,Accident with serious injuries,Others,Driving accident,Dark,Dry,798,245197.0
7180,7180,196483,1,Großer Tiergarten,2019,6,8,3,3,5,3,0,0,1,0,1,0,0,0.0,Mitte,Accident with minor injuries,Collision with a turning/crossing vehicle,Turning/Crossing accident,Daylight,Dry,2215,385748.0
7181,7181,196484,1,Sparrplatz,2019,6,9,1,3,2,6,0,0,1,0,0,0,1,0.0,Mitte,Accident with minor injuries,Collision with the vehicle in front/waiting vehicle,Collision involving vehicles going in the same way,Daylight,Dry,2215,385748.0
7182,7182,196485,12,Hermsdorf,2019,6,9,1,3,5,3,0,0,1,0,0,0,0,0.0,Reinickendorf,Accident with minor injuries,Collision with a turning/crossing vehicle,Turning/Crossing accident,Daylight,Dry,867,266408.0
7183,7183,196486,2,Moritzplatz,2019,6,8,3,3,5,2,0,1,0,0,0,0,1,0.0,Friedrichshain-Kreuzberg,Accident with minor injuries,Collision with a turning/crossing vehicle,Turning accident,Daylight,Dry,1381,290386.0
7184,7184,196487,9,Adlershof West,2019,6,11,1,3,0,2,0,0,1,0,1,0,0,0.0,Treptow-Köpenick,Accident with minor injuries,Others,Turning accident,Daylight,Dry,892,273689.0
7185,7185,196488,8,Reuterkiez,2019,6,22,1,3,1,5,1,1,1,0,0,0,0,0.0,Neukölln,Accident with minor injuries,Collision with a moving/standing/parked vehicle,Accident involving parked vehicles,Twilight,Dry,934,329917.0
7186,7186,196489,5,Carl-Schurz-Straße,2019,6,7,3,3,3,6,0,0,1,0,1,0,0,0.0,Spandau,Accident with minor injuries,Collision with a vehicle traveling laterally in the same direction,Collision involving vehicles going in the same way,Daylight,Dry,798,245197.0
7187,7187,196490,1,Invalidenstraße,2019,6,21,1,2,5,3,1,0,1,0,1,0,0,0.0,Mitte,Accident with serious injuries,Collision with a turning/crossing vehicle,Turning/Crossing accident,Twilight,Dry,2215,385748.0
7188,7188,196491,1,Elberfelder Straße,2019,6,8,3,3,5,2,0,1,1,0,0,0,0,0.0,Mitte,Accident with minor injuries,Collision with a turning/crossing vehicle,Turning accident,Daylight,Dry,2215,385748.0
7189,7189,196492,1,Rehberge,2019,6,21,1,3,1,5,1,1,1,0,0,0,1,0.0,Mitte,Accident with minor injuries,Collision with a moving/standing/parked vehicle,Accident involving parked vehicles,Twilight,Dry,2215,385748.0
7190,7190,196493,5,Zitadellenweg,2019,6,6,3,3,2,2,0,0,1,0,1,0,0,0.0,Spandau,Accident with minor injuries,Collision with the vehicle in front/waiting vehicle,Turning accident,Daylight,Dry,798,245197.0
7191,7191,196494,1,Charitéviertel,2019,6,20,1,2,2,6,0,0,1,0,1,0,0,0.0,Mitte,Accident with serious injuries,Collision with the vehicle in front/waiting vehicle,Collision involving vehicles going in the same way,Daylight,Dry,2215,385748.0