,Unnamed: 0,object id,district,street,year,month,hour of day,weekday,category,accident type,accident type 2,light situation,bike involved,car involved,pedestrian involved,motor bike involved,big track involved,other vehicle involved,road condition,district name,category name,accident detail,accident type detail,light condition,road condition detail,accident count by district,est. population
7192,7192,196495,1,Brunnenstraße,2019,6,8,3,3,5,2,0,0,1,0,0,0,1,0.0,Mitte,Accident with minor injuries,Collision with a turning/crossing vehicle,Turning accident,Daylight,Dry,2215,385748.0
7193,7193,196496,10,Oberfeldstraße,2019,6,19,1,3,5,7,0,1,1,0,0,0,0,0.0,Marzahn-Hellersdorf,Accident with minor injuries,Collision with a turning/crossing vehicle,Others,Daylight,Dry,586,269967.0
7194,7194,196497,10,Mahlsdorf Süd,2019,6,19,1,3,5,3,0,0,1,0,1,0,0,0.0,Marzahn-Hellersdorf,Accident with minor injuries,Collision with a turning/crossing vehicle,Turning/Crossing accident,Daylight,Dry,586,269967.0
7195,7195,196498,9,Kietzer Feld/Nachtheide,2019,6,7,3,3,5,3,0,1,1,0,0,0,0,0.0,Treptow-Köpenick,Accident with minor injuries,Collision with a turning/crossing vehicle,Turning/Crossing accident,Daylight,Dry,892,273689.0
7196,7196,196499,12,Wittenau Süd,2019,6,7,3,3,5,2,0,0,1,0,1,0,0,0.0,Reinickendorf,Accident with minor injuries,Collision with a turning/crossing vehicle,Turning accident,Daylight,Dry,867,266408.0
7197,7197,196500,7,Schöneberger Insel,2019,6,17,1,3,1,5,0,1,1,0,0,0,0,0.0,Tempelhof-Schöneberg,Accident with minor injuries,Collision with a moving/standing/parked vehicle,Accident involving parked vehicles,Daylight,Dry,1241,350984.0
7198,7198,196501,7,Neu-Tempelhof,2019,6,17,1,3,1,5,0,1,1,0,0,0,0,0.0,Tempelhof-Schöneberg,Accident with minor injuries,Collision with a moving/standing/parked vehicle,Accident involving parked vehicles,Daylight,Dry,1241,350984.0
7199,7199,196502,3,Blankenburg,2019,6,7,3,3,5,2,0,1,1,0,0,0,0,0.0,Pankow,Accident with minor injuries,Collision with a turning/crossing vehicle,Turning accident,Daylight,Dry,1219,409335.0
7200,7200,196503,8,Glasower Straße,2019,6,17,1,3,0,6,0,0,1,0,1,0,0,0.0,Neukölln,Accident with minor injuries,Others,Collision involving vehicles going in the same way,Daylight,Dry,934,329917.0
7201,7201,196504,5,Eckschanze,2019,6,6,3,3,5,3,0,1,1,0,0,0,0,0.0,Spandau,Accident with minor injuries,Collision with a turning/crossing vehicle,Turning/Crossing accident,Daylight,Dry,798,245197.0
7202,7202,196505,6,Thielallee,2019,6,14,1,3,5,3,0,0,1,0,0,0,0,0.0,Steglitz-Zehlendorf,Accident with minor injuries,Collision with a turning/crossing vehicle,Turning/Crossing accident,Daylight,Dry,851,310071.0
7203,7203,196506,1,Wilhelmstraße,2019,6,14,2,3,6,4,0,0,1,1,0,0,0,0.0,Mitte,Accident with minor injuries,Collision between vehicle and pedestrian,Pedestrian crossing accident,Daylight,Dry,2215,385748.0
7204,7204,196507,3,Niederschönhausen,2019,6,14,1,3,5,2,0,0,1,0,0,0,0,0.0,Pankow,Accident with minor injuries,Collision with a turning/crossing vehicle,Turning accident,Daylight,Dry,1219,409335.0
7205,7205,196508,1,Oranienburger Straße,2019,6,17,2,3,5,7,0,0,1,0,0,0,0,0.0,Mitte,Accident with minor injuries,Collision with a turning/crossing vehicle,Others,Daylight,Dry,2215,385748.0
7206,7206,196509,9,Elsenstraße,2019,6,14,1,3,2,7,0,1,1,0,0,0,0,0.0,Treptow-Köpenick,Accident with minor injuries,Collision with the vehicle in front/waiting vehicle,Others,Daylight,Dry,892,273689.0
7207,7207,196510,6,Nikolassee,2019,6,14,1,3,5,3,0,1,1,0,0,0,0,0.0,Steglitz-Zehlendorf,Accident with minor injuries,Collision with a turning/crossing vehicle,Turning/Crossing accident,Daylight,Dry,851,310071.0
7208,7208,196511,4,Königin-Elisabeth-Straße,2019,6,12,2,3,5,2,0,0,1,0,1,0,0,0.0,Charlottenburg-Wilmersdorf,Accident with minor injuries,Collision with a turning/crossing vehicle,Turning accident,Daylight,Dry,1727,343592.0
7209,7209,196512,5,Am Heideberg,2019,7,19,5,3,6,6,0,0,1,1,0,0,0,0.0,Spandau,Accident with minor injuries,Collision between vehicle and pedestrian,Collision involving vehicles going in the same way,Daylight,Dry,798,245197.0
7210,7210,196513,2,Urbanstraße,2019,7,19,5,2,5,2,0,1,1,0,0,0,0,0.0,Friedrichshain-Kreuzberg,Accident with serious injuries,Collision with a turning/crossing vehicle,Turning accident,Daylight,Dry,1381,290386.0
7211,7211,196514,1,Rehberge,2019,7,18,5,3,6,7,0,1,0,1,0,0,0,0.0,Mitte,Accident with minor injuries,Collision between vehicle and pedestrian,Others,Daylight,Dry,2215,385748.0
7212,7212,196515,1,Wilhelmstraße,2019,7,17,5,2,5,2,0,0,1,0,1,0,0,0.0,Mitte,Accident with serious injuries,Collision with a turning/crossing vehicle,Turning accident,Daylight,Dry,2215,385748.0
7213,7213,196516,9,Bölschestraße,2019,7,17,5,2,5,3,0,1,1,0,0,0,0,0.0,Treptow-Köpenick,Accident with serious injuries,Collision with a turning/crossing vehicle,Turning/Crossing accident,Daylight,Dry,892,273689.0
7214,7214,196517,8,Silbersteinstraße,2019,7,17,5,3,5,2,0,0,1,0,0,0,0,0.0,Neukölln,Accident with minor injuries,Collision with a turning/crossing vehicle,Turning accident,Daylight,Dry,934,329917.0
7215,7215,196518,2,Lausitzer Platz,2019,7,17,5,3,5,2,0,1,1,0,0,0,0,0.0,Friedrichshain-Kreuzberg,Accident with minor injuries,Collision with a turning/crossing vehicle,Turning accident,Daylight,Dry,1381,290386.0
7216,7216,196519,1,Oranienburger Straße,2019,7,16,5,2,0,4,0,1,0,1,0,0,0,0.0,Mitte,Accident with serious injuries,Others,Pedestrian crossing accident,Daylight,Dry,2215,385748.0
7217,7217,196520,4,Brabanter Platz,2019,7,15,5,3,0,7,0,0,0,0,1,0,1,1.0,Charlottenburg-Wilmersdorf,Accident with minor injuries,Others,Others,Daylight,Wet/moist/slippery,1727,343592.0
7218,7218,196521,5,Borkumer Straße,2019,7,16,5,2,6,4,0,0,1,1,0,0,0,0.0,Spandau,Accident with serious injuries,Collision between vehicle and pedestrian,Pedestrian crossing accident,Daylight,Dry,798,245197.0
7219,7219,196522,3,Buch,2019,7,16,5,2,5,3,0,1,1,0,0,0,0,0.0,Pankow,Accident with serious injuries,Collision with a turning/crossing vehicle,Turning/Crossing accident,Daylight,Dry,1219,409335.0
7220,7220,196523,8,Buschkrugallee Nord,2019,7,14,5,2,5,3,0,0,1,0,1,0,0,0.0,Neukölln,Accident with serious injuries,Collision with a turning/crossing vehicle,Turning/Crossing accident,Daylight,Dry,934,329917.0
7221,7221,196524,10,Biesdorf Süd,2019,7,13,5,3,1,5,0,1,1,0,0,0,0,0.0,Marzahn-Hellersdorf,Accident with minor injuries,Collision with a moving/standing/parked vehicle,Accident involving parked vehicles,Daylight,Dry,586,269967.0
7222,7222,196525,2,Boxhagener Platz,2019,7,13,5,3,1,5,0,0,1,0,1,0,1,0.0,Friedrichshain-Kreuzberg,Accident with minor injuries,Collision with a moving/standing/parked vehicle,Accident involving parked vehicles,Daylight,Dry,1381,290386.0
7223,7223,196526,4,Droysenstraße,2019,7,13,5,2,6,4,0,0,1,1,0,0,0,0.0,Charlottenburg-Wilmersdorf,Accident with serious injuries,Collision between vehicle and pedestrian,Pedestrian crossing accident,Daylight,Dry,1727,343592.0
7224,7224,196527,9,Adlershof West,2019,7,12,5,3,5,3,0,0,0,0,0,1,1,0.0,Treptow-Köpenick,Accident with minor injuries,Collision with a turning/crossing vehicle,Turning/Crossing accident,Daylight,Dry,892,273689.0
7225,7225,196528,8,Parchimer Allee,2019,7,9,5,3,2,6,0,0,1,0,0,0,0,0.0,Neukölln,Accident with minor injuries,Collision with the vehicle in front/waiting vehicle,Collision involving vehicles going in the same way,Daylight,Dry,934,329917.0
7226,7226,196529,2,Andreasviertel,2019,7,8,5,2,5,3,0,1,1,0,0,0,0,0.0,Friedrichshain-Kreuzberg,Accident with serious injuries,Collision with a turning/crossing vehicle,Turning/Crossing accident,Daylight,Dry,1381,290386.0
7227,7227,196530,1,Reinickendorfer Straße,2019,7,7,5,3,6,4,0,0,0,1,0,1,0,0.0,Mitte,Accident with minor injuries,Collision between vehicle and pedestrian,Pedestrian crossing accident,Daylight,Dry,2215,385748.0
7228,7228,196531,1,Heine-Viertel Ost,2019,7,7,5,3,5,2,0,1,1,0,0,0,0,0.0,Mitte,Accident with minor injuries,Collision with a turning/crossing vehicle,Turning accident,Daylight,Dry,2215,385748.0
7229,7229,196532,4,Halensee,2019,7,7,5,3,5,3,0,1,1,0,0,0,0,0.0,Charlottenburg-Wilmersdorf,Accident with minor injuries,Collision with a turning/crossing vehicle,Turning/Crossing accident,Daylight,Dry,1727,343592.0
7230,7230,196533,5,Maulbeerallee,2019,7,7,5,3,2,6,0,0,1,0,0,0,0,0.0,Spandau,Accident with minor injuries,Collision with the vehicle in front/waiting vehicle,Collision involving vehicles going in the same way,Daylight,Dry,798,245197.0
7231,7231,196534,1,Unter den Linden Nord,2019,7,7,5,3,3,6,0,1,1,0,0,0,0,0.0,Mitte,Accident with minor injuries,Collision with a vehicle traveling laterally in the same direction,Collision involving vehicles going in the same way,Daylight,Dry,2215,385748.0
7232,7232,196535,11,Herzbergstraße,2019,7,1,5,3,6,4,2,0,1,1,0,0,0,0.0,Lichtenberg,Accident with minor injuries,Collision between vehicle and pedestrian,Pedestrian crossing accident,Dark,Dry,679,294201.0
7233,7233,196536,4,Ernst-Reuter-Platz,2019,7,9,4,3,6,7,0,1,0,0,0,0,1,0.0,Charlottenburg-Wilmersdorf,Accident with minor injuries,Collision between vehicle and pedestrian,Others,Daylight,Dry,1727,343592.0
7234,7234,196537,3,Kollwitzplatz,2019,7,22,4,3,0,3,2,0,1,0,1,0,0,0.0,Pankow,Accident with minor injuries,Others,Turning/Crossing accident,Dark,Dry,1219,409335.0
7235,7235,196538,3,Bucher Forst,2019,7,20,4,3,6,7,0,1,0,1,0,0,0,0.0,Pankow,Accident with minor injuries,Collision between vehicle and pedestrian,Others,Daylight,Dry,1219,409335.0
7236,7236,196539,2,Reichenberger Straße,2019,7,19,4,2,5,3,0,1,1,0,0,0,0,0.0,Friedrichshain-Kreuzberg,Accident with serious injuries,Collision with a turning/crossing vehicle,Turning/Crossing accident,Daylight,Dry,1381,290386.0
7237,7237,196540,1,Leipziger Straße,2019,7,17,4,3,5,2,0,1,1,0,0,0,0,0.0,Mitte,Accident with minor injuries,Collision with a turning/crossing vehicle,Turning accident,Daylight,Dry,2215,385748.0
7238,7238,196541,1,Heine-Viertel West,2019,7,17,4,3,5,2,0,1,1,0,0,0,0,0.0,Mitte,Accident with minor injuries,Collision with a turning/crossing vehicle,Turning accident,Daylight,Dry,2215,385748.0
7239,7239,196542,6,Wannsee,2019,7,16,4,3,9,1,0,0,1,0,0,0,0,0.0,Steglitz-Zehlendorf,Accident with minor injuries,Departure from the roadway to the left,Driving accident,Daylight,Dry,851,310071.0
7240,7240,196543,8,Buschkrugallee Nord,2019,7,16,4,3,1,1,0,0,1,0,1,0,0,0.0,Neukölln,Accident with minor injuries,Collision with a moving/standing/parked vehicle,Driving accident,Daylight,Dry,934,329917.0
7241,7241,196544,2,Andreasviertel,2019,7,16,4,3,3,6,0,1,1,0,0,0,0,0.0,Friedrichshain-Kreuzberg,Accident with minor injuries,Collision with a vehicle traveling laterally in the same direction,Collision involving vehicles going in the same way,Daylight,Dry,1381,290386.0
7242,7242,196545,4,Eichkamp,2019,7,15,4,2,0,1,0,1,0,0,0,0,0,0.0,Charlottenburg-Wilmersdorf,Accident with serious injuries,Others,Driving accident,Daylight,Dry,1727,343592.0
7243,7243,196546,10,Marzahner Chaussee,2019,7,14,4,3,5,2,0,1,0,0,0,0,1,0.0,Marzahn-Hellersdorf,Accident with minor injuries,Collision with a turning/crossing vehicle,Turning accident,Daylight,Dry,586,269967.0
7244,7244,196547,5,Gütersloher Weg,2019,7,23,4,2,7,7,2,0,0,0,0,0,1,0.0,Spandau,Accident with serious injuries,Collision with a road obstacle,Others,Dark,Dry,798,245197.0
7245,7245,196548,7,Rathaus Tempelhof,2019,7,22,4,3,0,3,2,0,1,0,0,0,1,0.0,Tempelhof-Schöneberg,Accident with minor injuries,Others,Turning/Crossing accident,Dark,Dry,1241,350984.0
7246,7246,196549,4,Hindemithplatz,2019,7,20,4,3,1,5,0,0,1,0,0,0,1,0.0,Charlottenburg-Wilmersdorf,Accident with minor injuries,Collision with a moving/standing/parked vehicle,Accident involving parked vehicles,Daylight,Dry,1727,343592.0
7247,7247,196550,1,Emdener Straße,2019,7,13,4,3,1,7,0,0,1,0,1,0,0,0.0,Mitte,Accident with minor injuries,Collision with a moving/standing/parked vehicle,Others,Daylight,Dry,2215,385748.0
7248,7248,196551,8,Gropiusstadt Ost,2019,7,13,4,3,0,2,0,0,0,0,1,0,1,0.0,Neukölln,Accident with minor injuries,Others,Turning accident,Daylight,Dry,934,329917.0
7249,7249,196552,9,Müggelheim,2019,7,9,4,3,2,6,0,1,0,0,0,0,0,0.0,Treptow-Köpenick,Accident with minor injuries,Collision with the vehicle in front/waiting vehicle,Collision involving vehicles going in the same way,Daylight,Dry,892,273689.0
7250,7250,196553,7,Rathaus Tempelhof,2019,7,12,4,3,5,7,0,0,1,0,1,0,0,0.0,Tempelhof-Schöneberg,Accident with minor injuries,Collision with a turning/crossing vehicle,Others,Daylight,Dry,1241,350984.0
7251,7251,196554,2,Moritzplatz,2019,7,11,4,3,2,6,0,0,1,0,0,0,0,0.0,Friedrichshain-Kreuzberg,Accident with minor injuries,Collision with the vehicle in front/waiting vehicle,Collision involving vehicles going in the same way,Daylight,Dry,1381,290386.0
7252,7252,196555,4,Breitscheidplatz,2019,7,11,4,3,5,5,0,1,1,0,0,0,0,0.0,Charlottenburg-Wilmersdorf,Accident with minor injuries,Collision with a turning/crossing vehicle,Accident involving parked vehicles,Daylight,Dry,1727,343592.0
7253,7253,196556,1,Wilhelmstraße,2019,7,10,4,3,5,2,0,1,1,0,0,0,0,0.0,Mitte,Accident with minor injuries,Collision with a turning/crossing vehicle,Turning accident,Daylight,Dry,2215,385748.0
7254,7254,196557,1,Gesundbrunnen,2019,7,7,4,3,1,5,0,1,1,0,0,0,0,0.0,Mitte,Accident with minor injuries,Collision with a moving/standing/parked vehicle,Accident involving parked vehicles,Daylight,Dry,2215,385748.0
7255,7255,196558,2,Askanischer Platz,2019,7,9,4,3,6,7,0,1,0,1,0,0,0,0.0,Friedrichshain-Kreuzberg,Accident with minor injuries,Collision between vehicle and pedestrian,Others,Daylight,Dry,1381,290386.0
7256,7256,196559,1,Humboldthain Nordwest,2019,7,9,4,3,5,3,0,1,0,0,0,1,0,0.0,Mitte,Accident with minor injuries,Collision with a turning/crossing vehicle,Turning/Crossing accident,Daylight,Dry,2215,385748.0
7257,7257,196560,9,Köpenicker Landstraße,2019,7,9,4,3,0,1,0,1,0,0,0,0,0,0.0,Treptow-Köpenick,Accident with minor injuries,Others,Driving accident,Daylight,Dry,892,273689.0
7258,7258,196561,5,Amorbacher Weg,2019,7,9,4,3,0,3,0,0,1,0,1,0,0,0.0,Spandau,Accident with minor injuries,Others,Turning/Crossing accident,Daylight,Dry,798,245197.0
7259,7259,196562,12,Schäfersee,2019,7,16,4,3,9,1,0,0,1,0,0,0,0,0.0,Reinickendorf,Accident with minor injuries,Departure from the roadway to the left,Driving accident,Daylight,Dry,867,266408.0
7260,7260,196563,11,Große-Leege-Straße,2019,7,9,4,3,5,2,0,1,1,0,0,0,0,0.0,Lichtenberg,Accident with minor injuries,Collision with a turning/crossing vehicle,Turning accident,Daylight,Dry,679,294201.0
7261,7261,196564,12,Humboldtstraße,2019,7,15,4,2,1,7,0,0,1,0,0,0,1,0.0,Reinickendorf,Accident with serious injuries,Collision with a moving/standing/parked vehicle,Others,Daylight,Dry,867,266408.0
7262,7262,196565,4,Droysenstraße,2019,7,15,4,3,0,1,0,0,0,0,1,0,0,0.0,Charlottenburg-Wilmersdorf,Accident with minor injuries,Others,Driving accident,Daylight,Dry,1727,343592.0
7263,7263,196566,11,Rüdigerstraße,2019,7,15,4,3,1,5,0,1,1,0,0,0,0,0.0,Lichtenberg,Accident with minor injuries,Collision with a moving/standing/parked vehicle,Accident involving parked vehicles,Daylight,Dry,679,294201.0
7264,7264,196567,10,Ringkolonnaden,2019,7,15,4,2,5,2,0,0,0,0,1,0,1,0.0,Marzahn-Hellersdorf,Accident with serious injuries,Collision with a turning/crossing vehicle,Turning accident,Daylight,Dry,586,269967.0
7265,7265,196568,5,Darbystraße,2019,7,15,4,3,0,2,0,1,1,0,0,0,0,0.0,Spandau,Accident with minor injuries,Others,Turning accident,Daylight,Dry,798,245197.0
7266,7266,196569,4,George-Grosz-Platz,2019,7,14,4,3,2,7,0,0,1,0,0,0,0,0.0,Charlottenburg-Wilmersdorf,Accident with minor injuries,Collision with the vehicle in front/waiting vehicle,Others,Daylight,Dry,1727,343592.0
7267,7267,196570,4,Breitscheidplatz,2019,7,14,4,3,5,2,0,1,1,0,0,0,0,0.0,Charlottenburg-Wilmersdorf,Accident with minor injuries,Collision with a turning/crossing vehicle,Turning accident,Daylight,Dry,1727,343592.0
7268,7268,196571,9,Dorf Altglienicke,2019,7,8,4,3,5,2,0,1,1,0,0,0,0,0.0,Treptow-Köpenick,Accident with minor injuries,Collision with a turning/crossing vehicle,Turning accident,Daylight,Dry,892,273689.0
7269,7269,196572,3,Buchholz,2019,7,7,4,3,0,1,0,1,0,0,0,0,0,0.0,Pankow,Accident with minor injuries,Others,Driving accident,Daylight,Dry,1219,409335.0
7270,7270,196573,9,Adlershof West,2019,7,7,4,3,5,3,0,1,0,0,1,0,0,0.0,Treptow-Köpenick,Accident with minor injuries,Collision with a turning/crossing vehicle,Turning/Crossing accident,Daylight,Dry,892,273689.0
7271,7271,196574,4,Rohrdamm,2019,7,0,4,3,7,7,2,0,1,0,0,0,0,0.0,Charlottenburg-Wilmersdorf,Accident with minor injuries,Collision with a road obstacle,Others,Dark,Dry,1727,343592.0
7272,7272,196575,6,Teltower Damm,2019,7,14,4,3,5,3,0,1,1,0,0,0,0,0.0,Steglitz-Zehlendorf,Accident with minor injuries,Collision with a turning/crossing vehicle,Turning/Crossing accident,Daylight,Dry,851,310071.0
7273,7273,196576,7,Marienhöhe,2019,7,14,4,2,2,6,0,0,1,0,0,0,1,0.0,Tempelhof-Schöneberg,Accident with serious injuries,Collision with the vehicle in front/waiting vehicle,Collision involving vehicles going in the same way,Daylight,Dry,1241,350984.0
7274,7274,196577,9,Späthsfelde,2019,7,13,4,3,4,6,0,0,1,0,0,0,0,0.0,Treptow-Köpenick,Accident with minor injuries,Collision with oncoming vehicle,Collision involving vehicles going in the same way,Daylight,Dry,892,273689.0
7275,7275,196578,2,Richard-Sorge-Viertel,2019,7,15,4,3,3,6,0,1,1,0,0,0,0,0.0,Friedrichshain-Kreuzberg,Accident with minor injuries,Collision with a vehicle traveling laterally in the same direction,Collision involving vehicles going in the same way,Daylight,Dry,1381,290386.0
7276,7276,196579,1,Charitéviertel,2019,7,13,4,3,1,5,0,1,1,0,0,0,0,0.0,Mitte,Accident with minor injuries,Collision with a moving/standing/parked vehicle,Accident involving parked vehicles,Daylight,Dry,2215,385748.0
7277,7277,196580,4,Karl-August-Platz,2019,7,13,4,3,5,7,0,1,1,0,0,0,0,0.0,Charlottenburg-Wilmersdorf,Accident with minor injuries,Collision with a turning/crossing vehicle,Others,Daylight,Dry,1727,343592.0
7278,7278,196581,4,Karl-August-Platz,2019,7,12,4,3,3,6,0,1,1,0,0,0,0,0.0,Charlottenburg-Wilmersdorf,Accident with minor injuries,Collision with a vehicle traveling laterally in the same direction,Collision involving vehicles going in the same way,Daylight,Dry,1727,343592.0
7279,7279,196582,1,Brunnenstraße,2019,7,19,3,3,0,6,0,0,1,0,1,0,0,0.0,Mitte,Accident with minor injuries,Others,Collision involving vehicles going in the same way,Daylight,Dry,2215,385748.0
7280,7280,196583,8,Rixdorf,2019,7,13,3,3,0,6,0,0,1,0,0,0,1,0.0,Neukölln,Accident with minor injuries,Others,Collision involving vehicles going in the same way,Daylight,Dry,934,329917.0
7281,7281,196584,4,Preußenpark,2019,7,8,3,3,0,7,0,1,0,0,0,0,0,1.0,Charlottenburg-Wilmersdorf,Accident with minor injuries,Others,Others,Daylight,Wet/moist/slippery,1727,343592.0
7282,7282,196585,11,Karlshorst Nord,2019,7,19,3,3,5,3,0,1,0,0,0,0,1,0.0,Lichtenberg,Accident with minor injuries,Collision with a turning/crossing vehicle,Turning/Crossing accident,Daylight,Dry,679,294201.0
7283,7283,196586,7,Nollendorfplatz,2019,7,22,3,3,0,7,2,0,0,0,1,0,0,0.0,Tempelhof-Schöneberg,Accident with minor injuries,Others,Others,Dark,Dry,1241,350984.0
7284,7284,196587,4,Ernst-Reuter-Platz,2019,7,15,3,3,5,3,0,1,1,0,0,0,0,0.0,Charlottenburg-Wilmersdorf,Accident with minor injuries,Collision with a turning/crossing vehicle,Turning/Crossing accident,Daylight,Dry,1727,343592.0
7285,7285,196588,3,Arnimplatz,2019,7,15,3,3,2,6,0,0,1,0,1,0,0,0.0,Pankow,Accident with minor injuries,Collision with the vehicle in front/waiting vehicle,Collision involving vehicles going in the same way,Daylight,Dry,1219,409335.0
7286,7286,196589,9,Dorf Altglienicke,2019,7,14,3,3,5,2,0,0,1,0,0,0,1,0.0,Treptow-Köpenick,Accident with minor injuries,Collision with a turning/crossing vehicle,Turning accident,Daylight,Dry,892,273689.0
7287,7287,196590,1,Nördlicher Landwehrkanal,2019,7,16,3,3,2,2,0,0,1,0,0,0,0,0.0,Mitte,Accident with minor injuries,Collision with the vehicle in front/waiting vehicle,Turning accident,Daylight,Dry,2215,385748.0
7288,7288,196591,7,Nollendorfplatz,2019,7,14,3,2,5,7,0,0,1,0,1,0,0,0.0,Tempelhof-Schöneberg,Accident with serious injuries,Collision with a turning/crossing vehicle,Others,Daylight,Dry,1241,350984.0
7289,7289,196592,4,Schaperstraße,2019,7,14,3,3,6,7,0,1,0,1,0,0,0,0.0,Charlottenburg-Wilmersdorf,Accident with minor injuries,Collision between vehicle and pedestrian,Others,Daylight,Dry,1727,343592.0
7290,7290,196593,2,Urbanstraße,2019,7,22,3,3,2,6,2,0,1,0,1,0,0,0.0,Friedrichshain-Kreuzberg,Accident with minor injuries,Collision with the vehicle in front/waiting vehicle,Collision involving vehicles going in the same way,Dark,Dry,1381,290386.0
7291,7291,196594,4,Lietzensee,2019,7,21,3,3,5,2,0,0,1,0,1,0,0,0.0,Charlottenburg-Wilmersdorf,Accident with minor injuries,Collision with a turning/crossing vehicle,Turning accident,Daylight,Dry,1727,343592.0
7292,7292,196595,5,Darbystraße,2019,7,20,3,3,2,6,1,0,1,0,0,0,0,0.0,Spandau,Accident with minor injuries,Collision with the vehicle in front/waiting vehicle,Collision involving vehicles going in the same way,Twilight,Dry,798,245197.0
7293,7293,196596,1,Soldiner Straße,2019,7,13,3,2,5,7,0,0,1,0,1,0,0,0.0,Mitte,Accident with serious injuries,Collision with a turning/crossing vehicle,Others,Daylight,Dry,2215,385748.0
7294,7294,196597,4,Schaperstraße,2019,7,12,3,3,2,6,0,0,1,0,1,0,0,0.0,Charlottenburg-Wilmersdorf,Accident with minor injuries,Collision with the vehicle in front/waiting vehicle,Collision involving vehicles going in the same way,Daylight,Dry,1727,343592.0
7295,7295,196598,1,Charitéviertel,2019,7,19,3,3,3,6,0,1,0,1,0,0,1,0.0,Mitte,Accident with minor injuries,Collision with a vehicle traveling laterally in the same direction,Collision involving vehicles going in the same way,Daylight,Dry,2215,385748.0
7296,7296,196599,6,Nikolassee,2019,7,18,3,3,5,3,0,1,1,0,0,0,0,0.0,Steglitz-Zehlendorf,Accident with minor injuries,Collision with a turning/crossing vehicle,Turning/Crossing accident,Daylight,Dry,851,310071.0
7297,7297,196600,7,Dennewitzplatz,2019,7,18,3,2,0,7,0,1,0,1,0,0,0,0.0,Tempelhof-Schöneberg,Accident with serious injuries,Others,Others,Daylight,Dry,1241,350984.0
7298,7298,196601,2,Andreasviertel,2019,7,12,3,3,6,4,0,1,0,1,0,0,0,0.0,Friedrichshain-Kreuzberg,Accident with minor injuries,Collision between vehicle and pedestrian,Pedestrian crossing accident,Daylight,Dry,1381,290386.0
7299,7299,196602,2,Graefekiez,2019,7,18,3,3,0,6,0,0,0,0,0,0,1,0.0,Friedrichshain-Kreuzberg,Accident with minor injuries,Others,Collision involving vehicles going in the same way,Daylight,Dry,1381,290386.0
7300,7300,196603,8,Buckow Ost,2019,7,17,3,3,0,3,0,1,1,0,0,0,0,0.0,Neukölln,Accident with minor injuries,Others,Turning/Crossing accident,Daylight,Dry,934,329917.0
7301,7301,196604,9,Schnellerstraße,2019,7,17,3,3,0,1,0,1,1,0,0,0,0,0.0,Treptow-Köpenick,Accident with minor injuries,Others,Driving accident,Daylight,Dry,892,273689.0
7302,7302,196605,7,Rathaus Tempelhof,2019,7,17,3,3,2,6,0,0,1,0,1,0,0,0.0,Tempelhof-Schöneberg,Accident with minor injuries,Collision with the vehicle in front/waiting vehicle,Collision involving vehicles going in the same way,Daylight,Dry,1241,350984.0
7303,7303,196606,6,Zehlendorf Eiche,2019,7,17,3,2,1,5,0,1,0,0,0,0,1,0.0,Steglitz-Zehlendorf,Accident with serious injuries,Collision with a moving/standing/parked vehicle,Accident involving parked vehicles,Daylight,Dry,851,310071.0
7304,7304,196607,4,Messelpark,2019,7,17,3,3,5,3,0,1,1,0,0,0,0,0.0,Charlottenburg-Wilmersdorf,Accident with minor injuries,Collision with a turning/crossing vehicle,Turning/Crossing accident,Daylight,Dry,1727,343592.0
7305,7305,196608,11,Große-Leege-Straße,2019,7,15,3,3,6,4,0,1,0,1,0,0,0,0.0,Lichtenberg,Accident with minor injuries,Collision between vehicle and pedestrian,Pedestrian crossing accident,Daylight,Dry,679,294201.0
7306,7306,196609,11,Karlshorst Nord,2019,7,10,3,3,5,3,0,0,1,0,0,0,0,0.0,Lichtenberg,Accident with minor injuries,Collision with a turning/crossing vehicle,Turning/Crossing accident,Daylight,Dry,679,294201.0
7307,7307,196610,2,Stralauer Kiez,2019,7,16,3,3,5,2,0,1,1,0,0,0,0,0.0,Friedrichshain-Kreuzberg,Accident with minor injuries,Collision with a turning/crossing vehicle,Turning accident,Daylight,Dry,1381,290386.0
7308,7308,196611,8,Gropiusstadt Nord,2019,7,16,3,3,5,3,0,1,1,0,0,0,0,0.0,Neukölln,Accident with minor injuries,Collision with a turning/crossing vehicle,Turning/Crossing accident,Daylight,Dry,934,329917.0
7309,7309,196612,1,Gesundbrunnen,2019,7,16,3,3,1,5,0,1,1,0,0,0,0,0.0,Mitte,Accident with minor injuries,Collision with a moving/standing/parked vehicle,Accident involving parked vehicles,Daylight,Dry,2215,385748.0
7310,7310,196613,1,Westliche Müllerstraße,2019,7,16,3,3,5,3,0,1,1,0,0,0,0,0.0,Mitte,Accident with minor injuries,Collision with a turning/crossing vehicle,Turning/Crossing accident,Daylight,Dry,2215,385748.0
7311,7311,196614,9,Oberschöneweide Ost,2019,7,15,3,3,5,2,0,0,1,0,0,0,1,0.0,Treptow-Köpenick,Accident with minor injuries,Collision with a turning/crossing vehicle,Turning accident,Daylight,Dry,892,273689.0
7312,7312,196615,11,Rüdigerstraße,2019,7,15,3,2,2,6,0,0,1,0,0,0,0,0.0,Lichtenberg,Accident with serious injuries,Collision with the vehicle in front/waiting vehicle,Collision involving vehicles going in the same way,Daylight,Dry,679,294201.0
7313,7313,196616,5,Carl-Schurz-Straße,2019,7,15,3,3,6,4,0,0,1,1,0,0,0,0.0,Spandau,Accident with minor injuries,Collision between vehicle and pedestrian,Pedestrian crossing accident,Daylight,Dry,798,245197.0
7314,7314,196617,7,Marienfelde Süd,2019,7,10,3,2,5,2,0,0,1,0,0,0,0,0.0,Tempelhof-Schöneberg,Accident with serious injuries,Collision with a turning/crossing vehicle,Turning accident,Daylight,Dry,1241,350984.0