,Unnamed: 0,object id,district,street,year,month,hour of day,weekday,category,accident type,accident type 2,light situation,bike involved,car involved,pedestrian involved,motor bike involved,big track involved,other vehicle involved,road condition,district name,category name,accident detail,accident type detail,light condition,road condition detail,accident count by district,est. population
7315,7315,196618,4,Preußenpark,2019,7,10,3,3,5,2,0,1,1,0,0,0,0,0.0,Charlottenburg-Wilmersdorf,Accident with minor injuries,Collision with a turning/crossing vehicle,Turning accident,Daylight,Dry,1727,343592.0
7316,7316,196619,8,Handwerker-Siedlung,2019,7,10,3,3,5,2,0,1,1,0,0,0,0,0.0,Neukölln,Accident with minor injuries,Collision with a turning/crossing vehicle,Turning accident,Daylight,Dry,934,329917.0
7317,7317,196620,12,Humboldtstraße,2019,7,7,4,2,2,6,0,1,1,0,0,0,0,0.0,Reinickendorf,Accident with serious injuries,Collision with the vehicle in front/waiting vehicle,Collision involving vehicles going in the same way,Daylight,Dry,867,266408.0
7318,7318,196621,1,Körnerstraße,2019,7,9,3,3,5,7,0,1,1,0,0,0,0,0.0,Mitte,Accident with minor injuries,Collision with a turning/crossing vehicle,Others,Daylight,Dry,2215,385748.0
7319,7319,196622,7,Manteuffelstraße,2019,7,9,3,3,5,2,0,0,1,0,1,0,0,0.0,Tempelhof-Schöneberg,Accident with minor injuries,Collision with a turning/crossing vehicle,Turning accident,Daylight,Dry,1241,350984.0
7320,7320,196623,4,Flinsberger Platz,2019,7,16,4,3,6,4,0,0,1,1,0,0,0,0.0,Charlottenburg-Wilmersdorf,Accident with minor injuries,Collision between vehicle and pedestrian,Pedestrian crossing accident,Daylight,Dry,1727,343592.0
7321,7321,196624,10,Alt-Biesdorf,2019,7,7,4,2,5,3,0,1,1,0,0,0,0,0.0,Marzahn-Hellersdorf,Accident with serious injuries,Collision with a turning/crossing vehicle,Turning/Crossing accident,Daylight,Dry,586,269967.0
7322,7322,196625,9,Johannisthal West,2019,7,6,3,3,5,2,0,0,1,0,0,0,0,0.0,Treptow-Köpenick,Accident with minor injuries,Collision with a turning/crossing vehicle,Turning accident,Daylight,Dry,892,273689.0
7323,7323,196626,1,Reinickendorfer Straße,2019,7,6,3,3,2,2,0,0,1,0,0,0,0,0.0,Mitte,Accident with minor injuries,Collision with the vehicle in front/waiting vehicle,Turning accident,Daylight,Dry,2215,385748.0
7324,7324,196627,4,Hindemithplatz,2019,7,16,4,3,2,6,0,0,1,0,0,0,0,0.0,Charlottenburg-Wilmersdorf,Accident with minor injuries,Collision with the vehicle in front/waiting vehicle,Collision involving vehicles going in the same way,Daylight,Dry,1727,343592.0
7325,7325,196628,12,Tegel Süd,2019,7,6,3,3,5,3,0,1,1,0,0,0,0,0.0,Reinickendorf,Accident with minor injuries,Collision with a turning/crossing vehicle,Turning/Crossing accident,Daylight,Dry,867,266408.0
7326,7326,196629,4,Ernst-Reuter-Platz,2019,7,18,4,3,5,3,0,0,1,0,0,0,0,0.0,Charlottenburg-Wilmersdorf,Accident with minor injuries,Collision with a turning/crossing vehicle,Turning/Crossing accident,Daylight,Dry,1727,343592.0
7327,7327,196630,1,Westliche Müllerstraße,2019,7,4,3,2,5,3,1,0,1,0,0,0,0,0.0,Mitte,Accident with serious injuries,Collision with a turning/crossing vehicle,Turning/Crossing accident,Twilight,Dry,2215,385748.0
7328,7328,196631,10,Weiße Taube,2019,7,1,3,3,5,2,2,0,1,0,0,0,1,0.0,Marzahn-Hellersdorf,Accident with minor injuries,Collision with a turning/crossing vehicle,Turning accident,Dark,Dry,586,269967.0
7329,7329,196632,6,Schloßstraße,2019,7,16,4,3,6,4,0,0,1,1,0,0,0,0.0,Steglitz-Zehlendorf,Accident with minor injuries,Collision between vehicle and pedestrian,Pedestrian crossing accident,Daylight,Dry,851,310071.0
7330,7330,196633,8,Handwerker-Siedlung,2019,7,0,3,2,6,4,2,0,1,1,0,0,0,0.0,Neukölln,Accident with serious injuries,Collision between vehicle and pedestrian,Pedestrian crossing accident,Dark,Dry,934,329917.0
7331,7331,196634,8,Schillerpromenade,2019,7,15,4,2,5,2,0,1,1,0,0,0,0,0.0,Neukölln,Accident with serious injuries,Collision with a turning/crossing vehicle,Turning accident,Daylight,Dry,934,329917.0
7332,7332,196635,7,Friedenau,2019,7,6,3,3,5,3,0,0,0,0,0,0,1,0.0,Tempelhof-Schöneberg,Accident with minor injuries,Collision with a turning/crossing vehicle,Turning/Crossing accident,Daylight,Dry,1241,350984.0
7333,7333,196636,6,Teltower Damm,2019,7,8,4,3,0,1,0,0,0,0,1,0,0,0.0,Steglitz-Zehlendorf,Accident with minor injuries,Others,Driving accident,Daylight,Dry,851,310071.0
7334,7334,196637,4,Park Ruhwald,2019,7,9,4,3,2,6,0,0,1,0,0,0,0,0.0,Charlottenburg-Wilmersdorf,Accident with minor injuries,Collision with the vehicle in front/waiting vehicle,Collision involving vehicles going in the same way,Daylight,Dry,1727,343592.0
7335,7335,196638,1,Leipziger Straße,2019,7,15,2,3,6,4,0,1,0,1,0,0,0,0.0,Mitte,Accident with minor injuries,Collision between vehicle and pedestrian,Pedestrian crossing accident,Daylight,Dry,2215,385748.0
7336,7336,196639,7,Rathaus Tempelhof,2019,7,18,2,3,0,7,0,1,1,0,0,0,0,0.0,Tempelhof-Schöneberg,Accident with minor injuries,Others,Others,Daylight,Dry,1241,350984.0
7337,7337,196640,12,Märkisches Zentrum,2019,7,0,4,2,0,1,2,0,1,0,0,0,0,0.0,Reinickendorf,Accident with serious injuries,Others,Driving accident,Dark,Dry,867,266408.0
7338,7338,196641,4,Breitscheidplatz,2019,7,11,2,3,5,3,0,0,0,0,1,1,0,0.0,Charlottenburg-Wilmersdorf,Accident with minor injuries,Collision with a turning/crossing vehicle,Turning/Crossing accident,Daylight,Dry,1727,343592.0
7339,7339,196642,1,Reinickendorfer Straße,2019,7,0,4,3,5,2,2,0,0,0,0,0,1,0.0,Mitte,Accident with minor injuries,Collision with a turning/crossing vehicle,Turning accident,Dark,Dry,2215,385748.0
7340,7340,196643,8,Buckow Mitte,2019,7,15,2,3,6,4,0,0,1,1,0,0,0,0.0,Neukölln,Accident with minor injuries,Collision between vehicle and pedestrian,Pedestrian crossing accident,Daylight,Dry,934,329917.0
7341,7341,196644,1,Humboldthain Nordwest,2019,7,19,4,3,6,4,0,1,0,1,0,0,0,0.0,Mitte,Accident with minor injuries,Collision between vehicle and pedestrian,Pedestrian crossing accident,Daylight,Dry,2215,385748.0
7342,7342,196645,7,Grazer Platz,2019,7,21,2,3,0,1,0,0,0,0,1,0,0,0.0,Tempelhof-Schöneberg,Accident with minor injuries,Others,Driving accident,Daylight,Dry,1241,350984.0
7343,7343,196646,1,Elberfelder Straße,2019,7,8,4,3,6,7,0,0,1,1,0,0,0,0.0,Mitte,Accident with minor injuries,Collision between vehicle and pedestrian,Others,Daylight,Dry,2215,385748.0
7344,7344,196647,2,Wriezener Bahnhof/Entwicklungsgebiet,2019,7,19,2,2,5,2,0,1,1,0,0,0,0,0.0,Friedrichshain-Kreuzberg,Accident with serious injuries,Collision with a turning/crossing vehicle,Turning accident,Daylight,Dry,1381,290386.0
7345,7345,196648,4,Kaiserin-Augusta-Allee,2019,7,19,2,2,5,2,0,0,1,0,0,0,0,0.0,Charlottenburg-Wilmersdorf,Accident with serious injuries,Collision with a turning/crossing vehicle,Turning accident,Daylight,Dry,1727,343592.0
7346,7346,196649,4,Karl-August-Platz,2019,7,17,4,1,2,2,0,1,1,0,0,0,0,0.0,Charlottenburg-Wilmersdorf,Accident with fatalities,Collision with the vehicle in front/waiting vehicle,Turning accident,Daylight,Dry,1727,343592.0
7347,7347,196650,11,Landsberger Allee,2019,7,22,3,3,0,1,2,1,0,0,0,0,0,0.0,Lichtenberg,Accident with minor injuries,Others,Driving accident,Dark,Dry,679,294201.0
7348,7348,196651,3,Pankow Süd,2019,7,19,2,3,4,2,0,1,1,0,0,0,0,0.0,Pankow,Accident with minor injuries,Collision with oncoming vehicle,Turning accident,Daylight,Dry,1219,409335.0
7349,7349,196652,9,Johannisthal Ost,2019,7,14,3,3,0,1,0,1,0,0,0,0,0,0.0,Treptow-Köpenick,Accident with minor injuries,Others,Driving accident,Daylight,Dry,892,273689.0
7350,7350,196653,6,Südende,2019,7,18,2,2,2,7,0,0,1,0,1,0,1,0.0,Steglitz-Zehlendorf,Accident with serious injuries,Collision with the vehicle in front/waiting vehicle,Others,Daylight,Dry,851,310071.0
7351,7351,196654,8,Parchimer Allee,2019,7,18,3,3,5,2,0,1,1,0,0,0,0,0.0,Neukölln,Accident with minor injuries,Collision with a turning/crossing vehicle,Turning accident,Daylight,Dry,934,329917.0
7352,7352,196655,1,Großer Tiergarten,2019,7,17,2,3,0,1,0,0,0,0,1,0,0,0.0,Mitte,Accident with minor injuries,Others,Driving accident,Daylight,Dry,2215,385748.0
7353,7353,196656,11,Große-Leege-Straße,2019,7,17,3,3,5,2,0,0,1,0,0,0,0,0.0,Lichtenberg,Accident with minor injuries,Collision with a turning/crossing vehicle,Turning accident,Daylight,Dry,679,294201.0
7354,7354,196657,7,Marienfelde Nordost,2019,7,16,2,2,0,1,0,0,0,0,0,0,1,0.0,Tempelhof-Schöneberg,Accident with serious injuries,Others,Driving accident,Daylight,Dry,1241,350984.0
7355,7355,196658,1,Reinickendorfer Straße,2019,7,16,2,3,2,6,0,0,1,0,0,0,0,0.0,Mitte,Accident with minor injuries,Collision with the vehicle in front/waiting vehicle,Collision involving vehicles going in the same way,Daylight,Dry,2215,385748.0
7356,7356,196659,4,Breitscheidplatz,2019,7,17,3,2,5,7,0,0,1,0,1,0,0,0.0,Charlottenburg-Wilmersdorf,Accident with serious injuries,Collision with a turning/crossing vehicle,Others,Daylight,Dry,1727,343592.0
7357,7357,196660,1,Gesundbrunnen,2019,7,12,2,3,5,7,0,0,1,0,0,1,0,0.0,Mitte,Accident with minor injuries,Collision with a turning/crossing vehicle,Others,Daylight,Dry,2215,385748.0
7358,7358,196661,2,Oranienplatz,2019,7,17,3,3,1,5,0,1,1,0,0,0,0,0.0,Friedrichshain-Kreuzberg,Accident with minor injuries,Collision with a moving/standing/parked vehicle,Accident involving parked vehicles,Daylight,Dry,1381,290386.0
7359,7359,196662,6,Fichtenberg,2019,7,11,2,3,5,3,0,1,1,0,0,0,0,0.0,Steglitz-Zehlendorf,Accident with minor injuries,Collision with a turning/crossing vehicle,Turning/Crossing accident,Daylight,Dry,851,310071.0
7360,7360,196663,5,Adamstraße,2019,7,17,3,3,1,5,0,1,1,0,0,0,0,0.0,Spandau,Accident with minor injuries,Collision with a moving/standing/parked vehicle,Accident involving parked vehicles,Daylight,Dry,798,245197.0
7361,7361,196664,2,Moritzplatz,2019,7,12,2,3,5,7,0,0,1,0,1,0,0,0.0,Friedrichshain-Kreuzberg,Accident with minor injuries,Collision with a turning/crossing vehicle,Others,Daylight,Dry,1381,290386.0
7362,7362,196665,4,Tegeler Weg,2019,7,15,3,2,1,1,0,0,1,1,0,0,0,0.0,Charlottenburg-Wilmersdorf,Accident with serious injuries,Collision with a moving/standing/parked vehicle,Driving accident,Daylight,Dry,1727,343592.0
7363,7363,196666,5,Zitadellenweg,2019,7,10,2,3,5,2,0,0,1,0,0,0,0,0.0,Spandau,Accident with minor injuries,Collision with a turning/crossing vehicle,Turning accident,Daylight,Dry,798,245197.0
7364,7364,196667,11,Sewanstraße,2019,7,10,2,2,5,2,0,1,0,0,0,0,1,0.0,Lichtenberg,Accident with serious injuries,Collision with a turning/crossing vehicle,Turning accident,Daylight,Dry,679,294201.0
7365,7365,196668,6,Nikolassee,2019,7,14,3,3,5,3,0,1,0,0,0,1,0,0.0,Steglitz-Zehlendorf,Accident with minor injuries,Collision with a turning/crossing vehicle,Turning/Crossing accident,Daylight,Dry,851,310071.0
7366,7366,196669,5,Kurstraße,2019,7,14,3,3,0,3,0,0,1,0,1,0,0,0.0,Spandau,Accident with minor injuries,Others,Turning/Crossing accident,Daylight,Dry,798,245197.0
7367,7367,196670,12,Scharnweberstraße,2019,7,11,2,3,0,1,0,0,0,0,1,0,0,0.0,Reinickendorf,Accident with minor injuries,Others,Driving accident,Daylight,Dry,867,266408.0
7368,7368,196671,8,Reuterkiez,2019,7,16,2,3,1,5,0,1,1,0,0,0,0,0.0,Neukölln,Accident with minor injuries,Collision with a moving/standing/parked vehicle,Accident involving parked vehicles,Daylight,Dry,934,329917.0
7369,7369,196672,4,Branitzer Platz,2019,7,11,3,3,5,3,0,1,1,0,0,0,0,0.0,Charlottenburg-Wilmersdorf,Accident with minor injuries,Collision with a turning/crossing vehicle,Turning/Crossing accident,Daylight,Dry,1727,343592.0
7370,7370,196673,1,Karl-Marx-Allee,2019,7,9,2,2,5,3,0,1,1,0,0,0,0,0.0,Mitte,Accident with serious injuries,Collision with a turning/crossing vehicle,Turning/Crossing accident,Daylight,Dry,2215,385748.0
7371,7371,196674,12,Borsigwalde,2019,7,15,2,2,5,2,0,0,1,0,1,0,0,0.0,Reinickendorf,Accident with serious injuries,Collision with a turning/crossing vehicle,Turning accident,Daylight,Dry,867,266408.0
7372,7372,196675,12,Dannenwalder Weg,2019,7,11,3,3,2,6,0,0,1,0,0,0,0,0.0,Reinickendorf,Accident with minor injuries,Collision with the vehicle in front/waiting vehicle,Collision involving vehicles going in the same way,Daylight,Dry,867,266408.0
7373,7373,196676,1,Heine-Viertel Ost,2019,7,11,3,2,5,2,0,0,1,0,1,0,0,0.0,Mitte,Accident with serious injuries,Collision with a turning/crossing vehicle,Turning accident,Daylight,Dry,2215,385748.0
7374,7374,196677,4,Binger Straße,2019,7,8,2,3,1,5,0,1,0,0,0,0,1,0.0,Charlottenburg-Wilmersdorf,Accident with minor injuries,Collision with a moving/standing/parked vehicle,Accident involving parked vehicles,Daylight,Dry,1727,343592.0
7375,7375,196678,6,Königsberger Straße,2019,7,11,3,3,2,6,0,0,1,0,0,0,0,0.0,Steglitz-Zehlendorf,Accident with minor injuries,Collision with the vehicle in front/waiting vehicle,Collision involving vehicles going in the same way,Daylight,Dry,851,310071.0
7376,7376,196679,4,Jungfernheide,2019,7,7,2,3,5,3,0,0,1,0,0,0,0,0.0,Charlottenburg-Wilmersdorf,Accident with minor injuries,Collision with a turning/crossing vehicle,Turning/Crossing accident,Daylight,Dry,1727,343592.0
7377,7377,196680,1,Arkonaplatz,2019,7,10,3,3,2,6,0,0,1,0,0,0,0,0.0,Mitte,Accident with minor injuries,Collision with the vehicle in front/waiting vehicle,Collision involving vehicles going in the same way,Daylight,Dry,2215,385748.0
7378,7378,196681,9,Schnellerstraße,2019,7,6,2,3,5,2,0,0,1,0,0,0,0,0.0,Treptow-Köpenick,Accident with minor injuries,Collision with a turning/crossing vehicle,Turning accident,Daylight,Dry,892,273689.0
7379,7379,196682,1,Charitéviertel,2019,7,8,3,3,0,2,0,1,0,0,1,0,0,0.0,Mitte,Accident with minor injuries,Others,Turning accident,Daylight,Dry,2215,385748.0
7380,7380,196683,1,Alexanderplatzviertel,2019,7,6,2,3,5,2,0,0,1,0,0,0,0,0.0,Mitte,Accident with minor injuries,Collision with a turning/crossing vehicle,Turning accident,Daylight,Dry,2215,385748.0
7381,7381,196684,5,Zitadellenweg,2019,7,6,2,3,3,6,0,0,0,0,1,1,0,0.0,Spandau,Accident with minor injuries,Collision with a vehicle traveling laterally in the same direction,Collision involving vehicles going in the same way,Daylight,Dry,798,245197.0
7382,7382,196685,7,Nahariyastraße,2019,7,8,3,2,5,3,0,1,1,0,0,0,0,0.0,Tempelhof-Schöneberg,Accident with serious injuries,Collision with a turning/crossing vehicle,Turning/Crossing accident,Daylight,Dry,1241,350984.0
7383,7383,196686,9,Oberschöneweide West,2019,7,5,2,3,0,1,1,0,0,0,1,0,0,0.0,Treptow-Köpenick,Accident with minor injuries,Others,Driving accident,Twilight,Dry,892,273689.0
7384,7384,196687,4,Plötzensee,2019,7,6,3,3,5,2,1,0,1,0,0,0,0,0.0,Charlottenburg-Wilmersdorf,Accident with minor injuries,Collision with a turning/crossing vehicle,Turning accident,Twilight,Dry,1727,343592.0
7385,7385,196688,8,Flughafenstraße,2019,7,2,2,3,5,3,2,0,1,0,0,0,0,0.0,Neukölln,Accident with minor injuries,Collision with a turning/crossing vehicle,Turning/Crossing accident,Dark,Dry,934,329917.0
7386,7386,196689,11,Rummelsburg,2019,7,22,3,3,2,6,2,0,1,0,0,0,0,0.0,Lichtenberg,Accident with minor injuries,Collision with the vehicle in front/waiting vehicle,Collision involving vehicles going in the same way,Dark,Dry,679,294201.0
7387,7387,196690,4,Rüdesheimer Platz,2019,7,7,2,3,0,3,0,1,1,0,0,0,0,0.0,Charlottenburg-Wilmersdorf,Accident with minor injuries,Others,Turning/Crossing accident,Daylight,Dry,1727,343592.0
7388,7388,196691,3,Weißer See,2019,7,22,3,3,5,2,2,0,1,0,0,0,0,0.0,Pankow,Accident with minor injuries,Collision with a turning/crossing vehicle,Turning accident,Dark,Dry,1219,409335.0
7389,7389,196692,4,Breitscheidplatz,2019,7,1,2,2,1,5,2,1,1,0,0,0,0,0.0,Charlottenburg-Wilmersdorf,Accident with serious injuries,Collision with a moving/standing/parked vehicle,Accident involving parked vehicles,Dark,Dry,1727,343592.0
7390,7390,196693,10,Alt-Marzahn,2019,7,14,2,2,1,1,0,0,1,0,0,1,0,0.0,Marzahn-Hellersdorf,Accident with serious injuries,Collision with a moving/standing/parked vehicle,Driving accident,Daylight,Dry,586,269967.0
7391,7391,196694,4,Hindemithplatz,2019,7,20,3,3,2,7,1,0,1,0,0,0,0,0.0,Charlottenburg-Wilmersdorf,Accident with minor injuries,Collision with the vehicle in front/waiting vehicle,Others,Twilight,Dry,1727,343592.0
7392,7392,196695,1,Rehberge,2019,7,19,3,3,2,6,0,0,1,0,1,0,0,0.0,Mitte,Accident with minor injuries,Collision with the vehicle in front/waiting vehicle,Collision involving vehicles going in the same way,Daylight,Dry,2215,385748.0
7393,7393,196696,9,Köllnische Vorstadt,2019,7,14,2,3,6,2,0,0,1,1,0,0,0,0.0,Treptow-Köpenick,Accident with minor injuries,Collision between vehicle and pedestrian,Turning accident,Daylight,Dry,892,273689.0
7394,7394,196697,1,Großer Tiergarten,2019,7,14,2,3,2,2,0,0,1,0,0,0,0,0.0,Mitte,Accident with minor injuries,Collision with the vehicle in front/waiting vehicle,Turning accident,Daylight,Dry,2215,385748.0
7395,7395,196698,12,Alt-Tegel,2019,7,19,3,3,6,2,0,0,1,1,0,0,0,0.0,Reinickendorf,Accident with minor injuries,Collision between vehicle and pedestrian,Turning accident,Daylight,Dry,867,266408.0
7396,7396,196699,8,Gewerbegebiet Köllnische Heide,2019,7,14,2,2,5,2,0,0,1,0,1,0,0,0.0,Neukölln,Accident with serious injuries,Collision with a turning/crossing vehicle,Turning accident,Daylight,Dry,934,329917.0
7397,7397,196700,7,Nollendorfplatz,2019,7,19,3,2,5,2,0,1,1,0,0,0,0,0.0,Tempelhof-Schöneberg,Accident with serious injuries,Collision with a turning/crossing vehicle,Turning accident,Daylight,Dry,1241,350984.0
7398,7398,196701,4,Schloßstraße,2019,7,13,2,3,5,2,0,1,1,0,0,0,0,0.0,Charlottenburg-Wilmersdorf,Accident with minor injuries,Collision with a turning/crossing vehicle,Turning accident,Daylight,Dry,1727,343592.0
7399,7399,196702,7,Marienfelde Nordost,2019,7,13,2,3,2,6,0,0,1,0,0,0,0,0.0,Tempelhof-Schöneberg,Accident with minor injuries,Collision with the vehicle in front/waiting vehicle,Collision involving vehicles going in the same way,Daylight,Dry,1241,350984.0
7400,7400,196703,3,Erich-Weinert-Straße,2019,7,12,2,3,5,3,0,0,1,0,0,0,0,0.0,Pankow,Accident with minor injuries,Collision with a turning/crossing vehicle,Turning/Crossing accident,Daylight,Dry,1219,409335.0
7401,7401,196704,9,Späthsfelde,2019,7,19,3,3,2,6,0,0,1,0,0,0,0,0.0,Treptow-Köpenick,Accident with minor injuries,Collision with the vehicle in front/waiting vehicle,Collision involving vehicles going in the same way,Daylight,Dry,892,273689.0
7402,7402,196705,4,Plötzensee,2019,7,13,2,2,5,7,0,0,1,0,1,0,0,0.0,Charlottenburg-Wilmersdorf,Accident with serious injuries,Collision with a turning/crossing vehicle,Others,Daylight,Dry,1727,343592.0
7403,7403,196706,4,Breite Straße,2019,7,12,2,3,2,6,0,0,1,0,0,0,0,0.0,Charlottenburg-Wilmersdorf,Accident with minor injuries,Collision with the vehicle in front/waiting vehicle,Collision involving vehicles going in the same way,Daylight,Dry,1727,343592.0
7404,7404,196707,10,Kaulsdorf Süd,2019,6,16,1,3,5,3,0,0,1,0,1,0,0,0.0,Marzahn-Hellersdorf,Accident with minor injuries,Collision with a turning/crossing vehicle,Turning/Crossing accident,Daylight,Dry,586,269967.0
7405,7405,196708,4,Ernst-Reuter-Platz,2019,6,3,1,2,0,7,2,1,0,0,0,0,0,0.0,Charlottenburg-Wilmersdorf,Accident with serious injuries,Others,Others,Dark,Dry,1727,343592.0
7406,7406,196709,1,Huttenkiez,2019,7,12,2,3,6,4,0,0,1,1,0,0,0,0.0,Mitte,Accident with minor injuries,Collision between vehicle and pedestrian,Pedestrian crossing accident,Daylight,Dry,2215,385748.0
7407,7407,196710,7,Volkspark (Rudolf-Wilde-Park),2019,6,1,1,3,1,1,2,0,1,0,0,0,1,0.0,Tempelhof-Schöneberg,Accident with minor injuries,Collision with a moving/standing/parked vehicle,Driving accident,Dark,Dry,1241,350984.0
7408,7408,196711,2,Graefekiez,2019,6,22,1,2,0,7,2,1,0,0,0,0,0,0.0,Friedrichshain-Kreuzberg,Accident with serious injuries,Others,Others,Dark,Dry,1381,290386.0
7409,7409,196712,9,Dammvorstadt,2019,7,11,2,3,0,1,0,0,0,0,1,0,0,1.0,Treptow-Köpenick,Accident with minor injuries,Others,Driving accident,Daylight,Wet/moist/slippery,892,273689.0
7410,7410,196713,5,Jägerallee,2019,6,20,1,3,1,5,0,0,1,0,1,0,0,0.0,Spandau,Accident with minor injuries,Collision with a moving/standing/parked vehicle,Accident involving parked vehicles,Daylight,Dry,798,245197.0
7411,7411,196714,2,Oranienplatz,2019,7,10,2,3,3,6,0,1,0,0,0,0,0,0.0,Friedrichshain-Kreuzberg,Accident with minor injuries,Collision with a vehicle traveling laterally in the same direction,Collision involving vehicles going in the same way,Daylight,Dry,1381,290386.0
7412,7412,196715,10,Gut Hellersdorf,2019,6,19,1,3,5,2,0,1,1,0,0,0,0,0.0,Marzahn-Hellersdorf,Accident with minor injuries,Collision with a turning/crossing vehicle,Turning accident,Daylight,Dry,586,269967.0
7413,7413,196716,9,Bölschestraße,2019,6,19,1,2,2,6,0,0,1,0,0,0,0,0.0,Treptow-Köpenick,Accident with serious injuries,Collision with the vehicle in front/waiting vehicle,Collision involving vehicles going in the same way,Daylight,Dry,892,273689.0
7414,7414,196717,9,Kietzer Feld/Nachtheide,2019,7,9,2,3,5,3,0,1,1,0,0,0,0,0.0,Treptow-Köpenick,Accident with minor injuries,Collision with a turning/crossing vehicle,Turning/Crossing accident,Daylight,Dry,892,273689.0
7415,7415,196718,8,Gropiusstadt Süd,2019,7,8,2,3,2,6,0,0,1,0,0,0,0,0.0,Neukölln,Accident with minor injuries,Collision with the vehicle in front/waiting vehicle,Collision involving vehicles going in the same way,Daylight,Dry,934,329917.0
7416,7416,196719,2,Moritzplatz,2019,6,19,1,3,5,2,0,1,1,0,0,0,0,0.0,Friedrichshain-Kreuzberg,Accident with minor injuries,Collision with a turning/crossing vehicle,Turning accident,Daylight,Dry,1381,290386.0
7417,7417,196720,3,Buchholz,2019,6,16,1,3,5,3,0,1,1,0,0,0,0,0.0,Pankow,Accident with minor injuries,Collision with a turning/crossing vehicle,Turning/Crossing accident,Daylight,Dry,1219,409335.0
7418,7418,196721,1,Heine-Viertel West,2019,7,8,2,3,1,5,0,1,1,0,0,0,0,0.0,Mitte,Accident with minor injuries,Collision with a moving/standing/parked vehicle,Accident involving parked vehicles,Daylight,Dry,2215,385748.0
7419,7419,196722,8,Rixdorf,2019,6,15,1,2,5,3,0,1,1,0,0,0,0,0.0,Neukölln,Accident with serious injuries,Collision with a turning/crossing vehicle,Turning/Crossing accident,Daylight,Dry,934,329917.0
7420,7420,196723,1,Heine-Viertel West,2019,7,7,2,3,5,3,0,0,1,0,0,1,0,0.0,Mitte,Accident with minor injuries,Collision with a turning/crossing vehicle,Turning/Crossing accident,Daylight,Dry,2215,385748.0
7421,7421,196724,7,Hundsteinweg,2019,6,14,1,2,6,7,0,0,1,1,0,0,0,0.0,Tempelhof-Schöneberg,Accident with serious injuries,Collision between vehicle and pedestrian,Others,Daylight,Dry,1241,350984.0
7422,7422,196725,8,Körnerpark,2019,7,6,2,3,5,3,0,1,1,0,0,0,0,0.0,Neukölln,Accident with minor injuries,Collision with a turning/crossing vehicle,Turning/Crossing accident,Daylight,Dry,934,329917.0
7423,7423,196726,2,Oranienplatz,2019,6,14,1,3,5,2,0,0,1,0,1,0,0,0.0,Friedrichshain-Kreuzberg,Accident with minor injuries,Collision with a turning/crossing vehicle,Turning accident,Daylight,Dry,1381,290386.0
7424,7424,196727,12,Wittenau Süd,2019,7,3,2,3,9,1,2,0,1,0,0,0,0,0.0,Reinickendorf,Accident with minor injuries,Departure from the roadway to the left,Driving accident,Dark,Dry,867,266408.0
7425,7425,196728,4,Karl-August-Platz,2019,6,9,1,3,1,5,0,1,1,0,0,0,0,0.0,Charlottenburg-Wilmersdorf,Accident with minor injuries,Collision with a moving/standing/parked vehicle,Accident involving parked vehicles,Daylight,Dry,1727,343592.0
7426,7426,196729,5,Borkumer Straße,2019,6,13,1,3,1,5,0,0,1,0,0,0,0,0.0,Spandau,Accident with minor injuries,Collision with a moving/standing/parked vehicle,Accident involving parked vehicles,Daylight,Dry,798,245197.0
7427,7427,196730,2,Mehringplatz,2019,7,18,2,3,6,4,0,1,0,1,0,0,0,0.0,Friedrichshain-Kreuzberg,Accident with minor injuries,Collision between vehicle and pedestrian,Pedestrian crossing accident,Daylight,Dry,1381,290386.0
7428,7428,196731,7,Dennewitzplatz,2019,7,16,2,3,5,2,0,1,1,0,0,0,0,1.0,Tempelhof-Schöneberg,Accident with minor injuries,Collision with a turning/crossing vehicle,Turning accident,Daylight,Wet/moist/slippery,1241,350984.0
7429,7429,196732,3,Hansastraße,2019,6,12,1,3,5,2,0,0,1,0,0,0,0,0.0,Pankow,Accident with minor injuries,Collision with a turning/crossing vehicle,Turning accident,Daylight,Dry,1219,409335.0
7430,7430,196733,12,Alt-Tegel,2019,7,15,2,3,2,2,0,0,1,0,0,0,0,0.0,Reinickendorf,Accident with minor injuries,Collision with the vehicle in front/waiting vehicle,Turning accident,Daylight,Dry,867,266408.0
7431,7431,196734,8,Gropiusstadt Ost,2019,6,12,1,3,5,7,0,1,1,0,0,0,0,0.0,Neukölln,Accident with minor injuries,Collision with a turning/crossing vehicle,Others,Daylight,Dry,934,329917.0
7432,7432,196735,3,Schönholz,2019,7,15,2,3,5,2,0,1,1,0,0,0,0,0.0,Pankow,Accident with minor injuries,Collision with a turning/crossing vehicle,Turning accident,Daylight,Dry,1219,409335.0
7433,7433,196736,2,Oranienplatz,2019,6,11,1,3,2,2,0,1,1,0,0,0,0,0.0,Friedrichshain-Kreuzberg,Accident with minor injuries,Collision with the vehicle in front/waiting vehicle,Turning accident,Daylight,Dry,1381,290386.0
7434,7434,196737,7,Grazer Platz,2019,7,14,2,2,3,6,0,0,1,0,0,0,1,1.0,Tempelhof-Schöneberg,Accident with serious injuries,Collision with a vehicle traveling laterally in the same direction,Collision involving vehicles going in the same way,Daylight,Wet/moist/slippery,1241,350984.0
7435,7435,196738,3,Weißenseer Spitze,2019,6,11,1,3,3,6,0,1,1,0,0,0,0,0.0,Pankow,Accident with minor injuries,Collision with a vehicle traveling laterally in the same direction,Collision involving vehicles going in the same way,Daylight,Dry,1219,409335.0
7436,7436,196739,8,Flughafenstraße,2019,7,14,2,3,2,6,0,0,1,0,0,0,0,1.0,Neukölln,Accident with minor injuries,Collision with the vehicle in front/waiting vehicle,Collision involving vehicles going in the same way,Daylight,Wet/moist/slippery,934,329917.0