,Unnamed: 0,object id,district,street,year,month,hour of day,weekday,category,accident type,accident type 2,light situation,bike involved,car involved,pedestrian involved,motor bike involved,big track involved,other vehicle involved,road condition,district name,category name,accident detail,accident type detail,light condition,road condition detail,accident count by district,est. population
7437,7437,196740,11,Große-Leege-Straße,2019,6,10,1,3,5,3,0,0,1,0,0,1,0,0.0,Lichtenberg,Accident with minor injuries,Collision with a turning/crossing vehicle,Turning/Crossing accident,Daylight,Dry,679,294201.0
7438,7438,196741,10,Oberfeldstraße,2019,6,10,1,3,5,3,0,1,1,0,0,0,0,0.0,Marzahn-Hellersdorf,Accident with minor injuries,Collision with a turning/crossing vehicle,Turning/Crossing accident,Daylight,Dry,586,269967.0
7439,7439,196742,10,Kaulsdorf Süd,2019,7,14,2,3,5,2,0,1,1,0,0,0,0,0.0,Marzahn-Hellersdorf,Accident with minor injuries,Collision with a turning/crossing vehicle,Turning accident,Daylight,Dry,586,269967.0
7440,7440,196743,4,Eisenzahnstraße,2019,6,9,1,3,1,5,0,1,1,0,0,0,0,0.0,Charlottenburg-Wilmersdorf,Accident with minor injuries,Collision with a moving/standing/parked vehicle,Accident involving parked vehicles,Daylight,Dry,1727,343592.0
7441,7441,196744,6,Schloßstraße,2019,7,14,2,3,2,5,0,0,0,0,1,0,1,1.0,Steglitz-Zehlendorf,Accident with minor injuries,Collision with the vehicle in front/waiting vehicle,Accident involving parked vehicles,Daylight,Wet/moist/slippery,851,310071.0
7442,7442,196745,6,Teltower Damm,2019,6,8,1,2,0,1,0,1,0,0,0,0,0,0.0,Steglitz-Zehlendorf,Accident with serious injuries,Others,Driving accident,Daylight,Dry,851,310071.0
7443,7443,196746,1,Rehberge,2019,6,11,7,3,5,5,0,1,1,0,0,0,0,0.0,Mitte,Accident with minor injuries,Collision with a turning/crossing vehicle,Accident involving parked vehicles,Daylight,Dry,2215,385748.0
7444,7444,196747,7,Manteuffelstraße,2019,7,14,2,3,2,6,0,0,1,0,1,0,0,1.0,Tempelhof-Schöneberg,Accident with minor injuries,Collision with the vehicle in front/waiting vehicle,Collision involving vehicles going in the same way,Daylight,Wet/moist/slippery,1241,350984.0
7445,7445,196748,10,Springpfuhl,2019,6,2,7,3,5,3,2,0,1,0,0,0,0,0.0,Marzahn-Hellersdorf,Accident with minor injuries,Collision with a turning/crossing vehicle,Turning/Crossing accident,Dark,Dry,586,269967.0
7446,7446,196749,9,Dammvorstadt,2019,7,13,2,3,0,4,0,0,0,1,0,0,1,0.0,Treptow-Köpenick,Accident with minor injuries,Others,Pedestrian crossing accident,Daylight,Dry,892,273689.0
7447,7447,196750,6,Zehlendorf Eiche,2019,6,16,7,2,2,7,0,0,1,0,1,0,0,0.0,Steglitz-Zehlendorf,Accident with serious injuries,Collision with the vehicle in front/waiting vehicle,Others,Daylight,Dry,851,310071.0
7448,7448,196751,12,Waldidyll/Flughafensee,2019,7,13,2,3,3,6,0,0,1,0,0,0,0,0.0,Reinickendorf,Accident with minor injuries,Collision with a vehicle traveling laterally in the same direction,Collision involving vehicles going in the same way,Daylight,Dry,867,266408.0
7449,7449,196752,2,Lausitzer Platz,2019,6,23,7,3,0,7,2,0,0,1,1,0,0,0.0,Friedrichshain-Kreuzberg,Accident with minor injuries,Others,Others,Dark,Dry,1381,290386.0
7450,7450,196753,1,Sparrplatz,2019,7,20,2,3,3,6,1,1,1,0,0,0,0,0.0,Mitte,Accident with minor injuries,Collision with a vehicle traveling laterally in the same direction,Collision involving vehicles going in the same way,Twilight,Dry,2215,385748.0
7451,7451,196754,1,Gesundbrunnen,2019,6,22,7,3,5,2,2,0,1,0,0,0,0,0.0,Mitte,Accident with minor injuries,Collision with a turning/crossing vehicle,Turning accident,Dark,Dry,2215,385748.0
7452,7452,196755,8,Schillerpromenade,2019,6,21,7,3,0,7,1,1,0,0,0,0,0,0.0,Neukölln,Accident with minor injuries,Others,Others,Twilight,Dry,934,329917.0
7453,7453,196756,4,Karl-August-Platz,2019,7,19,2,3,5,2,0,0,1,0,0,0,0,0.0,Charlottenburg-Wilmersdorf,Accident with minor injuries,Collision with a turning/crossing vehicle,Turning accident,Daylight,Dry,1727,343592.0
7454,7454,196757,8,Weiße Siedlung,2019,7,19,2,3,2,6,0,0,1,0,0,0,0,0.0,Neukölln,Accident with minor injuries,Collision with the vehicle in front/waiting vehicle,Collision involving vehicles going in the same way,Daylight,Dry,934,329917.0
7455,7455,196758,3,Arnimplatz,2019,6,21,7,3,5,2,1,1,0,0,0,0,1,0.0,Pankow,Accident with minor injuries,Collision with a turning/crossing vehicle,Turning accident,Twilight,Dry,1219,409335.0
7456,7456,196759,8,Silbersteinstraße,2019,7,17,2,3,3,6,0,0,1,0,1,0,0,1.0,Neukölln,Accident with minor injuries,Collision with a vehicle traveling laterally in the same direction,Collision involving vehicles going in the same way,Daylight,Wet/moist/slippery,934,329917.0
7457,7457,196760,9,Dammvorstadt,2019,6,19,7,3,3,6,0,0,1,0,1,0,0,0.0,Treptow-Köpenick,Accident with minor injuries,Collision with a vehicle traveling laterally in the same direction,Collision involving vehicles going in the same way,Daylight,Dry,892,273689.0
7458,7458,196761,2,Andreasviertel,2019,7,17,2,3,5,2,0,1,1,0,0,0,0,0.0,Friedrichshain-Kreuzberg,Accident with minor injuries,Collision with a turning/crossing vehicle,Turning accident,Daylight,Dry,1381,290386.0
7459,7459,196762,4,Rüdesheimer Platz,2019,6,19,7,2,5,2,0,1,1,0,0,0,0,0.0,Charlottenburg-Wilmersdorf,Accident with serious injuries,Collision with a turning/crossing vehicle,Turning accident,Daylight,Dry,1727,343592.0
7460,7460,196763,1,Reinickendorfer Straße,2019,7,17,2,3,2,6,0,0,1,0,0,1,0,1.0,Mitte,Accident with minor injuries,Collision with the vehicle in front/waiting vehicle,Collision involving vehicles going in the same way,Daylight,Wet/moist/slippery,2215,385748.0
7461,7461,196764,4,Hindemithplatz,2019,6,18,7,3,1,5,0,1,1,0,0,0,0,0.0,Charlottenburg-Wilmersdorf,Accident with minor injuries,Collision with a moving/standing/parked vehicle,Accident involving parked vehicles,Daylight,Dry,1727,343592.0
7462,7462,196765,4,Halensee,2019,6,18,7,3,5,2,0,1,1,0,0,0,0,0.0,Charlottenburg-Wilmersdorf,Accident with minor injuries,Collision with a turning/crossing vehicle,Turning accident,Daylight,Dry,1727,343592.0
7463,7463,196766,12,Waldidyll/Flughafensee,2019,7,17,2,2,2,6,0,0,1,0,1,0,0,1.0,Reinickendorf,Accident with serious injuries,Collision with the vehicle in front/waiting vehicle,Collision involving vehicles going in the same way,Daylight,Wet/moist/slippery,867,266408.0
7464,7464,196767,8,Blumenviertel,2019,6,18,7,3,0,2,0,1,1,0,0,0,0,0.0,Neukölln,Accident with minor injuries,Others,Turning accident,Daylight,Dry,934,329917.0
7465,7465,196768,3,Conrad-Blenkle-Straße,2019,7,17,2,3,5,3,0,1,1,0,0,0,0,1.0,Pankow,Accident with minor injuries,Collision with a turning/crossing vehicle,Turning/Crossing accident,Daylight,Wet/moist/slippery,1219,409335.0
7466,7466,196769,10,Adele-Sandrock-Straße,2019,6,18,7,3,5,2,0,0,1,0,0,0,0,0.0,Marzahn-Hellersdorf,Accident with minor injuries,Collision with a turning/crossing vehicle,Turning accident,Daylight,Dry,586,269967.0
7467,7467,196770,9,Dammvorstadt,2019,7,16,2,3,2,6,0,1,1,0,0,0,0,1.0,Treptow-Köpenick,Accident with minor injuries,Collision with the vehicle in front/waiting vehicle,Collision involving vehicles going in the same way,Daylight,Wet/moist/slippery,892,273689.0
7468,7468,196771,1,Großer Tiergarten,2019,6,17,7,3,0,1,0,0,0,0,0,0,1,0.0,Mitte,Accident with minor injuries,Others,Driving accident,Daylight,Dry,2215,385748.0
7469,7469,196772,3,Pankow Zentrum,2019,7,11,2,3,0,5,0,1,1,0,0,0,0,0.0,Pankow,Accident with minor injuries,Others,Accident involving parked vehicles,Daylight,Dry,1219,409335.0
7470,7470,196773,2,Viktoriapark,2019,6,15,7,2,6,2,0,0,1,1,0,0,0,0.0,Friedrichshain-Kreuzberg,Accident with serious injuries,Collision between vehicle and pedestrian,Turning accident,Daylight,Dry,1381,290386.0
7471,7471,196774,8,Weiße Siedlung,2019,6,15,7,3,2,6,0,0,1,0,0,0,0,0.0,Neukölln,Accident with minor injuries,Collision with the vehicle in front/waiting vehicle,Collision involving vehicles going in the same way,Daylight,Dry,934,329917.0
7472,7472,196775,10,Kaulsdorf Nord II,2019,7,15,2,3,6,4,0,0,1,1,0,0,0,0.0,Marzahn-Hellersdorf,Accident with minor injuries,Collision between vehicle and pedestrian,Pedestrian crossing accident,Daylight,Dry,586,269967.0
7473,7473,196776,10,Alt-Kaulsdorf,2019,6,13,7,3,5,3,0,0,1,0,0,0,0,0.0,Marzahn-Hellersdorf,Accident with minor injuries,Collision with a turning/crossing vehicle,Turning/Crossing accident,Daylight,Dry,586,269967.0
7474,7474,196777,8,Tempelhofer Weg,2019,7,16,2,3,2,6,0,0,1,0,0,0,0,1.0,Neukölln,Accident with minor injuries,Collision with the vehicle in front/waiting vehicle,Collision involving vehicles going in the same way,Daylight,Wet/moist/slippery,934,329917.0
7475,7475,196778,11,Landsberger Allee,2019,6,12,7,2,5,7,0,0,1,0,1,0,0,0.0,Lichtenberg,Accident with serious injuries,Collision with a turning/crossing vehicle,Others,Daylight,Dry,679,294201.0
7476,7476,196779,4,Breitscheidplatz,2019,7,18,2,3,1,7,0,1,1,0,0,0,0,0.0,Charlottenburg-Wilmersdorf,Accident with minor injuries,Collision with a moving/standing/parked vehicle,Others,Daylight,Dry,1727,343592.0
7477,7477,196780,8,Buschkrugallee Nord,2019,6,11,7,3,0,1,0,1,0,0,0,0,0,0.0,Neukölln,Accident with minor injuries,Others,Driving accident,Daylight,Dry,934,329917.0
7478,7478,196781,1,Lüneburger Straße,2019,7,22,1,3,6,4,1,0,1,1,0,0,0,0.0,Mitte,Accident with minor injuries,Collision between vehicle and pedestrian,Pedestrian crossing accident,Twilight,Dry,2215,385748.0
7479,7479,196782,3,Heinersdorf,2019,6,11,7,3,5,3,0,0,1,0,0,0,0,0.0,Pankow,Accident with minor injuries,Collision with a turning/crossing vehicle,Turning/Crossing accident,Daylight,Dry,1219,409335.0
7480,7480,196783,3,Blankenburg,2019,6,11,7,2,5,2,0,1,1,0,0,0,0,0.0,Pankow,Accident with serious injuries,Collision with a turning/crossing vehicle,Turning accident,Daylight,Dry,1219,409335.0
7481,7481,196784,1,Alexanderplatzviertel,2019,7,21,1,3,3,2,1,1,0,0,0,0,0,0.0,Mitte,Accident with minor injuries,Collision with a vehicle traveling laterally in the same direction,Turning accident,Twilight,Dry,2215,385748.0
7482,7482,196785,1,Emdener Straße,2019,7,21,1,3,0,3,1,0,1,0,1,0,0,0.0,Mitte,Accident with minor injuries,Others,Turning/Crossing accident,Twilight,Dry,2215,385748.0
7483,7483,196786,4,Rathaus Wilmersdorf,2019,6,8,7,3,0,7,0,0,1,0,1,0,0,0.0,Charlottenburg-Wilmersdorf,Accident with minor injuries,Others,Others,Daylight,Dry,1727,343592.0
7484,7484,196787,1,Heine-Viertel Ost,2019,6,7,7,3,5,2,0,1,1,0,0,0,0,0.0,Mitte,Accident with minor injuries,Collision with a turning/crossing vehicle,Turning accident,Daylight,Dry,2215,385748.0
7485,7485,196788,1,Lüneburger Straße,2019,7,20,1,3,5,3,0,0,1,0,0,0,0,0.0,Mitte,Accident with minor injuries,Collision with a turning/crossing vehicle,Turning/Crossing accident,Daylight,Dry,2215,385748.0
7486,7486,196789,12,Frohnau,2019,6,7,7,3,4,6,0,0,1,0,0,0,0,0.0,Reinickendorf,Accident with minor injuries,Collision with oncoming vehicle,Collision involving vehicles going in the same way,Daylight,Dry,867,266408.0
7487,7487,196790,4,Park Ruhwald,2019,7,19,1,3,0,1,0,1,0,0,0,0,0,0.0,Charlottenburg-Wilmersdorf,Accident with minor injuries,Others,Driving accident,Daylight,Dry,1727,343592.0
7488,7488,196791,2,Reichenberger Straße,2019,6,1,7,3,5,3,2,0,1,0,0,0,0,0.0,Friedrichshain-Kreuzberg,Accident with minor injuries,Collision with a turning/crossing vehicle,Turning/Crossing accident,Dark,Dry,1381,290386.0
7489,7489,196792,2,Oranienplatz,2019,6,1,7,3,1,5,2,1,0,0,0,0,1,0.0,Friedrichshain-Kreuzberg,Accident with minor injuries,Collision with a moving/standing/parked vehicle,Accident involving parked vehicles,Dark,Dry,1381,290386.0
7490,7490,196793,8,Gropiusstadt Süd,2019,7,17,1,3,5,2,0,0,1,0,0,0,0,0.0,Neukölln,Accident with minor injuries,Collision with a turning/crossing vehicle,Turning accident,Daylight,Dry,934,329917.0
7491,7491,196794,7,Eisenacher Straße,2019,6,19,6,3,5,2,0,0,1,0,0,0,1,0.0,Tempelhof-Schöneberg,Accident with minor injuries,Collision with a turning/crossing vehicle,Turning accident,Daylight,Dry,1241,350984.0
7492,7492,196795,9,Adlershof West,2019,6,19,6,3,5,2,0,0,1,0,0,0,0,0.0,Treptow-Köpenick,Accident with minor injuries,Collision with a turning/crossing vehicle,Turning accident,Daylight,Dry,892,273689.0
7493,7493,196796,5,Jägerallee,2019,7,17,1,3,9,1,0,0,1,0,0,0,0,0.0,Spandau,Accident with minor injuries,Departure from the roadway to the left,Driving accident,Daylight,Dry,798,245197.0
7494,7494,196797,11,Karlshorst West,2019,6,14,6,3,6,4,0,0,1,1,0,0,0,0.0,Lichtenberg,Accident with minor injuries,Collision between vehicle and pedestrian,Pedestrian crossing accident,Daylight,Dry,679,294201.0
7495,7495,196798,12,Lübars,2019,7,16,1,3,5,3,0,1,1,0,0,0,0,0.0,Reinickendorf,Accident with minor injuries,Collision with a turning/crossing vehicle,Turning/Crossing accident,Daylight,Dry,867,266408.0
7496,7496,196799,7,Barbarossaplatz,2019,7,13,1,3,6,4,0,1,0,1,0,0,0,0.0,Tempelhof-Schöneberg,Accident with minor injuries,Collision between vehicle and pedestrian,Pedestrian crossing accident,Daylight,Dry,1241,350984.0
7497,7497,196800,3,Bötzowstraße,2019,6,6,6,3,5,7,0,0,1,0,0,0,1,0.0,Pankow,Accident with minor injuries,Collision with a turning/crossing vehicle,Others,Daylight,Dry,1219,409335.0
7498,7498,196801,1,Heidestraße,2019,7,12,1,3,5,2,0,0,1,0,0,0,0,0.0,Mitte,Accident with minor injuries,Collision with a turning/crossing vehicle,Turning accident,Daylight,Dry,2215,385748.0
7499,7499,196802,1,Oranienburger Straße,2019,6,15,6,3,5,2,0,1,1,0,0,0,0,0.0,Mitte,Accident with minor injuries,Collision with a turning/crossing vehicle,Turning accident,Daylight,Dry,2215,385748.0
7500,7500,196803,4,Eichkamp,2019,7,8,1,2,5,3,0,1,1,0,0,0,0,0.0,Charlottenburg-Wilmersdorf,Accident with serious injuries,Collision with a turning/crossing vehicle,Turning/Crossing accident,Daylight,Dry,1727,343592.0
7501,7501,196804,12,Tegeler Forst,2019,6,20,6,3,9,1,0,0,1,0,0,0,0,0.0,Reinickendorf,Accident with minor injuries,Departure from the roadway to the left,Driving accident,Daylight,Dry,867,266408.0
7502,7502,196805,3,Teutoburger Platz,2019,6,19,6,3,1,5,0,1,0,0,0,0,1,0.0,Pankow,Accident with minor injuries,Collision with a moving/standing/parked vehicle,Accident involving parked vehicles,Daylight,Dry,1219,409335.0
7503,7503,196806,7,John-Locke-Straße,2019,7,5,1,3,5,3,0,0,1,0,0,0,1,0.0,Tempelhof-Schöneberg,Accident with minor injuries,Collision with a turning/crossing vehicle,Turning/Crossing accident,Daylight,Dry,1241,350984.0
7504,7504,196807,8,Rixdorf,2019,7,16,7,3,5,2,0,1,1,0,0,0,0,0.0,Neukölln,Accident with minor injuries,Collision with a turning/crossing vehicle,Turning accident,Daylight,Dry,934,329917.0
7505,7505,196808,1,Sparrplatz,2019,6,18,6,3,5,2,0,1,1,0,0,0,0,0.0,Mitte,Accident with minor injuries,Collision with a turning/crossing vehicle,Turning accident,Daylight,Dry,2215,385748.0
7506,7506,196809,4,Königin-Elisabeth-Straße,2019,6,17,6,3,5,2,0,1,0,0,0,0,0,0.0,Charlottenburg-Wilmersdorf,Accident with minor injuries,Collision with a turning/crossing vehicle,Turning accident,Daylight,Dry,1727,343592.0
7507,7507,196810,5,Borkumer Straße,2019,7,23,7,3,6,4,2,0,1,1,0,0,0,1.0,Spandau,Accident with minor injuries,Collision between vehicle and pedestrian,Pedestrian crossing accident,Dark,Wet/moist/slippery,798,245197.0
7508,7508,196811,5,Kurstraße,2019,6,17,6,3,5,3,0,1,1,0,0,0,0,0.0,Spandau,Accident with minor injuries,Collision with a turning/crossing vehicle,Turning/Crossing accident,Daylight,Dry,798,245197.0
7509,7509,196812,1,Stülerstraße,2019,7,23,7,3,5,2,2,0,1,0,0,0,0,0.0,Mitte,Accident with minor injuries,Collision with a turning/crossing vehicle,Turning accident,Dark,Dry,2215,385748.0
7510,7510,196813,3,Weißenseer Spitze,2019,6,17,6,3,2,2,0,0,1,0,0,0,0,0.0,Pankow,Accident with minor injuries,Collision with the vehicle in front/waiting vehicle,Turning accident,Daylight,Dry,1219,409335.0
7511,7511,196814,1,Arkonaplatz,2019,6,16,6,3,5,2,0,0,0,0,1,0,1,0.0,Mitte,Accident with minor injuries,Collision with a turning/crossing vehicle,Turning accident,Daylight,Dry,2215,385748.0
7512,7512,196815,8,Waltersdorfer Chaussee Ost,2019,7,23,7,2,0,1,2,0,0,0,1,0,0,1.0,Neukölln,Accident with serious injuries,Others,Driving accident,Dark,Wet/moist/slippery,934,329917.0
7513,7513,196816,1,Nördlicher Landwehrkanal,2019,6,15,6,3,5,2,0,1,1,0,0,0,0,0.0,Mitte,Accident with minor injuries,Collision with a turning/crossing vehicle,Turning accident,Daylight,Dry,2215,385748.0
7514,7514,196817,6,Alt-Lankwitz,2019,6,16,6,3,5,2,0,0,1,0,1,0,0,0.0,Steglitz-Zehlendorf,Accident with minor injuries,Collision with a turning/crossing vehicle,Turning accident,Daylight,Dry,851,310071.0
7515,7515,196818,1,Charitéviertel,2019,7,22,7,2,0,1,2,1,0,0,0,0,0,1.0,Mitte,Accident with serious injuries,Others,Driving accident,Dark,Wet/moist/slippery,2215,385748.0
7516,7516,196819,7,Friedenau,2019,6,14,6,3,1,5,0,1,1,0,0,0,0,0.0,Tempelhof-Schöneberg,Accident with minor injuries,Collision with a moving/standing/parked vehicle,Accident involving parked vehicles,Daylight,Dry,1241,350984.0
7517,7517,196820,1,Invalidenstraße,2019,7,22,7,3,2,6,2,0,1,0,0,0,0,1.0,Mitte,Accident with minor injuries,Collision with the vehicle in front/waiting vehicle,Collision involving vehicles going in the same way,Dark,Wet/moist/slippery,2215,385748.0
7518,7518,196821,2,Friedenstraße,2019,6,13,6,3,5,2,0,1,1,0,0,0,0,0.0,Friedrichshain-Kreuzberg,Accident with minor injuries,Collision with a turning/crossing vehicle,Turning accident,Daylight,Dry,1381,290386.0
7519,7519,196822,12,Alt-Tegel,2019,6,13,6,3,5,2,0,1,1,0,0,0,0,0.0,Reinickendorf,Accident with minor injuries,Collision with a turning/crossing vehicle,Turning accident,Daylight,Dry,867,266408.0
7520,7520,196823,8,Rixdorf,2019,7,20,7,3,0,1,2,0,1,0,0,0,0,1.0,Neukölln,Accident with minor injuries,Others,Driving accident,Dark,Wet/moist/slippery,934,329917.0
7521,7521,196824,7,Fritz-Werner-Straße,2019,7,21,7,3,6,2,2,0,1,1,0,0,0,1.0,Tempelhof-Schöneberg,Accident with minor injuries,Collision between vehicle and pedestrian,Turning accident,Dark,Wet/moist/slippery,1241,350984.0
7522,7522,196825,1,Brunnenstraße,2019,6,12,6,3,5,2,0,1,1,0,0,0,0,0.0,Mitte,Accident with minor injuries,Collision with a turning/crossing vehicle,Turning accident,Daylight,Dry,2215,385748.0
7523,7523,196826,2,Andreasviertel,2019,6,12,6,3,5,7,0,0,0,0,1,0,1,0.0,Friedrichshain-Kreuzberg,Accident with minor injuries,Collision with a turning/crossing vehicle,Others,Daylight,Dry,1381,290386.0
7524,7524,196827,1,Alexanderplatzviertel,2019,7,20,7,3,5,3,1,1,1,0,0,0,0,1.0,Mitte,Accident with minor injuries,Collision with a turning/crossing vehicle,Turning/Crossing accident,Twilight,Wet/moist/slippery,2215,385748.0
7525,7525,196828,1,Gesundbrunnen,2019,6,12,6,3,5,3,0,1,1,0,0,0,0,0.0,Mitte,Accident with minor injuries,Collision with a turning/crossing vehicle,Turning/Crossing accident,Daylight,Dry,2215,385748.0
7526,7526,196829,1,Wilhelmstraße,2019,7,20,7,3,0,2,0,1,1,0,0,0,0,1.0,Mitte,Accident with minor injuries,Others,Turning accident,Daylight,Wet/moist/slippery,2215,385748.0
7527,7527,196830,2,Mehringplatz,2019,6,11,6,3,5,2,0,1,1,0,0,0,0,0.0,Friedrichshain-Kreuzberg,Accident with minor injuries,Collision with a turning/crossing vehicle,Turning accident,Daylight,Dry,1381,290386.0
7528,7528,196831,3,Buchholz,2019,6,11,6,3,6,3,0,0,1,1,0,0,0,0.0,Pankow,Accident with minor injuries,Collision between vehicle and pedestrian,Turning/Crossing accident,Daylight,Dry,1219,409335.0
7529,7529,196832,1,Alexanderplatzviertel,2019,6,11,6,3,5,5,0,1,1,0,0,0,0,0.0,Mitte,Accident with minor injuries,Collision with a turning/crossing vehicle,Accident involving parked vehicles,Daylight,Dry,2215,385748.0
7530,7530,196833,1,Reinickendorfer Straße,2019,7,19,7,3,2,6,0,0,1,0,0,0,0,1.0,Mitte,Accident with minor injuries,Collision with the vehicle in front/waiting vehicle,Collision involving vehicles going in the same way,Daylight,Wet/moist/slippery,2215,385748.0
7531,7531,196834,11,Falkenberg West,2019,6,10,6,3,2,6,0,0,1,0,0,1,0,0.0,Lichtenberg,Accident with minor injuries,Collision with the vehicle in front/waiting vehicle,Collision involving vehicles going in the same way,Daylight,Dry,679,294201.0
7532,7532,196835,1,Oranienburger Straße,2019,7,19,7,3,5,3,0,1,1,0,0,0,0,1.0,Mitte,Accident with minor injuries,Collision with a turning/crossing vehicle,Turning/Crossing accident,Daylight,Wet/moist/slippery,2215,385748.0
7533,7533,196836,1,Oranienburger Straße,2019,6,10,6,3,0,3,0,1,1,0,0,0,0,0.0,Mitte,Accident with minor injuries,Others,Turning/Crossing accident,Daylight,Dry,2215,385748.0
7534,7534,196837,4,Hindemithplatz,2019,7,19,7,3,0,3,0,1,0,0,1,0,0,1.0,Charlottenburg-Wilmersdorf,Accident with minor injuries,Others,Turning/Crossing accident,Daylight,Wet/moist/slippery,1727,343592.0
7535,7535,196838,2,Mehringplatz,2019,6,9,6,3,5,3,0,1,1,0,0,0,0,0.0,Friedrichshain-Kreuzberg,Accident with minor injuries,Collision with a turning/crossing vehicle,Turning/Crossing accident,Daylight,Dry,1381,290386.0
7536,7536,196839,2,Hausburgviertel,2019,7,19,7,3,5,3,0,0,1,0,0,0,1,1.0,Friedrichshain-Kreuzberg,Accident with minor injuries,Collision with a turning/crossing vehicle,Turning/Crossing accident,Daylight,Wet/moist/slippery,1381,290386.0
7537,7537,196840,12,Waldidyll/Flughafensee,2019,6,18,6,3,2,6,0,0,1,0,0,0,0,0.0,Reinickendorf,Accident with minor injuries,Collision with the vehicle in front/waiting vehicle,Collision involving vehicles going in the same way,Daylight,Dry,867,266408.0
7538,7538,196841,6,Mittelstraße,2019,7,18,7,3,5,2,0,1,1,0,0,0,0,0.0,Steglitz-Zehlendorf,Accident with minor injuries,Collision with a turning/crossing vehicle,Turning accident,Daylight,Dry,851,310071.0
7539,7539,196842,8,Donaustraße,2019,6,22,6,3,0,1,2,1,0,0,0,0,0,0.0,Neukölln,Accident with minor injuries,Others,Driving accident,Dark,Dry,934,329917.0
7540,7540,196843,6,Markelstraße,2019,7,18,7,3,0,1,0,0,0,0,1,0,0,0.0,Steglitz-Zehlendorf,Accident with minor injuries,Others,Driving accident,Daylight,Dry,851,310071.0
7541,7541,196844,9,Adlershof Ost,2019,6,17,6,2,0,1,0,1,0,0,0,0,0,0.0,Treptow-Köpenick,Accident with serious injuries,Others,Driving accident,Daylight,Dry,892,273689.0
7542,7542,196845,7,Friedenau,2019,6,17,6,2,6,4,0,0,1,1,0,0,0,0.0,Tempelhof-Schöneberg,Accident with serious injuries,Collision between vehicle and pedestrian,Pedestrian crossing accident,Daylight,Dry,1241,350984.0
7543,7543,196846,10,Oberfeldstraße,2019,7,17,7,3,0,1,0,0,0,0,1,0,0,0.0,Marzahn-Hellersdorf,Accident with minor injuries,Others,Driving accident,Daylight,Dry,586,269967.0
7544,7544,196847,1,Stephankiez,2019,6,13,6,3,1,5,0,0,1,0,0,0,0,0.0,Mitte,Accident with minor injuries,Collision with a moving/standing/parked vehicle,Accident involving parked vehicles,Daylight,Dry,2215,385748.0
7545,7545,196848,4,Rathaus Wilmersdorf,2019,7,17,7,3,5,2,0,0,1,0,0,0,0,0.0,Charlottenburg-Wilmersdorf,Accident with minor injuries,Collision with a turning/crossing vehicle,Turning accident,Daylight,Dry,1727,343592.0
7546,7546,196849,11,Rummelsburg,2019,6,12,6,2,5,3,0,1,1,0,0,0,0,0.0,Lichtenberg,Accident with serious injuries,Collision with a turning/crossing vehicle,Turning/Crossing accident,Daylight,Dry,679,294201.0
7547,7547,196850,9,Adlershof West,2019,6,11,6,3,2,6,0,0,1,0,0,0,0,0.0,Treptow-Köpenick,Accident with minor injuries,Collision with the vehicle in front/waiting vehicle,Collision involving vehicles going in the same way,Daylight,Dry,892,273689.0
7548,7548,196851,1,Reinickendorfer Straße,2019,7,16,7,3,5,3,0,1,1,0,0,0,0,0.0,Mitte,Accident with minor injuries,Collision with a turning/crossing vehicle,Turning/Crossing accident,Daylight,Dry,2215,385748.0
7549,7549,196852,4,Schloßgarten,2019,6,9,6,3,5,2,0,1,1,0,0,0,0,0.0,Charlottenburg-Wilmersdorf,Accident with minor injuries,Collision with a turning/crossing vehicle,Turning accident,Daylight,Dry,1727,343592.0
7550,7550,196853,1,Lüneburger Straße,2019,7,15,7,3,5,3,0,0,1,0,0,0,0,0.0,Mitte,Accident with minor injuries,Collision with a turning/crossing vehicle,Turning/Crossing accident,Daylight,Dry,2215,385748.0
7551,7551,196854,4,Breitscheidplatz,2019,6,9,6,3,1,5,0,1,1,0,0,0,0,0.0,Charlottenburg-Wilmersdorf,Accident with minor injuries,Collision with a moving/standing/parked vehicle,Accident involving parked vehicles,Daylight,Dry,1727,343592.0
7552,7552,196855,4,Wilhelmsaue,2019,7,15,7,3,6,6,0,1,0,1,0,0,0,0.0,Charlottenburg-Wilmersdorf,Accident with minor injuries,Collision between vehicle and pedestrian,Collision involving vehicles going in the same way,Daylight,Dry,1727,343592.0
7553,7553,196856,1,Alexanderplatzviertel,2019,6,9,6,3,5,2,0,1,0,0,1,0,0,0.0,Mitte,Accident with minor injuries,Collision with a turning/crossing vehicle,Turning accident,Daylight,Dry,2215,385748.0
7554,7554,196857,5,Am Heideberg,2019,7,13,7,3,0,6,0,0,1,0,1,0,0,0.0,Spandau,Accident with minor injuries,Others,Collision involving vehicles going in the same way,Daylight,Dry,798,245197.0
7555,7555,196858,9,Adlershof Ost,2019,6,9,6,3,6,7,0,1,1,1,0,0,0,0.0,Treptow-Köpenick,Accident with minor injuries,Collision between vehicle and pedestrian,Others,Daylight,Dry,892,273689.0
7556,7556,196859,8,Donaustraße,2019,6,8,6,3,6,2,0,0,1,1,0,0,0,0.0,Neukölln,Accident with minor injuries,Collision between vehicle and pedestrian,Turning accident,Daylight,Dry,934,329917.0
7557,7557,196860,1,Elberfelder Straße,2019,7,12,7,3,5,2,0,0,1,0,1,0,0,0.0,Mitte,Accident with minor injuries,Collision with a turning/crossing vehicle,Turning accident,Daylight,Dry,2215,385748.0
7558,7558,196861,3,Bucher Forst,2019,7,12,7,3,7,7,0,1,0,0,0,0,0,0.0,Pankow,Accident with minor injuries,Collision with a road obstacle,Others,Daylight,Dry,1219,409335.0
7559,7559,196862,4,Messegelände,2019,6,8,6,3,5,2,0,1,1,0,0,0,0,0.0,Charlottenburg-Wilmersdorf,Accident with minor injuries,Collision with a turning/crossing vehicle,Turning accident,Daylight,Dry,1727,343592.0