,Unnamed: 0,object id,district,street,year,month,hour of day,weekday,category,accident type,accident type 2,light situation,bike involved,car involved,pedestrian involved,motor bike involved,big track involved,other vehicle involved,road condition,district name,category name,accident detail,accident type detail,light condition,road condition detail,accident count by district,est. population
7560,7560,196863,9,Dorf Altglienicke,2019,7,12,7,3,1,5,0,0,1,0,1,0,0,0.0,Treptow-Köpenick,Accident with minor injuries,Collision with a moving/standing/parked vehicle,Accident involving parked vehicles,Daylight,Dry,892,273689.0
7561,7561,196864,2,Boxhagener Platz,2019,6,7,6,2,2,2,0,1,1,0,0,0,0,0.0,Friedrichshain-Kreuzberg,Accident with serious injuries,Collision with the vehicle in front/waiting vehicle,Turning accident,Daylight,Dry,1381,290386.0
7562,7562,196865,7,Manteuffelstraße,2019,7,12,7,3,5,3,0,0,1,0,0,0,0,0.0,Tempelhof-Schöneberg,Accident with minor injuries,Collision with a turning/crossing vehicle,Turning/Crossing accident,Daylight,Dry,1241,350984.0
7563,7563,196866,6,Lankwitz Kirche,2019,6,7,6,3,5,2,0,0,1,0,0,0,0,0.0,Steglitz-Zehlendorf,Accident with minor injuries,Collision with a turning/crossing vehicle,Turning accident,Daylight,Dry,851,310071.0
7564,7564,196867,4,Hagenplatz,2019,6,1,6,3,1,5,2,0,1,0,0,0,0,0.0,Charlottenburg-Wilmersdorf,Accident with minor injuries,Collision with a moving/standing/parked vehicle,Accident involving parked vehicles,Dark,Dry,1727,343592.0
7565,7565,196868,1,Reinickendorfer Straße,2019,7,11,7,3,3,6,0,0,1,0,1,0,0,0.0,Mitte,Accident with minor injuries,Collision with a vehicle traveling laterally in the same direction,Collision involving vehicles going in the same way,Daylight,Dry,2215,385748.0
7566,7566,196869,4,Ludwigkirchplatz,2019,7,11,7,3,2,6,0,1,0,0,0,0,0,0.0,Charlottenburg-Wilmersdorf,Accident with minor injuries,Collision with the vehicle in front/waiting vehicle,Collision involving vehicles going in the same way,Daylight,Dry,1727,343592.0
7567,7567,196870,8,Reuterkiez,2019,6,10,6,3,3,6,0,1,1,0,0,0,0,0.0,Neukölln,Accident with minor injuries,Collision with a vehicle traveling laterally in the same direction,Collision involving vehicles going in the same way,Daylight,Dry,934,329917.0
7568,7568,196871,8,Silbersteinstraße,2019,6,9,6,3,3,6,0,1,1,0,0,0,0,0.0,Neukölln,Accident with minor injuries,Collision with a vehicle traveling laterally in the same direction,Collision involving vehicles going in the same way,Daylight,Dry,934,329917.0
7569,7569,196872,6,Bismarckstraße,2019,7,0,7,3,1,7,2,0,1,0,0,0,0,0.0,Steglitz-Zehlendorf,Accident with minor injuries,Collision with a moving/standing/parked vehicle,Others,Dark,Dry,851,310071.0
7570,7570,196873,11,Frankfurter Allee Süd,2019,6,7,5,2,5,3,0,1,1,0,0,0,0,0.0,Lichtenberg,Accident with serious injuries,Collision with a turning/crossing vehicle,Turning/Crossing accident,Daylight,Dry,679,294201.0
7571,7571,196874,8,Silbersteinstraße,2019,7,6,7,3,4,6,0,0,1,0,0,0,0,0.0,Neukölln,Accident with minor injuries,Collision with oncoming vehicle,Collision involving vehicles going in the same way,Daylight,Dry,934,329917.0
7572,7572,196875,3,Behaimstraße,2019,6,13,5,3,6,7,0,0,0,0,0,0,1,0.0,Pankow,Accident with minor injuries,Collision between vehicle and pedestrian,Others,Daylight,Dry,1219,409335.0
7573,7573,196876,6,Markelstraße,2019,6,13,5,3,3,6,0,0,1,0,0,0,0,0.0,Steglitz-Zehlendorf,Accident with minor injuries,Collision with a vehicle traveling laterally in the same direction,Collision involving vehicles going in the same way,Daylight,Dry,851,310071.0
7574,7574,196877,1,Wilhelmstraße,2019,7,12,6,3,5,2,0,1,1,0,0,0,0,0.0,Mitte,Accident with minor injuries,Collision with a turning/crossing vehicle,Turning accident,Daylight,Dry,2215,385748.0
7575,7575,196878,1,Humboldthain Nordwest,2019,6,13,5,3,0,1,0,1,1,0,0,0,0,0.0,Mitte,Accident with minor injuries,Others,Driving accident,Daylight,Dry,2215,385748.0
7576,7576,196879,10,Alt-Marzahn,2019,7,22,6,3,5,3,2,0,1,0,0,0,0,0.0,Marzahn-Hellersdorf,Accident with minor injuries,Collision with a turning/crossing vehicle,Turning/Crossing accident,Dark,Dry,586,269967.0
7577,7577,196880,1,Unter den Linden Nord,2019,6,13,5,3,5,3,0,0,1,0,0,0,0,0.0,Mitte,Accident with minor injuries,Collision with a turning/crossing vehicle,Turning/Crossing accident,Daylight,Dry,2215,385748.0
7578,7578,196881,8,Silbersteinstraße,2019,7,22,6,3,3,6,2,0,1,0,0,0,0,0.0,Neukölln,Accident with minor injuries,Collision with a vehicle traveling laterally in the same direction,Collision involving vehicles going in the same way,Dark,Dry,934,329917.0
7579,7579,196882,4,Breitscheidplatz,2019,6,13,5,3,5,3,0,1,1,0,0,0,0,0.0,Charlottenburg-Wilmersdorf,Accident with minor injuries,Collision with a turning/crossing vehicle,Turning/Crossing accident,Daylight,Dry,1727,343592.0
7580,7580,196883,7,Nollendorfplatz,2019,7,21,6,3,5,2,2,1,1,0,0,0,0,0.0,Tempelhof-Schöneberg,Accident with minor injuries,Collision with a turning/crossing vehicle,Turning accident,Dark,Dry,1241,350984.0
7581,7581,196884,9,Oberschöneweide West,2019,6,12,5,3,3,6,0,0,1,0,1,0,0,0.0,Treptow-Köpenick,Accident with minor injuries,Collision with a vehicle traveling laterally in the same direction,Collision involving vehicles going in the same way,Daylight,Dry,892,273689.0
7582,7582,196885,4,Savignyplatz,2019,6,12,5,3,1,5,0,0,1,0,1,0,0,0.0,Charlottenburg-Wilmersdorf,Accident with minor injuries,Collision with a moving/standing/parked vehicle,Accident involving parked vehicles,Daylight,Dry,1727,343592.0
7583,7583,196886,6,Schloßstraße,2019,7,21,6,2,5,2,0,0,1,0,1,0,0,0.0,Steglitz-Zehlendorf,Accident with serious injuries,Collision with a turning/crossing vehicle,Turning accident,Daylight,Dry,851,310071.0
7584,7584,196887,1,Reinickendorfer Straße,2019,7,20,6,2,5,3,1,1,1,0,0,0,0,0.0,Mitte,Accident with serious injuries,Collision with a turning/crossing vehicle,Turning/Crossing accident,Twilight,Dry,2215,385748.0
7585,7585,196888,1,Charitéviertel,2019,6,11,5,2,5,3,0,0,0,0,0,1,1,0.0,Mitte,Accident with serious injuries,Collision with a turning/crossing vehicle,Turning/Crossing accident,Daylight,Dry,2215,385748.0
7586,7586,196889,1,Alexanderplatzviertel,2019,6,11,5,3,1,5,0,0,1,0,0,0,0,0.0,Mitte,Accident with minor injuries,Collision with a moving/standing/parked vehicle,Accident involving parked vehicles,Daylight,Dry,2215,385748.0
7587,7587,196890,1,Charitéviertel,2019,7,20,6,3,5,3,0,1,0,0,0,0,0,0.0,Mitte,Accident with minor injuries,Collision with a turning/crossing vehicle,Turning/Crossing accident,Daylight,Dry,2215,385748.0
7588,7588,196891,10,Marzahner Chaussee,2019,6,20,5,3,5,2,0,0,1,0,0,0,0,0.0,Marzahn-Hellersdorf,Accident with minor injuries,Collision with a turning/crossing vehicle,Turning accident,Daylight,Dry,586,269967.0
7589,7589,196892,1,Charitéviertel,2019,7,19,6,3,0,2,0,0,1,0,0,0,1,0.0,Mitte,Accident with minor injuries,Others,Turning accident,Daylight,Dry,2215,385748.0
7590,7590,196893,4,Karl-August-Platz,2019,6,19,5,3,5,2,0,1,1,0,0,0,0,0.0,Charlottenburg-Wilmersdorf,Accident with minor injuries,Collision with a turning/crossing vehicle,Turning accident,Daylight,Dry,1727,343592.0
7591,7591,196894,9,Bölschestraße,2019,7,18,6,3,3,6,0,0,1,0,0,0,1,0.0,Treptow-Köpenick,Accident with minor injuries,Collision with a vehicle traveling laterally in the same direction,Collision involving vehicles going in the same way,Daylight,Dry,892,273689.0
7592,7592,196895,2,Oranienplatz,2019,6,18,5,3,1,5,0,1,1,0,0,0,1,0.0,Friedrichshain-Kreuzberg,Accident with minor injuries,Collision with a moving/standing/parked vehicle,Accident involving parked vehicles,Daylight,Dry,1381,290386.0
7593,7593,196896,7,Rathaus Tempelhof,2019,7,17,6,3,6,7,0,0,1,1,0,0,0,0.0,Tempelhof-Schöneberg,Accident with minor injuries,Collision between vehicle and pedestrian,Others,Daylight,Dry,1241,350984.0
7594,7594,196897,1,Humboldthain Nordwest,2019,6,11,5,3,4,6,0,1,1,0,0,0,0,0.0,Mitte,Accident with minor injuries,Collision with oncoming vehicle,Collision involving vehicles going in the same way,Daylight,Dry,2215,385748.0
7595,7595,196898,7,Nahariyastraße,2019,7,17,6,2,5,3,0,0,1,0,1,0,0,0.0,Tempelhof-Schöneberg,Accident with serious injuries,Collision with a turning/crossing vehicle,Turning/Crossing accident,Daylight,Dry,1241,350984.0
7596,7596,196899,11,Sewanstraße,2019,6,11,5,2,5,3,0,1,1,0,0,0,0,0.0,Lichtenberg,Accident with serious injuries,Collision with a turning/crossing vehicle,Turning/Crossing accident,Daylight,Dry,679,294201.0
7597,7597,196900,6,Krumme Lanke,2019,7,17,6,3,5,2,0,1,0,0,0,0,1,0.0,Steglitz-Zehlendorf,Accident with minor injuries,Collision with a turning/crossing vehicle,Turning accident,Daylight,Dry,851,310071.0
7598,7598,196901,3,Erich-Weinert-Straße,2019,6,11,5,3,5,2,0,1,0,0,0,0,1,0.0,Pankow,Accident with minor injuries,Collision with a turning/crossing vehicle,Turning accident,Daylight,Dry,1219,409335.0
7599,7599,196902,7,Friedenau,2019,6,10,5,3,0,2,0,1,0,0,1,0,0,0.0,Tempelhof-Schöneberg,Accident with minor injuries,Others,Turning accident,Daylight,Dry,1241,350984.0
7600,7600,196903,3,Pankow Zentrum,2019,7,16,6,3,5,3,0,1,1,0,0,0,0,0.0,Pankow,Accident with minor injuries,Collision with a turning/crossing vehicle,Turning/Crossing accident,Daylight,Dry,1219,409335.0
7601,7601,196904,2,Mehringplatz,2019,6,18,5,3,6,2,0,0,1,1,0,0,0,0.0,Friedrichshain-Kreuzberg,Accident with minor injuries,Collision between vehicle and pedestrian,Turning accident,Daylight,Dry,1381,290386.0
7602,7602,196905,12,Reinickes Hof,2019,7,16,6,3,2,6,0,0,1,0,0,0,0,0.0,Reinickendorf,Accident with minor injuries,Collision with the vehicle in front/waiting vehicle,Collision involving vehicles going in the same way,Daylight,Dry,867,266408.0
7603,7603,196906,9,Oberschöneweide West,2019,6,11,5,3,5,2,0,1,1,0,0,0,0,0.0,Treptow-Köpenick,Accident with minor injuries,Collision with a turning/crossing vehicle,Turning accident,Daylight,Dry,892,273689.0
7604,7604,196907,2,Samariterviertel,2019,7,15,6,3,2,2,0,1,1,0,0,0,0,0.0,Friedrichshain-Kreuzberg,Accident with minor injuries,Collision with the vehicle in front/waiting vehicle,Turning accident,Daylight,Dry,1381,290386.0
7605,7605,196908,11,Orankesee,2019,6,10,5,3,5,2,0,0,1,0,0,0,0,0.0,Lichtenberg,Accident with minor injuries,Collision with a turning/crossing vehicle,Turning accident,Daylight,Dry,679,294201.0
7606,7606,196909,3,Arnimplatz,2019,7,13,6,3,5,3,0,1,1,0,0,0,0,0.0,Pankow,Accident with minor injuries,Collision with a turning/crossing vehicle,Turning/Crossing accident,Daylight,Dry,1219,409335.0
7607,7607,196910,8,Gropiusstadt Ost,2019,6,18,5,2,0,2,0,1,1,0,0,0,0,0.0,Neukölln,Accident with serious injuries,Others,Turning accident,Daylight,Dry,934,329917.0
7608,7608,196911,3,Pankow Süd,2019,6,9,5,3,1,5,0,1,0,0,0,0,1,0.0,Pankow,Accident with minor injuries,Collision with a moving/standing/parked vehicle,Accident involving parked vehicles,Daylight,Dry,1219,409335.0
7609,7609,196912,2,Wriezener Bahnhof/Entwicklungsgebiet,2019,7,13,6,3,2,6,0,0,1,0,0,0,0,0.0,Friedrichshain-Kreuzberg,Accident with minor injuries,Collision with the vehicle in front/waiting vehicle,Collision involving vehicles going in the same way,Daylight,Dry,1381,290386.0
7610,7610,196913,8,Rollberg,2019,7,13,6,3,2,6,0,0,1,0,0,0,0,0.0,Neukölln,Accident with minor injuries,Collision with the vehicle in front/waiting vehicle,Collision involving vehicles going in the same way,Daylight,Dry,934,329917.0
7611,7611,196914,2,Askanischer Platz,2019,6,18,5,3,6,2,0,0,1,1,0,0,0,0.0,Friedrichshain-Kreuzberg,Accident with minor injuries,Collision between vehicle and pedestrian,Turning accident,Daylight,Dry,1381,290386.0
7612,7612,196915,1,Oranienburger Straße,2019,6,18,5,3,1,5,0,0,1,0,1,0,0,0.0,Mitte,Accident with minor injuries,Collision with a moving/standing/parked vehicle,Accident involving parked vehicles,Daylight,Dry,2215,385748.0
7613,7613,196916,9,Adlershof West,2019,7,13,6,3,5,2,0,1,1,0,0,0,0,0.0,Treptow-Köpenick,Accident with minor injuries,Collision with a turning/crossing vehicle,Turning accident,Daylight,Dry,892,273689.0
7614,7614,196917,9,Köpenicker Landstraße,2019,6,18,5,3,0,2,0,0,1,0,0,0,1,0.0,Treptow-Köpenick,Accident with minor injuries,Others,Turning accident,Daylight,Dry,892,273689.0
7615,7615,196918,6,Südende,2019,7,13,6,3,1,5,0,0,1,0,0,0,0,0.0,Steglitz-Zehlendorf,Accident with minor injuries,Collision with a moving/standing/parked vehicle,Accident involving parked vehicles,Daylight,Dry,851,310071.0
7616,7616,196919,11,Karlshorst Nord,2019,6,18,5,3,5,2,0,1,1,0,0,0,0,0.0,Lichtenberg,Accident with minor injuries,Collision with a turning/crossing vehicle,Turning accident,Daylight,Dry,679,294201.0
7617,7617,196920,6,Bismarckstraße,2019,6,18,5,3,1,5,0,1,1,0,0,0,0,0.0,Steglitz-Zehlendorf,Accident with minor injuries,Collision with a moving/standing/parked vehicle,Accident involving parked vehicles,Daylight,Dry,851,310071.0
7618,7618,196921,1,Humboldthain Süd,2019,7,12,6,3,5,3,0,1,1,0,0,0,0,0.0,Mitte,Accident with minor injuries,Collision with a turning/crossing vehicle,Turning/Crossing accident,Daylight,Dry,2215,385748.0
7619,7619,196922,1,Thomasiusstraße,2019,6,18,5,3,2,6,0,0,1,0,0,0,0,0.0,Mitte,Accident with minor injuries,Collision with the vehicle in front/waiting vehicle,Collision involving vehicles going in the same way,Daylight,Dry,2215,385748.0
7620,7620,196923,2,Andreasviertel,2019,6,18,5,2,1,1,0,0,1,0,0,0,1,0.0,Friedrichshain-Kreuzberg,Accident with serious injuries,Collision with a moving/standing/parked vehicle,Driving accident,Daylight,Dry,1381,290386.0
7621,7621,196924,7,Bayerischer Platz,2019,7,10,6,3,2,2,0,0,1,0,0,0,0,0.0,Tempelhof-Schöneberg,Accident with minor injuries,Collision with the vehicle in front/waiting vehicle,Turning accident,Daylight,Dry,1241,350984.0
7622,7622,196925,10,Mahlsdorf Süd,2019,6,18,5,3,0,1,0,1,0,0,0,0,0,0.0,Marzahn-Hellersdorf,Accident with minor injuries,Others,Driving accident,Daylight,Dry,586,269967.0
7623,7623,196926,10,Kaulsdorf Nord I,2019,6,17,5,3,1,5,0,1,1,0,0,0,1,0.0,Marzahn-Hellersdorf,Accident with minor injuries,Collision with a moving/standing/parked vehicle,Accident involving parked vehicles,Daylight,Dry,586,269967.0
7624,7624,196927,5,Zitadellenweg,2019,7,8,6,2,2,6,0,0,1,0,1,0,0,0.0,Spandau,Accident with serious injuries,Collision with the vehicle in front/waiting vehicle,Collision involving vehicles going in the same way,Daylight,Dry,798,245197.0
7625,7625,196928,11,Weitlingstraße,2019,6,22,5,3,2,6,2,1,1,0,0,0,0,0.0,Lichtenberg,Accident with minor injuries,Collision with the vehicle in front/waiting vehicle,Collision involving vehicles going in the same way,Dark,Dry,679,294201.0
7626,7626,196929,8,Glasower Straße,2019,7,8,6,3,5,3,0,0,1,0,0,0,0,0.0,Neukölln,Accident with minor injuries,Collision with a turning/crossing vehicle,Turning/Crossing accident,Daylight,Dry,934,329917.0
7627,7627,196930,2,Richard-Sorge-Viertel,2019,6,17,5,3,5,2,0,1,0,0,0,0,0,0.0,Friedrichshain-Kreuzberg,Accident with minor injuries,Collision with a turning/crossing vehicle,Turning accident,Daylight,Dry,1381,290386.0
7628,7628,196931,1,Sparrplatz,2019,7,8,6,3,5,2,0,1,1,0,0,0,0,0.0,Mitte,Accident with minor injuries,Collision with a turning/crossing vehicle,Turning accident,Daylight,Dry,2215,385748.0
7629,7629,196932,3,Erich-Weinert-Straße,2019,6,14,5,3,5,3,0,0,1,0,1,0,0,0.0,Pankow,Accident with minor injuries,Collision with a turning/crossing vehicle,Turning/Crossing accident,Daylight,Dry,1219,409335.0
7630,7630,196933,3,Karow Nord,2019,7,5,6,3,0,1,0,1,0,0,0,0,0,1.0,Pankow,Accident with minor injuries,Others,Driving accident,Daylight,Wet/moist/slippery,1219,409335.0
7631,7631,196934,2,Traveplatz,2019,6,14,5,2,0,6,0,1,1,0,0,0,0,0.0,Friedrichshain-Kreuzberg,Accident with serious injuries,Others,Collision involving vehicles going in the same way,Daylight,Dry,1381,290386.0
7632,7632,196935,1,Gesundbrunnen,2019,6,20,5,3,0,1,0,1,0,0,0,0,0,0.0,Mitte,Accident with minor injuries,Others,Driving accident,Daylight,Dry,2215,385748.0
7633,7633,196936,11,Sewanstraße,2019,7,4,6,3,0,1,0,1,0,0,0,0,0,0.0,Lichtenberg,Accident with minor injuries,Others,Driving accident,Daylight,Dry,679,294201.0
7634,7634,196937,2,Samariterviertel,2019,7,1,6,3,0,7,2,1,0,0,0,0,1,0.0,Friedrichshain-Kreuzberg,Accident with minor injuries,Others,Others,Dark,Dry,1381,290386.0
7635,7635,196938,4,Breitscheidplatz,2019,6,14,5,3,0,1,0,0,0,0,1,0,0,0.0,Charlottenburg-Wilmersdorf,Accident with minor injuries,Others,Driving accident,Daylight,Dry,1727,343592.0
7636,7636,196939,7,Kaiser-Wilhelm-Platz,2019,6,13,5,3,5,2,0,1,1,0,0,0,0,0.0,Tempelhof-Schöneberg,Accident with minor injuries,Collision with a turning/crossing vehicle,Turning accident,Daylight,Dry,1241,350984.0
7637,7637,196940,5,Borkumer Straße,2019,7,15,6,2,0,6,0,0,1,0,0,0,1,0.0,Spandau,Accident with serious injuries,Others,Collision involving vehicles going in the same way,Daylight,Dry,798,245197.0
7638,7638,196941,1,Invalidenstraße,2019,6,9,5,2,0,1,0,1,0,0,0,0,0,0.0,Mitte,Accident with serious injuries,Others,Driving accident,Daylight,Dry,2215,385748.0
7639,7639,196942,1,Heine-Viertel West,2019,7,11,5,3,1,5,0,1,1,0,0,0,0,0.0,Mitte,Accident with minor injuries,Collision with a moving/standing/parked vehicle,Accident involving parked vehicles,Daylight,Dry,2215,385748.0
7640,7640,196943,4,Rathaus Wilmersdorf,2019,6,9,5,3,5,3,0,1,1,0,0,0,0,0.0,Charlottenburg-Wilmersdorf,Accident with minor injuries,Collision with a turning/crossing vehicle,Turning/Crossing accident,Daylight,Dry,1727,343592.0
7641,7641,196944,1,Sparrplatz,2019,7,21,5,3,3,6,2,0,1,0,0,0,0,0.0,Mitte,Accident with minor injuries,Collision with a vehicle traveling laterally in the same direction,Collision involving vehicles going in the same way,Dark,Dry,2215,385748.0
7642,7642,196945,6,Dahlem,2019,6,8,5,2,5,2,0,0,1,0,0,0,0,0.0,Steglitz-Zehlendorf,Accident with serious injuries,Collision with a turning/crossing vehicle,Turning accident,Daylight,Dry,851,310071.0
7643,7643,196946,2,Rathaus Yorckstraße,2019,7,20,5,3,5,2,1,0,1,0,0,0,0,0.0,Friedrichshain-Kreuzberg,Accident with minor injuries,Collision with a turning/crossing vehicle,Turning accident,Twilight,Dry,1381,290386.0
7644,7644,196947,1,Charitéviertel,2019,6,8,5,3,5,2,0,1,1,0,0,0,0,0.0,Mitte,Accident with minor injuries,Collision with a turning/crossing vehicle,Turning accident,Daylight,Dry,2215,385748.0
7645,7645,196948,3,Humannplatz,2019,6,8,5,2,5,2,0,1,0,0,0,1,0,0.0,Pankow,Accident with serious injuries,Collision with a turning/crossing vehicle,Turning accident,Daylight,Dry,1219,409335.0
7646,7646,196949,9,Bölschestraße,2019,7,17,4,3,5,3,0,0,1,0,1,0,0,0.0,Treptow-Köpenick,Accident with minor injuries,Collision with a turning/crossing vehicle,Turning/Crossing accident,Daylight,Dry,892,273689.0
7647,7647,196950,2,Urbanstraße,2019,7,16,4,3,2,6,0,1,0,0,0,0,0,0.0,Friedrichshain-Kreuzberg,Accident with minor injuries,Collision with the vehicle in front/waiting vehicle,Collision involving vehicles going in the same way,Daylight,Dry,1381,290386.0
7648,7648,196951,1,Alexanderplatzviertel,2019,7,9,4,3,5,2,0,0,1,0,1,0,0,0.0,Mitte,Accident with minor injuries,Collision with a turning/crossing vehicle,Turning accident,Daylight,Dry,2215,385748.0
7649,7649,196952,6,Wannsee,2019,7,17,4,3,7,7,0,0,0,0,1,0,0,0.0,Steglitz-Zehlendorf,Accident with minor injuries,Collision with a road obstacle,Others,Daylight,Dry,851,310071.0
7650,7650,196953,1,Stephankiez,2019,7,14,6,3,1,5,0,0,1,0,1,0,0,0.0,Mitte,Accident with minor injuries,Collision with a moving/standing/parked vehicle,Accident involving parked vehicles,Daylight,Dry,2215,385748.0
7651,7651,196954,4,Schloßstraße,2019,7,17,4,3,5,3,0,1,1,0,0,0,0,0.0,Charlottenburg-Wilmersdorf,Accident with minor injuries,Collision with a turning/crossing vehicle,Turning/Crossing accident,Daylight,Dry,1727,343592.0
7652,7652,196955,4,Wilhelmsaue,2019,7,16,4,3,3,6,0,0,1,0,1,0,0,0.0,Charlottenburg-Wilmersdorf,Accident with minor injuries,Collision with a vehicle traveling laterally in the same direction,Collision involving vehicles going in the same way,Daylight,Dry,1727,343592.0
7653,7653,196956,8,Reuterkiez,2019,7,8,4,3,1,5,0,1,1,0,0,0,0,0.0,Neukölln,Accident with minor injuries,Collision with a moving/standing/parked vehicle,Accident involving parked vehicles,Daylight,Dry,934,329917.0
7654,7654,196957,1,Karl-Marx-Allee,2019,7,1,5,3,5,2,2,1,1,0,0,0,0,0.0,Mitte,Accident with minor injuries,Collision with a turning/crossing vehicle,Turning accident,Dark,Dry,2215,385748.0
7655,7655,196958,2,Stralauer Kiez,2019,7,20,5,3,2,2,0,0,1,0,0,0,0,0.0,Friedrichshain-Kreuzberg,Accident with minor injuries,Collision with the vehicle in front/waiting vehicle,Turning accident,Daylight,Dry,1381,290386.0
7656,7656,196959,11,Orankesee,2019,7,20,5,3,5,2,0,1,1,0,0,0,0,0.0,Lichtenberg,Accident with minor injuries,Collision with a turning/crossing vehicle,Turning accident,Daylight,Dry,679,294201.0
7657,7657,196960,1,Brunnenstraße,2019,7,19,5,3,5,2,0,0,1,0,1,0,0,0.0,Mitte,Accident with minor injuries,Collision with a turning/crossing vehicle,Turning accident,Daylight,Dry,2215,385748.0
7658,7658,196961,4,Breitscheidplatz,2019,7,19,5,3,5,2,0,1,1,0,0,0,0,0.0,Charlottenburg-Wilmersdorf,Accident with minor injuries,Collision with a turning/crossing vehicle,Turning accident,Daylight,Dry,1727,343592.0
7659,7659,196962,4,Klausenerplatz,2019,7,19,5,3,1,5,0,1,1,0,0,0,0,0.0,Charlottenburg-Wilmersdorf,Accident with minor injuries,Collision with a moving/standing/parked vehicle,Accident involving parked vehicles,Daylight,Dry,1727,343592.0
7660,7660,196963,2,Wassertorplatz,2019,7,19,5,3,1,5,0,1,1,0,0,0,0,0.0,Friedrichshain-Kreuzberg,Accident with minor injuries,Collision with a moving/standing/parked vehicle,Accident involving parked vehicles,Daylight,Dry,1381,290386.0
7661,7661,196964,3,Arnimplatz,2019,7,18,5,3,2,6,0,0,1,0,1,0,0,0.0,Pankow,Accident with minor injuries,Collision with the vehicle in front/waiting vehicle,Collision involving vehicles going in the same way,Daylight,Dry,1219,409335.0
7662,7662,196965,9,Dammvorstadt,2019,7,18,5,3,2,6,0,0,0,0,0,0,1,0.0,Treptow-Köpenick,Accident with minor injuries,Collision with the vehicle in front/waiting vehicle,Collision involving vehicles going in the same way,Daylight,Dry,892,273689.0
7663,7663,196966,7,Marienhöhe,2019,7,15,5,3,5,2,0,1,1,0,0,0,0,0.0,Tempelhof-Schöneberg,Accident with minor injuries,Collision with a turning/crossing vehicle,Turning accident,Daylight,Dry,1241,350984.0
7664,7664,196967,5,Kafkastraße,2019,7,15,5,3,1,5,0,1,1,0,0,0,0,0.0,Spandau,Accident with minor injuries,Collision with a moving/standing/parked vehicle,Accident involving parked vehicles,Daylight,Dry,798,245197.0
7665,7665,196968,5,Hakenfelde Nord,2019,7,17,5,2,5,3,0,0,1,0,1,0,0,0.0,Spandau,Accident with serious injuries,Collision with a turning/crossing vehicle,Turning/Crossing accident,Daylight,Dry,798,245197.0
7666,7666,196969,9,Adlershof West,2019,7,15,5,2,5,3,0,1,1,0,0,0,0,0.0,Treptow-Köpenick,Accident with serious injuries,Collision with a turning/crossing vehicle,Turning/Crossing accident,Daylight,Dry,892,273689.0
7667,7667,196970,4,Schloßgarten,2019,7,9,5,3,0,7,0,1,0,0,0,0,0,0.0,Charlottenburg-Wilmersdorf,Accident with minor injuries,Others,Others,Daylight,Dry,1727,343592.0
7668,7668,196971,1,Oranienburger Straße,2019,7,15,5,2,3,6,0,1,1,0,0,0,0,0.0,Mitte,Accident with serious injuries,Collision with a vehicle traveling laterally in the same direction,Collision involving vehicles going in the same way,Daylight,Dry,2215,385748.0
7669,7669,196972,9,Grünau,2019,7,14,5,3,5,7,0,0,1,0,0,0,0,0.0,Treptow-Köpenick,Accident with minor injuries,Collision with a turning/crossing vehicle,Others,Daylight,Dry,892,273689.0
7670,7670,196973,9,Dorf Altglienicke,2019,7,10,5,3,5,2,0,0,1,0,0,0,0,0.0,Treptow-Köpenick,Accident with minor injuries,Collision with a turning/crossing vehicle,Turning accident,Daylight,Dry,892,273689.0
7671,7671,196974,8,Gropiusstadt Nord,2019,7,18,5,3,5,3,0,0,1,0,0,0,0,0.0,Neukölln,Accident with minor injuries,Collision with a turning/crossing vehicle,Turning/Crossing accident,Daylight,Dry,934,329917.0
7672,7672,196975,1,Leipziger Straße,2019,7,22,5,2,0,1,2,0,0,0,0,0,1,0.0,Mitte,Accident with serious injuries,Others,Driving accident,Dark,Dry,2215,385748.0
7673,7673,196976,6,Lankwitz Süd,2019,7,23,5,3,5,3,2,0,1,0,1,0,0,0.0,Steglitz-Zehlendorf,Accident with minor injuries,Collision with a turning/crossing vehicle,Turning/Crossing accident,Dark,Dry,851,310071.0
7674,7674,196977,7,Volkspark (Rudolf-Wilde-Park),2019,7,13,5,3,5,2,0,1,1,0,0,0,0,0.0,Tempelhof-Schöneberg,Accident with minor injuries,Collision with a turning/crossing vehicle,Turning accident,Daylight,Dry,1241,350984.0
7675,7675,196978,5,Magistratsweg,2019,7,8,5,3,6,4,0,0,0,1,0,1,0,0.0,Spandau,Accident with minor injuries,Collision between vehicle and pedestrian,Pedestrian crossing accident,Daylight,Dry,798,245197.0
7676,7676,196979,7,Wittenbergplatz/Viktoria-Luise-Platz,2019,7,8,5,3,5,2,0,1,0,0,0,1,0,0.0,Tempelhof-Schöneberg,Accident with minor injuries,Collision with a turning/crossing vehicle,Turning accident,Daylight,Dry,1241,350984.0
7677,7677,196980,4,Forst Grunewald,2019,7,12,5,3,1,5,0,1,0,0,0,0,1,0.0,Charlottenburg-Wilmersdorf,Accident with minor injuries,Collision with a moving/standing/parked vehicle,Accident involving parked vehicles,Daylight,Dry,1727,343592.0
7678,7678,196981,1,Stülerstraße,2019,7,12,5,3,3,6,0,0,1,0,1,0,0,0.0,Mitte,Accident with minor injuries,Collision with a vehicle traveling laterally in the same direction,Collision involving vehicles going in the same way,Daylight,Dry,2215,385748.0
7679,7679,196982,1,Soldiner Straße,2019,7,12,5,2,5,3,0,0,1,0,1,0,0,0.0,Mitte,Accident with serious injuries,Collision with a turning/crossing vehicle,Turning/Crossing accident,Daylight,Dry,2215,385748.0