,Unnamed: 0,object id,district,street,year,month,hour of day,weekday,category,accident type,accident type 2,light situation,bike involved,car involved,pedestrian involved,motor bike involved,big track involved,other vehicle involved,road condition,district name,category name,accident detail,accident type detail,light condition,road condition detail,accident count by district,est. population
7680,7680,196983,11,Mühlengrund,2019,7,12,5,3,5,2,0,1,1,0,0,0,0,0.0,Lichtenberg,Accident with minor injuries,Collision with a turning/crossing vehicle,Turning accident,Daylight,Dry,679,294201.0
7681,7681,196984,9,Adlershof Ost,2019,7,8,5,2,5,2,0,1,1,0,0,0,0,0.0,Treptow-Köpenick,Accident with serious injuries,Collision with a turning/crossing vehicle,Turning accident,Daylight,Dry,892,273689.0
7682,7682,196985,2,Urbanstraße,2019,7,10,5,2,5,2,0,0,1,0,0,0,1,0.0,Friedrichshain-Kreuzberg,Accident with serious injuries,Collision with a turning/crossing vehicle,Turning accident,Daylight,Dry,1381,290386.0
7683,7683,196986,2,Moritzplatz,2019,7,10,5,2,0,6,0,0,1,0,0,0,1,0.0,Friedrichshain-Kreuzberg,Accident with serious injuries,Others,Collision involving vehicles going in the same way,Daylight,Dry,1381,290386.0
7684,7684,196987,7,Marienhöhe,2019,7,7,5,3,2,6,0,0,0,0,1,1,0,0.0,Tempelhof-Schöneberg,Accident with minor injuries,Collision with the vehicle in front/waiting vehicle,Collision involving vehicles going in the same way,Daylight,Dry,1241,350984.0
7685,7685,196988,3,Humannplatz,2019,7,7,5,3,5,3,0,1,0,0,0,0,1,0.0,Pankow,Accident with minor injuries,Collision with a turning/crossing vehicle,Turning/Crossing accident,Daylight,Dry,1219,409335.0
7686,7686,196989,9,Elsenstraße,2019,7,7,5,3,5,2,0,1,1,0,0,0,0,0.0,Treptow-Köpenick,Accident with minor injuries,Collision with a turning/crossing vehicle,Turning accident,Daylight,Dry,892,273689.0
7687,7687,196990,12,Letteplatz,2019,7,6,5,3,0,7,0,0,1,0,1,0,0,1.0,Reinickendorf,Accident with minor injuries,Others,Others,Daylight,Wet/moist/slippery,867,266408.0
7688,7688,196991,1,Stülerstraße,2019,7,10,5,3,5,3,0,0,1,0,0,0,0,0.0,Mitte,Accident with minor injuries,Collision with a turning/crossing vehicle,Turning/Crossing accident,Daylight,Dry,2215,385748.0
7689,7689,196992,2,Graefekiez,2019,7,9,5,3,1,5,0,0,1,0,0,0,0,0.0,Friedrichshain-Kreuzberg,Accident with minor injuries,Collision with a moving/standing/parked vehicle,Accident involving parked vehicles,Daylight,Dry,1381,290386.0
7690,7690,196993,6,Wannsee,2019,7,9,5,3,0,3,0,1,0,0,0,0,0,0.0,Steglitz-Zehlendorf,Accident with minor injuries,Others,Turning/Crossing accident,Daylight,Dry,851,310071.0
7691,7691,196994,4,Amtsgerichtsplatz,2019,7,9,5,2,5,3,0,1,1,0,0,0,0,0.0,Charlottenburg-Wilmersdorf,Accident with serious injuries,Collision with a turning/crossing vehicle,Turning/Crossing accident,Daylight,Dry,1727,343592.0
7692,7692,196995,2,Mehringplatz,2019,7,8,5,2,0,1,0,0,1,0,0,0,0,0.0,Friedrichshain-Kreuzberg,Accident with serious injuries,Others,Driving accident,Daylight,Dry,1381,290386.0
7693,7693,196996,1,Lützowstraße,2019,7,17,5,3,0,6,0,0,1,0,0,0,1,0.0,Mitte,Accident with minor injuries,Others,Collision involving vehicles going in the same way,Daylight,Dry,2215,385748.0
7694,7694,196997,5,Hakenfelde Nord,2019,7,9,5,1,3,6,0,1,0,0,0,1,0,0.0,Spandau,Accident with fatalities,Collision with a vehicle traveling laterally in the same direction,Collision involving vehicles going in the same way,Daylight,Dry,798,245197.0
7695,7695,196998,4,Breitscheidplatz,2019,7,17,4,3,5,2,0,1,1,0,0,0,0,0.0,Charlottenburg-Wilmersdorf,Accident with minor injuries,Collision with a turning/crossing vehicle,Turning accident,Daylight,Dry,1727,343592.0
7696,7696,196999,1,Humboldthain Nordwest,2019,7,17,4,3,2,6,0,1,1,0,0,0,0,0.0,Mitte,Accident with minor injuries,Collision with the vehicle in front/waiting vehicle,Collision involving vehicles going in the same way,Daylight,Dry,2215,385748.0
7697,7697,197000,10,Kaulsdorf Nord,2019,7,16,4,3,5,3,0,1,1,0,0,0,0,0.0,Marzahn-Hellersdorf,Accident with minor injuries,Collision with a turning/crossing vehicle,Turning/Crossing accident,Daylight,Dry,586,269967.0
7698,7698,197001,7,Dennewitzplatz,2019,7,15,4,3,2,6,0,0,1,0,0,0,0,0.0,Tempelhof-Schöneberg,Accident with minor injuries,Collision with the vehicle in front/waiting vehicle,Collision involving vehicles going in the same way,Daylight,Dry,1241,350984.0
7699,7699,197002,8,Parchimer Allee,2019,7,15,4,3,5,7,0,0,1,0,0,0,0,0.0,Neukölln,Accident with minor injuries,Collision with a turning/crossing vehicle,Others,Daylight,Dry,934,329917.0
7700,7700,197003,6,Lichterfelde West,2019,7,15,4,2,5,2,0,0,1,0,0,0,0,0.0,Steglitz-Zehlendorf,Accident with serious injuries,Collision with a turning/crossing vehicle,Turning accident,Daylight,Dry,851,310071.0
7701,7701,197004,7,Schöneberger Insel,2019,7,17,4,3,1,5,0,1,1,0,0,0,0,0.0,Tempelhof-Schöneberg,Accident with minor injuries,Collision with a moving/standing/parked vehicle,Accident involving parked vehicles,Daylight,Dry,1241,350984.0
7702,7702,197005,8,Buckow Ost,2019,7,15,4,3,0,6,0,0,1,0,0,0,1,0.0,Neukölln,Accident with minor injuries,Others,Collision involving vehicles going in the same way,Daylight,Dry,934,329917.0
7703,7703,197006,2,Richard-Sorge-Viertel,2019,7,14,4,3,2,6,0,0,1,0,1,0,1,0.0,Friedrichshain-Kreuzberg,Accident with minor injuries,Collision with the vehicle in front/waiting vehicle,Collision involving vehicles going in the same way,Daylight,Dry,1381,290386.0
7704,7704,197007,8,Waßmannsdorfer Chaussee,2019,7,13,4,3,2,7,0,1,0,0,0,0,1,0.0,Neukölln,Accident with minor injuries,Collision with the vehicle in front/waiting vehicle,Others,Daylight,Dry,934,329917.0
7705,7705,197008,9,Köllnische Vorstadt,2019,7,12,4,2,0,4,0,0,0,1,0,0,1,0.0,Treptow-Köpenick,Accident with serious injuries,Others,Pedestrian crossing accident,Daylight,Dry,892,273689.0
7706,7706,197009,2,Urbanstraße,2019,7,11,4,3,5,2,0,1,1,0,0,0,0,0.0,Friedrichshain-Kreuzberg,Accident with minor injuries,Collision with a turning/crossing vehicle,Turning accident,Daylight,Dry,1381,290386.0
7707,7707,197010,6,Stadtpark,2019,7,11,4,3,0,1,0,1,0,0,0,0,0,0.0,Steglitz-Zehlendorf,Accident with minor injuries,Others,Driving accident,Daylight,Dry,851,310071.0
7708,7708,197011,7,Manteuffelstraße,2019,7,10,4,3,5,2,0,0,1,0,1,0,0,0.0,Tempelhof-Schöneberg,Accident with minor injuries,Collision with a turning/crossing vehicle,Turning accident,Daylight,Dry,1241,350984.0
7709,7709,197012,7,Kaiser-Wilhelm-Platz,2019,7,9,4,2,5,2,0,1,0,0,1,0,0,0.0,Tempelhof-Schöneberg,Accident with serious injuries,Collision with a turning/crossing vehicle,Turning accident,Daylight,Dry,1241,350984.0
7710,7710,197013,9,Rahnsdorf/Hessenwinkel,2019,7,9,4,3,2,3,0,1,1,0,0,0,0,0.0,Treptow-Köpenick,Accident with minor injuries,Collision with the vehicle in front/waiting vehicle,Turning/Crossing accident,Daylight,Dry,892,273689.0
7711,7711,197014,2,Moritzplatz,2019,7,8,4,3,5,3,0,1,1,0,0,0,0,0.0,Friedrichshain-Kreuzberg,Accident with minor injuries,Collision with a turning/crossing vehicle,Turning/Crossing accident,Daylight,Dry,1381,290386.0
7712,7712,197015,12,Waldidyll/Flughafensee,2019,7,23,4,2,2,6,2,0,1,0,0,0,1,0.0,Reinickendorf,Accident with serious injuries,Collision with the vehicle in front/waiting vehicle,Collision involving vehicles going in the same way,Dark,Dry,867,266408.0
7713,7713,197016,4,Plötzensee,2019,7,20,4,2,1,1,0,0,1,0,0,0,0,0.0,Charlottenburg-Wilmersdorf,Accident with serious injuries,Collision with a moving/standing/parked vehicle,Driving accident,Daylight,Dry,1727,343592.0
7714,7714,197017,8,Zittauer Straße,2019,7,19,4,3,5,3,0,0,1,0,0,0,0,0.0,Neukölln,Accident with minor injuries,Collision with a turning/crossing vehicle,Turning/Crossing accident,Daylight,Dry,934,329917.0
7715,7715,197018,1,Humboldthain Nordwest,2019,7,19,4,2,0,6,0,1,1,0,0,0,0,0.0,Mitte,Accident with serious injuries,Others,Collision involving vehicles going in the same way,Daylight,Dry,2215,385748.0
7716,7716,197019,3,Heinersdorf,2019,7,6,4,3,0,3,0,0,1,0,1,0,0,0.0,Pankow,Accident with minor injuries,Others,Turning/Crossing accident,Daylight,Dry,1219,409335.0
7717,7717,197020,3,Erich-Weinert-Straße,2019,7,6,4,3,5,3,0,1,1,0,0,0,0,0.0,Pankow,Accident with minor injuries,Collision with a turning/crossing vehicle,Turning/Crossing accident,Daylight,Dry,1219,409335.0
7718,7718,197021,11,Rosenfelder Ring,2019,7,5,4,3,5,3,0,1,1,0,0,0,0,0.0,Lichtenberg,Accident with minor injuries,Collision with a turning/crossing vehicle,Turning/Crossing accident,Daylight,Dry,679,294201.0
7719,7719,197022,2,Boxhagener Platz,2019,7,1,4,2,0,1,2,0,0,0,0,0,1,0.0,Friedrichshain-Kreuzberg,Accident with serious injuries,Others,Driving accident,Dark,Dry,1381,290386.0
7720,7720,197023,6,Augustaplatz,2019,7,15,4,3,5,2,0,0,1,0,0,0,1,0.0,Steglitz-Zehlendorf,Accident with minor injuries,Collision with a turning/crossing vehicle,Turning accident,Daylight,Dry,851,310071.0
7721,7721,197024,2,Wrangelkiez,2019,7,9,3,2,0,2,0,1,1,0,0,0,0,0.0,Friedrichshain-Kreuzberg,Accident with serious injuries,Others,Turning accident,Daylight,Dry,1381,290386.0
7722,7722,197025,2,Friedenstraße,2019,7,16,3,3,5,2,0,1,0,0,0,0,0,0.0,Friedrichshain-Kreuzberg,Accident with minor injuries,Collision with a turning/crossing vehicle,Turning accident,Daylight,Dry,1381,290386.0
7723,7723,197026,2,Moritzplatz,2019,7,18,3,3,5,2,0,1,1,0,0,0,0,0.0,Friedrichshain-Kreuzberg,Accident with minor injuries,Collision with a turning/crossing vehicle,Turning accident,Daylight,Dry,1381,290386.0
7724,7724,197027,3,Komponistenviertel Weißensee,2019,7,17,3,3,5,7,0,1,1,0,0,0,0,0.0,Pankow,Accident with minor injuries,Collision with a turning/crossing vehicle,Others,Daylight,Dry,1219,409335.0
7725,7725,197028,9,Oberschöneweide West,2019,7,17,3,2,5,3,0,0,1,0,1,0,0,0.0,Treptow-Köpenick,Accident with serious injuries,Collision with a turning/crossing vehicle,Turning/Crossing accident,Daylight,Dry,892,273689.0
7726,7726,197029,8,Reuterkiez,2019,7,17,3,3,1,5,0,1,1,0,0,0,1,0.0,Neukölln,Accident with minor injuries,Collision with a moving/standing/parked vehicle,Accident involving parked vehicles,Daylight,Dry,934,329917.0
7727,7727,197030,9,Hirschgarten,2019,7,16,3,3,2,7,0,0,1,0,0,0,0,0.0,Treptow-Köpenick,Accident with minor injuries,Collision with the vehicle in front/waiting vehicle,Others,Daylight,Dry,892,273689.0
7728,7728,197031,2,Urbanstraße,2019,7,2,3,3,1,1,2,0,1,0,0,0,0,0.0,Friedrichshain-Kreuzberg,Accident with minor injuries,Collision with a moving/standing/parked vehicle,Driving accident,Dark,Dry,1381,290386.0
7729,7729,197032,10,Herzbergstraße,2019,7,14,3,3,2,6,0,0,1,0,0,0,1,0.0,Marzahn-Hellersdorf,Accident with minor injuries,Collision with the vehicle in front/waiting vehicle,Collision involving vehicles going in the same way,Daylight,Dry,586,269967.0
7730,7730,197033,5,Weinmeisterhornweg,2019,7,14,3,3,5,2,0,0,1,0,0,0,0,0.0,Spandau,Accident with minor injuries,Collision with a turning/crossing vehicle,Turning accident,Daylight,Dry,798,245197.0
7731,7731,197034,12,Heiligensee,2019,7,13,3,3,1,5,0,0,1,0,1,0,0,0.0,Reinickendorf,Accident with minor injuries,Collision with a moving/standing/parked vehicle,Accident involving parked vehicles,Daylight,Dry,867,266408.0
7732,7732,197035,4,Schaperstraße,2019,7,13,3,3,1,5,0,1,1,0,0,0,0,0.0,Charlottenburg-Wilmersdorf,Accident with minor injuries,Collision with a moving/standing/parked vehicle,Accident involving parked vehicles,Daylight,Dry,1727,343592.0
7733,7733,197036,8,Alt-Rudow,2019,7,13,3,3,5,3,0,1,1,0,0,0,0,0.0,Neukölln,Accident with minor injuries,Collision with a turning/crossing vehicle,Turning/Crossing accident,Daylight,Dry,934,329917.0
7734,7734,197037,7,Rathaus Tempelhof,2019,7,12,3,3,5,3,0,0,1,0,0,0,0,0.0,Tempelhof-Schöneberg,Accident with minor injuries,Collision with a turning/crossing vehicle,Turning/Crossing accident,Daylight,Dry,1241,350984.0
7735,7735,197038,4,Jungfernheide,2019,7,12,3,3,2,6,0,0,1,0,0,0,0,0.0,Charlottenburg-Wilmersdorf,Accident with minor injuries,Collision with the vehicle in front/waiting vehicle,Collision involving vehicles going in the same way,Daylight,Dry,1727,343592.0
7736,7736,197039,2,Boxhagener Platz,2019,7,12,3,3,5,2,0,1,0,0,0,1,0,0.0,Friedrichshain-Kreuzberg,Accident with minor injuries,Collision with a turning/crossing vehicle,Turning accident,Daylight,Dry,1381,290386.0
7737,7737,197040,4,Preußenpark,2019,7,10,3,3,6,4,0,0,1,1,0,0,0,0.0,Charlottenburg-Wilmersdorf,Accident with minor injuries,Collision between vehicle and pedestrian,Pedestrian crossing accident,Daylight,Dry,1727,343592.0
7738,7738,197041,4,Stadion Wilmersdorf,2019,7,10,3,3,5,2,0,1,1,0,0,0,0,0.0,Charlottenburg-Wilmersdorf,Accident with minor injuries,Collision with a turning/crossing vehicle,Turning accident,Daylight,Dry,1727,343592.0
7739,7739,197042,1,Leipziger Straße,2019,7,18,3,3,4,6,0,1,0,0,0,0,1,0.0,Mitte,Accident with minor injuries,Collision with oncoming vehicle,Collision involving vehicles going in the same way,Daylight,Dry,2215,385748.0
7740,7740,197043,2,Urbanstraße,2019,7,9,3,3,6,7,0,0,1,1,0,0,0,0.0,Friedrichshain-Kreuzberg,Accident with minor injuries,Collision between vehicle and pedestrian,Others,Daylight,Dry,1381,290386.0
7741,7741,197044,8,Reuterkiez,2019,7,19,3,3,0,3,0,1,0,0,0,0,0,0.0,Neukölln,Accident with minor injuries,Others,Turning/Crossing accident,Daylight,Dry,934,329917.0
7742,7742,197045,3,Volkspark Prenzlauer Berg,2019,7,19,3,3,5,2,0,1,1,0,0,0,0,0.0,Pankow,Accident with minor injuries,Collision with a turning/crossing vehicle,Turning accident,Daylight,Dry,1219,409335.0
7743,7743,197046,9,Köllnische Vorstadt,2019,7,6,3,2,3,6,0,0,1,0,0,0,0,0.0,Treptow-Köpenick,Accident with serious injuries,Collision with a vehicle traveling laterally in the same direction,Collision involving vehicles going in the same way,Daylight,Dry,892,273689.0
7744,7744,197047,9,Adlershof West,2019,7,18,3,3,2,6,0,0,1,0,0,0,1,0.0,Treptow-Köpenick,Accident with minor injuries,Collision with the vehicle in front/waiting vehicle,Collision involving vehicles going in the same way,Daylight,Dry,892,273689.0
7745,7745,197048,9,Johannisthal Ost,2019,7,18,3,2,0,1,0,0,0,0,1,0,0,0.0,Treptow-Köpenick,Accident with serious injuries,Others,Driving accident,Daylight,Dry,892,273689.0
7746,7746,197049,9,Grünau,2019,7,18,3,3,5,3,0,1,0,0,0,0,1,0.0,Treptow-Köpenick,Accident with minor injuries,Collision with a turning/crossing vehicle,Turning/Crossing accident,Daylight,Dry,892,273689.0
7747,7747,197050,3,Blankenfelde,2019,7,16,3,3,5,3,0,1,1,0,0,0,0,0.0,Pankow,Accident with minor injuries,Collision with a turning/crossing vehicle,Turning/Crossing accident,Daylight,Dry,1219,409335.0
7748,7748,197051,4,Schloßgarten,2019,7,16,3,3,2,2,0,0,1,0,1,0,0,0.0,Charlottenburg-Wilmersdorf,Accident with minor injuries,Collision with the vehicle in front/waiting vehicle,Turning accident,Daylight,Dry,1727,343592.0
7749,7749,197052,2,Graefekiez,2019,7,16,3,3,0,1,0,1,0,0,0,0,0,0.0,Friedrichshain-Kreuzberg,Accident with minor injuries,Others,Driving accident,Daylight,Dry,1381,290386.0
7750,7750,197053,4,Schaperstraße,2019,7,15,3,3,2,6,0,1,1,0,0,0,0,0.0,Charlottenburg-Wilmersdorf,Accident with minor injuries,Collision with the vehicle in front/waiting vehicle,Collision involving vehicles going in the same way,Daylight,Dry,1727,343592.0
7751,7751,197054,5,Hakenfelde Nord,2019,7,15,3,3,3,6,0,1,0,0,0,0,1,0.0,Spandau,Accident with minor injuries,Collision with a vehicle traveling laterally in the same direction,Collision involving vehicles going in the same way,Daylight,Dry,798,245197.0
7752,7752,197055,1,Rehberge,2019,7,15,3,3,0,6,0,0,0,0,0,0,1,0.0,Mitte,Accident with minor injuries,Others,Collision involving vehicles going in the same way,Daylight,Dry,2215,385748.0
7753,7753,197056,2,Andreasviertel,2019,7,17,3,3,2,6,0,0,1,0,1,0,0,0.0,Friedrichshain-Kreuzberg,Accident with minor injuries,Collision with the vehicle in front/waiting vehicle,Collision involving vehicles going in the same way,Daylight,Dry,1381,290386.0
7754,7754,197057,8,Reuterkiez,2019,7,21,3,3,3,6,0,1,1,0,0,0,0,0.0,Neukölln,Accident with minor injuries,Collision with a vehicle traveling laterally in the same direction,Collision involving vehicles going in the same way,Daylight,Dry,934,329917.0
7755,7755,197058,11,Orankesee,2019,7,13,3,3,2,6,0,0,1,0,0,0,0,0.0,Lichtenberg,Accident with minor injuries,Collision with the vehicle in front/waiting vehicle,Collision involving vehicles going in the same way,Daylight,Dry,679,294201.0
7756,7756,197059,9,Oberschöneweide Ost,2019,7,8,3,3,1,1,0,0,1,0,1,0,0,0.0,Treptow-Köpenick,Accident with minor injuries,Collision with a moving/standing/parked vehicle,Driving accident,Daylight,Dry,892,273689.0
7757,7757,197060,11,Hauptstraße,2019,7,16,2,3,2,6,0,0,1,0,0,0,0,0.0,Lichtenberg,Accident with minor injuries,Collision with the vehicle in front/waiting vehicle,Collision involving vehicles going in the same way,Daylight,Dry,679,294201.0
7758,7758,197061,5,Börnicker Straße,2019,7,17,2,3,5,2,0,0,1,0,1,0,0,0.0,Spandau,Accident with minor injuries,Collision with a turning/crossing vehicle,Turning accident,Daylight,Dry,798,245197.0
7759,7759,197062,1,Unter den Linden Nord,2019,7,16,2,3,2,2,0,0,0,0,1,0,1,0.0,Mitte,Accident with minor injuries,Collision with the vehicle in front/waiting vehicle,Turning accident,Daylight,Dry,2215,385748.0
7760,7760,197063,6,Fischerhüttenstraße,2019,7,15,2,3,1,5,0,0,1,0,0,1,0,0.0,Steglitz-Zehlendorf,Accident with minor injuries,Collision with a moving/standing/parked vehicle,Accident involving parked vehicles,Daylight,Dry,851,310071.0
7761,7761,197064,2,Andreasviertel,2019,7,21,2,2,5,2,2,1,1,0,0,0,0,0.0,Friedrichshain-Kreuzberg,Accident with serious injuries,Collision with a turning/crossing vehicle,Turning accident,Dark,Dry,1381,290386.0
7762,7762,197065,8,Buckow Mitte,2019,7,17,2,3,2,6,0,0,1,0,1,0,0,0.0,Neukölln,Accident with minor injuries,Collision with the vehicle in front/waiting vehicle,Collision involving vehicles going in the same way,Daylight,Dry,934,329917.0
7763,7763,197066,6,Schloßstraße,2019,7,19,2,3,0,1,0,0,0,0,1,0,0,0.0,Steglitz-Zehlendorf,Accident with minor injuries,Others,Driving accident,Daylight,Dry,851,310071.0
7764,7764,197067,8,Gewerbegebiet Köllnische Heide,2019,7,15,2,3,2,6,0,0,1,0,0,0,0,0.0,Neukölln,Accident with minor injuries,Collision with the vehicle in front/waiting vehicle,Collision involving vehicles going in the same way,Daylight,Dry,934,329917.0
7765,7765,197068,12,Waldidyll/Flughafensee,2019,7,15,2,2,6,4,0,0,1,1,0,0,1,0.0,Reinickendorf,Accident with serious injuries,Collision between vehicle and pedestrian,Pedestrian crossing accident,Daylight,Dry,867,266408.0
7766,7766,197069,1,Unter den Linden Nord,2019,7,13,2,3,5,3,0,0,1,0,0,0,0,0.0,Mitte,Accident with minor injuries,Collision with a turning/crossing vehicle,Turning/Crossing accident,Daylight,Dry,2215,385748.0
7767,7767,197070,6,Berlepschstraße,2019,7,12,2,3,5,3,0,0,1,0,0,0,0,0.0,Steglitz-Zehlendorf,Accident with minor injuries,Collision with a turning/crossing vehicle,Turning/Crossing accident,Daylight,Dry,851,310071.0
7768,7768,197071,2,Graefekiez,2019,7,21,2,3,1,5,2,0,1,0,0,0,0,0.0,Friedrichshain-Kreuzberg,Accident with minor injuries,Collision with a moving/standing/parked vehicle,Accident involving parked vehicles,Dark,Dry,1381,290386.0
7769,7769,197072,1,Charitéviertel,2019,7,12,2,3,3,6,0,1,0,0,0,1,0,0.0,Mitte,Accident with minor injuries,Collision with a vehicle traveling laterally in the same direction,Collision involving vehicles going in the same way,Daylight,Dry,2215,385748.0
7770,7770,197073,1,Elberfelder Straße,2019,7,10,2,3,3,6,0,1,0,0,0,1,0,0.0,Mitte,Accident with minor injuries,Collision with a vehicle traveling laterally in the same direction,Collision involving vehicles going in the same way,Daylight,Dry,2215,385748.0
7771,7771,197074,4,Reichsstraße,2019,7,10,2,3,5,3,0,0,1,0,0,0,0,0.0,Charlottenburg-Wilmersdorf,Accident with minor injuries,Collision with a turning/crossing vehicle,Turning/Crossing accident,Daylight,Dry,1727,343592.0
7772,7772,197075,1,Oranienburger Straße,2019,7,10,2,3,2,6,0,0,1,0,0,0,0,0.0,Mitte,Accident with minor injuries,Collision with the vehicle in front/waiting vehicle,Collision involving vehicles going in the same way,Daylight,Dry,2215,385748.0
7773,7773,197076,9,Adlershof West,2019,7,10,2,3,3,6,0,0,1,0,0,1,0,0.0,Treptow-Köpenick,Accident with minor injuries,Collision with a vehicle traveling laterally in the same direction,Collision involving vehicles going in the same way,Daylight,Dry,892,273689.0
7774,7774,197077,9,Schnellerstraße,2019,7,9,2,3,5,3,0,1,1,0,0,0,0,0.0,Treptow-Köpenick,Accident with minor injuries,Collision with a turning/crossing vehicle,Turning/Crossing accident,Daylight,Dry,892,273689.0
7775,7775,197078,6,Nikolassee,2019,7,8,2,3,5,3,0,1,1,0,0,0,0,1.0,Steglitz-Zehlendorf,Accident with minor injuries,Collision with a turning/crossing vehicle,Turning/Crossing accident,Daylight,Wet/moist/slippery,851,310071.0
7776,7776,197079,7,Rathaus Tempelhof,2019,7,8,2,3,2,6,0,0,1,0,0,0,0,0.0,Tempelhof-Schöneberg,Accident with minor injuries,Collision with the vehicle in front/waiting vehicle,Collision involving vehicles going in the same way,Daylight,Dry,1241,350984.0
7777,7777,197080,5,An der Tränke,2019,7,6,2,3,0,6,0,0,1,0,1,0,0,0.0,Spandau,Accident with minor injuries,Others,Collision involving vehicles going in the same way,Daylight,Dry,798,245197.0
7778,7778,197081,1,Thomasiusstraße,2019,7,9,2,3,5,7,0,1,1,0,0,0,0,0.0,Mitte,Accident with minor injuries,Collision with a turning/crossing vehicle,Others,Daylight,Dry,2215,385748.0
7779,7779,197082,1,Reinickendorfer Straße,2019,7,12,1,3,2,6,0,0,1,0,0,0,0,0.0,Mitte,Accident with minor injuries,Collision with the vehicle in front/waiting vehicle,Collision involving vehicles going in the same way,Daylight,Dry,2215,385748.0
7780,7780,197083,1,Lüneburger Straße,2019,7,18,1,3,0,1,0,1,0,0,0,0,0,0.0,Mitte,Accident with minor injuries,Others,Driving accident,Daylight,Dry,2215,385748.0
7781,7781,197084,3,Erich-Weinert-Straße,2019,7,14,1,3,3,6,0,0,1,0,0,0,1,0.0,Pankow,Accident with minor injuries,Collision with a vehicle traveling laterally in the same direction,Collision involving vehicles going in the same way,Daylight,Dry,1219,409335.0
7782,7782,197085,2,Lausitzer Platz,2019,7,1,1,3,9,1,2,0,1,0,0,0,0,1.0,Friedrichshain-Kreuzberg,Accident with minor injuries,Departure from the roadway to the left,Driving accident,Dark,Wet/moist/slippery,1381,290386.0
7783,7783,197086,1,Arkonaplatz,2019,7,1,1,3,0,1,2,1,0,0,0,0,0,1.0,Mitte,Accident with minor injuries,Others,Driving accident,Dark,Wet/moist/slippery,2215,385748.0
7784,7784,197087,2,Oranienplatz,2019,7,21,1,2,0,3,1,0,1,0,1,0,0,0.0,Friedrichshain-Kreuzberg,Accident with serious injuries,Others,Turning/Crossing accident,Twilight,Dry,1381,290386.0
7785,7785,197088,2,Weberwiese,2019,7,19,1,3,0,7,0,0,0,0,0,0,1,0.0,Friedrichshain-Kreuzberg,Accident with minor injuries,Others,Others,Daylight,Dry,1381,290386.0
7786,7786,197089,5,Döberitzer Weg,2019,7,18,1,3,2,6,0,0,1,0,0,0,0,0.0,Spandau,Accident with minor injuries,Collision with the vehicle in front/waiting vehicle,Collision involving vehicles going in the same way,Daylight,Dry,798,245197.0
7787,7787,197090,8,Silbersteinstraße,2019,7,17,1,3,6,4,0,0,0,1,1,0,0,0.0,Neukölln,Accident with minor injuries,Collision between vehicle and pedestrian,Pedestrian crossing accident,Daylight,Dry,934,329917.0
7788,7788,197091,10,Mahlsdorf Süd,2019,7,10,1,3,8,1,0,0,1,0,0,0,0,0.0,Marzahn-Hellersdorf,Accident with minor injuries,Departure from the roadway to the right,Driving accident,Daylight,Dry,586,269967.0
7789,7789,197092,1,Leopoldplatz,2019,7,20,1,3,6,4,1,1,0,1,0,0,0,0.0,Mitte,Accident with minor injuries,Collision between vehicle and pedestrian,Pedestrian crossing accident,Twilight,Dry,2215,385748.0
7790,7790,197093,12,Scharnweberstraße,2019,7,13,7,3,0,3,0,0,1,0,1,0,0,0.0,Reinickendorf,Accident with minor injuries,Others,Turning/Crossing accident,Daylight,Dry,867,266408.0
7791,7791,197094,2,Wriezener Bahnhof/Entwicklungsgebiet,2019,7,15,7,3,0,1,0,0,1,0,0,0,0,1.0,Friedrichshain-Kreuzberg,Accident with minor injuries,Others,Driving accident,Daylight,Wet/moist/slippery,1381,290386.0
7792,7792,197095,9,Späthsfelde,2019,7,3,7,2,9,1,1,0,0,0,1,0,0,0.0,Treptow-Köpenick,Accident with serious injuries,Departure from the roadway to the left,Driving accident,Twilight,Dry,892,273689.0
7793,7793,197096,4,Breitscheidplatz,2019,7,0,7,3,3,6,2,0,1,0,0,0,0,0.0,Charlottenburg-Wilmersdorf,Accident with minor injuries,Collision with a vehicle traveling laterally in the same direction,Collision involving vehicles going in the same way,Dark,Dry,1727,343592.0
7794,7794,197097,6,Dahlem,2019,7,18,7,3,3,6,0,1,1,0,0,0,0,1.0,Steglitz-Zehlendorf,Accident with minor injuries,Collision with a vehicle traveling laterally in the same direction,Collision involving vehicles going in the same way,Daylight,Wet/moist/slippery,851,310071.0
7795,7795,197098,7,Dennewitzplatz,2019,7,23,7,3,6,4,2,0,1,1,0,0,0,1.0,Tempelhof-Schöneberg,Accident with minor injuries,Collision between vehicle and pedestrian,Pedestrian crossing accident,Dark,Wet/moist/slippery,1241,350984.0
7796,7796,197099,7,Nahariyastraße,2019,7,22,7,2,0,2,2,0,1,0,1,0,0,1.0,Tempelhof-Schöneberg,Accident with serious injuries,Others,Turning accident,Dark,Wet/moist/slippery,1241,350984.0
7797,7797,197100,10,Oberfeldstraße,2019,7,21,7,3,5,2,2,1,1,0,0,0,0,1.0,Marzahn-Hellersdorf,Accident with minor injuries,Collision with a turning/crossing vehicle,Turning accident,Dark,Wet/moist/slippery,586,269967.0
7798,7798,197101,8,Körnerpark,2019,7,21,7,3,6,2,1,0,1,1,0,0,0,1.0,Neukölln,Accident with minor injuries,Collision between vehicle and pedestrian,Turning accident,Twilight,Wet/moist/slippery,934,329917.0