,Unnamed: 0,object id,district,street,year,month,hour of day,weekday,category,accident type,accident type 2,light situation,bike involved,car involved,pedestrian involved,motor bike involved,big track involved,other vehicle involved,road condition,district name,category name,accident detail,accident type detail,light condition,road condition detail,accident count by district,est. population
8041,8041,197344,11,Fennpfuhl Ost,2019,7,8,4,3,5,2,0,1,1,0,0,0,0,0.0,Lichtenberg,Accident with minor injuries,Collision with a turning/crossing vehicle,Turning accident,Daylight,Dry,679,294201.0
8042,8042,197345,11,Rüdigerstraße,2019,7,7,4,3,5,3,0,0,1,0,1,0,0,0.0,Lichtenberg,Accident with minor injuries,Collision with a turning/crossing vehicle,Turning/Crossing accident,Daylight,Dry,679,294201.0
8043,8043,197346,5,Freiheit,2019,7,7,4,3,6,4,0,0,1,1,0,0,0,0.0,Spandau,Accident with minor injuries,Collision between vehicle and pedestrian,Pedestrian crossing accident,Daylight,Dry,798,245197.0
8044,8044,197347,3,Buch,2019,7,16,4,3,2,6,0,0,1,0,0,0,0,0.0,Pankow,Accident with minor injuries,Collision with the vehicle in front/waiting vehicle,Collision involving vehicles going in the same way,Daylight,Dry,1219,409335.0
8045,8045,197348,11,Karlshorst Nord,2019,7,16,4,3,0,7,0,1,1,0,0,0,0,0.0,Lichtenberg,Accident with minor injuries,Others,Others,Daylight,Dry,679,294201.0
8046,8046,197349,4,Droysenstraße,2019,7,15,4,2,5,2,0,0,1,0,1,0,0,0.0,Charlottenburg-Wilmersdorf,Accident with serious injuries,Collision with a turning/crossing vehicle,Turning accident,Daylight,Dry,1727,343592.0
8047,8047,197350,12,Waldidyll/Flughafensee,2019,7,15,4,3,3,5,0,1,1,0,0,0,0,0.0,Reinickendorf,Accident with minor injuries,Collision with a vehicle traveling laterally in the same direction,Accident involving parked vehicles,Daylight,Dry,867,266408.0
8048,8048,197351,4,Prager Platz,2019,7,14,4,2,6,4,0,1,0,1,0,0,0,0.0,Charlottenburg-Wilmersdorf,Accident with serious injuries,Collision between vehicle and pedestrian,Pedestrian crossing accident,Daylight,Dry,1727,343592.0
8049,8049,197352,3,Gesundbrunnen,2019,7,14,4,3,2,6,0,0,1,0,0,0,0,0.0,Pankow,Accident with minor injuries,Collision with the vehicle in front/waiting vehicle,Collision involving vehicles going in the same way,Daylight,Dry,1219,409335.0
8050,8050,197353,3,Behaimstraße,2019,7,13,4,3,6,2,0,0,1,1,0,0,0,0.0,Pankow,Accident with minor injuries,Collision between vehicle and pedestrian,Turning accident,Daylight,Dry,1219,409335.0
8051,8051,197354,1,Hansaviertel,2019,7,13,4,3,0,3,0,0,1,0,0,0,0,0.0,Mitte,Accident with minor injuries,Others,Turning/Crossing accident,Daylight,Dry,2215,385748.0
8052,8052,197355,1,Heidestraße,2019,7,13,4,3,5,2,0,1,1,0,0,0,0,0.0,Mitte,Accident with minor injuries,Collision with a turning/crossing vehicle,Turning accident,Daylight,Dry,2215,385748.0
8053,8053,197356,11,Hauptstraße,2019,7,12,4,3,3,6,0,0,1,0,0,1,0,0.0,Lichtenberg,Accident with minor injuries,Collision with a vehicle traveling laterally in the same direction,Collision involving vehicles going in the same way,Daylight,Dry,679,294201.0
8054,8054,197357,2,Hausburgviertel,2019,7,13,4,2,3,6,0,0,1,0,1,0,0,0.0,Friedrichshain-Kreuzberg,Accident with serious injuries,Collision with a vehicle traveling laterally in the same direction,Collision involving vehicles going in the same way,Daylight,Dry,1381,290386.0
8055,8055,197358,10,Alt-Marzahn,2019,7,5,4,3,6,4,0,0,0,1,0,0,1,0.0,Marzahn-Hellersdorf,Accident with minor injuries,Collision between vehicle and pedestrian,Pedestrian crossing accident,Daylight,Dry,586,269967.0
8056,8056,197359,2,Andreasviertel,2019,7,20,4,3,5,2,0,0,1,0,1,0,0,0.0,Friedrichshain-Kreuzberg,Accident with minor injuries,Collision with a turning/crossing vehicle,Turning accident,Daylight,Dry,1381,290386.0
8057,8057,197360,9,Grünau,2019,7,19,3,3,6,4,0,1,0,1,0,0,0,0.0,Treptow-Köpenick,Accident with minor injuries,Collision between vehicle and pedestrian,Pedestrian crossing accident,Daylight,Dry,892,273689.0
8058,8058,197361,1,Humboldthain Süd,2019,7,21,3,3,5,3,2,0,1,0,1,0,0,0.0,Mitte,Accident with minor injuries,Collision with a turning/crossing vehicle,Turning/Crossing accident,Dark,Dry,2215,385748.0
8059,8059,197362,1,Humboldthain Nordwest,2019,7,20,3,3,0,7,0,0,1,0,0,0,0,0.0,Mitte,Accident with minor injuries,Others,Others,Daylight,Dry,2215,385748.0
8060,8060,197363,7,Kaiser-Wilhelm-Platz,2019,7,19,3,3,2,7,0,1,0,0,0,0,1,0.0,Tempelhof-Schöneberg,Accident with minor injuries,Collision with the vehicle in front/waiting vehicle,Others,Daylight,Dry,1241,350984.0
8061,8061,197364,9,Oberschöneweide Ost,2019,7,19,3,3,5,2,0,1,1,0,0,0,0,0.0,Treptow-Köpenick,Accident with minor injuries,Collision with a turning/crossing vehicle,Turning accident,Daylight,Dry,892,273689.0
8062,8062,197365,2,Graefekiez,2019,7,19,3,2,5,7,1,0,1,0,1,0,0,0.0,Friedrichshain-Kreuzberg,Accident with serious injuries,Collision with a turning/crossing vehicle,Others,Twilight,Dry,1381,290386.0
8063,8063,197366,1,Oranienburger Straße,2019,7,19,3,2,1,5,0,1,1,0,0,0,0,0.0,Mitte,Accident with serious injuries,Collision with a moving/standing/parked vehicle,Accident involving parked vehicles,Daylight,Dry,2215,385748.0
8064,8064,197367,1,Oranienburger Straße,2019,7,18,3,3,2,6,0,0,1,0,1,0,0,0.0,Mitte,Accident with minor injuries,Collision with the vehicle in front/waiting vehicle,Collision involving vehicles going in the same way,Daylight,Dry,2215,385748.0
8065,8065,197368,5,Maulbeerallee,2019,7,18,3,3,5,3,0,0,1,0,0,0,0,0.0,Spandau,Accident with minor injuries,Collision with a turning/crossing vehicle,Turning/Crossing accident,Daylight,Dry,798,245197.0
8066,8066,197369,8,Alt-Rudow,2019,7,18,3,3,0,3,0,0,1,0,1,0,0,0.0,Neukölln,Accident with minor injuries,Others,Turning/Crossing accident,Daylight,Dry,934,329917.0
8067,8067,197370,2,Wriezener Bahnhof/Entwicklungsgebiet,2019,7,17,3,3,6,4,0,0,1,1,0,0,0,0.0,Friedrichshain-Kreuzberg,Accident with minor injuries,Collision between vehicle and pedestrian,Pedestrian crossing accident,Daylight,Dry,1381,290386.0
8068,8068,197371,2,Lausitzer Platz,2019,7,17,3,3,2,6,0,1,0,0,0,0,0,0.0,Friedrichshain-Kreuzberg,Accident with minor injuries,Collision with the vehicle in front/waiting vehicle,Collision involving vehicles going in the same way,Daylight,Dry,1381,290386.0
8069,8069,197372,2,Stralauer Kiez,2019,7,16,3,3,5,3,0,1,1,0,0,0,0,0.0,Friedrichshain-Kreuzberg,Accident with minor injuries,Collision with a turning/crossing vehicle,Turning/Crossing accident,Daylight,Dry,1381,290386.0
8070,8070,197373,9,Oberschöneweide West,2019,7,16,3,3,5,7,0,0,1,0,0,0,1,0.0,Treptow-Köpenick,Accident with minor injuries,Collision with a turning/crossing vehicle,Others,Daylight,Dry,892,273689.0
8071,8071,197374,3,Buch,2019,7,11,3,3,0,1,0,1,0,0,0,0,0,0.0,Pankow,Accident with minor injuries,Others,Driving accident,Daylight,Dry,1219,409335.0
8072,8072,197375,1,Arkonaplatz,2019,7,16,3,2,0,1,0,1,0,0,0,0,0,0.0,Mitte,Accident with serious injuries,Others,Driving accident,Daylight,Dry,2215,385748.0
8073,8073,197376,1,Invalidenstraße,2019,7,16,3,3,0,1,0,1,0,0,0,0,0,0.0,Mitte,Accident with minor injuries,Others,Driving accident,Daylight,Dry,2215,385748.0
8074,8074,197377,1,Unter den Linden Süd,2019,7,15,3,3,5,2,0,0,1,0,1,0,0,0.0,Mitte,Accident with minor injuries,Collision with a turning/crossing vehicle,Turning accident,Daylight,Dry,2215,385748.0
8075,8075,197378,8,Donaustraße,2019,7,15,3,2,0,1,0,1,0,0,0,0,0,0.0,Neukölln,Accident with serious injuries,Others,Driving accident,Daylight,Dry,934,329917.0
8076,8076,197379,2,Andreasviertel,2019,7,14,3,3,0,7,0,1,1,0,0,0,0,0.0,Friedrichshain-Kreuzberg,Accident with minor injuries,Others,Others,Daylight,Dry,1381,290386.0
8077,8077,197380,1,Westliche Müllerstraße,2019,7,13,3,3,2,6,0,0,0,0,1,0,1,0.0,Mitte,Accident with minor injuries,Collision with the vehicle in front/waiting vehicle,Collision involving vehicles going in the same way,Daylight,Dry,2215,385748.0
8078,8078,197381,6,Komponistenviertel Lankwitz,2019,7,13,3,3,5,7,0,0,1,0,1,0,0,0.0,Steglitz-Zehlendorf,Accident with minor injuries,Collision with a turning/crossing vehicle,Others,Daylight,Dry,851,310071.0
8079,8079,197382,9,Kietzer Feld/Nachtheide,2019,7,13,3,2,5,3,0,1,1,0,0,0,0,0.0,Treptow-Köpenick,Accident with serious injuries,Collision with a turning/crossing vehicle,Turning/Crossing accident,Daylight,Dry,892,273689.0
8080,8080,197383,8,Schillerpromenade,2019,7,12,3,3,5,7,0,0,1,0,1,0,0,0.0,Neukölln,Accident with minor injuries,Collision with a turning/crossing vehicle,Others,Daylight,Dry,934,329917.0
8081,8081,197384,4,Hindemithplatz,2019,7,12,3,3,3,2,0,0,1,0,0,0,0,0.0,Charlottenburg-Wilmersdorf,Accident with minor injuries,Collision with a vehicle traveling laterally in the same direction,Turning accident,Daylight,Dry,1727,343592.0
8082,8082,197385,1,Charitéviertel,2019,7,12,3,3,1,5,0,1,1,0,0,0,0,0.0,Mitte,Accident with minor injuries,Collision with a moving/standing/parked vehicle,Accident involving parked vehicles,Daylight,Dry,2215,385748.0
8083,8083,197386,4,Eisenzahnstraße,2019,7,11,3,3,2,2,0,0,1,0,1,0,0,0.0,Charlottenburg-Wilmersdorf,Accident with minor injuries,Collision with the vehicle in front/waiting vehicle,Turning accident,Daylight,Dry,1727,343592.0
8084,8084,197387,2,Oranienplatz,2019,7,11,3,3,6,4,0,0,1,1,0,0,0,0.0,Friedrichshain-Kreuzberg,Accident with minor injuries,Collision between vehicle and pedestrian,Pedestrian crossing accident,Daylight,Dry,1381,290386.0
8085,8085,197388,4,Hindemithplatz,2019,7,11,3,3,2,6,0,0,1,0,1,0,0,0.0,Charlottenburg-Wilmersdorf,Accident with minor injuries,Collision with the vehicle in front/waiting vehicle,Collision involving vehicles going in the same way,Daylight,Dry,1727,343592.0
8086,8086,197389,3,Pankow Zentrum,2019,7,11,3,3,5,3,0,0,1,0,1,0,0,0.0,Pankow,Accident with minor injuries,Collision with a turning/crossing vehicle,Turning/Crossing accident,Daylight,Dry,1219,409335.0
8087,8087,197390,5,Carl-Schurz-Straße,2019,7,17,3,3,2,6,0,0,1,0,0,0,0,0.0,Spandau,Accident with minor injuries,Collision with the vehicle in front/waiting vehicle,Collision involving vehicles going in the same way,Daylight,Dry,798,245197.0
8088,8088,197391,5,Döberitzer Weg,2019,7,10,3,3,2,6,0,0,1,0,0,0,0,0.0,Spandau,Accident with minor injuries,Collision with the vehicle in front/waiting vehicle,Collision involving vehicles going in the same way,Daylight,Dry,798,245197.0
8089,8089,197392,7,Neu-Tempelhof,2019,7,10,3,3,2,2,0,0,1,0,1,0,0,0.0,Tempelhof-Schöneberg,Accident with minor injuries,Collision with the vehicle in front/waiting vehicle,Turning accident,Daylight,Dry,1241,350984.0
8090,8090,197393,2,Wrangelkiez,2019,7,10,3,3,0,1,0,1,0,0,0,0,0,0.0,Friedrichshain-Kreuzberg,Accident with minor injuries,Others,Driving accident,Daylight,Dry,1381,290386.0
8091,8091,197394,1,Leopoldplatz,2019,7,9,3,3,2,6,0,0,1,0,0,0,0,0.0,Mitte,Accident with minor injuries,Collision with the vehicle in front/waiting vehicle,Collision involving vehicles going in the same way,Daylight,Dry,2215,385748.0
8092,8092,197395,11,Rummelsburg,2019,7,9,3,3,5,2,0,1,1,0,0,0,0,0.0,Lichtenberg,Accident with minor injuries,Collision with a turning/crossing vehicle,Turning accident,Daylight,Dry,679,294201.0
8093,8093,197396,4,Tegeler Weg,2019,7,9,3,3,2,2,0,0,1,0,1,0,0,0.0,Charlottenburg-Wilmersdorf,Accident with minor injuries,Collision with the vehicle in front/waiting vehicle,Turning accident,Daylight,Dry,1727,343592.0
8094,8094,197397,3,Greifswalder Straße,2019,7,9,3,3,1,5,0,1,1,0,0,0,0,0.0,Pankow,Accident with minor injuries,Collision with a moving/standing/parked vehicle,Accident involving parked vehicles,Daylight,Dry,1219,409335.0
8095,8095,197398,9,Bölschestraße,2019,7,7,3,3,5,7,0,1,0,0,0,0,1,0.0,Treptow-Köpenick,Accident with minor injuries,Collision with a turning/crossing vehicle,Others,Daylight,Dry,892,273689.0
8096,8096,197399,3,Wilhelmsruh,2019,7,6,3,3,5,3,0,0,1,0,0,0,1,0.0,Pankow,Accident with minor injuries,Collision with a turning/crossing vehicle,Turning/Crossing accident,Daylight,Dry,1219,409335.0
8097,8097,197400,11,Falkenberg West,2019,7,6,3,3,5,3,0,0,1,0,1,0,0,0.0,Lichtenberg,Accident with minor injuries,Collision with a turning/crossing vehicle,Turning/Crossing accident,Daylight,Dry,679,294201.0
8098,8098,197401,1,Charitéviertel,2019,7,6,3,3,5,2,0,0,1,0,1,0,0,0.0,Mitte,Accident with minor injuries,Collision with a turning/crossing vehicle,Turning accident,Daylight,Dry,2215,385748.0
8099,8099,197402,4,Preußenpark,2019,7,3,3,3,5,3,2,1,1,0,0,0,0,0.0,Charlottenburg-Wilmersdorf,Accident with minor injuries,Collision with a turning/crossing vehicle,Turning/Crossing accident,Dark,Dry,1727,343592.0
8100,8100,197403,1,Alexanderplatzviertel,2019,7,18,3,3,0,1,0,0,0,0,0,0,1,0.0,Mitte,Accident with minor injuries,Others,Driving accident,Daylight,Dry,2215,385748.0
8101,8101,197404,5,Staakener Straße,2019,7,13,3,3,1,5,0,1,1,0,0,0,0,0.0,Spandau,Accident with minor injuries,Collision with a moving/standing/parked vehicle,Accident involving parked vehicles,Daylight,Dry,798,245197.0
8102,8102,197405,1,Charitéviertel,2019,7,19,3,3,1,5,0,1,1,0,0,0,0,0.0,Mitte,Accident with minor injuries,Collision with a moving/standing/parked vehicle,Accident involving parked vehicles,Daylight,Dry,2215,385748.0
8103,8103,197406,3,Humannplatz,2019,7,7,2,3,5,3,0,0,1,0,0,0,0,0.0,Pankow,Accident with minor injuries,Collision with a turning/crossing vehicle,Turning/Crossing accident,Daylight,Dry,1219,409335.0
8104,8104,197407,4,Plötzensee,2019,7,6,2,3,2,2,0,0,1,0,0,1,0,0.0,Charlottenburg-Wilmersdorf,Accident with minor injuries,Collision with the vehicle in front/waiting vehicle,Turning accident,Daylight,Dry,1727,343592.0
8105,8105,197408,7,Kettinger Straße/Schillerstraße,2019,7,1,2,3,0,1,2,0,1,0,0,0,0,0.0,Tempelhof-Schöneberg,Accident with minor injuries,Others,Driving accident,Dark,Dry,1241,350984.0
8106,8106,197409,1,Alexanderplatzviertel,2019,7,15,2,3,5,3,0,1,1,0,0,0,0,0.0,Mitte,Accident with minor injuries,Collision with a turning/crossing vehicle,Turning/Crossing accident,Daylight,Dry,2215,385748.0
8107,8107,197410,3,Pankow Zentrum,2019,7,15,2,3,2,7,0,0,0,0,1,1,0,0.0,Pankow,Accident with minor injuries,Collision with the vehicle in front/waiting vehicle,Others,Daylight,Dry,1219,409335.0
8108,8108,197411,4,Schaperstraße,2019,7,17,2,3,5,2,0,1,1,0,0,0,0,1.0,Charlottenburg-Wilmersdorf,Accident with minor injuries,Collision with a turning/crossing vehicle,Turning accident,Daylight,Wet/moist/slippery,1727,343592.0
8109,8109,197412,4,Halensee,2019,7,17,2,3,0,7,0,1,1,0,0,0,0,1.0,Charlottenburg-Wilmersdorf,Accident with minor injuries,Others,Others,Daylight,Wet/moist/slippery,1727,343592.0
8110,8110,197413,1,Humboldthain Süd,2019,7,13,2,3,5,2,0,1,1,0,0,0,0,0.0,Mitte,Accident with minor injuries,Collision with a turning/crossing vehicle,Turning accident,Daylight,Dry,2215,385748.0
8111,8111,197414,1,Humboldthain Süd,2019,7,13,2,3,3,6,0,1,0,0,0,0,1,0.0,Mitte,Accident with minor injuries,Collision with a vehicle traveling laterally in the same direction,Collision involving vehicles going in the same way,Daylight,Dry,2215,385748.0
8112,8112,197415,1,Reinickendorfer Straße,2019,7,16,2,3,2,7,0,0,1,0,0,0,0,0.0,Mitte,Accident with minor injuries,Collision with the vehicle in front/waiting vehicle,Others,Daylight,Dry,2215,385748.0
8113,8113,197416,1,Wilhelmstraße,2019,7,15,2,2,5,2,0,1,1,0,0,0,0,0.0,Mitte,Accident with serious injuries,Collision with a turning/crossing vehicle,Turning accident,Daylight,Dry,2215,385748.0
8114,8114,197417,1,Brunnenstraße,2019,7,15,2,3,1,1,0,0,1,0,0,0,0,0.0,Mitte,Accident with minor injuries,Collision with a moving/standing/parked vehicle,Driving accident,Daylight,Dry,2215,385748.0
8115,8115,197418,5,Adamstraße,2019,7,16,2,3,2,6,0,0,1,0,0,0,1,0.0,Spandau,Accident with minor injuries,Collision with the vehicle in front/waiting vehicle,Collision involving vehicles going in the same way,Daylight,Dry,798,245197.0
8116,8116,197419,4,Königin-Elisabeth-Straße,2019,7,14,2,2,3,6,0,0,1,0,0,0,0,0.0,Charlottenburg-Wilmersdorf,Accident with serious injuries,Collision with a vehicle traveling laterally in the same direction,Collision involving vehicles going in the same way,Daylight,Dry,1727,343592.0
8117,8117,197420,4,Schloßgarten,2019,7,17,2,2,0,1,0,0,0,0,1,0,0,1.0,Charlottenburg-Wilmersdorf,Accident with serious injuries,Others,Driving accident,Daylight,Wet/moist/slippery,1727,343592.0
8118,8118,197421,5,Amorbacher Weg,2019,7,21,2,3,9,1,1,0,1,0,0,0,0,1.0,Spandau,Accident with minor injuries,Departure from the roadway to the left,Driving accident,Twilight,Wet/moist/slippery,798,245197.0
8119,8119,197422,8,Flughafenstraße,2019,7,20,2,3,2,7,1,0,1,0,1,0,0,0.0,Neukölln,Accident with minor injuries,Collision with the vehicle in front/waiting vehicle,Others,Twilight,Dry,934,329917.0
8120,8120,197423,12,Scharnweberstraße,2019,7,19,2,3,2,6,0,0,1,0,0,0,0,0.0,Reinickendorf,Accident with minor injuries,Collision with the vehicle in front/waiting vehicle,Collision involving vehicles going in the same way,Daylight,Dry,867,266408.0
8121,8121,197424,1,Leopoldplatz,2019,7,19,2,3,1,5,0,1,1,0,0,0,1,0.0,Mitte,Accident with minor injuries,Collision with a moving/standing/parked vehicle,Accident involving parked vehicles,Daylight,Dry,2215,385748.0
8122,8122,197425,2,Moritzplatz,2019,7,13,2,3,5,3,0,0,1,0,0,0,0,0.0,Friedrichshain-Kreuzberg,Accident with minor injuries,Collision with a turning/crossing vehicle,Turning/Crossing accident,Daylight,Dry,1381,290386.0
8123,8123,197426,4,Droysenstraße,2019,7,13,2,3,5,2,0,0,1,0,1,0,0,0.0,Charlottenburg-Wilmersdorf,Accident with minor injuries,Collision with a turning/crossing vehicle,Turning accident,Daylight,Dry,1727,343592.0
8124,8124,197427,1,Elberfelder Straße,2019,7,12,2,3,5,3,0,1,0,0,0,0,0,0.0,Mitte,Accident with minor injuries,Collision with a turning/crossing vehicle,Turning/Crossing accident,Daylight,Dry,2215,385748.0
8125,8125,197428,9,Dammvorstadt,2019,7,12,2,3,5,3,0,0,1,0,0,0,0,0.0,Treptow-Köpenick,Accident with minor injuries,Collision with a turning/crossing vehicle,Turning/Crossing accident,Daylight,Dry,892,273689.0
8126,8126,197429,11,Rosenfelder Ring,2019,7,11,2,3,0,7,0,0,0,0,0,1,0,0.0,Lichtenberg,Accident with minor injuries,Others,Others,Daylight,Dry,679,294201.0
8127,8127,197430,6,Lankwitz Süd,2019,7,11,2,3,5,3,0,0,1,0,0,0,1,0.0,Steglitz-Zehlendorf,Accident with minor injuries,Collision with a turning/crossing vehicle,Turning/Crossing accident,Daylight,Dry,851,310071.0
8128,8128,197431,9,Oberschöneweide West,2019,7,11,2,3,5,3,0,1,1,0,0,0,0,0.0,Treptow-Köpenick,Accident with minor injuries,Collision with a turning/crossing vehicle,Turning/Crossing accident,Daylight,Dry,892,273689.0
8129,8129,197432,2,Mehringplatz,2019,7,9,2,3,2,6,0,1,0,0,0,0,0,0.0,Friedrichshain-Kreuzberg,Accident with minor injuries,Collision with the vehicle in front/waiting vehicle,Collision involving vehicles going in the same way,Daylight,Dry,1381,290386.0
8130,8130,197433,11,Karlshorst Süd,2019,7,9,2,3,2,6,0,0,1,0,0,0,0,0.0,Lichtenberg,Accident with minor injuries,Collision with the vehicle in front/waiting vehicle,Collision involving vehicles going in the same way,Daylight,Dry,679,294201.0
8131,8131,197434,3,Pankow Zentrum,2019,7,8,2,3,5,3,0,1,1,0,0,0,0,0.0,Pankow,Accident with minor injuries,Collision with a turning/crossing vehicle,Turning/Crossing accident,Daylight,Dry,1219,409335.0
8132,8132,197435,1,Charitéviertel,2019,7,6,2,3,6,4,0,1,0,1,0,0,0,0.0,Mitte,Accident with minor injuries,Collision between vehicle and pedestrian,Pedestrian crossing accident,Daylight,Dry,2215,385748.0
8133,8133,197436,5,Hakenfelde Nord,2019,7,10,2,3,5,2,0,1,1,0,0,0,0,0.0,Spandau,Accident with minor injuries,Collision with a turning/crossing vehicle,Turning accident,Daylight,Dry,798,245197.0
8134,8134,197437,4,Reichsstraße,2019,7,10,2,2,6,4,0,0,1,1,0,0,0,0.0,Charlottenburg-Wilmersdorf,Accident with serious injuries,Collision between vehicle and pedestrian,Pedestrian crossing accident,Daylight,Dry,1727,343592.0
8135,8135,197438,3,Herthaplatz,2019,7,20,2,3,1,5,1,1,1,0,0,0,0,0.0,Pankow,Accident with minor injuries,Collision with a moving/standing/parked vehicle,Accident involving parked vehicles,Twilight,Dry,1219,409335.0
8136,8136,197439,5,Amorbacher Weg,2019,7,11,2,3,6,2,0,0,1,1,0,0,0,0.0,Spandau,Accident with minor injuries,Collision between vehicle and pedestrian,Turning accident,Daylight,Dry,798,245197.0
8137,8137,197440,9,Dorf Altglienicke,2019,7,14,1,3,6,4,0,0,1,1,0,0,0,0.0,Treptow-Köpenick,Accident with minor injuries,Collision between vehicle and pedestrian,Pedestrian crossing accident,Daylight,Dry,892,273689.0
8138,8138,197441,1,Westliche Müllerstraße,2019,7,19,1,3,2,6,0,0,1,0,0,0,0,0.0,Mitte,Accident with minor injuries,Collision with the vehicle in front/waiting vehicle,Collision involving vehicles going in the same way,Daylight,Dry,2215,385748.0
8139,8139,197442,3,Pankow Süd,2019,7,22,1,3,1,7,2,0,0,0,1,0,1,0.0,Pankow,Accident with minor injuries,Collision with a moving/standing/parked vehicle,Others,Dark,Dry,1219,409335.0
8140,8140,197443,4,Eisenzahnstraße,2019,7,19,1,3,1,5,0,0,1,0,1,0,0,0.0,Charlottenburg-Wilmersdorf,Accident with minor injuries,Collision with a moving/standing/parked vehicle,Accident involving parked vehicles,Daylight,Dry,1727,343592.0
8141,8141,197444,3,Falkplatz,2019,7,19,1,3,5,3,0,1,1,0,0,0,0,0.0,Pankow,Accident with minor injuries,Collision with a turning/crossing vehicle,Turning/Crossing accident,Daylight,Dry,1219,409335.0
8142,8142,197445,6,Zehlendorf Mitte,2019,7,19,1,3,1,5,0,0,1,0,0,0,0,0.0,Steglitz-Zehlendorf,Accident with minor injuries,Collision with a moving/standing/parked vehicle,Accident involving parked vehicles,Daylight,Dry,851,310071.0
8143,8143,197446,8,Reuterkiez,2019,7,18,1,3,0,2,0,0,1,0,0,0,1,0.0,Neukölln,Accident with minor injuries,Others,Turning accident,Daylight,Dry,934,329917.0
8144,8144,197447,9,Köpenicker Landstraße,2019,7,18,1,3,5,2,0,0,1,0,0,0,1,0.0,Treptow-Köpenick,Accident with minor injuries,Collision with a turning/crossing vehicle,Turning accident,Daylight,Dry,892,273689.0
8145,8145,197448,9,Schmöckwitz/Rauchfangswerder,2019,7,17,1,2,5,3,0,0,1,0,1,0,0,0.0,Treptow-Köpenick,Accident with serious injuries,Collision with a turning/crossing vehicle,Turning/Crossing accident,Daylight,Dry,892,273689.0
8146,8146,197449,11,Herzbergstraße,2019,7,16,1,3,3,6,0,0,1,0,1,0,0,0.0,Lichtenberg,Accident with minor injuries,Collision with a vehicle traveling laterally in the same direction,Collision involving vehicles going in the same way,Daylight,Dry,679,294201.0
8147,8147,197450,11,Zingster Straße West,2019,7,16,1,2,6,4,0,0,1,1,0,0,0,0.0,Lichtenberg,Accident with serious injuries,Collision between vehicle and pedestrian,Pedestrian crossing accident,Daylight,Dry,679,294201.0
8148,8148,197451,11,Dorf Wartenberg,2019,7,16,1,3,4,6,0,0,1,0,1,0,0,0.0,Lichtenberg,Accident with minor injuries,Collision with oncoming vehicle,Collision involving vehicles going in the same way,Daylight,Dry,679,294201.0
8149,8149,197452,2,Andreasviertel,2019,7,15,1,3,5,3,0,0,1,0,1,0,0,0.0,Friedrichshain-Kreuzberg,Accident with minor injuries,Collision with a turning/crossing vehicle,Turning/Crossing accident,Daylight,Dry,1381,290386.0
8150,8150,197453,5,Darbystraße,2019,7,15,1,3,5,2,0,0,1,0,0,0,0,1.0,Spandau,Accident with minor injuries,Collision with a turning/crossing vehicle,Turning accident,Daylight,Wet/moist/slippery,798,245197.0
8151,8151,197454,4,Forst Grunewald,2019,7,14,1,3,2,6,0,1,1,0,0,0,0,0.0,Charlottenburg-Wilmersdorf,Accident with minor injuries,Collision with the vehicle in front/waiting vehicle,Collision involving vehicles going in the same way,Daylight,Dry,1727,343592.0
8152,8152,197455,9,Spindlersfeld,2019,7,14,1,3,1,5,0,1,1,0,0,0,0,0.0,Treptow-Köpenick,Accident with minor injuries,Collision with a moving/standing/parked vehicle,Accident involving parked vehicles,Daylight,Dry,892,273689.0
8153,8153,197456,4,George-Grosz-Platz,2019,7,14,1,3,1,5,0,1,1,0,0,0,0,0.0,Charlottenburg-Wilmersdorf,Accident with minor injuries,Collision with a moving/standing/parked vehicle,Accident involving parked vehicles,Daylight,Dry,1727,343592.0
8154,8154,197457,1,Emdener Straße,2019,7,15,1,3,8,1,0,0,1,0,0,0,1,0.0,Mitte,Accident with minor injuries,Departure from the roadway to the right,Driving accident,Daylight,Dry,2215,385748.0
8155,8155,197458,12,Lübars,2019,7,10,1,3,5,3,0,0,1,0,0,0,0,1.0,Reinickendorf,Accident with minor injuries,Collision with a turning/crossing vehicle,Turning/Crossing accident,Daylight,Wet/moist/slippery,867,266408.0
8156,8156,197459,8,Reuterkiez,2019,7,2,1,2,1,5,2,1,1,0,0,0,0,1.0,Neukölln,Accident with serious injuries,Collision with a moving/standing/parked vehicle,Accident involving parked vehicles,Dark,Wet/moist/slippery,934,329917.0
8157,8157,197460,1,Gesundbrunnen,2019,7,22,1,2,0,7,2,0,0,0,0,0,1,0.0,Mitte,Accident with serious injuries,Others,Others,Dark,Dry,2215,385748.0
8158,8158,197461,3,Erich-Weinert-Straße,2019,7,20,7,3,5,2,1,1,1,0,0,0,0,0.0,Pankow,Accident with minor injuries,Collision with a turning/crossing vehicle,Turning accident,Twilight,Dry,1219,409335.0
8159,8159,197462,1,Humboldthain Nordwest,2019,7,18,7,3,6,4,0,0,1,1,0,0,0,0.0,Mitte,Accident with minor injuries,Collision between vehicle and pedestrian,Pedestrian crossing accident,Daylight,Dry,2215,385748.0
8160,8160,197463,12,Heiligensee,2019,7,22,7,3,6,7,2,1,0,1,0,0,0,1.0,Reinickendorf,Accident with minor injuries,Collision between vehicle and pedestrian,Others,Dark,Wet/moist/slippery,867,266408.0
8161,8161,197464,7,Dennewitzplatz,2019,7,20,7,3,5,2,0,0,1,0,0,0,1,0.0,Tempelhof-Schöneberg,Accident with minor injuries,Collision with a turning/crossing vehicle,Turning accident,Daylight,Dry,1241,350984.0
8162,8162,197465,12,Scharnweberstraße,2019,7,20,7,3,2,2,0,0,1,0,0,0,0,0.0,Reinickendorf,Accident with minor injuries,Collision with the vehicle in front/waiting vehicle,Turning accident,Daylight,Dry,867,266408.0