,Unnamed: 0,object id,district,street,year,month,hour of day,weekday,category,accident type,accident type 2,light situation,bike involved,car involved,pedestrian involved,motor bike involved,big track involved,other vehicle involved,road condition,district name,category name,accident detail,accident type detail,light condition,road condition detail,accident count by district,est. population
8163,8163,197466,8,Reuterkiez,2019,7,18,7,2,5,2,0,0,1,0,1,0,0,0.0,Neukölln,Accident with serious injuries,Collision with a turning/crossing vehicle,Turning accident,Daylight,Dry,934,329917.0
8164,8164,197467,11,Dorf Wartenberg,2019,7,17,7,3,9,1,0,0,1,0,0,0,0,0.0,Lichtenberg,Accident with minor injuries,Departure from the roadway to the left,Driving accident,Daylight,Dry,679,294201.0
8165,8165,197468,1,Stephankiez,2019,7,17,7,3,5,7,0,0,1,0,1,0,0,0.0,Mitte,Accident with minor injuries,Collision with a turning/crossing vehicle,Others,Daylight,Dry,2215,385748.0
8166,8166,197469,7,Nollendorfplatz,2019,7,16,7,2,1,5,0,1,1,0,0,0,0,0.0,Tempelhof-Schöneberg,Accident with serious injuries,Collision with a moving/standing/parked vehicle,Accident involving parked vehicles,Daylight,Dry,1241,350984.0
8167,8167,197470,4,Jungfernheide,2019,7,16,7,3,5,3,0,1,1,0,0,0,0,0.0,Charlottenburg-Wilmersdorf,Accident with minor injuries,Collision with a turning/crossing vehicle,Turning/Crossing accident,Daylight,Dry,1727,343592.0
8168,8168,197471,3,Weißenseer Spitze,2019,7,16,7,3,8,1,0,0,0,0,0,0,1,0.0,Pankow,Accident with minor injuries,Departure from the roadway to the right,Driving accident,Daylight,Dry,1219,409335.0
8169,8169,197472,4,Eisenzahnstraße,2019,7,15,7,3,5,2,0,1,1,0,0,0,0,0.0,Charlottenburg-Wilmersdorf,Accident with minor injuries,Collision with a turning/crossing vehicle,Turning accident,Daylight,Dry,1727,343592.0
8170,8170,197473,4,Messegelände,2019,7,14,7,3,2,6,0,0,1,0,1,0,0,0.0,Charlottenburg-Wilmersdorf,Accident with minor injuries,Collision with the vehicle in front/waiting vehicle,Collision involving vehicles going in the same way,Daylight,Dry,1727,343592.0
8171,8171,197474,4,Wilhelmsaue,2019,7,13,7,2,5,2,0,0,1,0,0,0,0,0.0,Charlottenburg-Wilmersdorf,Accident with serious injuries,Collision with a turning/crossing vehicle,Turning accident,Daylight,Dry,1727,343592.0
8172,8172,197475,11,Herzbergstraße,2019,7,12,7,2,2,6,0,0,1,0,0,0,0,0.0,Lichtenberg,Accident with serious injuries,Collision with the vehicle in front/waiting vehicle,Collision involving vehicles going in the same way,Daylight,Dry,679,294201.0
8173,8173,197476,6,Königsberger Straße,2019,7,12,7,3,3,6,0,0,1,0,1,0,0,0.0,Steglitz-Zehlendorf,Accident with minor injuries,Collision with a vehicle traveling laterally in the same direction,Collision involving vehicles going in the same way,Daylight,Dry,851,310071.0
8174,8174,197477,7,Fritz-Werner-Straße,2019,7,11,7,3,5,2,0,0,1,0,0,0,0,0.0,Tempelhof-Schöneberg,Accident with minor injuries,Collision with a turning/crossing vehicle,Turning accident,Daylight,Dry,1241,350984.0
8175,8175,197478,7,Marienfelde Süd,2019,7,11,7,3,5,3,0,1,1,0,0,0,0,0.0,Tempelhof-Schöneberg,Accident with minor injuries,Collision with a turning/crossing vehicle,Turning/Crossing accident,Daylight,Dry,1241,350984.0
8176,8176,197479,10,Alte Hellersdorfer Straße,2019,7,10,7,3,5,3,0,1,1,0,0,0,0,0.0,Marzahn-Hellersdorf,Accident with minor injuries,Collision with a turning/crossing vehicle,Turning/Crossing accident,Daylight,Dry,586,269967.0
8177,8177,197480,3,Buchholz,2019,7,10,7,2,6,3,0,0,1,1,0,0,0,0.0,Pankow,Accident with serious injuries,Collision between vehicle and pedestrian,Turning/Crossing accident,Daylight,Dry,1219,409335.0
8178,8178,197481,5,Zitadellenweg,2019,7,9,7,3,0,6,0,0,0,0,0,0,1,0.0,Spandau,Accident with minor injuries,Others,Collision involving vehicles going in the same way,Daylight,Dry,798,245197.0
8179,8179,197482,9,Am Treptower Park Süd,2019,7,9,7,2,6,2,0,0,1,1,0,0,0,0.0,Treptow-Köpenick,Accident with serious injuries,Collision between vehicle and pedestrian,Turning accident,Daylight,Dry,892,273689.0
8180,8180,197483,12,Reinickes Hof,2019,7,8,7,3,5,3,0,0,1,0,1,0,0,0.0,Reinickendorf,Accident with minor injuries,Collision with a turning/crossing vehicle,Turning/Crossing accident,Daylight,Dry,867,266408.0
8181,8181,197484,8,Buschkrugallee Nord,2019,7,18,7,3,5,3,0,0,1,0,0,0,0,0.0,Neukölln,Accident with minor injuries,Collision with a turning/crossing vehicle,Turning/Crossing accident,Daylight,Dry,934,329917.0
8182,8182,197485,3,Weißenseer Spitze,2019,7,22,7,3,5,2,2,1,0,0,0,0,1,1.0,Pankow,Accident with minor injuries,Collision with a turning/crossing vehicle,Turning accident,Dark,Wet/moist/slippery,1219,409335.0
8183,8183,197486,5,Eckschanze,2019,7,14,6,3,2,6,0,0,1,0,0,0,0,0.0,Spandau,Accident with minor injuries,Collision with the vehicle in front/waiting vehicle,Collision involving vehicles going in the same way,Daylight,Dry,798,245197.0
8184,8184,197487,6,Feuerbachstraße,2019,7,16,6,3,5,3,0,0,1,0,0,0,0,0.0,Steglitz-Zehlendorf,Accident with minor injuries,Collision with a turning/crossing vehicle,Turning/Crossing accident,Daylight,Dry,851,310071.0
8185,8185,197488,5,Döberitzer Weg,2019,7,19,6,2,5,3,0,0,1,0,0,0,0,0.0,Spandau,Accident with serious injuries,Collision with a turning/crossing vehicle,Turning/Crossing accident,Daylight,Dry,798,245197.0
8186,8186,197489,1,Wilhelmstraße,2019,7,18,6,3,5,3,0,0,1,0,1,0,0,0.0,Mitte,Accident with minor injuries,Collision with a turning/crossing vehicle,Turning/Crossing accident,Daylight,Dry,2215,385748.0
8187,8187,197490,3,Humannplatz,2019,7,16,6,2,5,3,0,0,1,0,1,0,0,1.0,Pankow,Accident with serious injuries,Collision with a turning/crossing vehicle,Turning/Crossing accident,Daylight,Wet/moist/slippery,1219,409335.0
8188,8188,197491,12,Ziekowstraße/Freie Scholle,2019,7,15,6,3,2,6,0,0,1,0,0,0,0,0.0,Reinickendorf,Accident with minor injuries,Collision with the vehicle in front/waiting vehicle,Collision involving vehicles going in the same way,Daylight,Dry,867,266408.0
8189,8189,197492,11,Weiße Taube,2019,7,14,6,3,4,6,0,0,1,0,0,1,0,0.0,Lichtenberg,Accident with minor injuries,Collision with oncoming vehicle,Collision involving vehicles going in the same way,Daylight,Dry,679,294201.0
8190,8190,197493,2,Weberwiese,2019,7,13,6,3,2,7,0,0,0,0,1,1,0,0.0,Friedrichshain-Kreuzberg,Accident with minor injuries,Collision with the vehicle in front/waiting vehicle,Others,Daylight,Dry,1381,290386.0
8191,8191,197494,5,Magistratsweg,2019,7,12,6,3,5,2,0,0,1,0,0,0,0,0.0,Spandau,Accident with minor injuries,Collision with a turning/crossing vehicle,Turning accident,Daylight,Dry,798,245197.0
8192,8192,197495,12,Wittenau Süd,2019,7,11,6,3,0,5,0,1,1,0,0,0,1,0.0,Reinickendorf,Accident with minor injuries,Others,Accident involving parked vehicles,Daylight,Dry,867,266408.0
8193,8193,197496,1,Alexanderplatzviertel,2019,7,10,6,3,2,6,0,0,0,0,1,0,1,0.0,Mitte,Accident with minor injuries,Collision with the vehicle in front/waiting vehicle,Collision involving vehicles going in the same way,Daylight,Dry,2215,385748.0
8194,8194,197497,6,Lankwitz Kirche,2019,7,10,6,3,5,2,0,1,1,0,0,0,0,0.0,Steglitz-Zehlendorf,Accident with minor injuries,Collision with a turning/crossing vehicle,Turning accident,Daylight,Dry,851,310071.0
8195,8195,197498,1,Unter den Linden Süd,2019,7,8,6,3,5,3,0,1,1,0,0,0,0,0.0,Mitte,Accident with minor injuries,Collision with a turning/crossing vehicle,Turning/Crossing accident,Daylight,Dry,2215,385748.0
8196,8196,197499,5,Gütersloher Weg,2019,7,22,6,3,2,2,2,0,1,0,1,0,0,0.0,Spandau,Accident with minor injuries,Collision with the vehicle in front/waiting vehicle,Turning accident,Dark,Dry,798,245197.0
8197,8197,197500,8,Tempelhofer Weg,2019,7,20,6,3,5,3,2,0,1,0,0,0,0,0.0,Neukölln,Accident with minor injuries,Collision with a turning/crossing vehicle,Turning/Crossing accident,Dark,Dry,934,329917.0
8198,8198,197501,2,Stralauer Halbinsel,2019,7,16,6,3,0,1,0,0,0,0,1,0,0,1.0,Friedrichshain-Kreuzberg,Accident with minor injuries,Others,Driving accident,Daylight,Wet/moist/slippery,1381,290386.0
8199,8199,197502,1,Körnerstraße,2019,7,12,6,2,6,2,0,0,0,1,0,0,1,0.0,Mitte,Accident with serious injuries,Collision between vehicle and pedestrian,Turning accident,Daylight,Dry,2215,385748.0
8200,8200,197503,4,Königin-Elisabeth-Straße,2019,7,10,6,2,5,3,0,0,1,0,0,0,0,0.0,Charlottenburg-Wilmersdorf,Accident with serious injuries,Collision with a turning/crossing vehicle,Turning/Crossing accident,Daylight,Dry,1727,343592.0
8201,8201,197504,11,Fennpfuhl Ost,2019,7,16,6,3,0,1,0,0,0,0,1,0,0,1.0,Lichtenberg,Accident with minor injuries,Others,Driving accident,Daylight,Wet/moist/slippery,679,294201.0
8202,8202,197505,1,Oranienburger Straße,2019,7,17,6,3,0,1,0,1,0,0,0,0,0,1.0,Mitte,Accident with minor injuries,Others,Driving accident,Daylight,Wet/moist/slippery,2215,385748.0
8203,8203,197506,10,Oberfeldstraße,2019,8,15,3,3,0,2,0,1,1,0,0,0,0,1.0,Marzahn-Hellersdorf,Accident with minor injuries,Others,Turning accident,Daylight,Wet/moist/slippery,586,269967.0
8204,8204,197507,3,Pankow Süd,2019,8,17,3,1,5,5,0,0,0,0,0,0,1,0.0,Pankow,Accident with fatalities,Collision with a turning/crossing vehicle,Accident involving parked vehicles,Daylight,Dry,1219,409335.0
8205,8205,197508,8,Mohriner Allee Nord,2019,8,13,2,3,3,6,0,1,1,0,0,0,0,0.0,Neukölln,Accident with minor injuries,Collision with a vehicle traveling laterally in the same direction,Collision involving vehicles going in the same way,Daylight,Dry,934,329917.0
8206,8206,197509,1,Nördlicher Landwehrkanal,2019,8,22,2,3,1,5,2,1,1,0,0,0,0,0.0,Mitte,Accident with minor injuries,Collision with a moving/standing/parked vehicle,Accident involving parked vehicles,Dark,Dry,2215,385748.0
8207,8207,197510,4,Reichsstraße,2019,8,17,2,3,0,1,0,0,0,0,1,0,0,0.0,Charlottenburg-Wilmersdorf,Accident with minor injuries,Others,Driving accident,Daylight,Dry,1727,343592.0
8208,8208,197511,4,Spreestadt,2019,8,16,2,3,2,2,0,0,1,0,0,0,1,0.0,Charlottenburg-Wilmersdorf,Accident with minor injuries,Collision with the vehicle in front/waiting vehicle,Turning accident,Daylight,Dry,1727,343592.0
8209,8209,197512,1,Oranienburger Straße,2019,8,16,2,3,3,6,0,1,1,0,0,0,0,0.0,Mitte,Accident with minor injuries,Collision with a vehicle traveling laterally in the same direction,Collision involving vehicles going in the same way,Daylight,Dry,2215,385748.0
8210,8210,197513,4,Schloßstraße,2019,8,16,2,3,5,3,0,1,1,0,0,0,0,0.0,Charlottenburg-Wilmersdorf,Accident with minor injuries,Collision with a turning/crossing vehicle,Turning/Crossing accident,Daylight,Dry,1727,343592.0
8211,8211,197514,9,Schnellerstraße,2019,8,9,2,3,5,2,0,1,0,0,0,0,1,0.0,Treptow-Köpenick,Accident with minor injuries,Collision with a turning/crossing vehicle,Turning accident,Daylight,Dry,892,273689.0
8212,8212,197515,4,Babelsberger Straße,2019,8,17,2,3,3,6,0,1,1,0,0,0,0,0.0,Charlottenburg-Wilmersdorf,Accident with minor injuries,Collision with a vehicle traveling laterally in the same direction,Collision involving vehicles going in the same way,Daylight,Dry,1727,343592.0
8213,8213,197516,9,Köpenick Nord,2019,8,16,2,3,0,2,0,1,0,0,0,0,1,0.0,Treptow-Köpenick,Accident with minor injuries,Others,Turning accident,Daylight,Dry,892,273689.0
8214,8214,197517,3,Volkspark Prenzlauer Berg,2019,8,16,2,3,6,2,0,0,0,1,0,1,0,0.0,Pankow,Accident with minor injuries,Collision between vehicle and pedestrian,Turning accident,Daylight,Dry,1219,409335.0
8215,8215,197518,9,Adlershof Ost,2019,8,16,2,3,0,3,0,1,1,0,0,0,0,0.0,Treptow-Köpenick,Accident with minor injuries,Others,Turning/Crossing accident,Daylight,Dry,892,273689.0
8216,8216,197519,8,Reuterkiez,2019,8,15,2,3,2,6,0,0,1,0,0,0,0,0.0,Neukölln,Accident with minor injuries,Collision with the vehicle in front/waiting vehicle,Collision involving vehicles going in the same way,Daylight,Dry,934,329917.0
8217,8217,197520,7,Schöneberger Insel,2019,8,15,2,2,1,5,0,1,1,0,0,0,0,0.0,Tempelhof-Schöneberg,Accident with serious injuries,Collision with a moving/standing/parked vehicle,Accident involving parked vehicles,Daylight,Dry,1241,350984.0
8218,8218,197521,1,Huttenkiez,2019,8,15,2,3,0,2,0,1,1,0,0,0,0,0.0,Mitte,Accident with minor injuries,Others,Turning accident,Daylight,Dry,2215,385748.0
8219,8219,197522,7,Grazer Platz,2019,8,13,2,3,0,1,0,0,0,0,1,0,0,1.0,Tempelhof-Schöneberg,Accident with minor injuries,Others,Driving accident,Daylight,Wet/moist/slippery,1241,350984.0
8220,8220,197523,1,Leipziger Straße,2019,8,11,2,3,5,3,0,1,0,0,0,0,1,0.0,Mitte,Accident with minor injuries,Collision with a turning/crossing vehicle,Turning/Crossing accident,Daylight,Dry,2215,385748.0
8221,8221,197524,2,Viktoriapark,2019,8,11,2,3,1,5,0,1,1,0,0,0,0,0.0,Friedrichshain-Kreuzberg,Accident with minor injuries,Collision with a moving/standing/parked vehicle,Accident involving parked vehicles,Daylight,Dry,1381,290386.0
8222,8222,197525,4,Spreestadt,2019,8,11,2,3,6,7,0,1,0,1,0,0,0,0.0,Charlottenburg-Wilmersdorf,Accident with minor injuries,Collision between vehicle and pedestrian,Others,Daylight,Dry,1727,343592.0
8223,8223,197526,8,Blumenviertel,2019,8,11,2,3,5,7,0,0,1,0,1,0,0,0.0,Neukölln,Accident with minor injuries,Collision with a turning/crossing vehicle,Others,Daylight,Dry,934,329917.0
8224,8224,197527,6,Stadtpark,2019,8,11,2,3,5,3,0,0,1,0,0,0,0,0.0,Steglitz-Zehlendorf,Accident with minor injuries,Collision with a turning/crossing vehicle,Turning/Crossing accident,Daylight,Dry,851,310071.0
8225,8225,197528,1,Unter den Linden Nord,2019,8,8,2,2,5,3,0,1,1,0,0,0,0,0.0,Mitte,Accident with serious injuries,Collision with a turning/crossing vehicle,Turning/Crossing accident,Daylight,Dry,2215,385748.0
8226,8226,197529,7,John-Locke-Straße,2019,8,8,2,3,5,2,0,1,1,0,0,0,0,0.0,Tempelhof-Schöneberg,Accident with minor injuries,Collision with a turning/crossing vehicle,Turning accident,Daylight,Dry,1241,350984.0
8227,8227,197530,1,Andreasviertel,2019,8,8,2,3,2,6,0,0,1,0,0,0,1,0.0,Mitte,Accident with minor injuries,Collision with the vehicle in front/waiting vehicle,Collision involving vehicles going in the same way,Daylight,Dry,2215,385748.0
8228,8228,197531,8,Schillerpromenade,2019,8,8,2,3,5,2,0,1,1,0,0,0,0,0.0,Neukölln,Accident with minor injuries,Collision with a turning/crossing vehicle,Turning accident,Daylight,Dry,934,329917.0
8229,8229,197532,4,Reichsstraße,2019,8,7,2,3,2,6,0,0,1,0,0,0,0,0.0,Charlottenburg-Wilmersdorf,Accident with minor injuries,Collision with the vehicle in front/waiting vehicle,Collision involving vehicles going in the same way,Daylight,Dry,1727,343592.0
8230,8230,197533,3,Pankow Zentrum,2019,8,7,2,3,2,7,0,0,1,0,0,0,0,0.0,Pankow,Accident with minor injuries,Collision with the vehicle in front/waiting vehicle,Others,Daylight,Dry,1219,409335.0
8231,8231,197534,3,Pankow Zentrum,2019,8,10,2,3,0,3,0,1,0,0,0,0,1,0.0,Pankow,Accident with minor injuries,Others,Turning/Crossing accident,Daylight,Dry,1219,409335.0
8232,8232,197535,3,Komponistenviertel Weißensee,2019,8,7,2,3,5,2,0,0,1,0,1,0,0,0.0,Pankow,Accident with minor injuries,Collision with a turning/crossing vehicle,Turning accident,Daylight,Dry,1219,409335.0
8233,8233,197536,9,Johannisthal Ost,2019,8,6,2,3,5,3,0,1,1,0,0,0,0,0.0,Treptow-Köpenick,Accident with minor injuries,Collision with a turning/crossing vehicle,Turning/Crossing accident,Daylight,Dry,892,273689.0
8234,8234,197537,2,Reichenberger Straße,2019,8,2,2,3,5,3,2,0,1,0,0,0,1,0.0,Friedrichshain-Kreuzberg,Accident with minor injuries,Collision with a turning/crossing vehicle,Turning/Crossing accident,Dark,Dry,1381,290386.0
8235,8235,197538,1,Humboldthain Nordwest,2019,8,6,2,3,1,5,0,1,1,0,0,0,0,0.0,Mitte,Accident with minor injuries,Collision with a moving/standing/parked vehicle,Accident involving parked vehicles,Daylight,Dry,2215,385748.0
8236,8236,197539,3,Rennbahnstraße,2019,8,10,2,3,2,6,0,0,1,0,0,0,0,0.0,Pankow,Accident with minor injuries,Collision with the vehicle in front/waiting vehicle,Collision involving vehicles going in the same way,Daylight,Dry,1219,409335.0
8237,8237,197540,6,Bergstraße,2019,8,9,2,3,5,2,0,0,1,0,1,0,0,0.0,Steglitz-Zehlendorf,Accident with minor injuries,Collision with a turning/crossing vehicle,Turning accident,Daylight,Dry,851,310071.0
8238,8238,197541,10,Buckower Ring,2019,8,9,2,3,2,6,0,0,1,0,0,0,0,0.0,Marzahn-Hellersdorf,Accident with minor injuries,Collision with the vehicle in front/waiting vehicle,Collision involving vehicles going in the same way,Daylight,Dry,586,269967.0
8239,8239,197542,5,Ackerstraße,2019,8,9,2,3,5,2,0,1,1,0,0,0,0,0.0,Spandau,Accident with minor injuries,Collision with a turning/crossing vehicle,Turning accident,Daylight,Dry,798,245197.0
8240,8240,197543,7,Neu-Tempelhof,2019,8,4,1,3,2,6,2,0,1,0,0,0,0,0.0,Tempelhof-Schöneberg,Accident with minor injuries,Collision with the vehicle in front/waiting vehicle,Collision involving vehicles going in the same way,Dark,Dry,1241,350984.0
8241,8241,197544,3,Rennbahnstraße,2019,8,17,1,2,0,1,0,1,0,0,0,0,0,0.0,Pankow,Accident with serious injuries,Others,Driving accident,Daylight,Dry,1219,409335.0
8242,8242,197545,1,Wilhelmstraße,2019,8,13,1,3,0,1,0,0,0,0,1,0,0,0.0,Mitte,Accident with minor injuries,Others,Driving accident,Daylight,Dry,2215,385748.0
8243,8243,197546,1,Alexanderplatzviertel,2019,8,0,1,3,0,1,2,0,0,0,0,0,1,0.0,Mitte,Accident with minor injuries,Others,Driving accident,Dark,Dry,2215,385748.0
8244,8244,197547,5,Carl-Schurz-Straße,2019,8,12,1,3,2,6,0,0,1,0,1,0,1,0.0,Spandau,Accident with minor injuries,Collision with the vehicle in front/waiting vehicle,Collision involving vehicles going in the same way,Daylight,Dry,798,245197.0
8245,8245,197548,3,Alt-Karow,2019,8,17,1,3,5,3,0,0,1,0,1,0,0,0.0,Pankow,Accident with minor injuries,Collision with a turning/crossing vehicle,Turning/Crossing accident,Daylight,Dry,1219,409335.0
8246,8246,197549,6,Lankwitz Kirche,2019,8,16,1,3,5,3,0,0,1,0,1,0,0,0.0,Steglitz-Zehlendorf,Accident with minor injuries,Collision with a turning/crossing vehicle,Turning/Crossing accident,Daylight,Dry,851,310071.0
8247,8247,197550,5,Pillnitzer Weg,2019,8,13,1,3,2,6,0,0,1,0,0,0,0,0.0,Spandau,Accident with minor injuries,Collision with the vehicle in front/waiting vehicle,Collision involving vehicles going in the same way,Daylight,Dry,798,245197.0
8248,8248,197551,5,Zitadellenweg,2019,8,12,1,3,3,6,0,0,1,0,1,0,0,0.0,Spandau,Accident with minor injuries,Collision with a vehicle traveling laterally in the same direction,Collision involving vehicles going in the same way,Daylight,Dry,798,245197.0
8249,8249,197552,4,Ludwigkirchplatz,2019,8,4,1,3,1,5,2,0,1,0,0,0,1,0.0,Charlottenburg-Wilmersdorf,Accident with minor injuries,Collision with a moving/standing/parked vehicle,Accident involving parked vehicles,Dark,Dry,1727,343592.0
8250,8250,197553,3,Pankow Zentrum,2019,8,4,1,3,5,3,2,0,1,0,0,0,0,0.0,Pankow,Accident with minor injuries,Collision with a turning/crossing vehicle,Turning/Crossing accident,Dark,Dry,1219,409335.0
8251,8251,197554,11,Dorf Malchow,2019,8,18,1,3,0,7,0,1,0,0,0,0,0,0.0,Lichtenberg,Accident with minor injuries,Others,Others,Daylight,Dry,679,294201.0
8252,8252,197555,2,Wrangelkiez,2019,8,0,1,3,0,5,2,1,1,0,0,0,1,0.0,Friedrichshain-Kreuzberg,Accident with minor injuries,Others,Accident involving parked vehicles,Dark,Dry,1381,290386.0
8253,8253,197556,1,Stülerstraße,2019,8,21,1,3,1,5,2,1,1,0,0,0,0,0.0,Mitte,Accident with minor injuries,Collision with a moving/standing/parked vehicle,Accident involving parked vehicles,Dark,Dry,2215,385748.0
8254,8254,197557,8,Tempelhofer Weg,2019,8,20,1,2,5,3,1,0,1,0,0,0,0,0.0,Neukölln,Accident with serious injuries,Collision with a turning/crossing vehicle,Turning/Crossing accident,Twilight,Dry,934,329917.0
8255,8255,197558,2,Urbanstraße,2019,8,19,1,3,0,1,0,1,0,0,0,0,0,0.0,Friedrichshain-Kreuzberg,Accident with minor injuries,Others,Driving accident,Daylight,Dry,1381,290386.0
8256,8256,197559,11,Karlshorst Süd,2019,8,19,1,3,0,1,0,1,0,0,0,0,0,0.0,Lichtenberg,Accident with minor injuries,Others,Driving accident,Daylight,Dry,679,294201.0
8257,8257,197560,12,Scharnweberstraße,2019,8,21,7,3,2,6,0,0,1,0,0,0,0,0.0,Reinickendorf,Accident with minor injuries,Collision with the vehicle in front/waiting vehicle,Collision involving vehicles going in the same way,Daylight,Dry,867,266408.0
8258,8258,197561,2,Lausitzer Platz,2019,8,14,7,3,4,6,0,1,0,0,0,0,1,0.0,Friedrichshain-Kreuzberg,Accident with minor injuries,Collision with oncoming vehicle,Collision involving vehicles going in the same way,Daylight,Dry,1381,290386.0
8259,8259,197562,12,Alt-Tegel,2019,8,14,7,3,2,6,0,0,1,0,0,0,0,0.0,Reinickendorf,Accident with minor injuries,Collision with the vehicle in front/waiting vehicle,Collision involving vehicles going in the same way,Daylight,Dry,867,266408.0
8260,8260,197563,12,Klixstraße,2019,8,19,7,3,5,3,0,0,1,0,0,0,0,0.0,Reinickendorf,Accident with minor injuries,Collision with a turning/crossing vehicle,Turning/Crossing accident,Daylight,Dry,867,266408.0
8261,8261,197564,4,Hagenplatz,2019,8,13,7,3,6,4,0,0,1,1,0,0,0,0.0,Charlottenburg-Wilmersdorf,Accident with minor injuries,Collision between vehicle and pedestrian,Pedestrian crossing accident,Daylight,Dry,1727,343592.0
8262,8262,197565,8,Blumenviertel,2019,8,13,7,3,5,3,0,1,1,0,0,0,0,0.0,Neukölln,Accident with minor injuries,Collision with a turning/crossing vehicle,Turning/Crossing accident,Daylight,Dry,934,329917.0
8263,8263,197566,2,Oranienplatz,2019,8,15,7,3,2,6,0,1,1,0,0,0,0,0.0,Friedrichshain-Kreuzberg,Accident with minor injuries,Collision with the vehicle in front/waiting vehicle,Collision involving vehicles going in the same way,Daylight,Dry,1381,290386.0
8264,8264,197567,8,Buckow Mitte,2019,8,15,7,3,1,5,0,1,1,0,0,0,0,0.0,Neukölln,Accident with minor injuries,Collision with a moving/standing/parked vehicle,Accident involving parked vehicles,Daylight,Dry,934,329917.0
8265,8265,197568,8,Gropiusstadt Ost,2019,8,17,7,3,5,2,0,1,1,0,0,0,0,0.0,Neukölln,Accident with minor injuries,Collision with a turning/crossing vehicle,Turning accident,Daylight,Dry,934,329917.0
8266,8266,197569,12,Scharnweberstraße,2019,8,15,7,3,5,2,0,0,1,0,0,0,0,0.0,Reinickendorf,Accident with minor injuries,Collision with a turning/crossing vehicle,Turning accident,Daylight,Dry,867,266408.0
8267,8267,197570,1,Soldiner Straße,2019,8,15,7,3,6,4,0,0,1,1,0,0,0,0.0,Mitte,Accident with minor injuries,Collision between vehicle and pedestrian,Pedestrian crossing accident,Daylight,Dry,2215,385748.0
8268,8268,197571,3,Niederschönhausen,2019,8,17,7,2,5,3,0,0,1,0,1,0,0,0.0,Pankow,Accident with serious injuries,Collision with a turning/crossing vehicle,Turning/Crossing accident,Daylight,Dry,1219,409335.0
8269,8269,197572,5,Borkumer Straße,2019,8,16,7,3,0,2,0,1,1,0,0,0,0,0.0,Spandau,Accident with minor injuries,Others,Turning accident,Daylight,Dry,798,245197.0
8270,8270,197573,9,Adlershof West,2019,8,17,7,2,2,6,0,0,1,0,1,0,0,0.0,Treptow-Köpenick,Accident with serious injuries,Collision with the vehicle in front/waiting vehicle,Collision involving vehicles going in the same way,Daylight,Dry,892,273689.0
8271,8271,197574,10,Kaulsdorf Nord,2019,8,18,7,3,5,3,0,0,1,0,0,0,0,0.0,Marzahn-Hellersdorf,Accident with minor injuries,Collision with a turning/crossing vehicle,Turning/Crossing accident,Daylight,Dry,586,269967.0
8272,8272,197575,2,Samariterviertel,2019,8,19,7,3,0,1,0,1,0,0,0,0,0,0.0,Friedrichshain-Kreuzberg,Accident with minor injuries,Others,Driving accident,Daylight,Dry,1381,290386.0
8273,8273,197576,1,Invalidenstraße,2019,8,19,7,2,1,5,0,1,0,0,0,0,1,0.0,Mitte,Accident with serious injuries,Collision with a moving/standing/parked vehicle,Accident involving parked vehicles,Daylight,Dry,2215,385748.0
8274,8274,197577,12,Scharnweberstraße,2019,8,23,7,3,5,2,2,0,1,0,1,0,0,0.0,Reinickendorf,Accident with minor injuries,Collision with a turning/crossing vehicle,Turning accident,Dark,Dry,867,266408.0
8275,8275,197578,9,Baumschulenstraße,2019,8,22,7,3,0,3,2,0,1,0,1,0,0,0.0,Treptow-Köpenick,Accident with minor injuries,Others,Turning/Crossing accident,Dark,Dry,892,273689.0
8276,8276,197579,6,Oberhofer Platz,2019,8,23,7,3,5,3,2,1,0,0,0,0,0,0.0,Steglitz-Zehlendorf,Accident with minor injuries,Collision with a turning/crossing vehicle,Turning/Crossing accident,Dark,Dry,851,310071.0
8277,8277,197580,12,Letteplatz,2019,8,13,7,2,2,7,0,1,1,0,0,0,0,0.0,Reinickendorf,Accident with serious injuries,Collision with the vehicle in front/waiting vehicle,Others,Daylight,Dry,867,266408.0
8278,8278,197581,4,Reichsstraße,2019,8,11,7,3,5,5,0,0,1,0,1,0,0,0.0,Charlottenburg-Wilmersdorf,Accident with minor injuries,Collision with a turning/crossing vehicle,Accident involving parked vehicles,Daylight,Dry,1727,343592.0
8279,8279,197582,4,Breitscheidplatz,2019,8,11,7,3,2,6,0,1,1,0,0,0,0,0.0,Charlottenburg-Wilmersdorf,Accident with minor injuries,Collision with the vehicle in front/waiting vehicle,Collision involving vehicles going in the same way,Daylight,Dry,1727,343592.0
8280,8280,197583,4,Amtsgerichtsplatz,2019,8,11,7,3,2,6,0,1,1,0,0,0,0,0.0,Charlottenburg-Wilmersdorf,Accident with minor injuries,Collision with the vehicle in front/waiting vehicle,Collision involving vehicles going in the same way,Daylight,Dry,1727,343592.0
8281,8281,197584,1,Reinickendorfer Straße,2019,8,10,7,3,0,2,0,0,0,0,0,1,1,0.0,Mitte,Accident with minor injuries,Others,Turning accident,Daylight,Dry,2215,385748.0
8282,8282,197585,11,Rummelsburg,2019,8,1,7,2,6,4,2,0,1,1,0,0,0,0.0,Lichtenberg,Accident with serious injuries,Collision between vehicle and pedestrian,Pedestrian crossing accident,Dark,Dry,679,294201.0
8283,8283,197586,8,Buckow Mitte,2019,8,14,6,2,6,4,0,0,1,1,0,0,0,0.0,Neukölln,Accident with serious injuries,Collision between vehicle and pedestrian,Pedestrian crossing accident,Daylight,Dry,934,329917.0
8284,8284,197587,5,Ackerstraße,2019,8,0,6,3,6,2,2,0,0,1,0,0,1,0.0,Spandau,Accident with minor injuries,Collision between vehicle and pedestrian,Turning accident,Dark,Dry,798,245197.0