,Unnamed: 0,object id,district,street,year,month,hour of day,weekday,category,accident type,accident type 2,light situation,bike involved,car involved,pedestrian involved,motor bike involved,big track involved,other vehicle involved,road condition,district name,category name,accident detail,accident type detail,light condition,road condition detail,accident count by district,est. population
8285,8285,197588,1,Reinickendorfer Straße,2019,8,16,6,3,5,3,0,1,1,0,0,0,0,0.0,Mitte,Accident with minor injuries,Collision with a turning/crossing vehicle,Turning/Crossing accident,Daylight,Dry,2215,385748.0
8286,8286,197589,12,Teichstraße,2019,8,18,6,3,0,2,0,1,1,0,0,0,0,0.0,Reinickendorf,Accident with minor injuries,Others,Turning accident,Daylight,Dry,867,266408.0
8287,8287,197590,1,Charitéviertel,2019,8,9,6,3,6,7,0,0,0,1,0,0,1,0.0,Mitte,Accident with minor injuries,Collision between vehicle and pedestrian,Others,Daylight,Dry,2215,385748.0
8288,8288,197591,1,Stephankiez,2019,8,14,6,2,5,3,0,0,1,0,1,0,0,0.0,Mitte,Accident with serious injuries,Collision with a turning/crossing vehicle,Turning/Crossing accident,Daylight,Dry,2215,385748.0
8289,8289,197592,2,Askanischer Platz,2019,8,18,6,3,0,2,0,1,1,0,0,0,0,1.0,Friedrichshain-Kreuzberg,Accident with minor injuries,Others,Turning accident,Daylight,Wet/moist/slippery,1381,290386.0
8290,8290,197593,1,Reinickendorfer Straße,2019,8,11,6,3,5,5,0,0,1,0,0,0,0,0.0,Mitte,Accident with minor injuries,Collision with a turning/crossing vehicle,Accident involving parked vehicles,Daylight,Dry,2215,385748.0
8291,8291,197594,3,Alt-Karow,2019,8,11,6,3,0,5,0,1,0,0,0,0,0,0.0,Pankow,Accident with minor injuries,Others,Accident involving parked vehicles,Daylight,Dry,1219,409335.0
8292,8292,197595,2,Andreasviertel,2019,8,15,6,3,5,2,0,1,1,0,0,0,0,0.0,Friedrichshain-Kreuzberg,Accident with minor injuries,Collision with a turning/crossing vehicle,Turning accident,Daylight,Dry,1381,290386.0
8293,8293,197596,8,Rixdorf,2019,8,14,6,3,6,4,0,0,1,1,0,0,0,0.0,Neukölln,Accident with minor injuries,Collision between vehicle and pedestrian,Pedestrian crossing accident,Daylight,Dry,934,329917.0
8294,8294,197597,4,Eisenzahnstraße,2019,8,14,6,3,5,3,0,0,0,0,1,0,1,0.0,Charlottenburg-Wilmersdorf,Accident with minor injuries,Collision with a turning/crossing vehicle,Turning/Crossing accident,Daylight,Dry,1727,343592.0
8295,8295,197598,6,Schloßstraße,2019,8,13,6,3,1,5,0,1,0,0,0,0,1,0.0,Steglitz-Zehlendorf,Accident with minor injuries,Collision with a moving/standing/parked vehicle,Accident involving parked vehicles,Daylight,Dry,851,310071.0
8296,8296,197599,7,Kaiser-Wilhelm-Platz,2019,8,13,6,3,2,6,0,0,1,0,1,0,0,0.0,Tempelhof-Schöneberg,Accident with minor injuries,Collision with the vehicle in front/waiting vehicle,Collision involving vehicles going in the same way,Daylight,Dry,1241,350984.0
8297,8297,197600,4,Plötzensee,2019,8,12,6,3,5,7,0,0,1,0,1,0,0,0.0,Charlottenburg-Wilmersdorf,Accident with minor injuries,Collision with a turning/crossing vehicle,Others,Daylight,Dry,1727,343592.0
8298,8298,197601,5,Tiefwerder,2019,8,11,6,3,2,6,0,0,1,0,0,0,0,0.0,Spandau,Accident with minor injuries,Collision with the vehicle in front/waiting vehicle,Collision involving vehicles going in the same way,Daylight,Dry,798,245197.0
8299,8299,197602,12,Mellerbogen,2019,8,11,6,2,5,3,0,0,1,0,1,0,0,0.0,Reinickendorf,Accident with serious injuries,Collision with a turning/crossing vehicle,Turning/Crossing accident,Daylight,Dry,867,266408.0
8300,8300,197603,5,Germersheimer Platz,2019,8,10,6,3,1,5,0,0,1,0,0,0,1,0.0,Spandau,Accident with minor injuries,Collision with a moving/standing/parked vehicle,Accident involving parked vehicles,Daylight,Dry,798,245197.0
8301,8301,197604,6,Schweizer Viertel,2019,8,8,6,2,0,1,0,0,1,0,1,0,0,0.0,Steglitz-Zehlendorf,Accident with serious injuries,Others,Driving accident,Daylight,Dry,851,310071.0
8302,8302,197605,2,Urbanstraße,2019,8,8,6,3,5,3,0,1,0,0,0,0,0,0.0,Friedrichshain-Kreuzberg,Accident with minor injuries,Collision with a turning/crossing vehicle,Turning/Crossing accident,Daylight,Dry,1381,290386.0
8303,8303,197606,10,Oberfeldstraße,2019,8,8,6,3,2,7,0,0,1,0,0,0,0,0.0,Marzahn-Hellersdorf,Accident with minor injuries,Collision with the vehicle in front/waiting vehicle,Others,Daylight,Dry,586,269967.0
8304,8304,197607,12,Reinickes Hof,2019,8,8,6,3,2,6,0,0,1,0,0,0,0,0.0,Reinickendorf,Accident with minor injuries,Collision with the vehicle in front/waiting vehicle,Collision involving vehicles going in the same way,Daylight,Dry,867,266408.0
8305,8305,197608,6,Zehlendorf Süd,2019,8,8,6,3,5,2,0,1,1,0,0,0,0,0.0,Steglitz-Zehlendorf,Accident with minor injuries,Collision with a turning/crossing vehicle,Turning accident,Daylight,Dry,851,310071.0
8306,8306,197609,11,Weitlingstraße,2019,8,19,6,3,0,2,1,0,1,0,1,0,0,1.0,Lichtenberg,Accident with minor injuries,Others,Turning accident,Twilight,Wet/moist/slippery,679,294201.0
8307,8307,197610,3,Pankow Süd,2019,8,19,6,3,1,5,0,1,1,0,0,0,0,1.0,Pankow,Accident with minor injuries,Collision with a moving/standing/parked vehicle,Accident involving parked vehicles,Daylight,Wet/moist/slippery,1219,409335.0
8308,8308,197611,9,Dammvorstadt,2019,8,18,6,3,2,2,0,0,1,0,0,0,0,1.0,Treptow-Köpenick,Accident with minor injuries,Collision with the vehicle in front/waiting vehicle,Turning accident,Daylight,Wet/moist/slippery,892,273689.0
8309,8309,197612,4,Kaiserin-Augusta-Allee,2019,8,18,6,2,5,3,0,0,1,0,1,0,0,1.0,Charlottenburg-Wilmersdorf,Accident with serious injuries,Collision with a turning/crossing vehicle,Turning/Crossing accident,Daylight,Wet/moist/slippery,1727,343592.0
8310,8310,197613,11,Karlshorst West,2019,8,18,6,3,1,5,1,1,1,0,0,0,0,1.0,Lichtenberg,Accident with minor injuries,Collision with a moving/standing/parked vehicle,Accident involving parked vehicles,Twilight,Wet/moist/slippery,679,294201.0
8311,8311,197614,3,Volkspark Prenzlauer Berg,2019,8,17,6,2,0,1,0,1,0,0,0,0,0,1.0,Pankow,Accident with serious injuries,Others,Driving accident,Daylight,Wet/moist/slippery,1219,409335.0
8312,8312,197615,3,Fennpfuhl West,2019,8,17,6,3,2,6,0,0,1,0,0,0,0,1.0,Pankow,Accident with minor injuries,Collision with the vehicle in front/waiting vehicle,Collision involving vehicles going in the same way,Daylight,Wet/moist/slippery,1219,409335.0
8313,8313,197616,4,Savignyplatz,2019,8,17,6,3,6,4,0,0,1,1,0,0,0,1.0,Charlottenburg-Wilmersdorf,Accident with minor injuries,Collision between vehicle and pedestrian,Pedestrian crossing accident,Daylight,Wet/moist/slippery,1727,343592.0
8314,8314,197617,3,Conrad-Blenkle-Straße,2019,8,17,6,3,5,3,0,0,1,0,0,0,0,1.0,Pankow,Accident with minor injuries,Collision with a turning/crossing vehicle,Turning/Crossing accident,Daylight,Wet/moist/slippery,1219,409335.0
8315,8315,197618,4,Reichsstraße,2019,8,16,6,3,5,3,0,0,1,0,0,0,0,1.0,Charlottenburg-Wilmersdorf,Accident with minor injuries,Collision with a turning/crossing vehicle,Turning/Crossing accident,Daylight,Wet/moist/slippery,1727,343592.0
8316,8316,197619,1,Humboldthain Nordwest,2019,8,16,6,3,2,6,0,0,1,0,0,0,0,1.0,Mitte,Accident with minor injuries,Collision with the vehicle in front/waiting vehicle,Collision involving vehicles going in the same way,Daylight,Wet/moist/slippery,2215,385748.0
8317,8317,197620,5,Borkumer Straße,2019,8,22,6,3,6,4,2,0,1,1,0,0,0,0.0,Spandau,Accident with minor injuries,Collision between vehicle and pedestrian,Pedestrian crossing accident,Dark,Dry,798,245197.0
8318,8318,197621,1,Reinickendorfer Straße,2019,8,20,6,3,0,1,0,1,0,0,0,0,0,0.0,Mitte,Accident with minor injuries,Others,Driving accident,Daylight,Dry,2215,385748.0
8319,8319,197622,3,Humannplatz,2019,8,18,6,3,0,2,1,1,1,0,0,0,0,1.0,Pankow,Accident with minor injuries,Others,Turning accident,Twilight,Wet/moist/slippery,1219,409335.0
8320,8320,197623,1,Soldiner Straße,2019,8,15,5,3,2,6,0,0,1,0,1,0,0,0.0,Mitte,Accident with minor injuries,Collision with the vehicle in front/waiting vehicle,Collision involving vehicles going in the same way,Daylight,Dry,2215,385748.0
8321,8321,197624,4,Breitscheidplatz,2019,8,22,5,3,1,5,2,1,1,0,0,0,0,0.0,Charlottenburg-Wilmersdorf,Accident with minor injuries,Collision with a moving/standing/parked vehicle,Accident involving parked vehicles,Dark,Dry,1727,343592.0
8322,8322,197625,6,Fichtenberg,2019,8,21,5,2,5,2,2,0,1,0,0,0,0,0.0,Steglitz-Zehlendorf,Accident with serious injuries,Collision with a turning/crossing vehicle,Turning accident,Dark,Dry,851,310071.0
8323,8323,197626,3,Weißenseer Spitze,2019,8,21,5,2,5,3,1,1,0,0,0,0,1,0.0,Pankow,Accident with serious injuries,Collision with a turning/crossing vehicle,Turning/Crossing accident,Twilight,Dry,1219,409335.0
8324,8324,197627,2,Traveplatz,2019,8,20,5,3,1,5,1,1,1,0,0,0,0,0.0,Friedrichshain-Kreuzberg,Accident with minor injuries,Collision with a moving/standing/parked vehicle,Accident involving parked vehicles,Twilight,Dry,1381,290386.0
8325,8325,197628,2,Askanischer Platz,2019,8,20,5,3,6,4,1,1,0,1,0,0,0,0.0,Friedrichshain-Kreuzberg,Accident with minor injuries,Collision between vehicle and pedestrian,Pedestrian crossing accident,Twilight,Dry,1381,290386.0
8326,8326,197629,3,Teutoburger Platz,2019,8,19,5,3,6,4,0,0,1,1,0,0,0,0.0,Pankow,Accident with minor injuries,Collision between vehicle and pedestrian,Pedestrian crossing accident,Daylight,Dry,1219,409335.0
8327,8327,197630,10,Alt-Biesdorf,2019,8,19,5,3,5,3,0,1,1,0,0,0,0,0.0,Marzahn-Hellersdorf,Accident with minor injuries,Collision with a turning/crossing vehicle,Turning/Crossing accident,Daylight,Dry,586,269967.0
8328,8328,197631,5,Hakenfelde Nord,2019,8,16,5,3,2,6,0,0,1,0,1,0,0,1.0,Spandau,Accident with minor injuries,Collision with the vehicle in front/waiting vehicle,Collision involving vehicles going in the same way,Daylight,Wet/moist/slippery,798,245197.0
8329,8329,197632,8,Schillerpromenade,2019,8,18,5,3,1,5,0,1,1,0,0,0,0,0.0,Neukölln,Accident with minor injuries,Collision with a moving/standing/parked vehicle,Accident involving parked vehicles,Daylight,Dry,934,329917.0
8330,8330,197633,2,Lausitzer Platz,2019,8,18,5,3,0,3,0,0,1,0,1,0,0,0.0,Friedrichshain-Kreuzberg,Accident with minor injuries,Others,Turning/Crossing accident,Daylight,Dry,1381,290386.0
8331,8331,197634,5,An der Kappe,2019,8,17,5,3,5,2,0,0,1,0,0,0,0,0.0,Spandau,Accident with minor injuries,Collision with a turning/crossing vehicle,Turning accident,Daylight,Dry,798,245197.0
8332,8332,197635,4,Alt-Lietzow,2019,8,16,5,3,2,6,0,0,1,0,0,0,1,0.0,Charlottenburg-Wilmersdorf,Accident with minor injuries,Collision with the vehicle in front/waiting vehicle,Collision involving vehicles going in the same way,Daylight,Dry,1727,343592.0
8333,8333,197636,7,Marienhöhe,2019,8,16,5,3,0,1,0,1,0,0,0,0,0,0.0,Tempelhof-Schöneberg,Accident with minor injuries,Others,Driving accident,Daylight,Dry,1241,350984.0
8334,8334,197637,4,Leon-Jessel-Platz,2019,8,16,5,3,5,3,0,1,1,0,0,0,0,0.0,Charlottenburg-Wilmersdorf,Accident with minor injuries,Collision with a turning/crossing vehicle,Turning/Crossing accident,Daylight,Dry,1727,343592.0
8335,8335,197638,7,Neu-Tempelhof,2019,8,14,5,3,5,3,0,0,1,0,0,0,0,0.0,Tempelhof-Schöneberg,Accident with minor injuries,Collision with a turning/crossing vehicle,Turning/Crossing accident,Daylight,Dry,1241,350984.0
8336,8336,197639,5,Eiswerder,2019,8,14,5,3,2,6,0,0,1,0,0,0,0,0.0,Spandau,Accident with minor injuries,Collision with the vehicle in front/waiting vehicle,Collision involving vehicles going in the same way,Daylight,Dry,798,245197.0
8337,8337,197640,12,Rollbergesiedlung,2019,8,14,5,3,0,6,0,1,0,0,0,1,0,0.0,Reinickendorf,Accident with minor injuries,Others,Collision involving vehicles going in the same way,Daylight,Dry,867,266408.0
8338,8338,197641,3,Heinersdorf,2019,8,14,5,2,6,4,0,0,1,1,0,0,0,0.0,Pankow,Accident with serious injuries,Collision between vehicle and pedestrian,Pedestrian crossing accident,Daylight,Dry,1219,409335.0
8339,8339,197642,4,Olympiagelände,2019,8,13,5,3,5,2,0,0,1,0,1,0,0,0.0,Charlottenburg-Wilmersdorf,Accident with minor injuries,Collision with a turning/crossing vehicle,Turning accident,Daylight,Dry,1727,343592.0
8340,8340,197643,1,Humboldthain Nordwest,2019,8,15,5,3,5,3,0,0,1,0,0,0,0,0.0,Mitte,Accident with minor injuries,Collision with a turning/crossing vehicle,Turning/Crossing accident,Daylight,Dry,2215,385748.0
8341,8341,197644,3,Humannplatz,2019,8,13,5,3,6,4,0,0,0,1,1,0,0,0.0,Pankow,Accident with minor injuries,Collision between vehicle and pedestrian,Pedestrian crossing accident,Daylight,Dry,1219,409335.0
8342,8342,197645,1,Heine-Viertel West,2019,8,13,5,2,6,4,0,0,1,1,0,0,0,0.0,Mitte,Accident with serious injuries,Collision between vehicle and pedestrian,Pedestrian crossing accident,Daylight,Dry,2215,385748.0
8343,8343,197646,11,Weitlingstraße,2019,8,13,5,3,5,2,0,1,1,0,0,0,0,0.0,Lichtenberg,Accident with minor injuries,Collision with a turning/crossing vehicle,Turning accident,Daylight,Dry,679,294201.0
8344,8344,197647,10,Alt-Kaulsdorf,2019,8,12,5,3,0,6,0,1,1,0,0,0,0,0.0,Marzahn-Hellersdorf,Accident with minor injuries,Others,Collision involving vehicles going in the same way,Daylight,Dry,586,269967.0
8345,8345,197648,2,Urbanstraße,2019,8,12,5,3,1,5,0,1,0,0,0,1,0,0.0,Friedrichshain-Kreuzberg,Accident with minor injuries,Collision with a moving/standing/parked vehicle,Accident involving parked vehicles,Daylight,Dry,1381,290386.0
8346,8346,197649,3,Pankow Zentrum,2019,8,12,5,2,5,3,0,0,1,0,0,1,0,0.0,Pankow,Accident with serious injuries,Collision with a turning/crossing vehicle,Turning/Crossing accident,Daylight,Dry,1219,409335.0
8347,8347,197650,4,Park Ruhwald,2019,8,12,5,3,2,6,0,0,1,0,0,0,0,0.0,Charlottenburg-Wilmersdorf,Accident with minor injuries,Collision with the vehicle in front/waiting vehicle,Collision involving vehicles going in the same way,Daylight,Dry,1727,343592.0
8348,8348,197651,8,Mohriner Allee Nord,2019,8,12,5,3,5,7,0,0,1,0,0,0,0,0.0,Neukölln,Accident with minor injuries,Collision with a turning/crossing vehicle,Others,Daylight,Dry,934,329917.0
8349,8349,197652,4,Reichsstraße,2019,8,10,5,3,5,3,0,0,1,0,0,0,0,0.0,Charlottenburg-Wilmersdorf,Accident with minor injuries,Collision with a turning/crossing vehicle,Turning/Crossing accident,Daylight,Dry,1727,343592.0
8350,8350,197653,2,Urbanstraße,2019,8,12,5,3,2,2,0,0,1,0,1,0,0,1.0,Friedrichshain-Kreuzberg,Accident with minor injuries,Collision with the vehicle in front/waiting vehicle,Turning accident,Daylight,Wet/moist/slippery,1381,290386.0
8351,8351,197654,3,Teutoburger Platz,2019,8,9,5,3,5,2,0,1,1,0,0,0,0,0.0,Pankow,Accident with minor injuries,Collision with a turning/crossing vehicle,Turning accident,Daylight,Dry,1219,409335.0
8352,8352,197655,11,Fennpfuhl West,2019,8,8,5,3,5,3,0,0,0,0,0,1,1,0.0,Lichtenberg,Accident with minor injuries,Collision with a turning/crossing vehicle,Turning/Crossing accident,Daylight,Dry,679,294201.0
8353,8353,197656,3,Humannplatz,2019,8,11,5,3,5,7,0,0,1,0,0,0,0,0.0,Pankow,Accident with minor injuries,Collision with a turning/crossing vehicle,Others,Daylight,Dry,1219,409335.0
8354,8354,197657,11,Fennpfuhl West,2019,8,8,5,3,5,5,0,0,1,0,1,0,0,1.0,Lichtenberg,Accident with minor injuries,Collision with a turning/crossing vehicle,Accident involving parked vehicles,Daylight,Wet/moist/slippery,679,294201.0
8355,8355,197658,7,Barbarossaplatz,2019,8,10,5,3,0,6,0,1,1,0,0,0,0,0.0,Tempelhof-Schöneberg,Accident with minor injuries,Others,Collision involving vehicles going in the same way,Daylight,Dry,1241,350984.0
8356,8356,197659,3,Herthaplatz,2019,8,10,5,3,1,5,0,0,1,0,0,0,0,0.0,Pankow,Accident with minor injuries,Collision with a moving/standing/parked vehicle,Accident involving parked vehicles,Daylight,Dry,1219,409335.0
8357,8357,197660,4,Rüdesheimer Platz,2019,8,8,5,3,0,3,0,0,1,0,1,0,0,0.0,Charlottenburg-Wilmersdorf,Accident with minor injuries,Others,Turning/Crossing accident,Daylight,Dry,1727,343592.0
8358,8358,197661,12,Teichstraße,2019,8,8,5,3,5,2,0,1,1,0,0,0,0,0.0,Reinickendorf,Accident with minor injuries,Collision with a turning/crossing vehicle,Turning accident,Daylight,Dry,867,266408.0
8359,8359,197662,1,Nördlicher Landwehrkanal,2019,8,7,5,3,8,1,0,0,1,0,0,0,0,0.0,Mitte,Accident with minor injuries,Departure from the roadway to the right,Driving accident,Daylight,Dry,2215,385748.0
8360,8360,197663,2,Wrangelkiez,2019,8,6,5,3,0,4,0,1,0,1,0,0,0,1.0,Friedrichshain-Kreuzberg,Accident with minor injuries,Others,Pedestrian crossing accident,Daylight,Wet/moist/slippery,1381,290386.0
8361,8361,197664,11,Victoriastadt,2019,8,6,5,3,2,6,0,0,1,0,1,0,0,0.0,Lichtenberg,Accident with minor injuries,Collision with the vehicle in front/waiting vehicle,Collision involving vehicles going in the same way,Daylight,Dry,679,294201.0
8362,8362,197665,1,Brunnenstraße,2019,8,5,5,3,5,3,1,0,1,0,0,0,0,1.0,Mitte,Accident with minor injuries,Collision with a turning/crossing vehicle,Turning/Crossing accident,Twilight,Wet/moist/slippery,2215,385748.0
8363,8363,197666,4,Babelsberger Straße,2019,8,2,5,3,5,2,2,0,1,0,0,0,0,0.0,Charlottenburg-Wilmersdorf,Accident with minor injuries,Collision with a turning/crossing vehicle,Turning accident,Dark,Dry,1727,343592.0
8364,8364,197667,2,Lausitzer Platz,2019,8,0,5,3,0,2,2,1,1,0,0,0,0,1.0,Friedrichshain-Kreuzberg,Accident with minor injuries,Others,Turning accident,Dark,Wet/moist/slippery,1381,290386.0
8365,8365,197668,12,Reinickes Hof,2019,7,2,4,3,0,7,2,1,0,0,0,0,0,0.0,Reinickendorf,Accident with minor injuries,Others,Others,Dark,Dry,867,266408.0
8366,8366,197669,4,Hagenplatz,2019,7,20,4,3,5,2,1,0,1,0,0,0,0,1.0,Charlottenburg-Wilmersdorf,Accident with minor injuries,Collision with a turning/crossing vehicle,Turning accident,Twilight,Wet/moist/slippery,1727,343592.0
8367,8367,197670,12,Teichstraße,2019,7,20,4,3,1,5,2,0,1,0,0,0,0,1.0,Reinickendorf,Accident with minor injuries,Collision with a moving/standing/parked vehicle,Accident involving parked vehicles,Dark,Wet/moist/slippery,867,266408.0
8368,8368,197671,12,Letteplatz,2019,7,20,4,3,0,1,1,0,0,0,1,0,0,1.0,Reinickendorf,Accident with minor injuries,Others,Driving accident,Twilight,Wet/moist/slippery,867,266408.0
8369,8369,197672,2,Viktoriapark,2019,7,19,4,3,5,5,1,0,1,0,1,0,0,0.0,Friedrichshain-Kreuzberg,Accident with minor injuries,Collision with a turning/crossing vehicle,Accident involving parked vehicles,Twilight,Dry,1381,290386.0
8370,8370,197673,2,Andreasviertel,2019,7,23,4,3,5,7,2,0,1,0,1,0,0,1.0,Friedrichshain-Kreuzberg,Accident with minor injuries,Collision with a turning/crossing vehicle,Others,Dark,Wet/moist/slippery,1381,290386.0
8371,8371,197674,4,Ludwigkirchplatz,2019,7,22,4,3,0,1,2,0,0,0,1,0,0,1.0,Charlottenburg-Wilmersdorf,Accident with minor injuries,Others,Driving accident,Dark,Wet/moist/slippery,1727,343592.0
8372,8372,197675,4,Karl-August-Platz,2019,7,18,4,3,5,2,0,0,1,0,0,0,0,0.0,Charlottenburg-Wilmersdorf,Accident with minor injuries,Collision with a turning/crossing vehicle,Turning accident,Daylight,Dry,1727,343592.0
8373,8373,197676,8,Zittauer Straße,2019,7,18,4,3,5,3,0,0,1,0,0,0,0,0.0,Neukölln,Accident with minor injuries,Collision with a turning/crossing vehicle,Turning/Crossing accident,Daylight,Dry,934,329917.0
8374,8374,197677,1,Alexanderplatzviertel,2019,7,17,4,3,2,6,0,0,1,0,0,0,0,1.0,Mitte,Accident with minor injuries,Collision with the vehicle in front/waiting vehicle,Collision involving vehicles going in the same way,Daylight,Wet/moist/slippery,2215,385748.0
8375,8375,197678,4,Hindemithplatz,2019,7,17,4,3,0,6,0,0,1,0,1,0,0,1.0,Charlottenburg-Wilmersdorf,Accident with minor injuries,Others,Collision involving vehicles going in the same way,Daylight,Wet/moist/slippery,1727,343592.0
8376,8376,197679,4,Amtsgerichtsplatz,2019,7,17,4,2,0,1,0,1,0,0,0,0,0,1.0,Charlottenburg-Wilmersdorf,Accident with serious injuries,Others,Driving accident,Daylight,Wet/moist/slippery,1727,343592.0
8377,8377,197680,10,Biesdorf Süd,2019,7,17,4,3,6,4,0,0,1,1,0,0,0,1.0,Marzahn-Hellersdorf,Accident with minor injuries,Collision between vehicle and pedestrian,Pedestrian crossing accident,Daylight,Wet/moist/slippery,586,269967.0
8378,8378,197681,1,Alexanderplatzviertel,2019,7,17,4,2,5,2,0,1,1,0,0,0,0,1.0,Mitte,Accident with serious injuries,Collision with a turning/crossing vehicle,Turning accident,Daylight,Wet/moist/slippery,2215,385748.0
8379,8379,197682,1,Elberfelder Straße,2019,7,16,4,3,0,5,0,0,1,0,1,0,0,1.0,Mitte,Accident with minor injuries,Others,Accident involving parked vehicles,Daylight,Wet/moist/slippery,2215,385748.0
8380,8380,197683,7,Hundsteinweg,2019,7,16,4,3,2,6,0,0,1,0,0,0,0,1.0,Tempelhof-Schöneberg,Accident with minor injuries,Collision with the vehicle in front/waiting vehicle,Collision involving vehicles going in the same way,Daylight,Wet/moist/slippery,1241,350984.0
8381,8381,197684,1,Charitéviertel,2019,7,16,4,3,5,3,0,0,1,0,0,0,0,1.0,Mitte,Accident with minor injuries,Collision with a turning/crossing vehicle,Turning/Crossing accident,Daylight,Wet/moist/slippery,2215,385748.0
8382,8382,197685,12,Hermsdorf,2019,7,15,4,3,5,2,0,1,1,0,0,0,0,1.0,Reinickendorf,Accident with minor injuries,Collision with a turning/crossing vehicle,Turning accident,Daylight,Wet/moist/slippery,867,266408.0
8383,8383,197686,1,Stülerstraße,2019,7,15,4,3,2,6,0,0,1,0,0,0,0,1.0,Mitte,Accident with minor injuries,Collision with the vehicle in front/waiting vehicle,Collision involving vehicles going in the same way,Daylight,Wet/moist/slippery,2215,385748.0
8384,8384,197687,4,Plötzensee,2019,7,10,4,3,5,2,0,0,1,0,0,0,0,0.0,Charlottenburg-Wilmersdorf,Accident with minor injuries,Collision with a turning/crossing vehicle,Turning accident,Daylight,Dry,1727,343592.0
8385,8385,197688,1,Thomasiusstraße,2019,7,9,4,3,5,7,0,1,1,0,0,0,0,0.0,Mitte,Accident with minor injuries,Collision with a turning/crossing vehicle,Others,Daylight,Dry,2215,385748.0
8386,8386,197689,12,Klixstraße,2019,7,9,4,2,4,6,0,1,0,0,0,0,0,0.0,Reinickendorf,Accident with serious injuries,Collision with oncoming vehicle,Collision involving vehicles going in the same way,Daylight,Dry,867,266408.0
8387,8387,197690,2,Viktoriapark,2019,7,9,4,3,2,6,0,0,1,0,1,0,0,0.0,Friedrichshain-Kreuzberg,Accident with minor injuries,Collision with the vehicle in front/waiting vehicle,Collision involving vehicles going in the same way,Daylight,Dry,1381,290386.0
8388,8388,197691,2,Oranienplatz,2019,7,7,4,3,5,2,0,1,1,0,0,0,0,0.0,Friedrichshain-Kreuzberg,Accident with minor injuries,Collision with a turning/crossing vehicle,Turning accident,Daylight,Dry,1381,290386.0
8389,8389,197692,1,Oranienburger Straße,2019,7,15,4,2,5,7,0,0,1,0,0,0,0,0.0,Mitte,Accident with serious injuries,Collision with a turning/crossing vehicle,Others,Daylight,Dry,2215,385748.0
8390,8390,197693,1,Arkonaplatz,2019,7,7,4,3,5,3,0,1,0,0,0,0,1,0.0,Mitte,Accident with minor injuries,Collision with a turning/crossing vehicle,Turning/Crossing accident,Daylight,Dry,2215,385748.0
8391,8391,197694,5,Gartenfelder Straße,2019,7,7,4,3,5,2,0,0,0,0,1,0,1,0.0,Spandau,Accident with minor injuries,Collision with a turning/crossing vehicle,Turning accident,Daylight,Dry,798,245197.0
8392,8392,197695,12,Klixstraße,2019,7,4,4,3,5,3,1,1,1,0,0,0,0,0.0,Reinickendorf,Accident with minor injuries,Collision with a turning/crossing vehicle,Turning/Crossing accident,Twilight,Dry,867,266408.0
8393,8393,197696,11,Falkenberg Ost,2019,7,2,4,3,0,1,2,1,0,0,0,0,0,0.0,Lichtenberg,Accident with minor injuries,Others,Driving accident,Dark,Dry,679,294201.0
8394,8394,197697,5,Kurstraße,2019,7,14,4,3,6,4,0,0,1,1,0,0,0,0.0,Spandau,Accident with minor injuries,Collision between vehicle and pedestrian,Pedestrian crossing accident,Daylight,Dry,798,245197.0
8395,8395,197698,1,Rehberge,2019,7,14,4,3,5,3,0,0,1,0,0,0,0,0.0,Mitte,Accident with minor injuries,Collision with a turning/crossing vehicle,Turning/Crossing accident,Daylight,Dry,2215,385748.0
8396,8396,197699,6,Dahlem,2019,7,12,4,3,5,3,0,0,0,0,1,0,1,0.0,Steglitz-Zehlendorf,Accident with minor injuries,Collision with a turning/crossing vehicle,Turning/Crossing accident,Daylight,Dry,851,310071.0
8397,8397,197700,4,Hindemithplatz,2019,7,12,4,3,5,3,0,0,1,0,0,0,1,0.0,Charlottenburg-Wilmersdorf,Accident with minor injuries,Collision with a turning/crossing vehicle,Turning/Crossing accident,Daylight,Dry,1727,343592.0
8398,8398,197701,12,Alt-Tegel,2019,7,11,4,2,5,7,0,0,1,0,1,0,0,0.0,Reinickendorf,Accident with serious injuries,Collision with a turning/crossing vehicle,Others,Daylight,Dry,867,266408.0
8399,8399,197702,7,Kaiser-Wilhelm-Platz,2019,7,10,4,3,1,5,0,1,1,0,0,0,0,0.0,Tempelhof-Schöneberg,Accident with minor injuries,Collision with a moving/standing/parked vehicle,Accident involving parked vehicles,Daylight,Dry,1241,350984.0
8400,8400,197703,4,Forst Grunewald,2019,7,10,4,3,5,3,0,1,0,0,0,0,0,0.0,Charlottenburg-Wilmersdorf,Accident with minor injuries,Collision with a turning/crossing vehicle,Turning/Crossing accident,Daylight,Dry,1727,343592.0
8401,8401,197704,8,Silbersteinstraße,2019,7,10,4,3,6,4,0,0,1,1,0,0,0,0.0,Neukölln,Accident with minor injuries,Collision between vehicle and pedestrian,Pedestrian crossing accident,Daylight,Dry,934,329917.0
8402,8402,197705,12,Teichstraße,2019,7,9,3,3,0,6,0,1,1,0,0,0,0,0.0,Reinickendorf,Accident with minor injuries,Others,Collision involving vehicles going in the same way,Daylight,Dry,867,266408.0
8403,8403,197706,3,Pankow Süd,2019,7,7,3,3,6,7,0,0,1,1,0,0,0,0.0,Pankow,Accident with minor injuries,Collision between vehicle and pedestrian,Others,Daylight,Dry,1219,409335.0
8404,8404,197707,10,Mahlsdorf Süd,2019,7,9,3,3,5,3,0,0,1,0,0,0,0,0.0,Marzahn-Hellersdorf,Accident with minor injuries,Collision with a turning/crossing vehicle,Turning/Crossing accident,Daylight,Dry,586,269967.0
8405,8405,197708,3,Rennbahnstraße,2019,7,8,3,3,2,2,0,0,1,0,0,0,0,1.0,Pankow,Accident with minor injuries,Collision with the vehicle in front/waiting vehicle,Turning accident,Daylight,Wet/moist/slippery,1219,409335.0