,Unnamed: 0,object id,district,street,year,month,hour of day,weekday,category,accident type,accident type 2,light situation,bike involved,car involved,pedestrian involved,motor bike involved,big track involved,other vehicle involved,road condition,district name,category name,accident detail,accident type detail,light condition,road condition detail,accident count by district,est. population
8406,8406,197709,1,Invalidenstraße,2019,7,8,3,3,3,6,0,1,0,0,0,0,0,0.0,Mitte,Accident with minor injuries,Collision with a vehicle traveling laterally in the same direction,Collision involving vehicles going in the same way,Daylight,Dry,2215,385748.0
8407,8407,197710,1,Leipziger Straße,2019,7,0,3,2,5,2,2,0,1,0,1,0,0,0.0,Mitte,Accident with serious injuries,Collision with a turning/crossing vehicle,Turning accident,Dark,Dry,2215,385748.0
8408,8408,197711,9,Johannisthal West,2019,7,6,3,2,1,5,0,1,1,0,0,0,0,0.0,Treptow-Köpenick,Accident with serious injuries,Collision with a moving/standing/parked vehicle,Accident involving parked vehicles,Daylight,Dry,892,273689.0
8409,8409,197712,11,Karlshorst Nord,2019,7,17,3,3,5,3,0,0,1,0,0,0,0,0.0,Lichtenberg,Accident with minor injuries,Collision with a turning/crossing vehicle,Turning/Crossing accident,Daylight,Dry,679,294201.0
8410,8410,197713,4,Breite Straße,2019,7,16,3,2,1,5,0,1,1,0,0,0,0,0.0,Charlottenburg-Wilmersdorf,Accident with serious injuries,Collision with a moving/standing/parked vehicle,Accident involving parked vehicles,Daylight,Dry,1727,343592.0
8411,8411,197714,5,Borkumer Straße,2019,7,16,3,2,5,7,0,0,1,0,1,0,0,0.0,Spandau,Accident with serious injuries,Collision with a turning/crossing vehicle,Others,Daylight,Dry,798,245197.0
8412,8412,197715,1,Schillerpark,2019,7,15,3,3,5,2,0,1,1,0,0,0,0,0.0,Mitte,Accident with minor injuries,Collision with a turning/crossing vehicle,Turning accident,Daylight,Dry,2215,385748.0
8413,8413,197716,4,Savignyplatz,2019,7,15,3,3,5,7,0,0,1,0,1,0,0,0.0,Charlottenburg-Wilmersdorf,Accident with minor injuries,Collision with a turning/crossing vehicle,Others,Daylight,Dry,1727,343592.0
8414,8414,197717,1,Stülerstraße,2019,7,15,3,3,0,3,0,0,1,0,1,0,0,0.0,Mitte,Accident with minor injuries,Others,Turning/Crossing accident,Daylight,Dry,2215,385748.0
8415,8415,197718,2,Viktoriapark,2019,7,23,3,3,0,1,2,1,0,0,0,0,0,0.0,Friedrichshain-Kreuzberg,Accident with minor injuries,Others,Driving accident,Dark,Dry,1381,290386.0
8416,8416,197719,1,Gesundbrunnen,2019,7,15,3,3,6,4,0,0,0,1,1,0,0,0.0,Mitte,Accident with minor injuries,Collision between vehicle and pedestrian,Pedestrian crossing accident,Daylight,Dry,2215,385748.0
8417,8417,197720,3,Erich-Weinert-Straße,2019,7,20,3,3,1,5,1,1,1,0,0,0,0,0.0,Pankow,Accident with minor injuries,Collision with a moving/standing/parked vehicle,Accident involving parked vehicles,Twilight,Dry,1219,409335.0
8418,8418,197721,4,Branitzer Platz,2019,7,13,3,3,0,7,0,0,1,0,1,0,0,0.0,Charlottenburg-Wilmersdorf,Accident with minor injuries,Others,Others,Daylight,Dry,1727,343592.0
8419,8419,197722,1,Stülerstraße,2019,7,20,3,2,0,1,0,1,0,0,0,0,0,0.0,Mitte,Accident with serious injuries,Others,Driving accident,Daylight,Dry,2215,385748.0
8420,8420,197723,8,Schillerpromenade,2019,7,14,3,3,5,3,0,0,1,0,1,0,0,0.0,Neukölln,Accident with minor injuries,Collision with a turning/crossing vehicle,Turning/Crossing accident,Daylight,Dry,934,329917.0
8421,8421,197724,1,Stülerstraße,2019,7,20,3,3,5,3,0,0,1,0,0,0,0,0.0,Mitte,Accident with minor injuries,Collision with a turning/crossing vehicle,Turning/Crossing accident,Daylight,Dry,2215,385748.0
8422,8422,197725,5,Staakener Straße,2019,7,20,3,3,5,3,0,1,1,0,0,0,0,0.0,Spandau,Accident with minor injuries,Collision with a turning/crossing vehicle,Turning/Crossing accident,Daylight,Dry,798,245197.0
8423,8423,197726,7,Wittenbergplatz/Viktoria-Luise-Platz,2019,7,19,3,3,5,7,0,0,1,0,1,0,0,0.0,Tempelhof-Schöneberg,Accident with minor injuries,Collision with a turning/crossing vehicle,Others,Daylight,Dry,1241,350984.0
8424,8424,197727,9,Köpenicker Landstraße,2019,7,13,3,3,3,1,0,1,0,0,0,0,1,0.0,Treptow-Köpenick,Accident with minor injuries,Collision with a vehicle traveling laterally in the same direction,Driving accident,Daylight,Dry,892,273689.0
8425,8425,197728,5,Jägerallee,2019,7,12,3,3,2,2,0,1,1,0,0,0,0,0.0,Spandau,Accident with minor injuries,Collision with the vehicle in front/waiting vehicle,Turning accident,Daylight,Dry,798,245197.0
8426,8426,197729,8,Rixdorf,2019,7,18,3,3,2,6,0,0,1,0,0,0,0,0.0,Neukölln,Accident with minor injuries,Collision with the vehicle in front/waiting vehicle,Collision involving vehicles going in the same way,Daylight,Dry,934,329917.0
8427,8427,197730,6,Krumme Lanke,2019,7,18,3,3,5,2,0,1,1,0,0,0,0,0.0,Steglitz-Zehlendorf,Accident with minor injuries,Collision with a turning/crossing vehicle,Turning accident,Daylight,Dry,851,310071.0
8428,8428,197731,4,Amtsgerichtsplatz,2019,7,18,3,3,3,6,0,0,1,0,0,0,0,0.0,Charlottenburg-Wilmersdorf,Accident with minor injuries,Collision with a vehicle traveling laterally in the same direction,Collision involving vehicles going in the same way,Daylight,Dry,1727,343592.0
8429,8429,197732,9,Johannisthal Ost,2019,7,17,3,3,2,7,0,0,1,0,1,0,0,0.0,Treptow-Köpenick,Accident with minor injuries,Collision with the vehicle in front/waiting vehicle,Others,Daylight,Dry,892,273689.0
8430,8430,197733,8,Buckow Ost,2019,7,17,3,3,5,3,0,1,0,0,0,0,1,0.0,Neukölln,Accident with minor injuries,Collision with a turning/crossing vehicle,Turning/Crossing accident,Daylight,Dry,934,329917.0
8431,8431,197734,9,Bölschestraße,2019,7,10,3,2,1,5,0,0,1,0,1,0,0,0.0,Treptow-Köpenick,Accident with serious injuries,Collision with a moving/standing/parked vehicle,Accident involving parked vehicles,Daylight,Dry,892,273689.0
8432,8432,197735,1,Soldiner Straße,2019,7,9,3,3,1,5,0,1,0,0,0,1,0,0.0,Mitte,Accident with minor injuries,Collision with a moving/standing/parked vehicle,Accident involving parked vehicles,Daylight,Dry,2215,385748.0
8433,8433,197736,8,Alt-Rudow,2019,7,12,3,3,5,2,0,0,1,0,0,0,1,0.0,Neukölln,Accident with minor injuries,Collision with a turning/crossing vehicle,Turning accident,Daylight,Dry,934,329917.0
8434,8434,197737,7,Nollendorfplatz,2019,7,14,3,1,6,2,0,0,0,1,0,1,0,0.0,Tempelhof-Schöneberg,Accident with fatalities,Collision between vehicle and pedestrian,Turning accident,Daylight,Dry,1241,350984.0
8435,8435,197738,2,Friedenstraße,2019,7,13,2,3,5,2,0,1,0,0,0,0,1,0.0,Friedrichshain-Kreuzberg,Accident with minor injuries,Collision with a turning/crossing vehicle,Turning accident,Daylight,Dry,1381,290386.0
8436,8436,197739,7,Kettinger Straße/Schillerstraße,2019,7,15,2,3,0,7,0,1,0,0,0,0,0,0.0,Tempelhof-Schöneberg,Accident with minor injuries,Others,Others,Daylight,Dry,1241,350984.0
8437,8437,197740,10,Mahlsdorf Süd,2019,7,12,2,3,0,1,0,1,0,0,0,0,0,0.0,Marzahn-Hellersdorf,Accident with minor injuries,Others,Driving accident,Daylight,Dry,586,269967.0
8438,8438,197741,1,Gesundbrunnen,2019,7,22,2,3,2,6,2,0,1,0,1,0,0,1.0,Mitte,Accident with minor injuries,Collision with the vehicle in front/waiting vehicle,Collision involving vehicles going in the same way,Dark,Wet/moist/slippery,2215,385748.0
8439,8439,197742,3,Pankow Zentrum,2019,7,21,2,3,0,2,2,0,1,0,1,0,0,1.0,Pankow,Accident with minor injuries,Others,Turning accident,Dark,Wet/moist/slippery,1219,409335.0
8440,8440,197743,2,Boxhagener Platz,2019,7,20,2,3,1,1,0,0,1,0,1,0,0,1.0,Friedrichshain-Kreuzberg,Accident with minor injuries,Collision with a moving/standing/parked vehicle,Driving accident,Daylight,Wet/moist/slippery,1381,290386.0
8441,8441,197744,1,Humboldthain Süd,2019,7,18,2,3,5,2,0,1,0,0,0,0,1,1.0,Mitte,Accident with minor injuries,Collision with a turning/crossing vehicle,Turning accident,Daylight,Wet/moist/slippery,2215,385748.0
8442,8442,197745,4,George-Grosz-Platz,2019,7,18,2,3,0,6,0,0,1,0,1,0,0,1.0,Charlottenburg-Wilmersdorf,Accident with minor injuries,Others,Collision involving vehicles going in the same way,Daylight,Wet/moist/slippery,1727,343592.0
8443,8443,197746,6,Lichterfelde West,2019,7,18,2,3,0,5,0,1,1,0,0,0,0,1.0,Steglitz-Zehlendorf,Accident with minor injuries,Others,Accident involving parked vehicles,Daylight,Wet/moist/slippery,851,310071.0
8444,8444,197747,1,Humboldthain Nordwest,2019,7,18,2,3,2,6,0,0,1,0,0,0,0,1.0,Mitte,Accident with minor injuries,Collision with the vehicle in front/waiting vehicle,Collision involving vehicles going in the same way,Daylight,Wet/moist/slippery,2215,385748.0
8445,8445,197748,1,Oranienburger Straße,2019,7,16,2,3,2,6,0,0,1,0,0,0,0,0.0,Mitte,Accident with minor injuries,Collision with the vehicle in front/waiting vehicle,Collision involving vehicles going in the same way,Daylight,Dry,2215,385748.0
8446,8446,197749,5,Eiswerder,2019,7,16,2,3,5,7,0,1,1,0,0,0,0,0.0,Spandau,Accident with minor injuries,Collision with a turning/crossing vehicle,Others,Daylight,Dry,798,245197.0
8447,8447,197750,6,Bismarckstraße,2019,7,19,2,3,2,6,0,0,1,0,0,0,0,1.0,Steglitz-Zehlendorf,Accident with minor injuries,Collision with the vehicle in front/waiting vehicle,Collision involving vehicles going in the same way,Daylight,Wet/moist/slippery,851,310071.0
8448,8448,197751,1,Unter den Linden Süd,2019,7,17,2,3,1,5,0,1,1,0,0,0,0,1.0,Mitte,Accident with minor injuries,Collision with a moving/standing/parked vehicle,Accident involving parked vehicles,Daylight,Wet/moist/slippery,2215,385748.0
8449,8449,197752,4,Babelsberger Straße,2019,7,16,2,3,5,2,0,0,1,0,1,0,0,0.0,Charlottenburg-Wilmersdorf,Accident with minor injuries,Collision with a turning/crossing vehicle,Turning accident,Daylight,Dry,1727,343592.0
8450,8450,197753,1,Gesundbrunnen,2019,7,16,2,3,5,2,0,1,1,0,0,0,0,0.0,Mitte,Accident with minor injuries,Collision with a turning/crossing vehicle,Turning accident,Daylight,Dry,2215,385748.0
8451,8451,197754,3,Heinersdorf,2019,7,19,2,3,0,7,0,0,1,0,0,0,0,1.0,Pankow,Accident with minor injuries,Others,Others,Daylight,Wet/moist/slippery,1219,409335.0
8452,8452,197755,4,Babelsberger Straße,2019,7,15,2,2,5,3,0,1,1,0,0,0,0,0.0,Charlottenburg-Wilmersdorf,Accident with serious injuries,Collision with a turning/crossing vehicle,Turning/Crossing accident,Daylight,Dry,1727,343592.0
8453,8453,197756,11,Weiße Taube,2019,7,15,2,3,5,2,0,1,0,0,0,0,1,0.0,Lichtenberg,Accident with minor injuries,Collision with a turning/crossing vehicle,Turning accident,Daylight,Dry,679,294201.0
8454,8454,197757,1,Charitéviertel,2019,7,15,2,3,2,7,0,1,1,0,0,0,0,0.0,Mitte,Accident with minor injuries,Collision with the vehicle in front/waiting vehicle,Others,Daylight,Dry,2215,385748.0
8455,8455,197758,4,Schlangenbader Straße,2019,7,14,2,2,2,6,0,0,1,0,1,0,0,0.0,Charlottenburg-Wilmersdorf,Accident with serious injuries,Collision with the vehicle in front/waiting vehicle,Collision involving vehicles going in the same way,Daylight,Dry,1727,343592.0
8456,8456,197759,9,Oberschöneweide Ost,2019,7,15,2,3,2,2,0,0,1,0,0,0,0,0.0,Treptow-Köpenick,Accident with minor injuries,Collision with the vehicle in front/waiting vehicle,Turning accident,Daylight,Dry,892,273689.0
8457,8457,197760,5,Gütersloher Weg,2019,7,14,2,3,0,1,0,0,0,0,1,0,0,0.0,Spandau,Accident with minor injuries,Others,Driving accident,Daylight,Dry,798,245197.0
8458,8458,197761,4,Preußenpark,2019,7,14,2,3,5,2,0,0,0,0,0,1,1,0.0,Charlottenburg-Wilmersdorf,Accident with minor injuries,Collision with a turning/crossing vehicle,Turning accident,Daylight,Dry,1727,343592.0
8459,8459,197762,2,Boxhagener Platz,2019,7,14,2,3,5,3,0,0,1,0,0,0,0,0.0,Friedrichshain-Kreuzberg,Accident with minor injuries,Collision with a turning/crossing vehicle,Turning/Crossing accident,Daylight,Dry,1381,290386.0
8460,8460,197763,9,Adlershof West,2019,7,13,2,3,3,2,0,0,1,0,1,0,0,0.0,Treptow-Köpenick,Accident with minor injuries,Collision with a vehicle traveling laterally in the same direction,Turning accident,Daylight,Dry,892,273689.0
8461,8461,197764,7,Schöneberger Insel,2019,7,12,2,2,6,7,0,0,0,1,0,0,1,0.0,Tempelhof-Schöneberg,Accident with serious injuries,Collision between vehicle and pedestrian,Others,Daylight,Dry,1241,350984.0
8462,8462,197765,4,Park Ruhwald,2019,7,12,2,3,2,6,0,0,1,0,0,0,0,0.0,Charlottenburg-Wilmersdorf,Accident with minor injuries,Collision with the vehicle in front/waiting vehicle,Collision involving vehicles going in the same way,Daylight,Dry,1727,343592.0
8463,8463,197766,3,Arnimplatz,2019,7,12,2,3,5,2,0,1,1,0,0,0,0,0.0,Pankow,Accident with minor injuries,Collision with a turning/crossing vehicle,Turning accident,Daylight,Dry,1219,409335.0
8464,8464,197767,2,Viktoriapark,2019,7,11,2,3,5,3,0,1,1,0,0,0,0,0.0,Friedrichshain-Kreuzberg,Accident with minor injuries,Collision with a turning/crossing vehicle,Turning/Crossing accident,Daylight,Dry,1381,290386.0
8465,8465,197768,10,Kaulsdorf Nord I,2019,7,11,2,2,5,2,0,0,1,0,0,0,0,0.0,Marzahn-Hellersdorf,Accident with serious injuries,Collision with a turning/crossing vehicle,Turning accident,Daylight,Dry,586,269967.0
8466,8466,197769,9,Dorf Altglienicke,2019,7,9,2,3,6,4,0,0,1,1,0,0,0,0.0,Treptow-Köpenick,Accident with minor injuries,Collision between vehicle and pedestrian,Pedestrian crossing accident,Daylight,Dry,892,273689.0
8467,8467,197770,2,Friedenstraße,2019,7,9,2,3,5,2,0,1,1,0,0,0,0,0.0,Friedrichshain-Kreuzberg,Accident with minor injuries,Collision with a turning/crossing vehicle,Turning accident,Daylight,Dry,1381,290386.0
8468,8468,197771,4,Brabanter Platz,2019,7,9,2,3,2,6,0,0,1,0,0,0,0,0.0,Charlottenburg-Wilmersdorf,Accident with minor injuries,Collision with the vehicle in front/waiting vehicle,Collision involving vehicles going in the same way,Daylight,Dry,1727,343592.0
8469,8469,197772,5,Tiefwerder,2019,7,11,2,2,8,1,0,0,1,0,0,0,0,0.0,Spandau,Accident with serious injuries,Departure from the roadway to the right,Driving accident,Daylight,Dry,798,245197.0
8470,8470,197773,2,Lausitzer Platz,2019,7,18,2,3,0,1,0,1,0,0,0,0,0,1.0,Friedrichshain-Kreuzberg,Accident with minor injuries,Others,Driving accident,Daylight,Wet/moist/slippery,1381,290386.0
8471,8471,197774,2,Mehringplatz,2019,7,19,2,3,0,1,0,1,0,0,0,0,0,1.0,Friedrichshain-Kreuzberg,Accident with minor injuries,Others,Driving accident,Daylight,Wet/moist/slippery,1381,290386.0
8472,8472,197775,4,Plötzensee,2019,7,8,2,3,3,6,0,0,1,0,0,0,1,0.0,Charlottenburg-Wilmersdorf,Accident with minor injuries,Collision with a vehicle traveling laterally in the same direction,Collision involving vehicles going in the same way,Daylight,Dry,1727,343592.0
8473,8473,197776,8,Silbersteinstraße,2019,7,7,2,3,2,2,0,1,1,0,0,0,0,0.0,Neukölln,Accident with minor injuries,Collision with the vehicle in front/waiting vehicle,Turning accident,Daylight,Dry,934,329917.0
8474,8474,197777,2,Boxhagener Platz,2019,7,6,2,3,2,6,0,0,1,0,1,0,0,0.0,Friedrichshain-Kreuzberg,Accident with minor injuries,Collision with the vehicle in front/waiting vehicle,Collision involving vehicles going in the same way,Daylight,Dry,1381,290386.0
8475,8475,197778,6,Lichterfelde Süd,2019,7,20,1,3,0,1,0,1,0,0,0,0,0,0.0,Steglitz-Zehlendorf,Accident with minor injuries,Others,Driving accident,Daylight,Dry,851,310071.0
8476,8476,197779,7,Wittenbergplatz/Viktoria-Luise-Platz,2019,7,14,1,3,2,6,0,0,1,0,1,0,0,0.0,Tempelhof-Schöneberg,Accident with minor injuries,Collision with the vehicle in front/waiting vehicle,Collision involving vehicles going in the same way,Daylight,Dry,1241,350984.0
8477,8477,197780,5,Gartenfelder Straße,2019,7,13,1,3,2,6,0,0,1,0,0,0,0,0.0,Spandau,Accident with minor injuries,Collision with the vehicle in front/waiting vehicle,Collision involving vehicles going in the same way,Daylight,Dry,798,245197.0
8478,8478,197781,1,Unter den Linden Nord,2019,7,17,1,3,0,7,0,0,0,0,0,0,1,0.0,Mitte,Accident with minor injuries,Others,Others,Daylight,Dry,2215,385748.0
8479,8479,197782,1,Alexanderplatzviertel,2019,7,22,1,3,0,4,2,0,0,1,1,0,0,0.0,Mitte,Accident with minor injuries,Others,Pedestrian crossing accident,Dark,Dry,2215,385748.0
8480,8480,197783,8,Gewerbegebiet Köllnische Heide,2019,7,18,1,3,0,1,0,1,0,0,0,0,0,0.0,Neukölln,Accident with minor injuries,Others,Driving accident,Daylight,Dry,934,329917.0
8481,8481,197784,8,Vogelviertel Süd,2019,7,16,1,3,5,7,0,0,1,0,0,0,0,0.0,Neukölln,Accident with minor injuries,Collision with a turning/crossing vehicle,Others,Daylight,Dry,934,329917.0
8482,8482,197785,1,Großer Tiergarten,2019,7,16,1,3,1,5,0,0,1,0,0,0,1,0.0,Mitte,Accident with minor injuries,Collision with a moving/standing/parked vehicle,Accident involving parked vehicles,Daylight,Dry,2215,385748.0
8483,8483,197786,7,Grazer Platz,2019,7,15,1,2,2,6,0,0,1,0,1,0,0,0.0,Tempelhof-Schöneberg,Accident with serious injuries,Collision with the vehicle in front/waiting vehicle,Collision involving vehicles going in the same way,Daylight,Dry,1241,350984.0
8484,8484,197787,1,Karl-Marx-Allee,2019,7,15,1,3,0,1,0,0,0,0,0,0,1,0.0,Mitte,Accident with minor injuries,Others,Driving accident,Daylight,Dry,2215,385748.0
8485,8485,197788,2,Stralauer Halbinsel,2019,7,9,1,3,5,2,0,1,0,0,0,0,1,0.0,Friedrichshain-Kreuzberg,Accident with minor injuries,Collision with a turning/crossing vehicle,Turning accident,Daylight,Dry,1381,290386.0
8486,8486,197789,2,Moritzplatz,2019,7,10,7,3,0,1,0,1,0,0,0,0,0,0.0,Friedrichshain-Kreuzberg,Accident with minor injuries,Others,Driving accident,Daylight,Dry,1381,290386.0
8487,8487,197790,2,Friedenstraße,2019,7,17,7,3,0,3,0,1,1,0,0,0,0,0.0,Friedrichshain-Kreuzberg,Accident with minor injuries,Others,Turning/Crossing accident,Daylight,Dry,1381,290386.0
8488,8488,197791,8,Rixdorf,2019,7,23,7,3,0,7,2,1,0,0,0,0,1,0.0,Neukölln,Accident with minor injuries,Others,Others,Dark,Dry,934,329917.0
8489,8489,197792,6,Zehlendorf Mitte,2019,7,18,7,3,5,3,0,1,1,0,0,0,0,0.0,Steglitz-Zehlendorf,Accident with minor injuries,Collision with a turning/crossing vehicle,Turning/Crossing accident,Daylight,Dry,851,310071.0
8490,8490,197793,8,Reuterkiez,2019,7,18,7,3,0,6,0,0,1,0,1,0,0,0.0,Neukölln,Accident with minor injuries,Others,Collision involving vehicles going in the same way,Daylight,Dry,934,329917.0
8491,8491,197794,1,Westhafen,2019,7,17,7,3,2,6,0,0,1,0,0,0,0,0.0,Mitte,Accident with minor injuries,Collision with the vehicle in front/waiting vehicle,Collision involving vehicles going in the same way,Daylight,Dry,2215,385748.0
8492,8492,197795,4,Schaperstraße,2019,7,16,7,3,2,6,0,0,1,0,0,0,0,0.0,Charlottenburg-Wilmersdorf,Accident with minor injuries,Collision with the vehicle in front/waiting vehicle,Collision involving vehicles going in the same way,Daylight,Dry,1727,343592.0
8493,8493,197796,4,Amtsgerichtsplatz,2019,7,16,7,3,5,2,0,0,1,0,0,0,0,0.0,Charlottenburg-Wilmersdorf,Accident with minor injuries,Collision with a turning/crossing vehicle,Turning accident,Daylight,Dry,1727,343592.0
8494,8494,197797,1,Soldiner Straße,2019,7,16,7,3,5,2,0,1,1,0,0,0,0,0.0,Mitte,Accident with minor injuries,Collision with a turning/crossing vehicle,Turning accident,Daylight,Dry,2215,385748.0
8495,8495,197798,6,Fischtal,2019,7,15,7,2,6,4,0,0,1,1,0,0,0,0.0,Steglitz-Zehlendorf,Accident with serious injuries,Collision between vehicle and pedestrian,Pedestrian crossing accident,Daylight,Dry,851,310071.0
8496,8496,197799,8,Reuterkiez,2019,7,23,7,3,0,6,2,0,0,0,1,0,0,0.0,Neukölln,Accident with minor injuries,Others,Collision involving vehicles going in the same way,Dark,Dry,934,329917.0
8497,8497,197800,1,Hansaviertel,2019,8,7,4,3,6,4,0,0,1,1,0,0,0,0.0,Mitte,Accident with minor injuries,Collision between vehicle and pedestrian,Pedestrian crossing accident,Daylight,Dry,2215,385748.0
8498,8498,197801,5,Weinmeisterhornweg,2019,8,6,4,3,5,2,0,0,1,0,0,0,0,0.0,Spandau,Accident with minor injuries,Collision with a turning/crossing vehicle,Turning accident,Daylight,Dry,798,245197.0
8499,8499,197802,9,Bölschestraße,2019,8,7,4,2,6,7,0,0,0,1,0,0,1,0.0,Treptow-Köpenick,Accident with serious injuries,Collision between vehicle and pedestrian,Others,Daylight,Dry,892,273689.0
8500,8500,197803,5,Hakenfelde Nord,2019,8,7,4,3,0,1,0,1,0,0,0,0,0,0.0,Spandau,Accident with minor injuries,Others,Driving accident,Daylight,Dry,798,245197.0
8501,8501,197804,3,Arnimplatz,2019,8,18,3,3,0,5,0,1,1,0,0,0,0,0.0,Pankow,Accident with minor injuries,Others,Accident involving parked vehicles,Daylight,Dry,1219,409335.0
8502,8502,197805,1,Lüneburger Straße,2019,8,17,3,2,6,7,0,0,0,1,0,0,1,0.0,Mitte,Accident with serious injuries,Collision between vehicle and pedestrian,Others,Daylight,Dry,2215,385748.0
8503,8503,197806,1,Unter den Linden Nord,2019,8,13,3,3,6,4,0,1,0,1,0,0,0,0.0,Mitte,Accident with minor injuries,Collision between vehicle and pedestrian,Pedestrian crossing accident,Daylight,Dry,2215,385748.0
8504,8504,197807,3,Teutoburger Platz,2019,8,18,3,3,1,5,0,1,1,0,0,0,1,0.0,Pankow,Accident with minor injuries,Collision with a moving/standing/parked vehicle,Accident involving parked vehicles,Daylight,Dry,1219,409335.0
8505,8505,197808,9,Oberschöneweide Ost,2019,8,16,3,2,6,4,0,0,0,1,1,0,0,0.0,Treptow-Köpenick,Accident with serious injuries,Collision between vehicle and pedestrian,Pedestrian crossing accident,Daylight,Dry,892,273689.0
8506,8506,197809,3,Greifswalder Straße,2019,8,16,3,3,5,2,0,1,1,0,0,0,0,0.0,Pankow,Accident with minor injuries,Collision with a turning/crossing vehicle,Turning accident,Daylight,Dry,1219,409335.0
8507,8507,197810,1,Huttenkiez,2019,8,15,3,3,2,6,0,0,1,0,0,0,0,0.0,Mitte,Accident with minor injuries,Collision with the vehicle in front/waiting vehicle,Collision involving vehicles going in the same way,Daylight,Dry,2215,385748.0
8508,8508,197811,8,Treptower Straße Nord,2019,8,18,3,3,1,5,1,1,1,0,0,0,0,0.0,Neukölln,Accident with minor injuries,Collision with a moving/standing/parked vehicle,Accident involving parked vehicles,Twilight,Dry,934,329917.0
8509,8509,197812,7,Manteuffelstraße,2019,8,18,3,3,6,2,0,0,1,1,0,0,0,0.0,Tempelhof-Schöneberg,Accident with minor injuries,Collision between vehicle and pedestrian,Turning accident,Daylight,Dry,1241,350984.0
8510,8510,197813,7,Nollendorfplatz,2019,8,18,3,3,6,4,0,0,1,1,0,0,0,0.0,Tempelhof-Schöneberg,Accident with minor injuries,Collision between vehicle and pedestrian,Pedestrian crossing accident,Daylight,Dry,1241,350984.0
8511,8511,197814,10,Mahlsdorf Süd,2019,8,18,3,3,1,5,0,1,1,0,0,0,0,0.0,Marzahn-Hellersdorf,Accident with minor injuries,Collision with a moving/standing/parked vehicle,Accident involving parked vehicles,Daylight,Dry,586,269967.0
8512,8512,197815,3,Thälmannpark,2019,8,17,3,3,3,6,0,1,0,0,0,0,0,0.0,Pankow,Accident with minor injuries,Collision with a vehicle traveling laterally in the same direction,Collision involving vehicles going in the same way,Daylight,Dry,1219,409335.0
8513,8513,197816,8,Glasower Straße,2019,8,17,3,3,5,2,0,1,1,0,0,0,0,0.0,Neukölln,Accident with minor injuries,Collision with a turning/crossing vehicle,Turning accident,Daylight,Dry,934,329917.0
8514,8514,197817,2,Traveplatz,2019,8,17,3,3,5,2,0,1,1,0,0,0,0,0.0,Friedrichshain-Kreuzberg,Accident with minor injuries,Collision with a turning/crossing vehicle,Turning accident,Daylight,Dry,1381,290386.0
8515,8515,197818,7,Friedenau,2019,8,17,3,3,2,2,0,1,1,0,0,0,0,0.0,Tempelhof-Schöneberg,Accident with minor injuries,Collision with the vehicle in front/waiting vehicle,Turning accident,Daylight,Dry,1241,350984.0
8516,8516,197819,7,Manteuffelstraße,2019,8,17,3,2,0,1,0,0,0,0,0,0,1,0.0,Tempelhof-Schöneberg,Accident with serious injuries,Others,Driving accident,Daylight,Dry,1241,350984.0
8517,8517,197820,1,Alexanderplatzviertel,2019,8,8,3,3,0,6,0,1,0,0,0,0,0,0.0,Mitte,Accident with minor injuries,Others,Collision involving vehicles going in the same way,Daylight,Dry,2215,385748.0
8518,8518,197821,2,Stralauer Kiez,2019,8,12,3,3,0,7,0,0,0,0,1,0,0,0.0,Friedrichshain-Kreuzberg,Accident with minor injuries,Others,Others,Daylight,Dry,1381,290386.0
8519,8519,197822,1,Leipziger Straße,2019,8,16,3,3,5,3,0,1,1,0,1,0,0,0.0,Mitte,Accident with minor injuries,Collision with a turning/crossing vehicle,Turning/Crossing accident,Daylight,Dry,2215,385748.0
8520,8520,197823,7,Manteuffelstraße,2019,8,15,3,3,5,2,0,0,1,0,1,0,0,0.0,Tempelhof-Schöneberg,Accident with minor injuries,Collision with a turning/crossing vehicle,Turning accident,Daylight,Dry,1241,350984.0
8521,8521,197824,9,Köpenicker Landstraße,2019,8,15,3,3,2,1,0,0,1,0,0,0,0,0.0,Treptow-Köpenick,Accident with minor injuries,Collision with the vehicle in front/waiting vehicle,Driving accident,Daylight,Dry,892,273689.0
8522,8522,197825,4,Amtsgerichtsplatz,2019,8,14,3,3,5,3,0,0,1,0,1,0,0,0.0,Charlottenburg-Wilmersdorf,Accident with minor injuries,Collision with a turning/crossing vehicle,Turning/Crossing accident,Daylight,Dry,1727,343592.0
8523,8523,197826,12,Waldidyll/Flughafensee,2019,8,14,3,3,2,6,0,0,1,0,0,0,0,0.0,Reinickendorf,Accident with minor injuries,Collision with the vehicle in front/waiting vehicle,Collision involving vehicles going in the same way,Daylight,Dry,867,266408.0
8524,8524,197827,5,Graetschelsteig,2019,8,13,3,3,2,6,0,0,1,0,0,0,0,0.0,Spandau,Accident with minor injuries,Collision with the vehicle in front/waiting vehicle,Collision involving vehicles going in the same way,Daylight,Dry,798,245197.0
8525,8525,197828,4,Prager Platz,2019,8,13,3,3,5,2,0,1,0,0,0,1,0,0.0,Charlottenburg-Wilmersdorf,Accident with minor injuries,Collision with a turning/crossing vehicle,Turning accident,Daylight,Dry,1727,343592.0
8526,8526,197829,3,Komponistenviertel Weißensee,2019,8,16,3,3,3,6,0,1,1,0,0,0,0,0.0,Pankow,Accident with minor injuries,Collision with a vehicle traveling laterally in the same direction,Collision involving vehicles going in the same way,Daylight,Dry,1219,409335.0
8527,8527,197830,4,Babelsberger Straße,2019,8,15,3,2,5,2,0,0,1,0,0,0,0,0.0,Charlottenburg-Wilmersdorf,Accident with serious injuries,Collision with a turning/crossing vehicle,Turning accident,Daylight,Dry,1727,343592.0