,Unnamed: 0,object id,district,street,year,month,hour of day,weekday,category,accident type,accident type 2,light situation,bike involved,car involved,pedestrian involved,motor bike involved,big track involved,other vehicle involved,road condition,district name,category name,accident detail,accident type detail,light condition,road condition detail,accident count by district,est. population
8528,8528,197831,9,Köpenick Nord,2019,8,12,3,3,5,7,0,0,1,0,0,0,1,0.0,Treptow-Köpenick,Accident with minor injuries,Collision with a turning/crossing vehicle,Others,Daylight,Dry,892,273689.0
8529,8529,197832,8,Buckow Mitte,2019,8,15,3,3,1,5,0,0,1,0,0,0,0,0.0,Neukölln,Accident with minor injuries,Collision with a moving/standing/parked vehicle,Accident involving parked vehicles,Daylight,Dry,934,329917.0
8530,8530,197833,9,Bölschestraße,2019,8,12,3,3,1,5,0,1,0,0,0,0,1,0.0,Treptow-Köpenick,Accident with minor injuries,Collision with a moving/standing/parked vehicle,Accident involving parked vehicles,Daylight,Dry,892,273689.0
8531,8531,197834,1,Karl-Marx-Allee,2019,8,11,3,3,3,7,0,1,1,0,0,0,0,0.0,Mitte,Accident with minor injuries,Collision with a vehicle traveling laterally in the same direction,Others,Daylight,Dry,2215,385748.0
8532,8532,197835,1,Lützowstraße,2019,8,8,3,3,2,6,0,1,1,0,0,0,0,0.0,Mitte,Accident with minor injuries,Collision with the vehicle in front/waiting vehicle,Collision involving vehicles going in the same way,Daylight,Dry,2215,385748.0
8533,8533,197836,5,Adamstraße,2019,8,8,3,3,5,7,0,0,1,0,1,0,0,0.0,Spandau,Accident with minor injuries,Collision with a turning/crossing vehicle,Others,Daylight,Dry,798,245197.0
8534,8534,197837,10,Alt-Marzahn,2019,8,11,3,3,2,6,0,0,1,0,0,1,0,0.0,Marzahn-Hellersdorf,Accident with minor injuries,Collision with the vehicle in front/waiting vehicle,Collision involving vehicles going in the same way,Daylight,Dry,586,269967.0
8535,8535,197838,3,Arnimplatz,2019,8,6,3,2,0,7,0,1,0,0,0,0,0,0.0,Pankow,Accident with serious injuries,Others,Others,Daylight,Dry,1219,409335.0
8536,8536,197839,5,Weinmeisterhornweg,2019,8,10,3,3,0,2,0,1,1,0,0,0,0,0.0,Spandau,Accident with minor injuries,Others,Turning accident,Daylight,Dry,798,245197.0
8537,8537,197840,1,Rehberge,2019,8,6,3,3,5,2,0,1,1,0,0,0,0,0.0,Mitte,Accident with minor injuries,Collision with a turning/crossing vehicle,Turning accident,Daylight,Dry,2215,385748.0
8538,8538,197841,8,Rixdorf,2019,8,1,3,3,6,7,2,0,0,1,0,0,1,0.0,Neukölln,Accident with minor injuries,Collision between vehicle and pedestrian,Others,Dark,Dry,934,329917.0
8539,8539,197842,9,Späthsfelde,2019,8,9,3,3,5,3,0,1,1,0,0,0,0,0.0,Treptow-Köpenick,Accident with minor injuries,Collision with a turning/crossing vehicle,Turning/Crossing accident,Daylight,Dry,892,273689.0
8540,8540,197843,10,Gut Hellersdorf,2019,8,9,3,3,0,7,0,0,1,0,1,0,0,1.0,Marzahn-Hellersdorf,Accident with minor injuries,Others,Others,Daylight,Wet/moist/slippery,586,269967.0
8541,8541,197844,8,Rixdorf,2019,8,9,3,3,5,2,0,1,1,0,0,0,0,0.0,Neukölln,Accident with minor injuries,Collision with a turning/crossing vehicle,Turning accident,Daylight,Dry,934,329917.0
8542,8542,197845,2,Friedenstraße,2019,8,8,3,3,5,3,0,0,1,0,1,0,0,0.0,Friedrichshain-Kreuzberg,Accident with minor injuries,Collision with a turning/crossing vehicle,Turning/Crossing accident,Daylight,Dry,1381,290386.0
8543,8543,197846,5,Maulbeerallee,2019,8,20,2,3,2,2,0,1,0,0,0,0,0,0.0,Spandau,Accident with minor injuries,Collision with the vehicle in front/waiting vehicle,Turning accident,Daylight,Dry,798,245197.0
8544,8544,197847,7,Friedenau,2019,8,12,2,3,2,7,0,1,1,0,0,0,0,0.0,Tempelhof-Schöneberg,Accident with minor injuries,Collision with the vehicle in front/waiting vehicle,Others,Daylight,Dry,1241,350984.0
8545,8545,197848,4,Park Ruhwald,2019,8,15,2,3,2,6,2,0,1,0,0,0,0,0.0,Charlottenburg-Wilmersdorf,Accident with minor injuries,Collision with the vehicle in front/waiting vehicle,Collision involving vehicles going in the same way,Dark,Dry,1727,343592.0
8546,8546,197849,8,Gropiusstadt Nord,2019,8,20,2,3,5,2,0,1,0,0,0,1,0,0.0,Neukölln,Accident with minor injuries,Collision with a turning/crossing vehicle,Turning accident,Daylight,Dry,934,329917.0
8547,8547,197850,11,Fennpfuhl West,2019,8,19,2,3,6,4,0,1,0,1,0,0,0,0.0,Lichtenberg,Accident with minor injuries,Collision between vehicle and pedestrian,Pedestrian crossing accident,Daylight,Dry,679,294201.0
8548,8548,197851,10,Böhlener Straße,2019,8,18,2,3,5,2,0,1,1,0,0,0,0,0.0,Marzahn-Hellersdorf,Accident with minor injuries,Collision with a turning/crossing vehicle,Turning accident,Daylight,Dry,586,269967.0
8549,8549,197852,7,Hundsteinweg,2019,8,18,2,2,5,5,0,0,1,0,0,0,0,0.0,Tempelhof-Schöneberg,Accident with serious injuries,Collision with a turning/crossing vehicle,Accident involving parked vehicles,Daylight,Dry,1241,350984.0
8550,8550,197853,1,Invalidenstraße,2019,8,20,2,2,1,5,1,1,0,0,0,0,1,0.0,Mitte,Accident with serious injuries,Collision with a moving/standing/parked vehicle,Accident involving parked vehicles,Twilight,Dry,2215,385748.0
8551,8551,197854,11,Große-Leege-Straße,2019,8,15,2,3,0,2,0,0,1,0,1,0,0,0.0,Lichtenberg,Accident with minor injuries,Others,Turning accident,Daylight,Dry,679,294201.0
8552,8552,197855,5,Tiefwerder,2019,8,18,2,3,5,2,0,1,1,0,0,0,0,0.0,Spandau,Accident with minor injuries,Collision with a turning/crossing vehicle,Turning accident,Daylight,Dry,798,245197.0
8553,8553,197856,1,Leipziger Straße,2019,8,17,2,3,5,2,0,0,1,0,1,0,0,0.0,Mitte,Accident with minor injuries,Collision with a turning/crossing vehicle,Turning accident,Daylight,Dry,2215,385748.0
8554,8554,197857,7,Dennewitzplatz,2019,8,13,2,3,6,7,0,1,0,1,0,0,0,0.0,Tempelhof-Schöneberg,Accident with minor injuries,Collision between vehicle and pedestrian,Others,Daylight,Dry,1241,350984.0
8555,8555,197858,2,Askanischer Platz,2019,8,13,2,3,2,6,0,1,0,0,0,0,0,0.0,Friedrichshain-Kreuzberg,Accident with minor injuries,Collision with the vehicle in front/waiting vehicle,Collision involving vehicles going in the same way,Daylight,Dry,1381,290386.0
8556,8556,197859,4,Flinsberger Platz,2019,8,13,2,3,5,3,0,0,1,0,0,0,0,0.0,Charlottenburg-Wilmersdorf,Accident with minor injuries,Collision with a turning/crossing vehicle,Turning/Crossing accident,Daylight,Dry,1727,343592.0
8557,8557,197860,2,Viktoriapark,2019,8,17,2,3,0,2,0,0,1,0,1,0,0,0.0,Friedrichshain-Kreuzberg,Accident with minor injuries,Others,Turning accident,Daylight,Dry,1381,290386.0
8558,8558,197861,5,Döberitzer Weg,2019,8,16,2,3,0,2,0,1,1,0,0,0,0,0.0,Spandau,Accident with minor injuries,Others,Turning accident,Daylight,Dry,798,245197.0
8559,8559,197862,11,Rummelsburg,2019,8,16,2,2,0,7,0,1,0,0,0,0,0,0.0,Lichtenberg,Accident with serious injuries,Others,Others,Daylight,Dry,679,294201.0
8560,8560,197863,12,Waidmannslust,2019,8,16,2,3,5,3,0,1,1,0,0,0,0,0.0,Reinickendorf,Accident with minor injuries,Collision with a turning/crossing vehicle,Turning/Crossing accident,Daylight,Dry,867,266408.0
8561,8561,197864,5,Maulbeerallee,2019,8,16,2,3,0,4,0,0,0,1,0,0,1,0.0,Spandau,Accident with minor injuries,Others,Pedestrian crossing accident,Daylight,Dry,798,245197.0
8562,8562,197865,5,Carl-Schurz-Straße,2019,8,15,2,3,2,2,0,0,1,0,0,0,1,0.0,Spandau,Accident with minor injuries,Collision with the vehicle in front/waiting vehicle,Turning accident,Daylight,Dry,798,245197.0
8563,8563,197866,10,Havemannstraße,2019,8,15,2,2,5,3,0,0,1,0,1,0,0,0.0,Marzahn-Hellersdorf,Accident with serious injuries,Collision with a turning/crossing vehicle,Turning/Crossing accident,Daylight,Dry,586,269967.0
8564,8564,197867,12,Reinickes Hof,2019,8,15,2,3,6,2,0,0,1,1,0,0,0,0.0,Reinickendorf,Accident with minor injuries,Collision between vehicle and pedestrian,Turning accident,Daylight,Dry,867,266408.0
8565,8565,197868,11,Rüdigerstraße,2019,8,14,2,3,0,2,0,1,0,0,0,0,1,0.0,Lichtenberg,Accident with minor injuries,Others,Turning accident,Daylight,Dry,679,294201.0
8566,8566,197869,1,Charitéviertel,2019,8,14,2,3,3,5,0,1,1,0,0,0,0,0.0,Mitte,Accident with minor injuries,Collision with a vehicle traveling laterally in the same direction,Accident involving parked vehicles,Daylight,Dry,2215,385748.0
8567,8567,197870,6,Augustaplatz,2019,8,15,2,3,5,3,0,0,1,0,0,0,0,0.0,Steglitz-Zehlendorf,Accident with minor injuries,Collision with a turning/crossing vehicle,Turning/Crossing accident,Daylight,Dry,851,310071.0
8568,8568,197871,4,Brabanter Platz,2019,8,10,2,3,5,3,0,1,1,0,0,0,0,0.0,Charlottenburg-Wilmersdorf,Accident with minor injuries,Collision with a turning/crossing vehicle,Turning/Crossing accident,Daylight,Dry,1727,343592.0
8569,8569,197872,12,Scharnweberstraße,2019,8,10,2,3,5,2,0,1,1,0,0,0,0,0.0,Reinickendorf,Accident with minor injuries,Collision with a turning/crossing vehicle,Turning accident,Daylight,Dry,867,266408.0
8570,8570,197873,3,Buchholz,2019,8,9,2,3,6,3,0,0,1,1,0,0,0,0.0,Pankow,Accident with minor injuries,Collision between vehicle and pedestrian,Turning/Crossing accident,Daylight,Dry,1219,409335.0
8571,8571,197874,11,Gensinger Straße,2019,8,12,2,2,5,3,0,1,1,0,0,0,0,0.0,Lichtenberg,Accident with serious injuries,Collision with a turning/crossing vehicle,Turning/Crossing accident,Daylight,Dry,679,294201.0
8572,8572,197875,2,Lausitzer Platz,2019,8,12,2,3,0,1,0,1,0,0,0,0,0,0.0,Friedrichshain-Kreuzberg,Accident with minor injuries,Others,Driving accident,Daylight,Dry,1381,290386.0
8573,8573,197876,9,Müggelheim,2019,8,10,2,3,5,5,0,0,1,0,0,0,0,0.0,Treptow-Köpenick,Accident with minor injuries,Collision with a turning/crossing vehicle,Accident involving parked vehicles,Daylight,Dry,892,273689.0
8574,8574,197877,1,Kollwitzplatz,2019,8,8,2,3,2,6,0,0,1,0,1,0,0,0.0,Mitte,Accident with minor injuries,Collision with the vehicle in front/waiting vehicle,Collision involving vehicles going in the same way,Daylight,Dry,2215,385748.0
8575,8575,197878,7,Nollendorfplatz,2019,8,8,2,3,5,3,0,1,1,0,0,0,0,0.0,Tempelhof-Schöneberg,Accident with minor injuries,Collision with a turning/crossing vehicle,Turning/Crossing accident,Daylight,Dry,1241,350984.0
8576,8576,197879,7,Kaiser-Wilhelm-Platz,2019,8,8,2,3,3,6,0,1,1,0,0,0,0,0.0,Tempelhof-Schöneberg,Accident with minor injuries,Collision with a vehicle traveling laterally in the same direction,Collision involving vehicles going in the same way,Daylight,Dry,1241,350984.0
8577,8577,197880,1,Humboldthain Süd,2019,8,7,2,3,5,3,0,0,1,0,0,0,0,0.0,Mitte,Accident with minor injuries,Collision with a turning/crossing vehicle,Turning/Crossing accident,Daylight,Dry,2215,385748.0
8578,8578,197881,4,Preußenpark,2019,8,14,1,3,0,6,0,0,1,0,1,0,0,0.0,Charlottenburg-Wilmersdorf,Accident with minor injuries,Others,Collision involving vehicles going in the same way,Daylight,Dry,1727,343592.0
8579,8579,197882,8,Ortolanweg,2019,8,10,1,3,0,6,0,1,1,0,0,0,0,0.0,Neukölln,Accident with minor injuries,Others,Collision involving vehicles going in the same way,Daylight,Dry,934,329917.0
8580,8580,197883,8,Schillerpromenade,2019,8,22,1,3,5,2,2,1,1,0,0,0,0,0.0,Neukölln,Accident with minor injuries,Collision with a turning/crossing vehicle,Turning accident,Dark,Dry,934,329917.0
8581,8581,197884,8,Donaustraße,2019,8,21,1,3,0,1,2,0,0,0,1,0,0,0.0,Neukölln,Accident with minor injuries,Others,Driving accident,Dark,Dry,934,329917.0
8582,8582,197885,2,Viktoriapark,2019,8,14,1,3,5,3,0,1,1,0,0,0,0,0.0,Friedrichshain-Kreuzberg,Accident with minor injuries,Collision with a turning/crossing vehicle,Turning/Crossing accident,Daylight,Dry,1381,290386.0
8583,8583,197886,12,Mellerbogen,2019,8,14,1,3,1,5,0,0,1,0,0,0,0,0.0,Reinickendorf,Accident with minor injuries,Collision with a moving/standing/parked vehicle,Accident involving parked vehicles,Daylight,Dry,867,266408.0
8584,8584,197887,6,Hüttenweg,2019,8,13,1,3,0,1,0,1,0,0,0,0,0,0.0,Steglitz-Zehlendorf,Accident with minor injuries,Others,Driving accident,Daylight,Dry,851,310071.0
8585,8585,197888,4,Reichsstraße,2019,8,13,1,3,5,3,0,0,1,0,1,0,0,0.0,Charlottenburg-Wilmersdorf,Accident with minor injuries,Collision with a turning/crossing vehicle,Turning/Crossing accident,Daylight,Dry,1727,343592.0
8586,8586,197889,6,Oberhofer Platz,2019,8,13,1,3,2,6,0,0,1,0,1,0,0,0.0,Steglitz-Zehlendorf,Accident with minor injuries,Collision with the vehicle in front/waiting vehicle,Collision involving vehicles going in the same way,Daylight,Dry,851,310071.0
8587,8587,197890,8,Schillerpromenade,2019,8,13,1,3,5,2,0,0,1,0,0,0,0,0.0,Neukölln,Accident with minor injuries,Collision with a turning/crossing vehicle,Turning accident,Daylight,Dry,934,329917.0
8588,8588,197891,3,Erich-Weinert-Straße,2019,8,12,1,3,0,1,0,1,0,0,0,0,0,0.0,Pankow,Accident with minor injuries,Others,Driving accident,Daylight,Dry,1219,409335.0
8589,8589,197892,2,Lausitzer Platz,2019,8,12,1,3,5,3,0,0,1,0,0,0,0,0.0,Friedrichshain-Kreuzberg,Accident with minor injuries,Collision with a turning/crossing vehicle,Turning/Crossing accident,Daylight,Dry,1381,290386.0
8590,8590,197893,4,Bismarckallee,2019,8,12,1,3,2,6,0,0,1,0,1,0,0,0.0,Charlottenburg-Wilmersdorf,Accident with minor injuries,Collision with the vehicle in front/waiting vehicle,Collision involving vehicles going in the same way,Daylight,Dry,1727,343592.0
8591,8591,197894,1,Reinickendorfer Straße,2019,8,12,1,3,2,6,0,0,1,0,0,0,0,0.0,Mitte,Accident with minor injuries,Collision with the vehicle in front/waiting vehicle,Collision involving vehicles going in the same way,Daylight,Dry,2215,385748.0
8592,8592,197895,9,Bölschestraße,2019,8,20,1,3,2,5,0,0,1,0,0,0,0,0.0,Treptow-Köpenick,Accident with minor injuries,Collision with the vehicle in front/waiting vehicle,Accident involving parked vehicles,Daylight,Dry,892,273689.0
8593,8593,197896,11,Weitlingstraße,2019,8,20,1,2,5,2,1,1,1,0,0,0,0,0.0,Lichtenberg,Accident with serious injuries,Collision with a turning/crossing vehicle,Turning accident,Twilight,Dry,679,294201.0
8594,8594,197897,1,Elberfelder Straße,2019,8,19,1,3,5,2,0,1,1,0,0,0,0,0.0,Mitte,Accident with minor injuries,Collision with a turning/crossing vehicle,Turning accident,Daylight,Dry,2215,385748.0
8595,8595,197898,9,Köllnische Vorstadt,2019,8,18,1,3,5,2,0,1,1,0,0,0,0,0.0,Treptow-Köpenick,Accident with minor injuries,Collision with a turning/crossing vehicle,Turning accident,Daylight,Dry,892,273689.0
8596,8596,197899,8,Donaustraße,2019,8,18,1,3,5,3,0,0,1,0,1,0,0,0.0,Neukölln,Accident with minor injuries,Collision with a turning/crossing vehicle,Turning/Crossing accident,Daylight,Dry,934,329917.0
8597,8597,197900,10,Alt-Mahlsdorf,2019,8,17,1,3,5,3,0,0,1,0,0,0,0,0.0,Marzahn-Hellersdorf,Accident with minor injuries,Collision with a turning/crossing vehicle,Turning/Crossing accident,Daylight,Dry,586,269967.0
8598,8598,197901,12,Frohnau,2019,8,17,1,3,5,3,0,0,1,0,1,0,0,0.0,Reinickendorf,Accident with minor injuries,Collision with a turning/crossing vehicle,Turning/Crossing accident,Daylight,Dry,867,266408.0
8599,8599,197902,5,Darbystraße,2019,8,15,1,2,5,2,0,0,1,0,0,0,0,0.0,Spandau,Accident with serious injuries,Collision with a turning/crossing vehicle,Turning accident,Daylight,Dry,798,245197.0
8600,8600,197903,12,Dannenwalder Weg,2019,8,15,1,3,2,6,0,0,1,0,0,0,1,0.0,Reinickendorf,Accident with minor injuries,Collision with the vehicle in front/waiting vehicle,Collision involving vehicles going in the same way,Daylight,Dry,867,266408.0
8601,8601,197904,6,Zehlendorf Mitte,2019,8,15,1,3,0,7,0,1,0,0,0,0,0,0.0,Steglitz-Zehlendorf,Accident with minor injuries,Others,Others,Daylight,Dry,851,310071.0
8602,8602,197905,8,Buckow Mitte,2019,8,14,1,3,0,7,0,0,1,0,1,0,0,0.0,Neukölln,Accident with minor injuries,Others,Others,Daylight,Dry,934,329917.0
8603,8603,197906,1,Sparrplatz,2019,8,10,1,3,1,5,0,1,1,0,0,0,0,0.0,Mitte,Accident with minor injuries,Collision with a moving/standing/parked vehicle,Accident involving parked vehicles,Daylight,Dry,2215,385748.0
8604,8604,197907,9,Adlershof Ost,2019,8,8,1,3,5,3,0,0,1,0,0,0,1,0.0,Treptow-Köpenick,Accident with minor injuries,Collision with a turning/crossing vehicle,Turning/Crossing accident,Daylight,Dry,892,273689.0
8605,8605,197908,5,Gütersloher Weg,2019,8,7,4,3,5,2,0,0,1,0,1,0,0,0.0,Spandau,Accident with minor injuries,Collision with a turning/crossing vehicle,Turning accident,Daylight,Dry,798,245197.0
8606,8606,197909,5,Carl-Schurz-Straße,2019,8,8,1,3,6,2,0,0,1,1,0,0,0,0.0,Spandau,Accident with minor injuries,Collision between vehicle and pedestrian,Turning accident,Daylight,Dry,798,245197.0
8607,8607,197910,3,Niederschönhausen,2019,8,1,1,3,1,5,2,1,1,0,0,0,0,0.0,Pankow,Accident with minor injuries,Collision with a moving/standing/parked vehicle,Accident involving parked vehicles,Dark,Dry,1219,409335.0
8608,8608,197911,3,Märchenland,2019,8,17,7,1,0,7,0,0,0,0,0,0,1,0.0,Pankow,Accident with fatalities,Others,Others,Daylight,Dry,1219,409335.0
8609,8609,197912,3,Falkplatz,2019,8,12,7,3,0,4,0,1,0,1,0,0,0,0.0,Pankow,Accident with minor injuries,Others,Pedestrian crossing accident,Daylight,Dry,1219,409335.0
8610,8610,197913,3,Pankow Zentrum,2019,8,13,7,3,5,2,0,1,1,0,0,0,0,0.0,Pankow,Accident with minor injuries,Collision with a turning/crossing vehicle,Turning accident,Daylight,Dry,1219,409335.0
8611,8611,197914,4,Ernst-Reuter-Platz,2019,8,13,7,3,5,3,0,0,1,0,1,0,0,0.0,Charlottenburg-Wilmersdorf,Accident with minor injuries,Collision with a turning/crossing vehicle,Turning/Crossing accident,Daylight,Dry,1727,343592.0
8612,8612,197915,11,Hauptstraße,2019,8,12,7,3,2,6,0,0,1,0,0,0,0,0.0,Lichtenberg,Accident with minor injuries,Collision with the vehicle in front/waiting vehicle,Collision involving vehicles going in the same way,Daylight,Dry,679,294201.0
8613,8613,197916,3,Alt-Karow,2019,8,12,7,3,5,3,0,0,1,0,0,0,0,0.0,Pankow,Accident with minor injuries,Collision with a turning/crossing vehicle,Turning/Crossing accident,Daylight,Dry,1219,409335.0
8614,8614,197917,9,Oberschöneweide West,2019,8,12,7,3,5,3,0,0,1,0,0,0,0,0.0,Treptow-Köpenick,Accident with minor injuries,Collision with a turning/crossing vehicle,Turning/Crossing accident,Daylight,Dry,892,273689.0
8615,8615,197918,4,Breite Straße,2019,8,11,7,3,5,3,0,1,1,0,0,0,0,0.0,Charlottenburg-Wilmersdorf,Accident with minor injuries,Collision with a turning/crossing vehicle,Turning/Crossing accident,Daylight,Dry,1727,343592.0
8616,8616,197919,5,Hakenfelde Nord,2019,8,11,7,2,5,2,0,1,1,0,0,0,0,0.0,Spandau,Accident with serious injuries,Collision with a turning/crossing vehicle,Turning accident,Daylight,Dry,798,245197.0
8617,8617,197920,6,Oberhofer Platz,2019,8,11,7,3,2,2,0,0,1,0,0,0,0,0.0,Steglitz-Zehlendorf,Accident with minor injuries,Collision with the vehicle in front/waiting vehicle,Turning accident,Daylight,Dry,851,310071.0
8618,8618,197921,9,Bohnsdorf,2019,8,11,7,2,5,3,0,0,1,0,0,0,0,0.0,Treptow-Köpenick,Accident with serious injuries,Collision with a turning/crossing vehicle,Turning/Crossing accident,Daylight,Dry,892,273689.0
8619,8619,197922,5,Magistratsweg,2019,8,11,7,3,5,3,0,1,1,0,0,0,0,0.0,Spandau,Accident with minor injuries,Collision with a turning/crossing vehicle,Turning/Crossing accident,Daylight,Dry,798,245197.0
8620,8620,197923,9,Späthsfelde,2019,8,9,7,3,2,2,0,0,1,0,0,0,0,0.0,Treptow-Köpenick,Accident with minor injuries,Collision with the vehicle in front/waiting vehicle,Turning accident,Daylight,Dry,892,273689.0
8621,8621,197924,1,Unter den Linden Süd,2019,8,9,7,3,5,3,0,0,1,0,0,0,0,0.0,Mitte,Accident with minor injuries,Collision with a turning/crossing vehicle,Turning/Crossing accident,Daylight,Dry,2215,385748.0
8622,8622,197925,12,Rollbergesiedlung,2019,8,0,7,3,4,6,2,0,1,0,0,0,0,1.0,Reinickendorf,Accident with minor injuries,Collision with oncoming vehicle,Collision involving vehicles going in the same way,Dark,Wet/moist/slippery,867,266408.0
8623,8623,197926,5,Rohrdamm,2019,8,19,7,3,2,6,0,0,1,0,0,0,0,0.0,Spandau,Accident with minor injuries,Collision with the vehicle in front/waiting vehicle,Collision involving vehicles going in the same way,Daylight,Dry,798,245197.0
8624,8624,197927,4,Babelsberger Straße,2019,8,18,7,3,2,6,0,0,1,0,0,0,0,0.0,Charlottenburg-Wilmersdorf,Accident with minor injuries,Collision with the vehicle in front/waiting vehicle,Collision involving vehicles going in the same way,Daylight,Dry,1727,343592.0
8625,8625,197928,3,Thälmannpark,2019,8,17,7,3,2,2,0,0,1,0,0,0,0,0.0,Pankow,Accident with minor injuries,Collision with the vehicle in front/waiting vehicle,Turning accident,Daylight,Dry,1219,409335.0
8626,8626,197929,4,Eisenzahnstraße,2019,8,17,7,3,0,1,0,0,0,0,1,0,0,0.0,Charlottenburg-Wilmersdorf,Accident with minor injuries,Others,Driving accident,Daylight,Dry,1727,343592.0
8627,8627,197930,1,Schillerpark,2019,8,16,7,3,4,6,0,0,1,0,0,0,0,0.0,Mitte,Accident with minor injuries,Collision with oncoming vehicle,Collision involving vehicles going in the same way,Daylight,Dry,2215,385748.0
8628,8628,197931,9,Oberschöneweide Ost,2019,8,16,7,3,5,3,0,1,1,0,0,0,0,0.0,Treptow-Köpenick,Accident with minor injuries,Collision with a turning/crossing vehicle,Turning/Crossing accident,Daylight,Dry,892,273689.0
8629,8629,197932,4,Plötzensee,2019,8,15,7,3,5,2,0,0,1,0,0,0,0,0.0,Charlottenburg-Wilmersdorf,Accident with minor injuries,Collision with a turning/crossing vehicle,Turning accident,Daylight,Dry,1727,343592.0
8630,8630,197933,2,Moritzplatz,2019,8,23,7,3,5,3,2,0,1,0,0,0,0,0.0,Friedrichshain-Kreuzberg,Accident with minor injuries,Collision with a turning/crossing vehicle,Turning/Crossing accident,Dark,Dry,1381,290386.0
8631,8631,197934,7,Horstwalder Straße/Paplitzer Straße,2019,8,20,7,3,5,3,0,0,1,0,0,0,0,0.0,Tempelhof-Schöneberg,Accident with minor injuries,Collision with a turning/crossing vehicle,Turning/Crossing accident,Daylight,Dry,1241,350984.0
8632,8632,197935,3,Falkplatz,2019,8,3,7,3,0,1,2,0,0,0,1,0,0,0.0,Pankow,Accident with minor injuries,Others,Driving accident,Dark,Dry,1219,409335.0
8633,8633,197936,1,Charitéviertel,2019,8,17,6,3,5,2,0,1,1,0,0,0,0,0.0,Mitte,Accident with minor injuries,Collision with a turning/crossing vehicle,Turning accident,Daylight,Dry,2215,385748.0
8634,8634,197937,2,Askanischer Platz,2019,8,16,6,3,0,4,0,1,0,1,0,0,0,0.0,Friedrichshain-Kreuzberg,Accident with minor injuries,Others,Pedestrian crossing accident,Daylight,Dry,1381,290386.0
8635,8635,197938,2,Chamissokiez,2019,8,19,6,3,1,7,0,0,1,0,0,0,0,0.0,Friedrichshain-Kreuzberg,Accident with minor injuries,Collision with a moving/standing/parked vehicle,Others,Daylight,Dry,1381,290386.0
8636,8636,197939,4,Breitscheidplatz,2019,8,21,6,3,3,6,2,1,1,0,0,0,0,0.0,Charlottenburg-Wilmersdorf,Accident with minor injuries,Collision with a vehicle traveling laterally in the same direction,Collision involving vehicles going in the same way,Dark,Dry,1727,343592.0
8637,8637,197940,12,Scharnweberstraße,2019,8,17,6,3,2,6,0,1,1,0,0,0,0,0.0,Reinickendorf,Accident with minor injuries,Collision with the vehicle in front/waiting vehicle,Collision involving vehicles going in the same way,Daylight,Dry,867,266408.0
8638,8638,197941,8,Flughafenstraße,2019,8,22,6,3,1,5,2,1,1,0,0,0,0,0.0,Neukölln,Accident with minor injuries,Collision with a moving/standing/parked vehicle,Accident involving parked vehicles,Dark,Dry,934,329917.0
8639,8639,197942,2,Mehringplatz,2019,8,17,6,3,1,5,0,1,1,0,0,0,0,0.0,Friedrichshain-Kreuzberg,Accident with minor injuries,Collision with a moving/standing/parked vehicle,Accident involving parked vehicles,Daylight,Dry,1381,290386.0
8640,8640,197943,2,Moritzplatz,2019,8,20,6,3,5,3,0,0,1,0,1,0,0,0.0,Friedrichshain-Kreuzberg,Accident with minor injuries,Collision with a turning/crossing vehicle,Turning/Crossing accident,Daylight,Dry,1381,290386.0
8641,8641,197944,8,Flughafenstraße,2019,8,17,6,3,3,6,0,1,1,0,0,0,0,0.0,Neukölln,Accident with minor injuries,Collision with a vehicle traveling laterally in the same direction,Collision involving vehicles going in the same way,Daylight,Dry,934,329917.0
8642,8642,197945,9,Bohnsdorf,2019,8,19,6,3,5,3,0,1,0,0,0,0,1,0.0,Treptow-Köpenick,Accident with minor injuries,Collision with a turning/crossing vehicle,Turning/Crossing accident,Daylight,Dry,892,273689.0
8643,8643,197946,3,Humannplatz,2019,8,18,6,3,5,7,0,0,1,0,0,0,0,0.0,Pankow,Accident with minor injuries,Collision with a turning/crossing vehicle,Others,Daylight,Dry,1219,409335.0
8644,8644,197947,6,Königsberger Straße,2019,8,21,6,3,1,7,2,0,1,0,0,0,0,0.0,Steglitz-Zehlendorf,Accident with minor injuries,Collision with a moving/standing/parked vehicle,Others,Dark,Dry,851,310071.0
8645,8645,197948,4,Kissinger Straße,2019,8,17,6,2,1,5,0,1,1,0,0,0,0,0.0,Charlottenburg-Wilmersdorf,Accident with serious injuries,Collision with a moving/standing/parked vehicle,Accident involving parked vehicles,Daylight,Dry,1727,343592.0
8646,8646,197949,4,Droysenstraße,2019,8,19,6,2,0,1,0,0,0,0,1,0,0,0.0,Charlottenburg-Wilmersdorf,Accident with serious injuries,Others,Driving accident,Daylight,Dry,1727,343592.0
8647,8647,197950,8,Flughafenstraße,2019,8,18,6,3,0,7,0,0,1,0,1,0,0,0.0,Neukölln,Accident with minor injuries,Others,Others,Daylight,Dry,934,329917.0
8648,8648,197951,7,Eisenacher Straße,2019,8,8,6,3,0,7,0,0,0,1,0,0,1,0.0,Tempelhof-Schöneberg,Accident with minor injuries,Others,Others,Daylight,Dry,1241,350984.0
8649,8649,197952,9,Oberschöneweide Ost,2019,8,8,6,3,0,2,0,1,1,0,0,0,0,0.0,Treptow-Köpenick,Accident with minor injuries,Others,Turning accident,Daylight,Dry,892,273689.0
8650,8650,197953,12,Waldidyll/Flughafensee,2019,8,8,6,3,5,2,0,1,1,0,0,0,0,0.0,Reinickendorf,Accident with minor injuries,Collision with a turning/crossing vehicle,Turning accident,Daylight,Dry,867,266408.0
8651,8651,197954,7,Nollendorfplatz,2019,8,8,6,3,2,2,0,1,1,0,0,0,0,0.0,Tempelhof-Schöneberg,Accident with minor injuries,Collision with the vehicle in front/waiting vehicle,Turning accident,Daylight,Dry,1241,350984.0