,Unnamed: 0,object id,district,street,year,month,hour of day,weekday,category,accident type,accident type 2,light situation,bike involved,car involved,pedestrian involved,motor bike involved,big track involved,other vehicle involved,road condition,district name,category name,accident detail,accident type detail,light condition,road condition detail,accident count by district,est. population
8652,8652,197955,12,Alt-Tegel,2019,8,8,6,3,3,6,0,0,1,0,0,1,0,0.0,Reinickendorf,Accident with minor injuries,Collision with a vehicle traveling laterally in the same direction,Collision involving vehicles going in the same way,Daylight,Dry,867,266408.0
8653,8653,197956,4,Plötzensee,2019,8,7,6,3,0,7,0,0,1,0,1,0,0,0.0,Charlottenburg-Wilmersdorf,Accident with minor injuries,Others,Others,Daylight,Dry,1727,343592.0
8654,8654,197957,12,Frohnau,2019,8,7,6,3,4,6,0,1,0,0,0,0,0,0.0,Reinickendorf,Accident with minor injuries,Collision with oncoming vehicle,Collision involving vehicles going in the same way,Daylight,Dry,867,266408.0
8655,8655,197958,4,Forst Grunewald,2019,8,13,6,3,5,2,0,0,1,0,1,0,0,0.0,Charlottenburg-Wilmersdorf,Accident with minor injuries,Collision with a turning/crossing vehicle,Turning accident,Daylight,Dry,1727,343592.0
8656,8656,197959,1,Invalidenstraße,2019,8,16,6,3,1,1,0,1,1,0,0,0,0,0.0,Mitte,Accident with minor injuries,Collision with a moving/standing/parked vehicle,Driving accident,Daylight,Dry,2215,385748.0
8657,8657,197960,9,Köpenicker Landstraße,2019,8,13,6,3,6,4,0,1,0,1,0,0,0,0.0,Treptow-Köpenick,Accident with minor injuries,Collision between vehicle and pedestrian,Pedestrian crossing accident,Daylight,Dry,892,273689.0
8658,8658,197961,11,Hauptstraße,2019,8,16,6,2,5,3,0,1,1,0,0,0,0,0.0,Lichtenberg,Accident with serious injuries,Collision with a turning/crossing vehicle,Turning/Crossing accident,Daylight,Dry,679,294201.0
8659,8659,197962,1,Charitéviertel,2019,8,13,6,3,1,5,0,1,1,0,0,0,0,0.0,Mitte,Accident with minor injuries,Collision with a moving/standing/parked vehicle,Accident involving parked vehicles,Daylight,Dry,2215,385748.0
8660,8660,197963,7,Schöneberger Insel,2019,8,13,6,3,2,6,0,0,1,0,0,0,0,0.0,Tempelhof-Schöneberg,Accident with minor injuries,Collision with the vehicle in front/waiting vehicle,Collision involving vehicles going in the same way,Daylight,Dry,1241,350984.0
8661,8661,197964,3,Schönholz,2019,8,13,6,3,5,3,0,0,1,0,1,0,0,0.0,Pankow,Accident with minor injuries,Collision with a turning/crossing vehicle,Turning/Crossing accident,Daylight,Dry,1219,409335.0
8662,8662,197965,9,Dammvorstadt,2019,8,11,6,3,0,1,0,1,0,0,0,0,0,0.0,Treptow-Köpenick,Accident with minor injuries,Others,Driving accident,Daylight,Dry,892,273689.0
8663,8663,197966,1,Unter den Linden Süd,2019,8,11,6,3,2,7,0,0,1,0,1,0,0,0.0,Mitte,Accident with minor injuries,Collision with the vehicle in front/waiting vehicle,Others,Daylight,Dry,2215,385748.0
8664,8664,197967,12,Heiligensee,2019,8,10,6,2,6,4,0,0,1,1,0,0,0,0.0,Reinickendorf,Accident with serious injuries,Collision between vehicle and pedestrian,Pedestrian crossing accident,Daylight,Dry,867,266408.0
8665,8665,197968,5,Carl-Schurz-Straße,2019,8,10,6,3,0,2,0,0,1,0,1,0,0,0.0,Spandau,Accident with minor injuries,Others,Turning accident,Daylight,Dry,798,245197.0
8666,8666,197969,3,Weißer See,2019,8,9,6,3,5,2,0,1,0,0,0,0,0,0.0,Pankow,Accident with minor injuries,Collision with a turning/crossing vehicle,Turning accident,Daylight,Dry,1219,409335.0
8667,8667,197970,1,Sparrplatz,2019,8,9,6,3,5,2,0,1,1,0,0,0,0,0.0,Mitte,Accident with minor injuries,Collision with a turning/crossing vehicle,Turning accident,Daylight,Dry,2215,385748.0
8668,8668,197971,9,Elsenstraße,2019,8,9,6,3,5,2,0,1,1,0,0,0,0,0.0,Treptow-Köpenick,Accident with minor injuries,Collision with a turning/crossing vehicle,Turning accident,Daylight,Dry,892,273689.0
8669,8669,197972,5,Borkumer Straße,2019,8,15,6,2,6,4,0,0,1,1,0,0,0,0.0,Spandau,Accident with serious injuries,Collision between vehicle and pedestrian,Pedestrian crossing accident,Daylight,Dry,798,245197.0
8670,8670,197973,1,Westliche Müllerstraße,2019,8,15,6,3,5,2,0,1,1,0,1,0,0,0.0,Mitte,Accident with minor injuries,Collision with a turning/crossing vehicle,Turning accident,Daylight,Dry,2215,385748.0
8671,8671,197974,2,Askanischer Platz,2019,8,14,6,3,3,6,0,1,0,0,0,0,1,0.0,Friedrichshain-Kreuzberg,Accident with minor injuries,Collision with a vehicle traveling laterally in the same direction,Collision involving vehicles going in the same way,Daylight,Dry,1381,290386.0
8672,8672,197975,5,An der Kappe,2019,8,14,6,3,5,2,0,0,1,0,0,0,0,0.0,Spandau,Accident with minor injuries,Collision with a turning/crossing vehicle,Turning accident,Daylight,Dry,798,245197.0
8673,8673,197976,11,Fennpfuhl Ost,2019,8,13,6,3,2,6,0,0,1,0,0,0,1,0.0,Lichtenberg,Accident with minor injuries,Collision with the vehicle in front/waiting vehicle,Collision involving vehicles going in the same way,Daylight,Dry,679,294201.0
8674,8674,197977,4,Rathaus Wilmersdorf,2019,8,2,6,3,0,1,2,1,0,0,0,0,0,0.0,Charlottenburg-Wilmersdorf,Accident with minor injuries,Others,Driving accident,Dark,Dry,1727,343592.0
8675,8675,197978,3,Teutoburger Platz,2019,8,23,6,3,9,1,2,0,0,0,0,0,1,0.0,Pankow,Accident with minor injuries,Departure from the roadway to the left,Driving accident,Dark,Dry,1219,409335.0
8676,8676,197979,4,Breitscheidplatz,2019,8,14,5,2,5,2,0,0,1,0,1,0,0,0.0,Charlottenburg-Wilmersdorf,Accident with serious injuries,Collision with a turning/crossing vehicle,Turning accident,Daylight,Dry,1727,343592.0
8677,8677,197980,5,Borkumer Straße,2019,8,16,5,2,5,2,0,0,1,0,0,0,0,0.0,Spandau,Accident with serious injuries,Collision with a turning/crossing vehicle,Turning accident,Daylight,Dry,798,245197.0
8678,8678,197981,11,Fennpfuhl West,2019,8,19,5,3,4,6,0,1,0,0,0,0,0,0.0,Lichtenberg,Accident with minor injuries,Collision with oncoming vehicle,Collision involving vehicles going in the same way,Daylight,Dry,679,294201.0
8679,8679,197982,4,Breitscheidplatz,2019,8,17,5,3,6,4,0,1,0,1,0,0,0,0.0,Charlottenburg-Wilmersdorf,Accident with minor injuries,Collision between vehicle and pedestrian,Pedestrian crossing accident,Daylight,Dry,1727,343592.0
8680,8680,197983,9,Oberschöneweide West,2019,8,18,5,3,5,2,0,1,1,0,0,0,0,0.0,Treptow-Köpenick,Accident with minor injuries,Collision with a turning/crossing vehicle,Turning accident,Daylight,Dry,892,273689.0
8681,8681,197984,6,Alt-Lankwitz,2019,8,17,5,3,2,6,0,0,1,0,1,0,0,0.0,Steglitz-Zehlendorf,Accident with minor injuries,Collision with the vehicle in front/waiting vehicle,Collision involving vehicles going in the same way,Daylight,Dry,851,310071.0
8682,8682,197985,6,Teltower Damm,2019,8,16,5,3,5,3,0,1,1,0,0,0,0,0.0,Steglitz-Zehlendorf,Accident with minor injuries,Collision with a turning/crossing vehicle,Turning/Crossing accident,Daylight,Dry,851,310071.0
8683,8683,197986,1,Stülerstraße,2019,8,16,5,3,2,2,0,0,1,0,1,0,0,0.0,Mitte,Accident with minor injuries,Collision with the vehicle in front/waiting vehicle,Turning accident,Daylight,Dry,2215,385748.0
8684,8684,197987,1,Heine-Viertel West,2019,8,18,5,3,3,2,0,1,1,0,0,0,0,0.0,Mitte,Accident with minor injuries,Collision with a vehicle traveling laterally in the same direction,Turning accident,Daylight,Dry,2215,385748.0
8685,8685,197988,9,Oberschöneweide Ost,2019,8,16,5,2,5,2,0,1,1,0,0,0,0,0.0,Treptow-Köpenick,Accident with serious injuries,Collision with a turning/crossing vehicle,Turning accident,Daylight,Dry,892,273689.0
8686,8686,197989,8,Hertzbergplatz,2019,8,15,5,3,5,3,0,1,0,0,0,0,0,0.0,Neukölln,Accident with minor injuries,Collision with a turning/crossing vehicle,Turning/Crossing accident,Daylight,Dry,934,329917.0
8687,8687,197990,2,Mehringplatz,2019,8,15,5,3,1,5,0,1,1,0,0,0,0,0.0,Friedrichshain-Kreuzberg,Accident with minor injuries,Collision with a moving/standing/parked vehicle,Accident involving parked vehicles,Daylight,Dry,1381,290386.0
8688,8688,197991,1,Leipziger Straße,2019,8,15,5,3,2,6,0,1,1,0,0,0,0,0.0,Mitte,Accident with minor injuries,Collision with the vehicle in front/waiting vehicle,Collision involving vehicles going in the same way,Daylight,Dry,2215,385748.0
8689,8689,197992,8,Reuterkiez,2019,8,14,5,3,0,3,0,0,1,0,0,0,1,0.0,Neukölln,Accident with minor injuries,Others,Turning/Crossing accident,Daylight,Dry,934,329917.0
8690,8690,197993,1,Humboldthain Süd,2019,8,14,5,3,5,2,0,1,0,0,0,0,1,0.0,Mitte,Accident with minor injuries,Collision with a turning/crossing vehicle,Turning accident,Daylight,Dry,2215,385748.0
8691,8691,197994,5,Carl-Schurz-Straße,2019,8,14,5,3,3,6,0,0,1,0,1,0,0,0.0,Spandau,Accident with minor injuries,Collision with a vehicle traveling laterally in the same direction,Collision involving vehicles going in the same way,Daylight,Dry,798,245197.0
8692,8692,197995,2,Andreasviertel,2019,8,14,5,3,2,6,0,0,1,0,0,0,1,0.0,Friedrichshain-Kreuzberg,Accident with minor injuries,Collision with the vehicle in front/waiting vehicle,Collision involving vehicles going in the same way,Daylight,Dry,1381,290386.0
8693,8693,197996,8,Buschkrugallee Nord,2019,8,14,5,3,5,2,0,1,1,0,0,0,0,0.0,Neukölln,Accident with minor injuries,Collision with a turning/crossing vehicle,Turning accident,Daylight,Dry,934,329917.0
8694,8694,197997,11,Falkenberg Ost,2019,8,13,5,3,5,3,0,1,1,0,0,0,0,0.0,Lichtenberg,Accident with minor injuries,Collision with a turning/crossing vehicle,Turning/Crossing accident,Daylight,Dry,679,294201.0
8695,8695,197998,1,Elberfelder Straße,2019,8,10,5,3,5,2,0,1,1,0,0,0,0,0.0,Mitte,Accident with minor injuries,Collision with a turning/crossing vehicle,Turning accident,Daylight,Dry,2215,385748.0
8696,8696,197999,7,Kaiser-Wilhelm-Platz,2019,8,21,5,3,6,7,2,1,0,1,0,0,0,0.0,Tempelhof-Schöneberg,Accident with minor injuries,Collision between vehicle and pedestrian,Others,Dark,Dry,1241,350984.0
8697,8697,198000,4,Halensee,2019,8,19,5,2,5,2,0,0,1,0,1,0,0,0.0,Charlottenburg-Wilmersdorf,Accident with serious injuries,Collision with a turning/crossing vehicle,Turning accident,Daylight,Dry,1727,343592.0
8698,8698,198001,6,Dahlem,2019,8,8,5,3,5,5,0,1,1,0,0,0,0,0.0,Steglitz-Zehlendorf,Accident with minor injuries,Collision with a turning/crossing vehicle,Accident involving parked vehicles,Daylight,Dry,851,310071.0
8699,8699,198002,12,Borsigwalde,2019,8,10,5,2,5,3,0,0,1,0,0,0,0,0.0,Reinickendorf,Accident with serious injuries,Collision with a turning/crossing vehicle,Turning/Crossing accident,Daylight,Dry,867,266408.0
8700,8700,198003,3,Rennbahnstraße,2019,8,8,5,3,5,3,0,1,0,0,0,0,0,0.0,Pankow,Accident with minor injuries,Collision with a turning/crossing vehicle,Turning/Crossing accident,Daylight,Dry,1219,409335.0
8701,8701,198004,3,Volkspark Prenzlauer Berg,2019,8,8,5,3,5,7,0,0,1,0,1,0,0,0.0,Pankow,Accident with minor injuries,Collision with a turning/crossing vehicle,Others,Daylight,Dry,1219,409335.0
8702,8702,198005,1,Wilhelmstraße,2019,8,9,5,3,0,1,0,1,0,0,0,0,0,1.0,Mitte,Accident with minor injuries,Others,Driving accident,Daylight,Wet/moist/slippery,2215,385748.0
8703,8703,198006,8,Parchimer Allee,2019,8,8,5,3,2,6,0,0,1,0,0,0,0,0.0,Neukölln,Accident with minor injuries,Collision with the vehicle in front/waiting vehicle,Collision involving vehicles going in the same way,Daylight,Dry,934,329917.0
8704,8704,198007,5,An der Tränke,2019,8,8,5,3,5,3,0,1,1,0,0,0,0,0.0,Spandau,Accident with minor injuries,Collision with a turning/crossing vehicle,Turning/Crossing accident,Daylight,Dry,798,245197.0
8705,8705,198008,10,Wuhletalstraße,2019,8,6,5,2,6,4,0,0,1,1,0,0,0,0.0,Marzahn-Hellersdorf,Accident with serious injuries,Collision between vehicle and pedestrian,Pedestrian crossing accident,Daylight,Dry,586,269967.0
8706,8706,198009,5,Gartenfelder Straße,2019,8,8,4,3,6,7,0,1,0,1,0,0,0,0.0,Spandau,Accident with minor injuries,Collision between vehicle and pedestrian,Others,Daylight,Dry,798,245197.0
8707,8707,198010,1,Unter den Linden Süd,2019,8,14,4,3,5,2,0,1,0,0,0,0,0,1.0,Mitte,Accident with minor injuries,Collision with a turning/crossing vehicle,Turning accident,Daylight,Wet/moist/slippery,2215,385748.0
8708,8708,198011,9,Schnellerstraße,2019,8,12,4,2,6,7,0,1,0,1,0,0,0,0.0,Treptow-Köpenick,Accident with serious injuries,Collision between vehicle and pedestrian,Others,Daylight,Dry,892,273689.0
8709,8709,198012,7,Rathaus Tempelhof,2019,8,11,4,3,3,6,0,0,1,0,0,0,0,0.0,Tempelhof-Schöneberg,Accident with minor injuries,Collision with a vehicle traveling laterally in the same direction,Collision involving vehicles going in the same way,Daylight,Dry,1241,350984.0
8710,8710,198013,4,Preußenpark,2019,8,11,4,2,6,4,0,0,1,1,0,0,0,0.0,Charlottenburg-Wilmersdorf,Accident with serious injuries,Collision between vehicle and pedestrian,Pedestrian crossing accident,Daylight,Dry,1727,343592.0
8711,8711,198014,2,Viktoriapark,2019,8,11,4,3,2,6,0,0,1,0,0,0,0,0.0,Friedrichshain-Kreuzberg,Accident with minor injuries,Collision with the vehicle in front/waiting vehicle,Collision involving vehicles going in the same way,Daylight,Dry,1381,290386.0
8712,8712,198015,2,Urbanstraße,2019,8,9,4,3,6,4,0,1,0,1,0,0,0,0.0,Friedrichshain-Kreuzberg,Accident with minor injuries,Collision between vehicle and pedestrian,Pedestrian crossing accident,Daylight,Dry,1381,290386.0
8713,8713,198016,8,Buckow Ost,2019,8,9,4,3,6,4,0,0,1,1,0,0,0,0.0,Neukölln,Accident with minor injuries,Collision between vehicle and pedestrian,Pedestrian crossing accident,Daylight,Dry,934,329917.0
8714,8714,198017,4,Lietzensee,2019,8,9,4,3,5,7,0,0,1,0,0,0,0,0.0,Charlottenburg-Wilmersdorf,Accident with minor injuries,Collision with a turning/crossing vehicle,Others,Daylight,Dry,1727,343592.0
8715,8715,198018,4,Preußenpark,2019,8,9,4,3,5,3,0,1,1,0,0,0,0,0.0,Charlottenburg-Wilmersdorf,Accident with minor injuries,Collision with a turning/crossing vehicle,Turning/Crossing accident,Daylight,Dry,1727,343592.0
8716,8716,198019,6,Schweizer Viertel,2019,8,9,4,2,5,3,0,1,1,0,0,0,0,0.0,Steglitz-Zehlendorf,Accident with serious injuries,Collision with a turning/crossing vehicle,Turning/Crossing accident,Daylight,Dry,851,310071.0
8717,8717,198020,1,Arkonaplatz,2019,8,8,4,3,0,6,0,0,1,0,1,0,0,0.0,Mitte,Accident with minor injuries,Others,Collision involving vehicles going in the same way,Daylight,Dry,2215,385748.0
8718,8718,198021,1,Wilhelmstraße,2019,8,7,4,3,2,2,0,0,1,0,1,0,0,0.0,Mitte,Accident with minor injuries,Collision with the vehicle in front/waiting vehicle,Turning accident,Daylight,Dry,2215,385748.0
8719,8719,198022,8,Gewerbegebiet Köllnische Heide,2019,8,3,4,3,5,3,2,1,1,0,0,0,0,0.0,Neukölln,Accident with minor injuries,Collision with a turning/crossing vehicle,Turning/Crossing accident,Dark,Dry,934,329917.0
8720,8720,198023,1,Lützowstraße,2019,8,20,4,3,5,3,0,0,1,0,1,0,0,0.0,Mitte,Accident with minor injuries,Collision with a turning/crossing vehicle,Turning/Crossing accident,Daylight,Dry,2215,385748.0
8721,8721,198024,4,Prager Platz,2019,8,7,4,3,5,2,0,0,1,0,0,0,0,0.0,Charlottenburg-Wilmersdorf,Accident with minor injuries,Collision with a turning/crossing vehicle,Turning accident,Daylight,Dry,1727,343592.0
8722,8722,198025,12,Hermsdorf,2019,8,12,4,3,5,3,0,0,1,0,0,0,0,0.0,Reinickendorf,Accident with minor injuries,Collision with a turning/crossing vehicle,Turning/Crossing accident,Daylight,Dry,867,266408.0
8723,8723,198026,12,Scharnweberstraße,2019,8,12,4,3,0,1,0,1,0,0,0,0,0,0.0,Reinickendorf,Accident with minor injuries,Others,Driving accident,Daylight,Dry,867,266408.0
8724,8724,198027,3,Wilhelmsruh,2019,8,7,4,3,2,6,0,0,1,0,0,0,0,0.0,Pankow,Accident with minor injuries,Collision with the vehicle in front/waiting vehicle,Collision involving vehicles going in the same way,Daylight,Dry,1219,409335.0
8725,8725,198028,6,Alt-Lankwitz,2019,8,2,4,3,9,1,2,0,1,0,0,0,0,0.0,Steglitz-Zehlendorf,Accident with minor injuries,Departure from the roadway to the left,Driving accident,Dark,Dry,851,310071.0
8726,8726,198029,2,Urbanstraße,2019,8,16,4,3,5,3,0,0,1,0,0,0,0,0.0,Friedrichshain-Kreuzberg,Accident with minor injuries,Collision with a turning/crossing vehicle,Turning/Crossing accident,Daylight,Dry,1381,290386.0
8727,8727,198030,3,Pankow Süd,2019,8,8,4,3,3,6,0,1,1,0,0,0,0,0.0,Pankow,Accident with minor injuries,Collision with a vehicle traveling laterally in the same direction,Collision involving vehicles going in the same way,Daylight,Dry,1219,409335.0
8728,8728,198031,1,Arkonaplatz,2019,8,15,4,3,6,7,0,0,0,1,0,0,1,0.0,Mitte,Accident with minor injuries,Collision between vehicle and pedestrian,Others,Daylight,Dry,2215,385748.0
8729,8729,198032,7,Schöneberger Insel,2019,8,15,4,3,3,7,0,1,0,0,0,0,0,0.0,Tempelhof-Schöneberg,Accident with minor injuries,Collision with a vehicle traveling laterally in the same direction,Others,Daylight,Dry,1241,350984.0
8730,8730,198033,1,Leipziger Straße,2019,8,15,4,3,5,2,0,1,0,0,0,0,1,1.0,Mitte,Accident with minor injuries,Collision with a turning/crossing vehicle,Turning accident,Daylight,Wet/moist/slippery,2215,385748.0
8731,8731,198034,2,Wrangelkiez,2019,8,14,4,3,0,6,0,1,1,0,0,0,0,0.0,Friedrichshain-Kreuzberg,Accident with minor injuries,Others,Collision involving vehicles going in the same way,Daylight,Dry,1381,290386.0
8732,8732,198035,1,Alexanderplatzviertel,2019,8,14,4,3,0,1,0,0,0,0,1,0,0,1.0,Mitte,Accident with minor injuries,Others,Driving accident,Daylight,Wet/moist/slippery,2215,385748.0
8733,8733,198036,7,Rathausstraße,2019,8,14,4,3,0,3,0,1,1,0,0,0,0,1.0,Tempelhof-Schöneberg,Accident with minor injuries,Others,Turning/Crossing accident,Daylight,Wet/moist/slippery,1241,350984.0
8734,8734,198037,2,Urbanstraße,2019,8,14,4,3,0,2,0,0,0,0,1,0,1,1.0,Friedrichshain-Kreuzberg,Accident with minor injuries,Others,Turning accident,Daylight,Wet/moist/slippery,1381,290386.0
8735,8735,198038,3,Volkspark Prenzlauer Berg,2019,8,14,4,3,5,2,0,1,1,0,0,0,0,1.0,Pankow,Accident with minor injuries,Collision with a turning/crossing vehicle,Turning accident,Daylight,Wet/moist/slippery,1219,409335.0
8736,8736,198039,4,Ernst-Reuter-Platz,2019,8,19,4,3,5,2,0,1,1,0,0,0,0,0.0,Charlottenburg-Wilmersdorf,Accident with minor injuries,Collision with a turning/crossing vehicle,Turning accident,Daylight,Dry,1727,343592.0
8737,8737,198040,5,Magistratsweg,2019,8,18,4,3,5,3,0,0,1,0,0,0,0,0.0,Spandau,Accident with minor injuries,Collision with a turning/crossing vehicle,Turning/Crossing accident,Daylight,Dry,798,245197.0
8738,8738,198041,11,Sewanstraße,2019,8,17,4,3,5,3,0,0,1,0,1,0,0,0.0,Lichtenberg,Accident with minor injuries,Collision with a turning/crossing vehicle,Turning/Crossing accident,Daylight,Dry,679,294201.0
8739,8739,198042,11,Herzbergstraße,2019,8,13,4,3,5,7,0,0,1,0,0,1,0,1.0,Lichtenberg,Accident with minor injuries,Collision with a turning/crossing vehicle,Others,Daylight,Wet/moist/slippery,679,294201.0
8740,8740,198043,10,Kaulsdorf Nord,2019,8,13,4,3,5,7,0,0,1,0,0,0,0,0.0,Marzahn-Hellersdorf,Accident with minor injuries,Collision with a turning/crossing vehicle,Others,Daylight,Dry,586,269967.0
8741,8741,198044,1,Elberfelder Straße,2019,8,13,4,3,5,2,0,1,1,0,0,0,0,0.0,Mitte,Accident with minor injuries,Collision with a turning/crossing vehicle,Turning accident,Daylight,Dry,2215,385748.0
8742,8742,198045,1,Emdener Straße,2019,8,5,3,3,5,3,1,0,1,0,1,0,0,0.0,Mitte,Accident with minor injuries,Collision with a turning/crossing vehicle,Turning/Crossing accident,Twilight,Dry,2215,385748.0
8743,8743,198046,6,Feuerbachstraße,2019,8,12,3,2,1,5,0,1,1,0,0,0,0,0.0,Steglitz-Zehlendorf,Accident with serious injuries,Collision with a moving/standing/parked vehicle,Accident involving parked vehicles,Daylight,Dry,851,310071.0
8744,8744,198047,4,Prager Platz,2019,8,15,3,3,0,6,0,0,1,0,1,0,0,1.0,Charlottenburg-Wilmersdorf,Accident with minor injuries,Others,Collision involving vehicles going in the same way,Daylight,Wet/moist/slippery,1727,343592.0
8745,8745,198048,7,Volkspark (Rudolf-Wilde-Park),2019,8,16,3,3,1,7,0,0,1,0,0,0,0,0.0,Tempelhof-Schöneberg,Accident with minor injuries,Collision with a moving/standing/parked vehicle,Others,Daylight,Dry,1241,350984.0
8746,8746,198049,4,Park Ruhwald,2019,8,10,3,3,2,2,0,0,1,0,1,0,0,0.0,Charlottenburg-Wilmersdorf,Accident with minor injuries,Collision with the vehicle in front/waiting vehicle,Turning accident,Daylight,Dry,1727,343592.0
8747,8747,198050,1,Unter den Linden Süd,2019,8,20,3,3,5,3,2,1,1,0,0,0,0,0.0,Mitte,Accident with minor injuries,Collision with a turning/crossing vehicle,Turning/Crossing accident,Dark,Dry,2215,385748.0
8748,8748,198051,7,Dennewitzplatz,2019,8,20,3,3,3,6,0,1,0,0,0,0,1,0.0,Tempelhof-Schöneberg,Accident with minor injuries,Collision with a vehicle traveling laterally in the same direction,Collision involving vehicles going in the same way,Daylight,Dry,1241,350984.0
8749,8749,198052,6,Berlepschstraße,2019,8,19,3,3,1,1,0,0,1,0,0,0,0,0.0,Steglitz-Zehlendorf,Accident with minor injuries,Collision with a moving/standing/parked vehicle,Driving accident,Daylight,Dry,851,310071.0
8750,8750,198053,7,Friedenau,2019,8,19,3,3,2,6,0,0,1,0,0,0,0,0.0,Tempelhof-Schöneberg,Accident with minor injuries,Collision with the vehicle in front/waiting vehicle,Collision involving vehicles going in the same way,Daylight,Dry,1241,350984.0
8751,8751,198054,5,Carl-Schurz-Straße,2019,8,18,3,3,0,2,0,0,1,0,0,0,1,0.0,Spandau,Accident with minor injuries,Others,Turning accident,Daylight,Dry,798,245197.0
8752,8752,198055,5,Borkumer Straße,2019,8,18,3,3,0,4,0,1,0,1,0,0,0,0.0,Spandau,Accident with minor injuries,Others,Pedestrian crossing accident,Daylight,Dry,798,245197.0
8753,8753,198056,1,Charitéviertel,2019,8,18,3,3,2,2,0,1,1,0,0,0,0,0.0,Mitte,Accident with minor injuries,Collision with the vehicle in front/waiting vehicle,Turning accident,Daylight,Dry,2215,385748.0
8754,8754,198057,1,Humboldthain Nordwest,2019,8,18,3,3,5,3,0,1,1,0,0,0,0,0.0,Mitte,Accident with minor injuries,Collision with a turning/crossing vehicle,Turning/Crossing accident,Daylight,Dry,2215,385748.0
8755,8755,198058,2,Graefekiez,2019,8,16,3,3,0,7,0,1,1,0,0,0,0,1.0,Friedrichshain-Kreuzberg,Accident with minor injuries,Others,Others,Daylight,Wet/moist/slippery,1381,290386.0
8756,8756,198059,2,Graefekiez,2019,8,17,3,2,2,6,0,0,0,0,1,0,1,0.0,Friedrichshain-Kreuzberg,Accident with serious injuries,Collision with the vehicle in front/waiting vehicle,Collision involving vehicles going in the same way,Daylight,Dry,1381,290386.0
8757,8757,198060,9,Grünau,2019,8,17,3,3,3,6,0,1,1,0,0,0,0,0.0,Treptow-Köpenick,Accident with minor injuries,Collision with a vehicle traveling laterally in the same direction,Collision involving vehicles going in the same way,Daylight,Dry,892,273689.0
8758,8758,198061,1,Nördlicher Landwehrkanal,2019,8,17,4,3,5,2,0,1,1,0,0,0,0,0.0,Mitte,Accident with minor injuries,Collision with a turning/crossing vehicle,Turning accident,Daylight,Dry,2215,385748.0
8759,8759,198062,1,Leipziger Straße,2019,8,17,3,3,0,3,0,0,1,0,1,0,0,1.0,Mitte,Accident with minor injuries,Others,Turning/Crossing accident,Daylight,Wet/moist/slippery,2215,385748.0
8760,8760,198063,4,Alt-Lietzow,2019,8,17,3,3,5,7,0,1,1,0,0,0,0,0.0,Charlottenburg-Wilmersdorf,Accident with minor injuries,Collision with a turning/crossing vehicle,Others,Daylight,Dry,1727,343592.0
8761,8761,198064,1,Heidestraße,2019,8,17,4,3,0,2,0,1,1,0,0,0,0,0.0,Mitte,Accident with minor injuries,Others,Turning accident,Daylight,Dry,2215,385748.0
8762,8762,198065,3,Arnimplatz,2019,8,17,3,3,5,2,0,1,1,0,0,0,0,0.0,Pankow,Accident with minor injuries,Collision with a turning/crossing vehicle,Turning accident,Daylight,Dry,1219,409335.0
8763,8763,198066,7,Alt-Lichtenrade/Töpchiner Weg,2019,8,17,4,3,5,3,0,1,1,0,0,0,0,0.0,Tempelhof-Schöneberg,Accident with minor injuries,Collision with a turning/crossing vehicle,Turning/Crossing accident,Daylight,Dry,1241,350984.0
8764,8764,198067,1,Unter den Linden Süd,2019,8,17,3,3,5,3,0,0,1,0,0,0,1,0.0,Mitte,Accident with minor injuries,Collision with a turning/crossing vehicle,Turning/Crossing accident,Daylight,Dry,2215,385748.0
8765,8765,198068,10,Gewerbegebiet Bitterfelder Straße,2019,8,17,4,3,5,3,0,1,0,0,0,0,1,0.0,Marzahn-Hellersdorf,Accident with minor injuries,Collision with a turning/crossing vehicle,Turning/Crossing accident,Daylight,Dry,586,269967.0
8766,8766,198069,6,Lankwitz Kirche,2019,8,17,3,3,5,2,0,0,1,0,1,0,0,0.0,Steglitz-Zehlendorf,Accident with minor injuries,Collision with a turning/crossing vehicle,Turning accident,Daylight,Dry,851,310071.0
8767,8767,198070,1,Unter den Linden Nord,2019,8,8,4,3,5,2,0,1,0,0,1,0,0,0.0,Mitte,Accident with minor injuries,Collision with a turning/crossing vehicle,Turning accident,Daylight,Dry,2215,385748.0
8768,8768,198071,3,Buschallee,2019,8,11,3,3,2,5,0,0,1,0,1,0,0,0.0,Pankow,Accident with minor injuries,Collision with the vehicle in front/waiting vehicle,Accident involving parked vehicles,Daylight,Dry,1219,409335.0
8769,8769,198072,2,Wassertorplatz,2019,8,16,4,3,6,7,0,1,0,1,0,0,0,0.0,Friedrichshain-Kreuzberg,Accident with minor injuries,Collision between vehicle and pedestrian,Others,Daylight,Dry,1381,290386.0
8770,8770,198073,8,Schillerpromenade,2019,8,12,3,3,2,6,0,1,1,0,0,0,0,0.0,Neukölln,Accident with minor injuries,Collision with the vehicle in front/waiting vehicle,Collision involving vehicles going in the same way,Daylight,Dry,934,329917.0
8771,8771,198074,1,Reinickendorfer Straße,2019,8,16,4,2,1,5,0,0,1,0,1,0,0,0.0,Mitte,Accident with serious injuries,Collision with a moving/standing/parked vehicle,Accident involving parked vehicles,Daylight,Dry,2215,385748.0
8772,8772,198075,1,Soldiner Straße,2019,8,11,3,3,5,3,0,0,1,0,1,0,0,0.0,Mitte,Accident with minor injuries,Collision with a turning/crossing vehicle,Turning/Crossing accident,Daylight,Dry,2215,385748.0
8773,8773,198076,5,Rohrdamm,2019,8,11,3,3,6,7,0,0,1,1,0,0,0,0.0,Spandau,Accident with minor injuries,Collision between vehicle and pedestrian,Others,Daylight,Dry,798,245197.0
8774,8774,198077,1,Reinickendorfer Straße,2019,8,15,4,3,5,2,0,0,1,0,1,0,0,0.0,Mitte,Accident with minor injuries,Collision with a turning/crossing vehicle,Turning accident,Daylight,Dry,2215,385748.0