,Unnamed: 0,object id,district,street,year,month,hour of day,weekday,category,accident type,accident type 2,light situation,bike involved,car involved,pedestrian involved,motor bike involved,big track involved,other vehicle involved,road condition,district name,category name,accident detail,accident type detail,light condition,road condition detail,accident count by district,est. population
8775,8775,198078,6,Fischtal,2019,8,10,3,3,1,5,0,1,1,0,0,0,0,0.0,Steglitz-Zehlendorf,Accident with minor injuries,Collision with a moving/standing/parked vehicle,Accident involving parked vehicles,Daylight,Dry,851,310071.0
8776,8776,198079,4,Ernst-Reuter-Platz,2019,8,15,4,2,5,2,0,1,0,0,0,0,1,0.0,Charlottenburg-Wilmersdorf,Accident with serious injuries,Collision with a turning/crossing vehicle,Turning accident,Daylight,Dry,1727,343592.0
8777,8777,198080,8,Schillerpromenade,2019,8,9,3,3,5,3,0,0,1,0,1,0,1,0.0,Neukölln,Accident with minor injuries,Collision with a turning/crossing vehicle,Turning/Crossing accident,Daylight,Dry,934,329917.0
8778,8778,198081,12,Alt-Tegel,2019,8,12,4,3,5,7,0,0,1,0,1,0,0,0.0,Reinickendorf,Accident with minor injuries,Collision with a turning/crossing vehicle,Others,Daylight,Dry,867,266408.0
8779,8779,198082,3,Alt-Karow,2019,8,9,3,3,0,3,0,0,1,0,0,0,1,0.0,Pankow,Accident with minor injuries,Others,Turning/Crossing accident,Daylight,Dry,1219,409335.0
8780,8780,198083,6,Nikolassee,2019,8,11,4,3,5,3,0,0,1,0,0,0,0,0.0,Steglitz-Zehlendorf,Accident with minor injuries,Collision with a turning/crossing vehicle,Turning/Crossing accident,Daylight,Dry,851,310071.0
8781,8781,198084,8,Gewerbegebiet Köllnische Heide,2019,8,8,3,3,5,2,0,1,1,0,0,0,0,0.0,Neukölln,Accident with minor injuries,Collision with a turning/crossing vehicle,Turning accident,Daylight,Dry,934,329917.0
8782,8782,198085,4,Alt-Lietzow,2019,8,7,3,3,5,2,0,1,1,0,0,0,0,0.0,Charlottenburg-Wilmersdorf,Accident with minor injuries,Collision with a turning/crossing vehicle,Turning accident,Daylight,Dry,1727,343592.0
8783,8783,198086,11,Rüdigerstraße,2019,8,10,4,3,5,5,0,0,1,0,0,0,1,0.0,Lichtenberg,Accident with minor injuries,Collision with a turning/crossing vehicle,Accident involving parked vehicles,Daylight,Dry,679,294201.0
8784,8784,198087,1,Zwinglistraße,2019,8,10,4,3,5,2,0,0,1,0,0,0,0,0.0,Mitte,Accident with minor injuries,Collision with a turning/crossing vehicle,Turning accident,Daylight,Dry,2215,385748.0
8785,8785,198088,3,Pankow Zentrum,2019,8,7,3,3,5,3,0,1,1,0,0,0,0,0.0,Pankow,Accident with minor injuries,Collision with a turning/crossing vehicle,Turning/Crossing accident,Daylight,Dry,1219,409335.0
8786,8786,198089,11,Dorf Falkenberg,2019,8,7,3,2,3,6,0,0,0,0,1,0,1,0.0,Lichtenberg,Accident with serious injuries,Collision with a vehicle traveling laterally in the same direction,Collision involving vehicles going in the same way,Daylight,Dry,679,294201.0
8787,8787,198090,1,Lüneburger Straße,2019,8,10,4,2,6,7,0,0,1,1,0,0,0,0.0,Mitte,Accident with serious injuries,Collision between vehicle and pedestrian,Others,Daylight,Dry,2215,385748.0
8788,8788,198091,9,Köllnische Vorstadt,2019,8,7,3,3,2,6,0,0,1,0,1,0,0,0.0,Treptow-Köpenick,Accident with minor injuries,Collision with the vehicle in front/waiting vehicle,Collision involving vehicles going in the same way,Daylight,Dry,892,273689.0
8789,8789,198092,9,Am Treptower Park Süd,2019,8,9,4,3,5,2,0,1,1,0,0,0,0,0.0,Treptow-Köpenick,Accident with minor injuries,Collision with a turning/crossing vehicle,Turning accident,Daylight,Dry,892,273689.0
8790,8790,198093,4,Kissinger Straße,2019,8,15,3,3,1,5,0,0,1,0,0,0,0,0.0,Charlottenburg-Wilmersdorf,Accident with minor injuries,Collision with a moving/standing/parked vehicle,Accident involving parked vehicles,Daylight,Dry,1727,343592.0
8791,8791,198094,11,Rüdigerstraße,2019,8,16,3,3,4,6,0,1,1,0,0,0,0,0.0,Lichtenberg,Accident with minor injuries,Collision with oncoming vehicle,Collision involving vehicles going in the same way,Daylight,Dry,679,294201.0
8792,8792,198095,7,Marienfelde Nordost,2019,8,9,4,3,5,2,0,1,1,0,0,0,0,0.0,Tempelhof-Schöneberg,Accident with minor injuries,Collision with a turning/crossing vehicle,Turning accident,Daylight,Dry,1241,350984.0
8793,8793,198096,12,Frohnau,2019,8,15,3,3,0,3,0,0,0,0,1,0,1,1.0,Reinickendorf,Accident with minor injuries,Others,Turning/Crossing accident,Daylight,Wet/moist/slippery,867,266408.0
8794,8794,198097,5,Gütersloher Weg,2019,8,15,3,3,0,3,0,0,1,0,1,0,0,1.0,Spandau,Accident with minor injuries,Others,Turning/Crossing accident,Daylight,Wet/moist/slippery,798,245197.0
8795,8795,198098,3,Teutoburger Platz,2019,8,7,4,3,5,2,0,1,0,0,0,0,1,0.0,Pankow,Accident with minor injuries,Collision with a turning/crossing vehicle,Turning accident,Daylight,Dry,1219,409335.0
8796,8796,198099,4,Flatowallee,2019,8,16,3,2,5,7,0,0,1,0,0,0,0,0.0,Charlottenburg-Wilmersdorf,Accident with serious injuries,Collision with a turning/crossing vehicle,Others,Daylight,Dry,1727,343592.0
8797,8797,198100,5,Graetschelsteig,2019,8,15,3,3,0,3,0,0,1,0,1,0,0,0.0,Spandau,Accident with minor injuries,Others,Turning/Crossing accident,Daylight,Dry,798,245197.0
8798,8798,198101,1,Reinickendorfer Straße,2019,8,15,4,3,5,2,0,1,1,0,0,0,0,0.0,Mitte,Accident with minor injuries,Collision with a turning/crossing vehicle,Turning accident,Daylight,Dry,2215,385748.0
8799,8799,198102,1,Reinickendorfer Straße,2019,8,14,3,3,6,4,0,1,0,1,0,0,0,0.0,Mitte,Accident with minor injuries,Collision between vehicle and pedestrian,Pedestrian crossing accident,Daylight,Dry,2215,385748.0
8800,8800,198103,3,Kollwitzplatz,2019,8,15,4,3,4,5,0,1,1,0,0,0,0,0.0,Pankow,Accident with minor injuries,Collision with oncoming vehicle,Accident involving parked vehicles,Daylight,Dry,1219,409335.0
8801,8801,198104,11,Fennpfuhl West,2019,8,16,3,3,3,6,0,1,0,0,0,0,0,0.0,Lichtenberg,Accident with minor injuries,Collision with a vehicle traveling laterally in the same direction,Collision involving vehicles going in the same way,Daylight,Dry,679,294201.0
8802,8802,198105,7,Nollendorfplatz,2019,8,15,4,3,3,6,0,1,1,0,0,0,0,0.0,Tempelhof-Schöneberg,Accident with minor injuries,Collision with a vehicle traveling laterally in the same direction,Collision involving vehicles going in the same way,Daylight,Dry,1241,350984.0
8803,8803,198106,8,Silbersteinstraße,2019,8,14,3,3,0,2,0,0,1,0,1,0,0,0.0,Neukölln,Accident with minor injuries,Others,Turning accident,Daylight,Dry,934,329917.0
8804,8804,198107,3,Pankow Zentrum,2019,8,14,4,3,5,3,0,0,1,0,1,0,0,0.0,Pankow,Accident with minor injuries,Collision with a turning/crossing vehicle,Turning/Crossing accident,Daylight,Dry,1219,409335.0
8805,8805,198108,9,Adlershof West,2019,8,14,3,2,5,2,0,0,1,0,1,0,0,0.0,Treptow-Köpenick,Accident with serious injuries,Collision with a turning/crossing vehicle,Turning accident,Daylight,Dry,892,273689.0
8806,8806,198109,9,Bölschestraße,2019,8,16,3,3,5,7,0,0,1,0,1,0,0,0.0,Treptow-Köpenick,Accident with minor injuries,Collision with a turning/crossing vehicle,Others,Daylight,Dry,892,273689.0
8807,8807,198110,4,Königin-Elisabeth-Straße,2019,8,14,4,3,6,2,0,0,1,1,0,0,0,0.0,Charlottenburg-Wilmersdorf,Accident with minor injuries,Collision between vehicle and pedestrian,Turning accident,Daylight,Dry,1727,343592.0
8808,8808,198111,12,Ziekowstraße/Freie Scholle,2019,8,14,4,3,1,5,0,1,1,0,0,0,0,0.0,Reinickendorf,Accident with minor injuries,Collision with a moving/standing/parked vehicle,Accident involving parked vehicles,Daylight,Dry,867,266408.0
8809,8809,198112,5,Zitadellenweg,2019,8,13,3,3,5,2,0,1,1,0,0,0,0,0.0,Spandau,Accident with minor injuries,Collision with a turning/crossing vehicle,Turning accident,Daylight,Dry,798,245197.0
8810,8810,198113,1,Arkonaplatz,2019,8,8,3,3,5,3,0,1,1,0,0,0,0,0.0,Mitte,Accident with minor injuries,Collision with a turning/crossing vehicle,Turning/Crossing accident,Daylight,Dry,2215,385748.0
8811,8811,198114,8,Rixdorf,2019,8,13,4,2,5,3,0,0,1,0,1,0,0,0.0,Neukölln,Accident with serious injuries,Collision with a turning/crossing vehicle,Turning/Crossing accident,Daylight,Dry,934,329917.0
8812,8812,198115,4,Leon-Jessel-Platz,2019,8,12,3,3,5,7,0,1,1,0,0,0,0,0.0,Charlottenburg-Wilmersdorf,Accident with minor injuries,Collision with a turning/crossing vehicle,Others,Daylight,Dry,1727,343592.0
8813,8813,198116,2,Andreasviertel,2019,8,13,4,3,5,3,0,0,1,0,0,0,0,0.0,Friedrichshain-Kreuzberg,Accident with minor injuries,Collision with a turning/crossing vehicle,Turning/Crossing accident,Daylight,Dry,1381,290386.0
8814,8814,198117,12,Wittenau Süd,2019,8,16,3,3,3,6,0,0,1,0,0,0,0,0.0,Reinickendorf,Accident with minor injuries,Collision with a vehicle traveling laterally in the same direction,Collision involving vehicles going in the same way,Daylight,Dry,867,266408.0
8815,8815,198118,3,Weißer See,2019,8,13,4,3,5,3,0,0,1,0,0,0,0,0.0,Pankow,Accident with minor injuries,Collision with a turning/crossing vehicle,Turning/Crossing accident,Daylight,Dry,1219,409335.0
8816,8816,198119,2,Boxhagener Platz,2019,8,15,3,3,5,3,0,0,1,0,0,0,0,1.0,Friedrichshain-Kreuzberg,Accident with minor injuries,Collision with a turning/crossing vehicle,Turning/Crossing accident,Daylight,Wet/moist/slippery,1381,290386.0
8817,8817,198120,4,Alt-Lietzow,2019,8,13,4,2,1,5,0,0,1,0,0,0,1,0.0,Charlottenburg-Wilmersdorf,Accident with serious injuries,Collision with a moving/standing/parked vehicle,Accident involving parked vehicles,Daylight,Dry,1727,343592.0
8818,8818,198121,3,Volkspark Prenzlauer Berg,2019,8,15,3,3,5,2,0,1,1,0,0,0,0,1.0,Pankow,Accident with minor injuries,Collision with a turning/crossing vehicle,Turning accident,Daylight,Wet/moist/slippery,1219,409335.0
8819,8819,198122,6,Dahlem,2019,8,7,4,3,0,2,0,0,1,0,1,0,0,0.0,Steglitz-Zehlendorf,Accident with minor injuries,Others,Turning accident,Daylight,Dry,851,310071.0
8820,8820,198123,12,Wittenau Süd,2019,8,15,3,3,0,1,0,0,0,0,1,0,0,1.0,Reinickendorf,Accident with minor injuries,Others,Driving accident,Daylight,Wet/moist/slippery,867,266408.0
8821,8821,198124,7,Nollendorfplatz,2019,8,12,4,3,1,5,0,1,1,0,0,0,1,0.0,Tempelhof-Schöneberg,Accident with minor injuries,Collision with a moving/standing/parked vehicle,Accident involving parked vehicles,Daylight,Dry,1241,350984.0
8822,8822,198125,9,Dammvorstadt,2019,8,13,5,3,5,7,0,0,1,0,0,0,1,0.0,Treptow-Köpenick,Accident with minor injuries,Collision with a turning/crossing vehicle,Others,Daylight,Dry,892,273689.0
8823,8823,198126,10,Alt-Kaulsdorf,2019,8,13,5,3,1,5,0,1,1,0,0,0,0,0.0,Marzahn-Hellersdorf,Accident with minor injuries,Collision with a moving/standing/parked vehicle,Accident involving parked vehicles,Daylight,Dry,586,269967.0
8824,8824,198127,1,Rehberge,2019,8,13,5,3,5,2,0,1,1,0,0,0,0,0.0,Mitte,Accident with minor injuries,Collision with a turning/crossing vehicle,Turning accident,Daylight,Dry,2215,385748.0
8825,8825,198128,1,Unter den Linden Nord,2019,8,12,5,3,2,7,0,1,1,0,0,0,0,0.0,Mitte,Accident with minor injuries,Collision with the vehicle in front/waiting vehicle,Others,Daylight,Dry,2215,385748.0
8826,8826,198129,1,Elberfelder Straße,2019,8,9,5,2,2,7,0,0,1,0,0,0,0,0.0,Mitte,Accident with serious injuries,Collision with the vehicle in front/waiting vehicle,Others,Daylight,Dry,2215,385748.0
8827,8827,198130,4,Park Ruhwald,2019,8,9,5,2,5,2,0,1,0,0,0,1,0,0.0,Charlottenburg-Wilmersdorf,Accident with serious injuries,Collision with a turning/crossing vehicle,Turning accident,Daylight,Dry,1727,343592.0
8828,8828,198131,1,Heine-Viertel Ost,2019,8,9,5,3,5,2,0,0,1,0,1,0,0,0.0,Mitte,Accident with minor injuries,Collision with a turning/crossing vehicle,Turning accident,Daylight,Dry,2215,385748.0
8829,8829,198132,1,Sparrplatz,2019,8,9,5,3,0,5,0,0,1,0,1,0,0,0.0,Mitte,Accident with minor injuries,Others,Accident involving parked vehicles,Daylight,Dry,2215,385748.0
8830,8830,198133,11,Malchower Weg,2019,8,9,5,3,5,3,0,1,1,0,0,0,0,0.0,Lichtenberg,Accident with minor injuries,Collision with a turning/crossing vehicle,Turning/Crossing accident,Daylight,Dry,679,294201.0
8831,8831,198134,1,Reinickendorfer Straße,2019,8,8,5,3,5,3,0,0,1,0,0,0,0,0.0,Mitte,Accident with minor injuries,Collision with a turning/crossing vehicle,Turning/Crossing accident,Daylight,Dry,2215,385748.0
8832,8832,198135,7,Grazer Platz,2019,8,8,5,3,5,2,0,0,1,0,1,0,0,0.0,Tempelhof-Schöneberg,Accident with minor injuries,Collision with a turning/crossing vehicle,Turning accident,Daylight,Dry,1241,350984.0
8833,8833,198136,12,Scharnweberstraße,2019,8,8,5,3,3,6,0,0,1,0,0,1,0,0.0,Reinickendorf,Accident with minor injuries,Collision with a vehicle traveling laterally in the same direction,Collision involving vehicles going in the same way,Daylight,Dry,867,266408.0
8834,8834,198137,1,Lüneburger Straße,2019,8,8,5,3,5,2,0,1,1,0,0,0,0,0.0,Mitte,Accident with minor injuries,Collision with a turning/crossing vehicle,Turning accident,Daylight,Dry,2215,385748.0
8835,8835,198138,2,Friedenstraße,2019,8,8,5,3,5,2,0,1,1,0,0,0,0,0.0,Friedrichshain-Kreuzberg,Accident with minor injuries,Collision with a turning/crossing vehicle,Turning accident,Daylight,Dry,1381,290386.0
8836,8836,198139,9,Schnellerstraße,2019,8,7,5,3,5,2,0,1,1,0,0,0,0,0.0,Treptow-Köpenick,Accident with minor injuries,Collision with a turning/crossing vehicle,Turning accident,Daylight,Dry,892,273689.0
8837,8837,198140,7,Wittenbergplatz/Viktoria-Luise-Platz,2019,8,3,5,3,6,6,2,0,0,1,0,0,1,0.0,Tempelhof-Schöneberg,Accident with minor injuries,Collision between vehicle and pedestrian,Collision involving vehicles going in the same way,Dark,Dry,1241,350984.0
8838,8838,198141,12,Hermsdorf,2019,8,10,5,3,0,1,0,0,0,0,1,0,0,0.0,Reinickendorf,Accident with minor injuries,Others,Driving accident,Daylight,Dry,867,266408.0
8839,8839,198142,12,Scharnweberstraße,2019,8,16,4,3,5,2,0,1,1,0,0,0,0,0.0,Reinickendorf,Accident with minor injuries,Collision with a turning/crossing vehicle,Turning accident,Daylight,Dry,867,266408.0
8840,8840,198143,12,Ziekowstraße/Freie Scholle,2019,8,16,4,3,0,1,0,0,1,0,1,0,0,0.0,Reinickendorf,Accident with minor injuries,Others,Driving accident,Daylight,Dry,867,266408.0
8841,8841,198144,2,Rathaus Yorckstraße,2019,8,4,4,3,5,3,2,0,1,0,0,0,0,1.0,Friedrichshain-Kreuzberg,Accident with minor injuries,Collision with a turning/crossing vehicle,Turning/Crossing accident,Dark,Wet/moist/slippery,1381,290386.0
8842,8842,198145,3,Arnimplatz,2019,8,19,4,3,2,2,2,0,1,0,1,0,0,0.0,Pankow,Accident with minor injuries,Collision with the vehicle in front/waiting vehicle,Turning accident,Dark,Dry,1219,409335.0
8843,8843,198146,4,Alt-Lietzow,2019,8,19,4,3,5,3,1,0,1,0,1,0,0,0.0,Charlottenburg-Wilmersdorf,Accident with minor injuries,Collision with a turning/crossing vehicle,Turning/Crossing accident,Twilight,Dry,1727,343592.0
8844,8844,198147,6,Südende,2019,8,18,4,3,5,2,0,0,1,0,1,0,0,0.0,Steglitz-Zehlendorf,Accident with minor injuries,Collision with a turning/crossing vehicle,Turning accident,Daylight,Dry,851,310071.0
8845,8845,198148,7,Friedenau,2019,8,18,4,3,5,7,0,1,0,0,0,0,1,0.0,Tempelhof-Schöneberg,Accident with minor injuries,Collision with a turning/crossing vehicle,Others,Daylight,Dry,1241,350984.0
8846,8846,198149,2,Askanischer Platz,2019,8,17,4,3,1,5,0,0,1,0,1,0,0,0.0,Friedrichshain-Kreuzberg,Accident with minor injuries,Collision with a moving/standing/parked vehicle,Accident involving parked vehicles,Daylight,Dry,1381,290386.0
8847,8847,198150,2,Samariterviertel,2019,8,16,4,3,1,5,0,1,1,0,0,0,0,0.0,Friedrichshain-Kreuzberg,Accident with minor injuries,Collision with a moving/standing/parked vehicle,Accident involving parked vehicles,Daylight,Dry,1381,290386.0
8848,8848,198151,2,Graefekiez,2019,8,18,4,3,3,6,0,1,1,0,0,0,0,0.0,Friedrichshain-Kreuzberg,Accident with minor injuries,Collision with a vehicle traveling laterally in the same direction,Collision involving vehicles going in the same way,Daylight,Dry,1381,290386.0
8849,8849,198152,5,Döberitzer Weg,2019,8,17,4,3,0,3,0,1,1,0,0,0,0,0.0,Spandau,Accident with minor injuries,Others,Turning/Crossing accident,Daylight,Dry,798,245197.0
8850,8850,198153,6,Königsberger Straße,2019,8,14,4,2,2,6,0,0,1,0,0,0,1,0.0,Steglitz-Zehlendorf,Accident with serious injuries,Collision with the vehicle in front/waiting vehicle,Collision involving vehicles going in the same way,Daylight,Dry,851,310071.0
8851,8851,198154,7,Friedenau,2019,8,17,4,3,3,6,0,1,1,0,0,0,0,0.0,Tempelhof-Schöneberg,Accident with minor injuries,Collision with a vehicle traveling laterally in the same direction,Collision involving vehicles going in the same way,Daylight,Dry,1241,350984.0
8852,8852,198155,4,Nikolsburger Platz,2019,8,17,4,3,0,4,0,1,0,1,0,0,0,0.0,Charlottenburg-Wilmersdorf,Accident with minor injuries,Others,Pedestrian crossing accident,Daylight,Dry,1727,343592.0
8853,8853,198156,7,Nollendorfplatz,2019,8,15,4,3,3,6,0,1,1,0,0,0,0,0.0,Tempelhof-Schöneberg,Accident with minor injuries,Collision with a vehicle traveling laterally in the same direction,Collision involving vehicles going in the same way,Daylight,Dry,1241,350984.0
8854,8854,198157,7,Manteuffelstraße,2019,8,22,4,3,5,3,2,0,1,0,0,0,0,0.0,Tempelhof-Schöneberg,Accident with minor injuries,Collision with a turning/crossing vehicle,Turning/Crossing accident,Dark,Dry,1241,350984.0
8855,8855,198158,7,Kaiser-Wilhelm-Platz,2019,8,19,4,3,5,2,0,1,1,0,0,0,0,0.0,Tempelhof-Schöneberg,Accident with minor injuries,Collision with a turning/crossing vehicle,Turning accident,Daylight,Dry,1241,350984.0
8856,8856,198159,1,Brunnenstraße,2019,8,8,4,2,6,4,0,1,0,1,0,0,0,0.0,Mitte,Accident with serious injuries,Collision between vehicle and pedestrian,Pedestrian crossing accident,Daylight,Dry,2215,385748.0
8857,8857,198160,1,Leipziger Straße,2019,8,8,4,3,5,3,0,1,1,0,0,0,0,0.0,Mitte,Accident with minor injuries,Collision with a turning/crossing vehicle,Turning/Crossing accident,Daylight,Dry,2215,385748.0
8858,8858,198161,5,Alt-Gatow,2019,8,8,4,3,5,3,0,0,1,0,1,0,0,0.0,Spandau,Accident with minor injuries,Collision with a turning/crossing vehicle,Turning/Crossing accident,Daylight,Dry,798,245197.0
8859,8859,198162,2,Andreasviertel,2019,8,7,4,3,5,2,0,0,1,0,0,0,0,0.0,Friedrichshain-Kreuzberg,Accident with minor injuries,Collision with a turning/crossing vehicle,Turning accident,Daylight,Dry,1381,290386.0
8860,8860,198163,12,Klixstraße,2019,8,7,4,3,6,2,0,0,1,1,0,0,0,0.0,Reinickendorf,Accident with minor injuries,Collision between vehicle and pedestrian,Turning accident,Daylight,Dry,867,266408.0
8861,8861,198164,3,Buchholz,2019,8,7,4,3,6,2,0,0,1,1,0,0,0,0.0,Pankow,Accident with minor injuries,Collision between vehicle and pedestrian,Turning accident,Daylight,Dry,1219,409335.0
8862,8862,198165,5,Carl-Schurz-Straße,2019,8,6,4,2,0,6,1,0,1,0,1,0,0,0.0,Spandau,Accident with serious injuries,Others,Collision involving vehicles going in the same way,Twilight,Dry,798,245197.0
8863,8863,198166,8,Parchimer Allee,2019,8,6,4,3,5,3,0,1,0,0,0,0,1,0.0,Neukölln,Accident with minor injuries,Collision with a turning/crossing vehicle,Turning/Crossing accident,Daylight,Dry,934,329917.0
8864,8864,198167,7,Imbrosweg,2019,8,9,4,3,9,1,0,0,1,0,0,0,1,0.0,Tempelhof-Schöneberg,Accident with minor injuries,Departure from the roadway to the left,Driving accident,Daylight,Dry,1241,350984.0
8865,8865,198168,10,Marzahner Chaussee,2019,8,17,4,2,5,2,0,0,1,0,1,0,0,0.0,Marzahn-Hellersdorf,Accident with serious injuries,Collision with a turning/crossing vehicle,Turning accident,Daylight,Dry,586,269967.0
8866,8866,198169,1,Unter den Linden Süd,2019,8,16,4,2,5,3,0,1,1,0,0,0,0,0.0,Mitte,Accident with serious injuries,Collision with a turning/crossing vehicle,Turning/Crossing accident,Daylight,Dry,2215,385748.0
8867,8867,198170,7,Kaiser-Wilhelm-Platz,2019,8,15,4,3,0,1,0,0,1,0,1,0,0,0.0,Tempelhof-Schöneberg,Accident with minor injuries,Others,Driving accident,Daylight,Dry,1241,350984.0
8868,8868,198171,12,Alt-Tegel,2019,8,15,4,3,5,3,0,1,1,0,0,0,0,0.0,Reinickendorf,Accident with minor injuries,Collision with a turning/crossing vehicle,Turning/Crossing accident,Daylight,Dry,867,266408.0
8869,8869,198172,10,Marzahner Chaussee,2019,8,15,4,3,5,3,0,1,1,0,0,0,0,0.0,Marzahn-Hellersdorf,Accident with minor injuries,Collision with a turning/crossing vehicle,Turning/Crossing accident,Daylight,Dry,586,269967.0
8870,8870,198173,9,Johannisthal West,2019,8,15,4,3,6,4,0,0,1,1,0,0,0,0.0,Treptow-Köpenick,Accident with minor injuries,Collision between vehicle and pedestrian,Pedestrian crossing accident,Daylight,Dry,892,273689.0
8871,8871,198174,8,Reuterkiez,2019,8,15,4,3,5,2,0,1,1,0,0,0,0,0.0,Neukölln,Accident with minor injuries,Collision with a turning/crossing vehicle,Turning accident,Daylight,Dry,934,329917.0
8872,8872,198175,6,Thielallee,2019,8,14,4,2,5,3,0,1,1,0,0,0,0,0.0,Steglitz-Zehlendorf,Accident with serious injuries,Collision with a turning/crossing vehicle,Turning/Crossing accident,Daylight,Dry,851,310071.0
8873,8873,198176,9,Adlershof West,2019,8,14,4,3,5,2,0,0,1,0,0,0,0,0.0,Treptow-Köpenick,Accident with minor injuries,Collision with a turning/crossing vehicle,Turning accident,Daylight,Dry,892,273689.0
8874,8874,198177,2,Askanischer Platz,2019,8,12,4,3,5,3,0,1,1,0,0,0,0,0.0,Friedrichshain-Kreuzberg,Accident with minor injuries,Collision with a turning/crossing vehicle,Turning/Crossing accident,Daylight,Dry,1381,290386.0
8875,8875,198178,4,Schloßstraße,2019,8,11,4,3,5,2,0,1,0,0,1,0,0,0.0,Charlottenburg-Wilmersdorf,Accident with minor injuries,Collision with a turning/crossing vehicle,Turning accident,Daylight,Dry,1727,343592.0
8876,8876,198179,8,Buckow Ost,2019,8,10,4,2,2,6,0,0,1,0,1,0,0,0.0,Neukölln,Accident with serious injuries,Collision with the vehicle in front/waiting vehicle,Collision involving vehicles going in the same way,Daylight,Dry,934,329917.0
8877,8877,198180,9,Grünau,2019,8,9,4,3,5,3,0,0,1,0,0,0,1,0.0,Treptow-Köpenick,Accident with minor injuries,Collision with a turning/crossing vehicle,Turning/Crossing accident,Daylight,Dry,892,273689.0
8878,8878,198181,4,Plötzensee,2019,8,9,4,2,5,3,0,0,1,0,1,0,0,0.0,Charlottenburg-Wilmersdorf,Accident with serious injuries,Collision with a turning/crossing vehicle,Turning/Crossing accident,Daylight,Dry,1727,343592.0
8879,8879,198182,11,Dorf Falkenberg,2019,8,9,4,3,5,2,0,1,0,0,0,0,1,0.0,Lichtenberg,Accident with minor injuries,Collision with a turning/crossing vehicle,Turning accident,Daylight,Dry,679,294201.0
8880,8880,198183,10,Adele-Sandrock-Straße,2019,8,11,3,2,0,7,0,1,0,0,0,0,0,0.0,Marzahn-Hellersdorf,Accident with serious injuries,Others,Others,Daylight,Dry,586,269967.0
8881,8881,198184,7,Rathaus Tempelhof,2019,8,15,3,3,2,6,0,0,1,0,0,0,0,0.0,Tempelhof-Schöneberg,Accident with minor injuries,Collision with the vehicle in front/waiting vehicle,Collision involving vehicles going in the same way,Daylight,Dry,1241,350984.0
8882,8882,198185,7,Wittenbergplatz/Viktoria-Luise-Platz,2019,8,8,3,3,5,3,0,1,0,0,0,0,0,0.0,Tempelhof-Schöneberg,Accident with minor injuries,Collision with a turning/crossing vehicle,Turning/Crossing accident,Daylight,Dry,1241,350984.0
8883,8883,198186,12,Reinickes Hof,2019,8,21,3,3,0,1,2,0,0,0,1,0,0,0.0,Reinickendorf,Accident with minor injuries,Others,Driving accident,Dark,Dry,867,266408.0
8884,8884,198187,3,Pankow Zentrum,2019,8,20,3,3,2,6,2,1,0,0,0,0,0,0.0,Pankow,Accident with minor injuries,Collision with the vehicle in front/waiting vehicle,Collision involving vehicles going in the same way,Dark,Dry,1219,409335.0
8885,8885,198188,1,Wilhelmstraße,2019,8,18,3,3,5,3,0,1,0,0,0,0,0,0.0,Mitte,Accident with minor injuries,Collision with a turning/crossing vehicle,Turning/Crossing accident,Daylight,Dry,2215,385748.0
8886,8886,198189,6,Augustaplatz,2019,8,16,3,3,5,3,0,0,1,0,0,0,0,0.0,Steglitz-Zehlendorf,Accident with minor injuries,Collision with a turning/crossing vehicle,Turning/Crossing accident,Daylight,Dry,851,310071.0
8887,8887,198190,8,Gropiusstadt Nord,2019,8,19,3,2,1,1,0,0,1,0,0,0,1,0.0,Neukölln,Accident with serious injuries,Collision with a moving/standing/parked vehicle,Driving accident,Daylight,Dry,934,329917.0
8888,8888,198191,2,Mehringplatz,2019,8,16,3,3,2,6,0,0,1,0,0,0,0,0.0,Friedrichshain-Kreuzberg,Accident with minor injuries,Collision with the vehicle in front/waiting vehicle,Collision involving vehicles going in the same way,Daylight,Dry,1381,290386.0
8889,8889,198192,8,Donaustraße,2019,8,16,3,3,2,6,0,0,1,0,0,0,1,0.0,Neukölln,Accident with minor injuries,Collision with the vehicle in front/waiting vehicle,Collision involving vehicles going in the same way,Daylight,Dry,934,329917.0
8890,8890,198193,12,Dannenwalder Weg,2019,8,15,3,3,0,1,0,0,1,0,1,0,0,0.0,Reinickendorf,Accident with minor injuries,Others,Driving accident,Daylight,Dry,867,266408.0
8891,8891,198194,12,Heiligensee,2019,8,15,3,3,5,3,0,1,0,0,0,0,0,0.0,Reinickendorf,Accident with minor injuries,Collision with a turning/crossing vehicle,Turning/Crossing accident,Daylight,Dry,867,266408.0
8892,8892,198195,2,Mehringplatz,2019,8,14,3,3,6,2,0,0,0,1,0,1,0,0.0,Friedrichshain-Kreuzberg,Accident with minor injuries,Collision between vehicle and pedestrian,Turning accident,Daylight,Dry,1381,290386.0
8893,8893,198196,4,Paul-Hertz-Siedlung,2019,8,14,3,3,5,3,0,1,1,0,0,0,0,0.0,Charlottenburg-Wilmersdorf,Accident with minor injuries,Collision with a turning/crossing vehicle,Turning/Crossing accident,Daylight,Dry,1727,343592.0
8894,8894,198197,1,Sparrplatz,2019,8,18,3,3,5,2,0,1,1,0,0,0,0,0.0,Mitte,Accident with minor injuries,Collision with a turning/crossing vehicle,Turning accident,Daylight,Dry,2215,385748.0
8895,8895,198198,1,Wilhelmstraße,2019,8,18,3,3,1,5,0,1,1,0,0,0,0,0.0,Mitte,Accident with minor injuries,Collision with a moving/standing/parked vehicle,Accident involving parked vehicles,Daylight,Dry,2215,385748.0
8896,8896,198199,2,Moritzplatz,2019,8,18,3,3,0,7,0,0,1,0,0,0,1,0.0,Friedrichshain-Kreuzberg,Accident with minor injuries,Others,Others,Daylight,Dry,1381,290386.0