,Unnamed: 0,object id,district,street,year,month,hour of day,weekday,category,accident type,accident type 2,light situation,bike involved,car involved,pedestrian involved,motor bike involved,big track involved,other vehicle involved,road condition,district name,category name,accident detail,accident type detail,light condition,road condition detail,accident count by district,est. population
9137,9137,198440,1,Gesundbrunnen,2019,8,15,5,3,3,6,0,0,1,0,0,0,0,0.0,Mitte,Accident with minor injuries,Collision with a vehicle traveling laterally in the same direction,Collision involving vehicles going in the same way,Daylight,Dry,2215,385748.0
9138,9138,198441,12,Frohnau,2019,8,7,5,3,5,3,0,1,1,0,0,0,0,0.0,Reinickendorf,Accident with minor injuries,Collision with a turning/crossing vehicle,Turning/Crossing accident,Daylight,Dry,867,266408.0
9139,9139,198442,8,Rollberg,2019,8,7,5,3,5,2,0,1,1,0,0,0,0,0.0,Neukölln,Accident with minor injuries,Collision with a turning/crossing vehicle,Turning accident,Daylight,Dry,934,329917.0
9140,9140,198443,2,Oranienplatz,2019,8,23,5,2,6,6,2,0,1,1,0,0,0,0.0,Friedrichshain-Kreuzberg,Accident with serious injuries,Collision between vehicle and pedestrian,Collision involving vehicles going in the same way,Dark,Dry,1381,290386.0
9141,9141,198444,3,Winsstraße,2019,8,7,5,3,1,5,0,1,1,0,0,0,0,0.0,Pankow,Accident with minor injuries,Collision with a moving/standing/parked vehicle,Accident involving parked vehicles,Daylight,Dry,1219,409335.0
9142,9142,198445,2,Graefekiez,2019,8,22,5,3,1,5,2,1,1,0,1,0,0,0.0,Friedrichshain-Kreuzberg,Accident with minor injuries,Collision with a moving/standing/parked vehicle,Accident involving parked vehicles,Dark,Dry,1381,290386.0
9143,9143,198446,9,Dorf Altglienicke,2019,8,5,5,3,5,3,0,1,1,0,0,0,0,0.0,Treptow-Köpenick,Accident with minor injuries,Collision with a turning/crossing vehicle,Turning/Crossing accident,Daylight,Dry,892,273689.0
9144,9144,198447,1,Westliche Müllerstraße,2019,8,7,5,3,5,3,0,0,1,0,0,0,0,0.0,Mitte,Accident with minor injuries,Collision with a turning/crossing vehicle,Turning/Crossing accident,Daylight,Dry,2215,385748.0
9145,9145,198448,3,Pankow Süd,2019,8,10,5,3,2,6,0,1,1,0,0,0,0,0.0,Pankow,Accident with minor injuries,Collision with the vehicle in front/waiting vehicle,Collision involving vehicles going in the same way,Daylight,Dry,1219,409335.0
9146,9146,198449,8,Parchimer Allee,2019,8,7,5,3,2,6,0,0,1,0,1,0,0,0.0,Neukölln,Accident with minor injuries,Collision with the vehicle in front/waiting vehicle,Collision involving vehicles going in the same way,Daylight,Dry,934,329917.0
9147,9147,198450,1,Unter den Linden Süd,2019,8,18,4,2,6,4,1,1,0,1,0,0,0,0.0,Mitte,Accident with serious injuries,Collision between vehicle and pedestrian,Pedestrian crossing accident,Twilight,Dry,2215,385748.0
9148,9148,198451,4,Wilhelmsaue,2019,8,20,5,3,0,7,1,1,0,0,0,0,0,0.0,Charlottenburg-Wilmersdorf,Accident with minor injuries,Others,Others,Twilight,Dry,1727,343592.0
9149,9149,198452,4,Nikolsburger Platz,2019,8,8,4,3,5,3,0,0,1,0,0,0,0,0.0,Charlottenburg-Wilmersdorf,Accident with minor injuries,Collision with a turning/crossing vehicle,Turning/Crossing accident,Daylight,Dry,1727,343592.0
9150,9150,198453,1,Unter den Linden Süd,2019,8,18,4,3,6,4,1,1,0,1,0,0,0,0.0,Mitte,Accident with minor injuries,Collision between vehicle and pedestrian,Pedestrian crossing accident,Twilight,Dry,2215,385748.0
9151,9151,198454,11,Stralauer Kiez,2019,8,19,5,3,5,2,0,1,0,0,1,0,0,0.0,Lichtenberg,Accident with minor injuries,Collision with a turning/crossing vehicle,Turning accident,Daylight,Dry,679,294201.0
9152,9152,198455,2,Mehringplatz,2019,8,12,4,3,5,2,0,1,0,0,0,0,1,0.0,Friedrichshain-Kreuzberg,Accident with minor injuries,Collision with a turning/crossing vehicle,Turning accident,Daylight,Dry,1381,290386.0
9153,9153,198456,3,Anton-Saefkow-Park,2019,8,18,5,2,5,3,0,1,0,0,0,0,0,0.0,Pankow,Accident with serious injuries,Collision with a turning/crossing vehicle,Turning/Crossing accident,Daylight,Dry,1219,409335.0
9154,9154,198457,6,Markelstraße,2019,8,9,4,3,2,7,0,0,1,0,0,0,0,0.0,Steglitz-Zehlendorf,Accident with minor injuries,Collision with the vehicle in front/waiting vehicle,Others,Daylight,Dry,851,310071.0
9155,9155,198458,6,Alt-Lankwitz,2019,8,18,5,3,2,6,0,0,1,0,0,0,0,0.0,Steglitz-Zehlendorf,Accident with minor injuries,Collision with the vehicle in front/waiting vehicle,Collision involving vehicles going in the same way,Daylight,Dry,851,310071.0
9156,9156,198459,6,Kaiser-Wilhelm-Straße,2019,8,12,4,3,0,6,0,1,1,0,0,0,0,0.0,Steglitz-Zehlendorf,Accident with minor injuries,Others,Collision involving vehicles going in the same way,Daylight,Dry,851,310071.0
9157,9157,198460,2,Reichenberger Straße,2019,8,18,5,3,5,2,0,0,1,0,1,0,0,0.0,Friedrichshain-Kreuzberg,Accident with minor injuries,Collision with a turning/crossing vehicle,Turning accident,Daylight,Dry,1381,290386.0
9158,9158,198461,12,Scharnweberstraße,2019,8,21,4,2,1,5,2,0,1,0,1,0,0,0.0,Reinickendorf,Accident with serious injuries,Collision with a moving/standing/parked vehicle,Accident involving parked vehicles,Dark,Dry,867,266408.0
9159,9159,198462,10,Springpfuhl,2019,8,21,4,2,5,2,2,0,1,0,1,0,0,0.0,Marzahn-Hellersdorf,Accident with serious injuries,Collision with a turning/crossing vehicle,Turning accident,Dark,Dry,586,269967.0
9160,9160,198463,7,Manteuffelstraße,2019,8,14,5,3,2,6,0,0,1,0,0,0,1,0.0,Tempelhof-Schöneberg,Accident with minor injuries,Collision with the vehicle in front/waiting vehicle,Collision involving vehicles going in the same way,Daylight,Dry,1241,350984.0
9161,9161,198464,4,Bismarckallee,2019,8,14,5,2,0,7,0,1,0,0,0,0,0,0.0,Charlottenburg-Wilmersdorf,Accident with serious injuries,Others,Others,Daylight,Dry,1727,343592.0
9162,9162,198465,6,Botanischer Garten,2019,8,19,4,3,5,3,0,1,1,0,0,0,0,0.0,Steglitz-Zehlendorf,Accident with minor injuries,Collision with a turning/crossing vehicle,Turning/Crossing accident,Daylight,Dry,851,310071.0
9163,9163,198466,2,Oranienplatz,2019,8,18,4,3,5,3,0,1,0,0,0,0,1,0.0,Friedrichshain-Kreuzberg,Accident with minor injuries,Collision with a turning/crossing vehicle,Turning/Crossing accident,Daylight,Dry,1381,290386.0
9164,9164,198467,6,Krumme Lanke,2019,8,14,5,3,0,5,0,0,0,0,1,0,1,0.0,Steglitz-Zehlendorf,Accident with minor injuries,Others,Accident involving parked vehicles,Daylight,Dry,851,310071.0
9165,9165,198468,4,Eisenzahnstraße,2019,8,18,4,3,5,3,0,1,1,0,0,0,0,0.0,Charlottenburg-Wilmersdorf,Accident with minor injuries,Collision with a turning/crossing vehicle,Turning/Crossing accident,Daylight,Dry,1727,343592.0
9166,9166,198469,8,Buckow Ost,2019,8,14,5,3,5,3,0,0,1,0,0,0,1,0.0,Neukölln,Accident with minor injuries,Collision with a turning/crossing vehicle,Turning/Crossing accident,Daylight,Dry,934,329917.0
9167,9167,198470,10,Gewerbegebiet Bitterfelder Straße,2019,8,19,4,2,1,1,0,0,1,0,1,0,0,0.0,Marzahn-Hellersdorf,Accident with serious injuries,Collision with a moving/standing/parked vehicle,Driving accident,Daylight,Dry,586,269967.0
9168,9168,198471,7,John-Locke-Straße,2019,8,13,5,2,1,5,0,0,1,0,1,0,0,0.0,Tempelhof-Schöneberg,Accident with serious injuries,Collision with a moving/standing/parked vehicle,Accident involving parked vehicles,Daylight,Dry,1241,350984.0
9169,9169,198472,12,Breitkopfbecken,2019,8,16,4,2,0,7,0,0,1,1,0,0,0,0.0,Reinickendorf,Accident with serious injuries,Others,Others,Daylight,Dry,867,266408.0
9170,9170,198473,1,Oranienburger Straße,2019,8,13,5,3,6,4,0,1,0,1,0,0,0,0.0,Mitte,Accident with minor injuries,Collision between vehicle and pedestrian,Pedestrian crossing accident,Daylight,Dry,2215,385748.0
9171,9171,198474,7,Manteuffelstraße,2019,8,18,4,3,5,2,0,1,1,0,0,0,0,0.0,Tempelhof-Schöneberg,Accident with minor injuries,Collision with a turning/crossing vehicle,Turning accident,Daylight,Dry,1241,350984.0
9172,9172,198475,9,Dammvorstadt,2019,8,12,5,3,3,6,0,0,1,0,0,0,0,0.0,Treptow-Köpenick,Accident with minor injuries,Collision with a vehicle traveling laterally in the same direction,Collision involving vehicles going in the same way,Daylight,Dry,892,273689.0
9173,9173,198476,1,Charitéviertel,2019,8,17,4,3,0,5,0,1,1,0,0,0,0,0.0,Mitte,Accident with minor injuries,Others,Accident involving parked vehicles,Daylight,Dry,2215,385748.0
9174,9174,198477,4,Flinsberger Platz,2019,8,10,5,3,2,6,0,0,1,0,0,0,1,0.0,Charlottenburg-Wilmersdorf,Accident with minor injuries,Collision with the vehicle in front/waiting vehicle,Collision involving vehicles going in the same way,Daylight,Dry,1727,343592.0
9175,9175,198478,2,Wriezener Bahnhof/Entwicklungsgebiet,2019,8,9,5,3,3,6,0,1,1,0,0,0,0,0.0,Friedrichshain-Kreuzberg,Accident with minor injuries,Collision with a vehicle traveling laterally in the same direction,Collision involving vehicles going in the same way,Daylight,Dry,1381,290386.0
9176,9176,198479,8,Rollberg,2019,8,9,5,3,5,2,0,1,1,0,0,0,0,0.0,Neukölln,Accident with minor injuries,Collision with a turning/crossing vehicle,Turning accident,Daylight,Dry,934,329917.0
9177,9177,198480,6,Markelstraße,2019,8,8,5,3,2,6,0,1,1,0,0,0,0,0.0,Steglitz-Zehlendorf,Accident with minor injuries,Collision with the vehicle in front/waiting vehicle,Collision involving vehicles going in the same way,Daylight,Dry,851,310071.0
9178,9178,198481,1,Oranienburger Straße,2019,8,8,5,3,2,6,0,0,1,0,1,1,0,0.0,Mitte,Accident with minor injuries,Collision with the vehicle in front/waiting vehicle,Collision involving vehicles going in the same way,Daylight,Dry,2215,385748.0
9179,9179,198482,3,Heinersdorf,2019,8,7,5,3,5,3,0,1,1,0,0,0,0,0.0,Pankow,Accident with minor injuries,Collision with a turning/crossing vehicle,Turning/Crossing accident,Daylight,Dry,1219,409335.0
9180,9180,198483,2,Graefekiez,2019,8,7,5,3,2,6,0,0,1,0,0,0,0,0.0,Friedrichshain-Kreuzberg,Accident with minor injuries,Collision with the vehicle in front/waiting vehicle,Collision involving vehicles going in the same way,Daylight,Dry,1381,290386.0
9181,9181,198484,2,Mehringplatz,2019,8,7,5,3,5,2,0,1,1,0,0,0,0,0.0,Friedrichshain-Kreuzberg,Accident with minor injuries,Collision with a turning/crossing vehicle,Turning accident,Daylight,Dry,1381,290386.0
9182,9182,198485,9,Köpenick Nord,2019,8,7,5,3,5,2,0,1,1,0,0,0,0,0.0,Treptow-Köpenick,Accident with minor injuries,Collision with a turning/crossing vehicle,Turning accident,Daylight,Dry,892,273689.0
9183,9183,198486,11,Wartenberg Süd,2019,8,18,5,2,1,1,0,0,1,0,1,0,0,0.0,Lichtenberg,Accident with serious injuries,Collision with a moving/standing/parked vehicle,Driving accident,Daylight,Dry,679,294201.0
9184,9184,198487,9,Bölschestraße,2019,8,16,5,2,0,3,0,0,1,0,1,0,0,0.0,Treptow-Köpenick,Accident with serious injuries,Others,Turning/Crossing accident,Daylight,Dry,892,273689.0
9185,9185,198488,6,Hindenburgdamm,2019,8,10,5,2,1,5,0,1,1,0,0,0,0,0.0,Steglitz-Zehlendorf,Accident with serious injuries,Collision with a moving/standing/parked vehicle,Accident involving parked vehicles,Daylight,Dry,851,310071.0
9186,9186,198489,7,Dennewitzplatz,2019,8,14,5,2,0,1,0,1,0,0,0,0,0,0.0,Tempelhof-Schöneberg,Accident with serious injuries,Others,Driving accident,Daylight,Dry,1241,350984.0
9187,9187,198490,5,Graetschelsteig,2019,8,14,5,2,5,3,0,0,1,0,0,0,0,0.0,Spandau,Accident with serious injuries,Collision with a turning/crossing vehicle,Turning/Crossing accident,Daylight,Dry,798,245197.0
9188,9188,198491,5,Werkstraße,2019,8,13,5,2,5,3,0,0,1,0,1,0,0,0.0,Spandau,Accident with serious injuries,Collision with a turning/crossing vehicle,Turning/Crossing accident,Daylight,Dry,798,245197.0
9189,9189,198492,8,Alt-Rudow,2019,8,9,5,2,5,3,0,0,1,0,1,0,0,0.0,Neukölln,Accident with serious injuries,Collision with a turning/crossing vehicle,Turning/Crossing accident,Daylight,Dry,934,329917.0
9190,9190,198493,2,Lausitzer Platz,2019,8,7,5,2,2,6,0,0,1,0,1,0,0,0.0,Friedrichshain-Kreuzberg,Accident with serious injuries,Collision with the vehicle in front/waiting vehicle,Collision involving vehicles going in the same way,Daylight,Dry,1381,290386.0
9191,9191,198494,1,Leopoldplatz,2019,8,12,5,3,3,6,0,0,1,0,0,0,0,0.0,Mitte,Accident with minor injuries,Collision with a vehicle traveling laterally in the same direction,Collision involving vehicles going in the same way,Daylight,Dry,2215,385748.0
9192,9192,198495,7,Dennewitzplatz,2019,8,5,5,3,1,5,2,1,1,0,0,0,0,0.0,Tempelhof-Schöneberg,Accident with minor injuries,Collision with a moving/standing/parked vehicle,Accident involving parked vehicles,Dark,Dry,1241,350984.0
9193,9193,198496,5,Carl-Schurz-Straße,2019,8,13,5,3,1,5,0,1,1,0,0,0,0,0.0,Spandau,Accident with minor injuries,Collision with a moving/standing/parked vehicle,Accident involving parked vehicles,Daylight,Dry,798,245197.0
9194,9194,198497,3,Pankow Süd,2019,8,7,4,3,6,4,0,1,0,1,0,0,0,0.0,Pankow,Accident with minor injuries,Collision between vehicle and pedestrian,Pedestrian crossing accident,Daylight,Dry,1219,409335.0
9195,9195,198498,8,Rixdorf,2019,8,8,4,3,6,4,0,1,0,1,0,0,0,0.0,Neukölln,Accident with minor injuries,Collision between vehicle and pedestrian,Pedestrian crossing accident,Daylight,Dry,934,329917.0
9196,9196,198499,6,Hüttenweg,2019,8,21,4,3,1,5,2,1,1,0,0,0,0,0.0,Steglitz-Zehlendorf,Accident with minor injuries,Collision with a moving/standing/parked vehicle,Accident involving parked vehicles,Dark,Dry,851,310071.0
9197,9197,198500,1,Großer Tiergarten,2019,8,20,4,3,0,7,1,0,0,0,1,0,1,1.0,Mitte,Accident with minor injuries,Others,Others,Twilight,Wet/moist/slippery,2215,385748.0
9198,9198,198501,5,Darbystraße,2019,8,20,4,3,0,2,0,0,1,0,1,0,0,0.0,Spandau,Accident with minor injuries,Others,Turning accident,Daylight,Dry,798,245197.0
9199,9199,198502,7,Kaiser-Wilhelm-Platz,2019,8,18,4,3,0,3,0,0,1,0,1,0,0,0.0,Tempelhof-Schöneberg,Accident with minor injuries,Others,Turning/Crossing accident,Daylight,Dry,1241,350984.0
9200,9200,198503,3,Greifswalder Straße,2019,8,17,4,3,6,4,0,1,0,1,0,0,0,0.0,Pankow,Accident with minor injuries,Collision between vehicle and pedestrian,Pedestrian crossing accident,Daylight,Dry,1219,409335.0
9201,9201,198504,2,Graefekiez,2019,8,18,4,3,3,6,0,1,1,0,0,0,0,0.0,Friedrichshain-Kreuzberg,Accident with minor injuries,Collision with a vehicle traveling laterally in the same direction,Collision involving vehicles going in the same way,Daylight,Dry,1381,290386.0
9202,9202,198505,1,Humboldthain Nordwest,2019,8,18,4,3,2,6,0,0,1,0,1,0,0,0.0,Mitte,Accident with minor injuries,Collision with the vehicle in front/waiting vehicle,Collision involving vehicles going in the same way,Daylight,Dry,2215,385748.0
9203,9203,198506,10,Mahlsdorf Nord,2019,8,17,4,3,1,5,0,1,1,0,0,0,0,0.0,Marzahn-Hellersdorf,Accident with minor injuries,Collision with a moving/standing/parked vehicle,Accident involving parked vehicles,Daylight,Dry,586,269967.0
9204,9204,198507,11,Rummelsburg,2019,8,17,4,3,5,2,0,1,0,0,0,0,1,0.0,Lichtenberg,Accident with minor injuries,Collision with a turning/crossing vehicle,Turning accident,Daylight,Dry,679,294201.0
9205,9205,198508,3,Komponistenviertel Weißensee,2019,8,15,4,3,6,2,0,0,1,1,0,0,0,0.0,Pankow,Accident with minor injuries,Collision between vehicle and pedestrian,Turning accident,Daylight,Dry,1219,409335.0
9206,9206,198509,2,Hausburgviertel,2019,8,17,4,3,5,3,0,1,1,0,0,0,0,0.0,Friedrichshain-Kreuzberg,Accident with minor injuries,Collision with a turning/crossing vehicle,Turning/Crossing accident,Daylight,Dry,1381,290386.0
9207,9207,198510,4,Richard-Wagner-Straße,2019,8,16,4,3,2,6,0,0,1,0,0,0,1,0.0,Charlottenburg-Wilmersdorf,Accident with minor injuries,Collision with the vehicle in front/waiting vehicle,Collision involving vehicles going in the same way,Daylight,Dry,1727,343592.0
9208,9208,198511,12,Reinickes Hof,2019,8,17,4,3,5,2,0,1,1,0,0,0,0,0.0,Reinickendorf,Accident with minor injuries,Collision with a turning/crossing vehicle,Turning accident,Daylight,Dry,867,266408.0
9209,9209,198512,2,Boxhagener Platz,2019,8,16,4,3,2,6,0,0,0,0,0,0,1,0.0,Friedrichshain-Kreuzberg,Accident with minor injuries,Collision with the vehicle in front/waiting vehicle,Collision involving vehicles going in the same way,Daylight,Dry,1381,290386.0
9210,9210,198513,2,Friedenstraße,2019,8,16,4,3,0,3,0,0,1,0,1,0,0,0.0,Friedrichshain-Kreuzberg,Accident with minor injuries,Others,Turning/Crossing accident,Daylight,Dry,1381,290386.0
9211,9211,198514,8,Handwerker-Siedlung,2019,8,16,4,3,5,3,0,0,1,0,0,0,0,0.0,Neukölln,Accident with minor injuries,Collision with a turning/crossing vehicle,Turning/Crossing accident,Daylight,Dry,934,329917.0
9212,9212,198515,4,Wilhelmsaue,2019,8,15,4,3,6,4,0,1,0,1,0,0,0,0.0,Charlottenburg-Wilmersdorf,Accident with minor injuries,Collision between vehicle and pedestrian,Pedestrian crossing accident,Daylight,Dry,1727,343592.0
9213,9213,198516,6,Botanischer Garten,2019,8,15,4,3,0,1,0,1,0,0,0,0,0,0.0,Steglitz-Zehlendorf,Accident with minor injuries,Others,Driving accident,Daylight,Dry,851,310071.0
9214,9214,198517,8,Buschkrugallee Nord,2019,8,15,4,3,5,2,0,0,1,0,0,0,0,0.0,Neukölln,Accident with minor injuries,Collision with a turning/crossing vehicle,Turning accident,Daylight,Dry,934,329917.0
9215,9215,198518,1,Elberfelder Straße,2019,8,15,4,3,0,6,0,0,1,0,1,0,0,0.0,Mitte,Accident with minor injuries,Others,Collision involving vehicles going in the same way,Daylight,Dry,2215,385748.0
9216,9216,198519,3,Eldenaer Straße,2019,8,15,4,3,5,3,0,1,0,0,0,0,0,0.0,Pankow,Accident with minor injuries,Collision with a turning/crossing vehicle,Turning/Crossing accident,Daylight,Dry,1219,409335.0
9217,9217,198520,9,Adlershof Ost,2019,8,14,4,3,0,1,0,1,0,0,0,0,0,0.0,Treptow-Köpenick,Accident with minor injuries,Others,Driving accident,Daylight,Dry,892,273689.0
9218,9218,198521,9,Oberschöneweide West,2019,8,14,4,3,5,7,0,0,1,0,1,0,0,0.0,Treptow-Köpenick,Accident with minor injuries,Collision with a turning/crossing vehicle,Others,Daylight,Dry,892,273689.0
9219,9219,198522,1,Schillerpark,2019,8,14,4,3,1,5,0,0,1,0,0,0,0,0.0,Mitte,Accident with minor injuries,Collision with a moving/standing/parked vehicle,Accident involving parked vehicles,Daylight,Dry,2215,385748.0
9220,9220,198523,9,Hirschgarten,2019,8,14,4,3,5,3,0,0,1,0,0,0,1,0.0,Treptow-Köpenick,Accident with minor injuries,Collision with a turning/crossing vehicle,Turning/Crossing accident,Daylight,Dry,892,273689.0
9221,9221,198524,1,Leopoldplatz,2019,8,13,4,3,5,3,0,0,1,0,0,0,0,0.0,Mitte,Accident with minor injuries,Collision with a turning/crossing vehicle,Turning/Crossing accident,Daylight,Dry,2215,385748.0
9222,9222,198525,4,Flinsberger Platz,2019,8,13,4,3,2,6,0,0,1,0,0,0,0,0.0,Charlottenburg-Wilmersdorf,Accident with minor injuries,Collision with the vehicle in front/waiting vehicle,Collision involving vehicles going in the same way,Daylight,Dry,1727,343592.0
9223,9223,198526,8,Hasenheide,2019,8,13,4,3,5,2,0,1,1,0,0,0,0,0.0,Neukölln,Accident with minor injuries,Collision with a turning/crossing vehicle,Turning accident,Daylight,Dry,934,329917.0
9224,9224,198527,5,Gartenfelder Straße,2019,8,12,4,3,6,4,0,1,0,1,0,0,0,0.0,Spandau,Accident with minor injuries,Collision between vehicle and pedestrian,Pedestrian crossing accident,Daylight,Dry,798,245197.0
9225,9225,198528,1,Soldiner Straße,2019,8,12,4,3,1,5,0,1,1,0,0,0,0,0.0,Mitte,Accident with minor injuries,Collision with a moving/standing/parked vehicle,Accident involving parked vehicles,Daylight,Dry,2215,385748.0
9226,9226,198529,2,Urbanstraße,2019,8,11,4,3,5,3,0,1,1,0,0,0,0,0.0,Friedrichshain-Kreuzberg,Accident with minor injuries,Collision with a turning/crossing vehicle,Turning/Crossing accident,Daylight,Dry,1381,290386.0
9227,9227,198530,1,Invalidenstraße,2019,8,11,4,3,6,4,0,0,0,1,0,0,1,0.0,Mitte,Accident with minor injuries,Collision between vehicle and pedestrian,Pedestrian crossing accident,Daylight,Dry,2215,385748.0
9228,9228,198531,8,Schillerpromenade,2019,8,10,4,3,2,6,0,0,1,0,1,0,0,0.0,Neukölln,Accident with minor injuries,Collision with the vehicle in front/waiting vehicle,Collision involving vehicles going in the same way,Daylight,Dry,934,329917.0
9229,9229,198532,4,Babelsberger Straße,2019,8,10,4,3,5,2,0,1,1,0,0,0,0,0.0,Charlottenburg-Wilmersdorf,Accident with minor injuries,Collision with a turning/crossing vehicle,Turning accident,Daylight,Dry,1727,343592.0
9230,9230,198533,4,Stadion Wilmersdorf,2019,8,10,4,3,5,2,0,1,0,0,0,0,1,0.0,Charlottenburg-Wilmersdorf,Accident with minor injuries,Collision with a turning/crossing vehicle,Turning accident,Daylight,Dry,1727,343592.0
9231,9231,198534,1,Oranienburger Straße,2019,8,9,4,3,5,2,0,1,1,0,0,0,0,0.0,Mitte,Accident with minor injuries,Collision with a turning/crossing vehicle,Turning accident,Daylight,Dry,2215,385748.0
9232,9232,198535,12,Ziekowstraße/Freie Scholle,2019,8,9,4,3,4,6,0,1,0,0,0,0,0,0.0,Reinickendorf,Accident with minor injuries,Collision with oncoming vehicle,Collision involving vehicles going in the same way,Daylight,Dry,867,266408.0
9233,9233,198536,3,Volkspark Prenzlauer Berg,2019,8,8,4,3,6,4,0,0,1,1,0,0,0,0.0,Pankow,Accident with minor injuries,Collision between vehicle and pedestrian,Pedestrian crossing accident,Daylight,Dry,1219,409335.0
9234,9234,198537,1,Rehberge,2019,8,8,4,3,2,7,0,0,1,0,0,0,0,0.0,Mitte,Accident with minor injuries,Collision with the vehicle in front/waiting vehicle,Others,Daylight,Dry,2215,385748.0
9235,9235,198538,1,Humboldthain Nordwest,2019,8,7,4,3,6,4,0,1,0,1,0,0,0,0.0,Mitte,Accident with minor injuries,Collision between vehicle and pedestrian,Pedestrian crossing accident,Daylight,Dry,2215,385748.0
9236,9236,198539,1,Gesundbrunnen,2019,8,7,4,3,1,5,0,1,0,0,0,0,1,0.0,Mitte,Accident with minor injuries,Collision with a moving/standing/parked vehicle,Accident involving parked vehicles,Daylight,Dry,2215,385748.0
9237,9237,198540,5,Gartenfelder Straße,2019,8,7,4,3,3,6,0,0,1,0,0,1,0,0.0,Spandau,Accident with minor injuries,Collision with a vehicle traveling laterally in the same direction,Collision involving vehicles going in the same way,Daylight,Dry,798,245197.0
9238,9238,198541,7,Marienhöhe,2019,8,1,4,3,8,1,2,0,1,0,0,0,0,0.0,Tempelhof-Schöneberg,Accident with minor injuries,Departure from the roadway to the right,Driving accident,Dark,Dry,1241,350984.0
9239,9239,198542,8,Flughafenstraße,2019,8,1,4,3,5,2,2,0,1,0,0,0,0,0.0,Neukölln,Accident with minor injuries,Collision with a turning/crossing vehicle,Turning accident,Dark,Dry,934,329917.0
9240,9240,198543,1,Lüneburger Straße,2019,8,20,4,3,5,2,1,1,1,0,0,0,0,0.0,Mitte,Accident with minor injuries,Collision with a turning/crossing vehicle,Turning accident,Twilight,Dry,2215,385748.0
9241,9241,198544,2,Stralauer Kiez,2019,8,12,4,3,0,2,0,1,1,0,0,0,0,0.0,Friedrichshain-Kreuzberg,Accident with minor injuries,Others,Turning accident,Daylight,Dry,1381,290386.0
9242,9242,198545,5,Carl-Schurz-Straße,2019,8,17,4,2,5,3,0,1,1,0,0,0,0,0.0,Spandau,Accident with serious injuries,Collision with a turning/crossing vehicle,Turning/Crossing accident,Daylight,Dry,798,245197.0
9243,9243,198546,9,Schnellerstraße,2019,8,14,4,2,3,6,0,1,0,0,0,0,0,0.0,Treptow-Köpenick,Accident with serious injuries,Collision with a vehicle traveling laterally in the same direction,Collision involving vehicles going in the same way,Daylight,Dry,892,273689.0
9244,9244,198547,1,Schillerpark,2019,8,12,4,2,6,4,0,0,0,1,1,0,0,0.0,Mitte,Accident with serious injuries,Collision between vehicle and pedestrian,Pedestrian crossing accident,Daylight,Dry,2215,385748.0
9245,9245,198548,10,Alt-Kaulsdorf,2019,8,7,4,2,5,3,0,1,1,0,0,0,0,0.0,Marzahn-Hellersdorf,Accident with serious injuries,Collision with a turning/crossing vehicle,Turning/Crossing accident,Daylight,Dry,586,269967.0
9246,9246,198549,11,Hauptstraße,2019,8,6,4,2,5,3,0,1,1,0,0,0,0,0.0,Lichtenberg,Accident with serious injuries,Collision with a turning/crossing vehicle,Turning/Crossing accident,Daylight,Dry,679,294201.0
9247,9247,198550,4,Kaiserin-Augusta-Allee,2019,8,8,3,3,2,2,0,0,1,0,1,0,0,0.0,Charlottenburg-Wilmersdorf,Accident with minor injuries,Collision with the vehicle in front/waiting vehicle,Turning accident,Daylight,Dry,1727,343592.0
9248,9248,198551,6,Schweizer Viertel,2019,8,7,3,3,5,2,0,1,1,0,0,0,0,0.0,Steglitz-Zehlendorf,Accident with minor injuries,Collision with a turning/crossing vehicle,Turning accident,Daylight,Dry,851,310071.0
9249,9249,198552,4,Tegeler Weg,2019,8,20,3,3,5,3,2,0,1,0,0,0,1,0.0,Charlottenburg-Wilmersdorf,Accident with minor injuries,Collision with a turning/crossing vehicle,Turning/Crossing accident,Dark,Dry,1727,343592.0
9250,9250,198553,1,Karl-Marx-Allee,2019,8,19,3,3,0,1,1,1,0,0,0,0,0,0.0,Mitte,Accident with minor injuries,Others,Driving accident,Twilight,Dry,2215,385748.0
9251,9251,198554,4,Reichsstraße,2019,8,19,3,3,1,5,1,1,1,0,0,0,0,0.0,Charlottenburg-Wilmersdorf,Accident with minor injuries,Collision with a moving/standing/parked vehicle,Accident involving parked vehicles,Twilight,Dry,1727,343592.0
9252,9252,198555,3,Erich-Weinert-Straße,2019,8,19,3,3,3,6,0,1,0,0,0,0,0,0.0,Pankow,Accident with minor injuries,Collision with a vehicle traveling laterally in the same direction,Collision involving vehicles going in the same way,Daylight,Dry,1219,409335.0
9253,9253,198556,1,Charitéviertel,2019,8,18,3,3,0,1,0,1,0,0,0,0,0,0.0,Mitte,Accident with minor injuries,Others,Driving accident,Daylight,Dry,2215,385748.0
9254,9254,198557,1,Alexanderplatzviertel,2019,8,18,3,3,1,5,0,1,1,0,0,0,1,0.0,Mitte,Accident with minor injuries,Collision with a moving/standing/parked vehicle,Accident involving parked vehicles,Daylight,Dry,2215,385748.0
9255,9255,198558,1,Charitéviertel,2019,8,17,3,3,6,2,0,0,1,1,0,0,0,0.0,Mitte,Accident with minor injuries,Collision between vehicle and pedestrian,Turning accident,Daylight,Dry,2215,385748.0
9256,9256,198559,3,Herthaplatz,2019,8,17,3,3,5,3,0,0,1,0,1,0,0,0.0,Pankow,Accident with minor injuries,Collision with a turning/crossing vehicle,Turning/Crossing accident,Daylight,Dry,1219,409335.0