,Unnamed: 0,object id,district,street,year,month,hour of day,weekday,category,accident type,accident type 2,light situation,bike involved,car involved,pedestrian involved,motor bike involved,big track involved,other vehicle involved,road condition,district name,category name,accident detail,accident type detail,light condition,road condition detail,accident count by district,est. population
9257,9257,198560,1,Sparrplatz,2019,8,17,3,3,2,6,0,1,1,0,0,0,0,0.0,Mitte,Accident with minor injuries,Collision with the vehicle in front/waiting vehicle,Collision involving vehicles going in the same way,Daylight,Dry,2215,385748.0
9258,9258,198561,4,Amtsgerichtsplatz,2019,8,17,3,3,6,4,0,0,1,1,0,0,0,0.0,Charlottenburg-Wilmersdorf,Accident with minor injuries,Collision between vehicle and pedestrian,Pedestrian crossing accident,Daylight,Dry,1727,343592.0
9259,9259,198562,8,Gropiusstadt Nord,2019,8,17,3,3,2,6,0,0,1,0,0,0,0,0.0,Neukölln,Accident with minor injuries,Collision with the vehicle in front/waiting vehicle,Collision involving vehicles going in the same way,Daylight,Dry,934,329917.0
9260,9260,198563,4,Ernst-Reuter-Platz,2019,8,16,3,3,5,3,0,1,1,0,0,0,0,0.0,Charlottenburg-Wilmersdorf,Accident with minor injuries,Collision with a turning/crossing vehicle,Turning/Crossing accident,Daylight,Dry,1727,343592.0
9261,9261,198564,9,Dorf Altglienicke,2019,8,16,3,3,5,2,0,0,1,0,0,0,0,0.0,Treptow-Köpenick,Accident with minor injuries,Collision with a turning/crossing vehicle,Turning accident,Daylight,Dry,892,273689.0
9262,9262,198565,4,Breite Straße,2019,8,16,3,3,5,2,0,1,1,0,0,0,0,0.0,Charlottenburg-Wilmersdorf,Accident with minor injuries,Collision with a turning/crossing vehicle,Turning accident,Daylight,Dry,1727,343592.0
9263,9263,198566,7,Neu-Tempelhof,2019,8,16,3,3,5,2,0,1,1,0,0,0,0,0.0,Tempelhof-Schöneberg,Accident with minor injuries,Collision with a turning/crossing vehicle,Turning accident,Daylight,Dry,1241,350984.0
9264,9264,198567,10,Oberfeldstraße,2019,8,15,3,3,1,5,0,1,1,0,0,0,0,0.0,Marzahn-Hellersdorf,Accident with minor injuries,Collision with a moving/standing/parked vehicle,Accident involving parked vehicles,Daylight,Dry,586,269967.0
9265,9265,198568,4,Schloßstraße,2019,8,9,3,3,5,2,0,1,1,0,0,0,0,0.0,Charlottenburg-Wilmersdorf,Accident with minor injuries,Collision with a turning/crossing vehicle,Turning accident,Daylight,Dry,1727,343592.0
9266,9266,198569,7,Dennewitzplatz,2019,8,12,1,2,0,7,0,1,0,0,0,0,0,0.0,Tempelhof-Schöneberg,Accident with serious injuries,Others,Others,Daylight,Dry,1241,350984.0
9267,9267,198570,1,Leopoldplatz,2019,8,4,3,3,5,3,2,0,1,0,0,0,0,1.0,Mitte,Accident with minor injuries,Collision with a turning/crossing vehicle,Turning/Crossing accident,Dark,Wet/moist/slippery,2215,385748.0
9268,9268,198571,3,Blankenburg,2019,8,15,3,3,0,3,0,0,1,0,1,0,0,0.0,Pankow,Accident with minor injuries,Others,Turning/Crossing accident,Daylight,Dry,1219,409335.0
9269,9269,198572,7,Grazer Platz,2019,8,14,3,3,0,5,0,1,1,0,0,0,0,0.0,Tempelhof-Schöneberg,Accident with minor injuries,Others,Accident involving parked vehicles,Daylight,Dry,1241,350984.0
9270,9270,198573,7,Rathaus Tempelhof,2019,8,14,3,3,5,3,0,0,1,0,0,0,1,0.0,Tempelhof-Schöneberg,Accident with minor injuries,Collision with a turning/crossing vehicle,Turning/Crossing accident,Daylight,Dry,1241,350984.0
9271,9271,198574,1,Körnerstraße,2019,8,14,3,3,5,2,0,1,1,0,0,0,0,0.0,Mitte,Accident with minor injuries,Collision with a turning/crossing vehicle,Turning accident,Daylight,Dry,2215,385748.0
9272,9272,198575,8,Waßmannsdorfer Chaussee,2019,8,14,3,3,6,4,0,0,1,1,0,0,0,0.0,Neukölln,Accident with minor injuries,Collision between vehicle and pedestrian,Pedestrian crossing accident,Daylight,Dry,934,329917.0
9273,9273,198576,10,Adele-Sandrock-Straße,2019,8,13,3,3,5,2,0,1,1,0,0,0,0,0.0,Marzahn-Hellersdorf,Accident with minor injuries,Collision with a turning/crossing vehicle,Turning accident,Daylight,Dry,586,269967.0
9274,9274,198577,1,Charitéviertel,2019,8,12,3,3,5,3,0,0,1,0,1,0,0,0.0,Mitte,Accident with minor injuries,Collision with a turning/crossing vehicle,Turning/Crossing accident,Daylight,Dry,2215,385748.0
9275,9275,198578,4,Plötzensee,2019,8,12,3,3,2,6,0,0,1,0,0,0,0,0.0,Charlottenburg-Wilmersdorf,Accident with minor injuries,Collision with the vehicle in front/waiting vehicle,Collision involving vehicles going in the same way,Daylight,Dry,1727,343592.0
9276,9276,198579,3,Gustav-Adolf-Straße,2019,8,12,3,3,2,6,0,0,1,0,0,0,0,0.0,Pankow,Accident with minor injuries,Collision with the vehicle in front/waiting vehicle,Collision involving vehicles going in the same way,Daylight,Dry,1219,409335.0
9277,9277,198580,1,Leopoldplatz,2019,8,5,3,3,5,3,1,1,1,0,0,0,0,0.0,Mitte,Accident with minor injuries,Collision with a turning/crossing vehicle,Turning/Crossing accident,Twilight,Dry,2215,385748.0
9278,9278,198581,7,Schöneberger Insel,2019,8,11,3,3,3,6,0,1,0,0,0,0,1,0.0,Tempelhof-Schöneberg,Accident with minor injuries,Collision with a vehicle traveling laterally in the same direction,Collision involving vehicles going in the same way,Daylight,Dry,1241,350984.0
9279,9279,198582,4,Reichsstraße,2019,8,11,3,3,5,3,0,0,1,0,0,0,0,0.0,Charlottenburg-Wilmersdorf,Accident with minor injuries,Collision with a turning/crossing vehicle,Turning/Crossing accident,Daylight,Dry,1727,343592.0
9280,9280,198583,6,Schütte-Lanz-Straße,2019,8,10,3,3,5,3,0,1,1,0,0,0,0,0.0,Steglitz-Zehlendorf,Accident with minor injuries,Collision with a turning/crossing vehicle,Turning/Crossing accident,Daylight,Dry,851,310071.0
9281,9281,198584,7,Friedenau,2019,8,10,3,3,4,6,0,1,0,0,0,0,0,0.0,Tempelhof-Schöneberg,Accident with minor injuries,Collision with oncoming vehicle,Collision involving vehicles going in the same way,Daylight,Dry,1241,350984.0
9282,9282,198585,9,Dorf Altglienicke,2019,8,9,3,3,5,3,0,0,1,0,0,1,0,0.0,Treptow-Köpenick,Accident with minor injuries,Collision with a turning/crossing vehicle,Turning/Crossing accident,Daylight,Dry,892,273689.0
9283,9283,198586,6,Goerzwerke,2019,8,9,3,3,6,4,0,1,0,1,0,0,0,0.0,Steglitz-Zehlendorf,Accident with minor injuries,Collision between vehicle and pedestrian,Pedestrian crossing accident,Daylight,Dry,851,310071.0
9284,9284,198587,3,Schönholz,2019,8,8,3,3,5,2,0,0,1,0,1,0,0,0.0,Pankow,Accident with minor injuries,Collision with a turning/crossing vehicle,Turning accident,Daylight,Dry,1219,409335.0
9285,9285,198588,1,Emdener Straße,2019,8,8,3,3,5,7,0,0,1,0,1,0,0,0.0,Mitte,Accident with minor injuries,Collision with a turning/crossing vehicle,Others,Daylight,Dry,2215,385748.0
9286,9286,198589,7,Grazer Platz,2019,8,7,3,3,6,4,0,1,0,1,0,0,0,0.0,Tempelhof-Schöneberg,Accident with minor injuries,Collision between vehicle and pedestrian,Pedestrian crossing accident,Daylight,Dry,1241,350984.0
9287,9287,198590,4,Droysenstraße,2019,8,8,3,3,3,6,0,1,0,0,0,0,1,0.0,Charlottenburg-Wilmersdorf,Accident with minor injuries,Collision with a vehicle traveling laterally in the same direction,Collision involving vehicles going in the same way,Daylight,Dry,1727,343592.0
9288,9288,198591,8,Alt-Rudow,2019,8,7,3,3,5,2,0,1,0,0,0,0,1,0.0,Neukölln,Accident with minor injuries,Collision with a turning/crossing vehicle,Turning accident,Daylight,Dry,934,329917.0
9289,9289,198592,3,Alt-Karow,2019,8,7,3,3,5,2,0,1,0,0,0,0,0,0.0,Pankow,Accident with minor injuries,Collision with a turning/crossing vehicle,Turning accident,Daylight,Dry,1219,409335.0
9290,9290,198593,1,Heine-Viertel Ost,2019,8,7,3,3,5,5,0,1,1,0,0,0,0,0.0,Mitte,Accident with minor injuries,Collision with a turning/crossing vehicle,Accident involving parked vehicles,Daylight,Dry,2215,385748.0
9291,9291,198594,1,Kollwitzplatz,2019,8,6,3,3,3,6,0,0,1,0,1,0,0,0.0,Mitte,Accident with minor injuries,Collision with a vehicle traveling laterally in the same direction,Collision involving vehicles going in the same way,Daylight,Dry,2215,385748.0
9292,9292,198595,11,Rüdigerstraße,2019,8,16,3,2,0,3,0,1,0,0,0,0,0,0.0,Lichtenberg,Accident with serious injuries,Others,Turning/Crossing accident,Daylight,Dry,679,294201.0
9293,9293,198596,10,Havemannstraße,2019,8,6,3,3,5,2,1,1,0,0,0,0,1,0.0,Marzahn-Hellersdorf,Accident with minor injuries,Collision with a turning/crossing vehicle,Turning accident,Twilight,Dry,586,269967.0
9294,9294,198597,12,Borsigwalde,2019,8,13,3,2,8,6,0,0,1,0,0,0,0,0.0,Reinickendorf,Accident with serious injuries,Departure from the roadway to the right,Collision involving vehicles going in the same way,Daylight,Dry,867,266408.0
9295,9295,198598,9,Johannisthal West,2019,8,9,3,2,1,5,0,1,0,0,0,0,1,0.0,Treptow-Köpenick,Accident with serious injuries,Collision with a moving/standing/parked vehicle,Accident involving parked vehicles,Daylight,Dry,892,273689.0
9296,9296,198599,2,Oranienplatz,2019,8,9,3,3,1,5,0,1,1,0,0,0,1,0.0,Friedrichshain-Kreuzberg,Accident with minor injuries,Collision with a moving/standing/parked vehicle,Accident involving parked vehicles,Daylight,Dry,1381,290386.0
9297,9297,198600,7,Grazer Platz,2019,8,10,3,3,2,6,0,0,1,0,0,0,0,0.0,Tempelhof-Schöneberg,Accident with minor injuries,Collision with the vehicle in front/waiting vehicle,Collision involving vehicles going in the same way,Daylight,Dry,1241,350984.0
9298,9298,198601,12,Letteplatz,2019,8,15,2,3,6,4,0,0,0,1,1,0,0,0.0,Reinickendorf,Accident with minor injuries,Collision between vehicle and pedestrian,Pedestrian crossing accident,Daylight,Dry,867,266408.0
9299,9299,198602,6,Krumme Lanke,2019,8,18,2,3,6,7,0,1,0,1,0,0,0,0.0,Steglitz-Zehlendorf,Accident with minor injuries,Collision between vehicle and pedestrian,Others,Daylight,Dry,851,310071.0
9300,9300,198603,6,Teltower Damm,2019,8,18,2,3,2,6,0,1,1,0,0,0,0,0.0,Steglitz-Zehlendorf,Accident with minor injuries,Collision with the vehicle in front/waiting vehicle,Collision involving vehicles going in the same way,Daylight,Dry,851,310071.0
9301,9301,198604,12,Schäfersee,2019,8,17,2,3,5,2,0,1,0,0,0,0,1,0.0,Reinickendorf,Accident with minor injuries,Collision with a turning/crossing vehicle,Turning accident,Daylight,Dry,867,266408.0
9302,9302,198605,2,Oranienplatz,2019,8,17,2,3,5,3,0,1,1,0,0,0,0,0.0,Friedrichshain-Kreuzberg,Accident with minor injuries,Collision with a turning/crossing vehicle,Turning/Crossing accident,Daylight,Dry,1381,290386.0
9303,9303,198606,3,Eldenaer Straße,2019,8,17,2,3,2,7,0,0,1,0,0,0,0,0.0,Pankow,Accident with minor injuries,Collision with the vehicle in front/waiting vehicle,Others,Daylight,Dry,1219,409335.0
9304,9304,198607,6,Teltower Damm,2019,8,16,2,3,2,6,0,1,1,0,0,0,0,0.0,Steglitz-Zehlendorf,Accident with minor injuries,Collision with the vehicle in front/waiting vehicle,Collision involving vehicles going in the same way,Daylight,Dry,851,310071.0
9305,9305,198608,7,Friedenau,2019,8,16,2,3,0,7,0,1,0,0,0,0,0,0.0,Tempelhof-Schöneberg,Accident with minor injuries,Others,Others,Daylight,Dry,1241,350984.0
9306,9306,198609,1,Beusselkiez,2019,8,16,2,3,5,3,0,1,0,0,0,0,0,0.0,Mitte,Accident with minor injuries,Collision with a turning/crossing vehicle,Turning/Crossing accident,Daylight,Dry,2215,385748.0
9307,9307,198610,4,Hagenplatz,2019,8,16,2,3,1,5,0,0,1,0,0,0,0,0.0,Charlottenburg-Wilmersdorf,Accident with minor injuries,Collision with a moving/standing/parked vehicle,Accident involving parked vehicles,Daylight,Dry,1727,343592.0
9308,9308,198611,11,Sewanstraße,2019,8,10,2,3,0,7,0,1,0,0,0,0,0,0.0,Lichtenberg,Accident with minor injuries,Others,Others,Daylight,Dry,679,294201.0
9309,9309,198612,1,Reinickendorfer Straße,2019,9,12,2,3,0,4,0,0,0,1,0,0,1,0.0,Mitte,Accident with minor injuries,Others,Pedestrian crossing accident,Daylight,Dry,2215,385748.0
9310,9310,198613,1,Gesundbrunnen,2019,8,20,2,3,5,3,2,1,1,0,0,0,0,0.0,Mitte,Accident with minor injuries,Collision with a turning/crossing vehicle,Turning/Crossing accident,Dark,Dry,2215,385748.0
9311,9311,198614,9,Johannisthal Ost,2019,9,15,2,3,5,3,0,1,1,0,0,0,0,0.0,Treptow-Köpenick,Accident with minor injuries,Collision with a turning/crossing vehicle,Turning/Crossing accident,Daylight,Dry,892,273689.0
9312,9312,198615,11,Rüdigerstraße,2019,9,7,2,3,3,2,0,1,1,0,0,0,0,0.0,Lichtenberg,Accident with minor injuries,Collision with a vehicle traveling laterally in the same direction,Turning accident,Daylight,Dry,679,294201.0
9313,9313,198616,11,Mühlengrund,2019,8,16,2,3,2,6,0,0,1,0,0,0,1,0.0,Lichtenberg,Accident with minor injuries,Collision with the vehicle in front/waiting vehicle,Collision involving vehicles going in the same way,Daylight,Dry,679,294201.0
9314,9314,198617,2,Traveplatz,2019,8,15,2,3,5,2,0,1,0,0,1,0,0,0.0,Friedrichshain-Kreuzberg,Accident with minor injuries,Collision with a turning/crossing vehicle,Turning accident,Daylight,Dry,1381,290386.0
9315,9315,198618,4,Eisenzahnstraße,2019,9,11,2,3,2,2,0,0,1,0,0,1,0,0.0,Charlottenburg-Wilmersdorf,Accident with minor injuries,Collision with the vehicle in front/waiting vehicle,Turning accident,Daylight,Dry,1727,343592.0
9316,9316,198619,6,Hüttenweg,2019,9,11,2,3,2,6,0,0,1,0,1,0,0,0.0,Steglitz-Zehlendorf,Accident with minor injuries,Collision with the vehicle in front/waiting vehicle,Collision involving vehicles going in the same way,Daylight,Dry,851,310071.0
9317,9317,198620,10,Adele-Sandrock-Straße,2019,8,15,2,3,2,6,0,0,1,0,0,0,0,0.0,Marzahn-Hellersdorf,Accident with minor injuries,Collision with the vehicle in front/waiting vehicle,Collision involving vehicles going in the same way,Daylight,Dry,586,269967.0
9318,9318,198621,6,Alt-Lankwitz,2019,9,10,2,2,2,6,0,0,1,0,0,0,0,0.0,Steglitz-Zehlendorf,Accident with serious injuries,Collision with the vehicle in front/waiting vehicle,Collision involving vehicles going in the same way,Daylight,Dry,851,310071.0
9319,9319,198622,9,Köllnische Vorstadt,2019,8,15,2,3,0,3,0,1,1,0,0,0,0,0.0,Treptow-Köpenick,Accident with minor injuries,Others,Turning/Crossing accident,Daylight,Dry,892,273689.0
9320,9320,198623,1,Humboldthain Süd,2019,9,11,2,3,2,2,0,0,1,0,0,0,0,0.0,Mitte,Accident with minor injuries,Collision with the vehicle in front/waiting vehicle,Turning accident,Daylight,Dry,2215,385748.0
9321,9321,198624,1,Gesundbrunnen,2019,8,15,2,3,2,6,0,0,1,0,0,0,1,0.0,Mitte,Accident with minor injuries,Collision with the vehicle in front/waiting vehicle,Collision involving vehicles going in the same way,Daylight,Dry,2215,385748.0
9322,9322,198625,8,Zittauer Straße,2019,9,11,2,3,5,3,0,0,1,0,0,0,0,0.0,Neukölln,Accident with minor injuries,Collision with a turning/crossing vehicle,Turning/Crossing accident,Daylight,Dry,934,329917.0
9323,9323,198626,5,Hakenfelde Nord,2019,8,15,2,3,5,3,0,1,1,0,0,0,0,0.0,Spandau,Accident with minor injuries,Collision with a turning/crossing vehicle,Turning/Crossing accident,Daylight,Dry,798,245197.0
9324,9324,198627,12,Scharnweberstraße,2019,9,11,2,3,3,6,0,0,1,0,0,0,0,0.0,Reinickendorf,Accident with minor injuries,Collision with a vehicle traveling laterally in the same direction,Collision involving vehicles going in the same way,Daylight,Dry,867,266408.0
9325,9325,198628,7,Dennewitzplatz,2019,9,7,2,3,2,7,0,0,0,0,1,0,1,0.0,Tempelhof-Schöneberg,Accident with minor injuries,Collision with the vehicle in front/waiting vehicle,Others,Daylight,Dry,1241,350984.0
9326,9326,198629,6,Schweizer Viertel,2019,8,14,2,3,0,1,0,1,0,0,0,0,0,0.0,Steglitz-Zehlendorf,Accident with minor injuries,Others,Driving accident,Daylight,Dry,851,310071.0
9327,9327,198630,4,Spreestadt,2019,8,12,2,3,5,3,0,1,1,0,0,0,0,0.0,Charlottenburg-Wilmersdorf,Accident with minor injuries,Collision with a turning/crossing vehicle,Turning/Crossing accident,Daylight,Dry,1727,343592.0
9328,9328,198631,9,Dammvorstadt,2019,9,10,2,3,0,1,0,1,0,0,0,0,0,0.0,Treptow-Köpenick,Accident with minor injuries,Others,Driving accident,Daylight,Dry,892,273689.0
9329,9329,198632,1,Unter den Linden Süd,2019,8,11,2,3,2,6,0,1,1,0,0,0,0,0.0,Mitte,Accident with minor injuries,Collision with the vehicle in front/waiting vehicle,Collision involving vehicles going in the same way,Daylight,Dry,2215,385748.0
9330,9330,198633,1,Unter den Linden Süd,2019,9,7,2,3,1,5,0,1,1,0,0,0,0,0.0,Mitte,Accident with minor injuries,Collision with a moving/standing/parked vehicle,Accident involving parked vehicles,Daylight,Dry,2215,385748.0
9331,9331,198634,2,Samariterviertel,2019,8,13,2,3,5,3,0,1,1,0,0,0,0,0.0,Friedrichshain-Kreuzberg,Accident with minor injuries,Collision with a turning/crossing vehicle,Turning/Crossing accident,Daylight,Dry,1381,290386.0
9332,9332,198635,9,Johannisthal West,2019,9,14,2,3,5,3,0,1,1,0,0,0,0,0.0,Treptow-Köpenick,Accident with minor injuries,Collision with a turning/crossing vehicle,Turning/Crossing accident,Daylight,Dry,892,273689.0
9333,9333,198636,6,Zehlendorf Eiche,2019,8,11,2,2,5,2,0,1,1,0,0,0,0,0.0,Steglitz-Zehlendorf,Accident with serious injuries,Collision with a turning/crossing vehicle,Turning accident,Daylight,Dry,851,310071.0
9334,9334,198637,1,Invalidenstraße,2019,9,10,2,3,0,1,0,1,1,0,0,0,0,0.0,Mitte,Accident with minor injuries,Others,Driving accident,Daylight,Dry,2215,385748.0
9335,9335,198638,11,Fennpfuhl Ost,2019,8,10,2,3,0,6,0,0,1,0,1,0,0,0.0,Lichtenberg,Accident with minor injuries,Others,Collision involving vehicles going in the same way,Daylight,Dry,679,294201.0
9336,9336,198639,10,Mahlsdorf Süd,2019,9,10,2,3,2,6,0,0,0,0,1,1,0,0.0,Marzahn-Hellersdorf,Accident with minor injuries,Collision with the vehicle in front/waiting vehicle,Collision involving vehicles going in the same way,Daylight,Dry,586,269967.0
9337,9337,198640,1,Großer Tiergarten,2019,9,14,2,3,5,3,0,0,1,0,1,0,0,0.0,Mitte,Accident with minor injuries,Collision with a turning/crossing vehicle,Turning/Crossing accident,Daylight,Dry,2215,385748.0
9338,9338,198641,2,Traveplatz,2019,8,10,2,3,5,5,0,1,0,0,0,0,1,0.0,Friedrichshain-Kreuzberg,Accident with minor injuries,Collision with a turning/crossing vehicle,Accident involving parked vehicles,Daylight,Dry,1381,290386.0
9339,9339,198642,2,Wassertorplatz,2019,9,10,2,3,5,3,0,0,1,0,0,0,1,0.0,Friedrichshain-Kreuzberg,Accident with minor injuries,Collision with a turning/crossing vehicle,Turning/Crossing accident,Daylight,Dry,1381,290386.0
9340,9340,198643,8,Blumenviertel,2019,8,9,2,3,5,3,0,0,1,0,0,0,0,0.0,Neukölln,Accident with minor injuries,Collision with a turning/crossing vehicle,Turning/Crossing accident,Daylight,Dry,934,329917.0
9341,9341,198644,10,Biesdorf Süd,2019,9,9,2,3,2,6,0,1,1,0,0,0,0,0.0,Marzahn-Hellersdorf,Accident with minor injuries,Collision with the vehicle in front/waiting vehicle,Collision involving vehicles going in the same way,Daylight,Dry,586,269967.0
9342,9342,198645,1,Thomasiusstraße,2019,9,9,2,2,5,2,0,0,1,0,1,0,0,0.0,Mitte,Accident with serious injuries,Collision with a turning/crossing vehicle,Turning accident,Daylight,Dry,2215,385748.0
9343,9343,198646,4,Ernst-Reuter-Platz,2019,8,9,2,3,0,1,0,1,0,0,0,0,0,0.0,Charlottenburg-Wilmersdorf,Accident with minor injuries,Others,Driving accident,Daylight,Dry,1727,343592.0
9344,9344,198647,4,Reichsstraße,2019,9,9,2,2,6,7,0,0,0,1,0,0,1,0.0,Charlottenburg-Wilmersdorf,Accident with serious injuries,Collision between vehicle and pedestrian,Others,Daylight,Dry,1727,343592.0
9345,9345,198648,12,Klixstraße,2019,8,8,2,3,1,1,0,0,1,0,0,0,0,0.0,Reinickendorf,Accident with minor injuries,Collision with a moving/standing/parked vehicle,Driving accident,Daylight,Dry,867,266408.0
9346,9346,198649,4,Prager Platz,2019,9,8,2,3,2,6,0,0,1,0,1,0,0,0.0,Charlottenburg-Wilmersdorf,Accident with minor injuries,Collision with the vehicle in front/waiting vehicle,Collision involving vehicles going in the same way,Daylight,Dry,1727,343592.0
9347,9347,198650,2,Wassertorplatz,2019,8,8,2,3,2,6,0,0,1,0,0,0,0,0.0,Friedrichshain-Kreuzberg,Accident with minor injuries,Collision with the vehicle in front/waiting vehicle,Collision involving vehicles going in the same way,Daylight,Dry,1381,290386.0
9348,9348,198651,9,Altstadt Kietz,2019,9,8,2,2,2,6,0,0,1,0,0,0,0,0.0,Treptow-Köpenick,Accident with serious injuries,Collision with the vehicle in front/waiting vehicle,Collision involving vehicles going in the same way,Daylight,Dry,892,273689.0
9349,9349,198652,4,Preußenpark,2019,8,7,2,3,5,2,0,1,1,0,0,0,0,0.0,Charlottenburg-Wilmersdorf,Accident with minor injuries,Collision with a turning/crossing vehicle,Turning accident,Daylight,Dry,1727,343592.0
9350,9350,198653,4,Schloßstraße,2019,9,8,2,3,5,2,0,1,1,0,0,0,0,0.0,Charlottenburg-Wilmersdorf,Accident with minor injuries,Collision with a turning/crossing vehicle,Turning accident,Daylight,Dry,1727,343592.0
9351,9351,198654,7,Grazer Platz,2019,9,10,2,2,9,7,0,0,1,0,0,0,0,0.0,Tempelhof-Schöneberg,Accident with serious injuries,Departure from the roadway to the left,Others,Daylight,Dry,1241,350984.0
9352,9352,198655,6,Oberhofer Platz,2019,8,7,2,3,5,2,0,1,1,0,0,0,0,0.0,Steglitz-Zehlendorf,Accident with minor injuries,Collision with a turning/crossing vehicle,Turning accident,Daylight,Dry,851,310071.0
9353,9353,198656,2,Andreasviertel,2019,8,5,2,3,5,2,1,0,1,0,1,0,0,0.0,Friedrichshain-Kreuzberg,Accident with minor injuries,Collision with a turning/crossing vehicle,Turning accident,Twilight,Dry,1381,290386.0
9354,9354,198657,2,Urbanstraße,2019,9,13,1,3,6,7,0,0,0,1,0,0,1,0.0,Friedrichshain-Kreuzberg,Accident with minor injuries,Collision between vehicle and pedestrian,Others,Daylight,Dry,1381,290386.0
9355,9355,198658,2,Boxhagener Platz,2019,8,0,2,3,0,1,2,0,0,0,1,0,0,0.0,Friedrichshain-Kreuzberg,Accident with minor injuries,Others,Driving accident,Dark,Dry,1381,290386.0
9356,9356,198659,3,Kollwitzplatz,2019,9,0,1,3,5,3,2,0,1,0,0,0,1,0.0,Pankow,Accident with minor injuries,Collision with a turning/crossing vehicle,Turning/Crossing accident,Dark,Dry,1219,409335.0
9357,9357,198660,3,Pankow Zentrum,2019,8,23,2,3,0,1,2,1,0,0,0,0,0,1.0,Pankow,Accident with minor injuries,Others,Driving accident,Dark,Wet/moist/slippery,1219,409335.0
9358,9358,198661,6,Goerzwerke,2019,9,17,1,2,6,4,0,0,1,1,0,0,0,0.0,Steglitz-Zehlendorf,Accident with serious injuries,Collision between vehicle and pedestrian,Pedestrian crossing accident,Daylight,Dry,851,310071.0
9359,9359,198662,1,Leopoldplatz,2019,8,21,2,3,5,3,2,1,1,0,0,0,0,1.0,Mitte,Accident with minor injuries,Collision with a turning/crossing vehicle,Turning/Crossing accident,Dark,Wet/moist/slippery,2215,385748.0
9360,9360,198663,1,Sparrplatz,2019,9,20,1,3,6,4,2,1,0,1,0,0,0,0.0,Mitte,Accident with minor injuries,Collision between vehicle and pedestrian,Pedestrian crossing accident,Dark,Dry,2215,385748.0
9361,9361,198664,4,Königin-Elisabeth-Straße,2019,9,18,1,3,5,2,0,1,1,0,0,0,0,0.0,Charlottenburg-Wilmersdorf,Accident with minor injuries,Collision with a turning/crossing vehicle,Turning accident,Daylight,Dry,1727,343592.0
9362,9362,198665,11,Gensinger Straße,2019,8,20,2,3,0,7,1,1,1,0,0,0,0,1.0,Lichtenberg,Accident with minor injuries,Others,Others,Twilight,Wet/moist/slippery,679,294201.0
9363,9363,198666,8,Donaustraße,2019,9,18,1,3,0,6,0,0,1,0,0,0,1,0.0,Neukölln,Accident with minor injuries,Others,Collision involving vehicles going in the same way,Daylight,Dry,934,329917.0
9364,9364,198667,6,Südende,2019,8,19,2,3,1,5,2,1,0,0,0,0,1,1.0,Steglitz-Zehlendorf,Accident with minor injuries,Collision with a moving/standing/parked vehicle,Accident involving parked vehicles,Dark,Wet/moist/slippery,851,310071.0
9365,9365,198668,10,Havemannstraße,2019,9,17,1,3,5,2,0,0,1,0,0,0,0,0.0,Marzahn-Hellersdorf,Accident with minor injuries,Collision with a turning/crossing vehicle,Turning accident,Daylight,Dry,586,269967.0
9366,9366,198669,5,Zitadellenweg,2019,8,18,2,3,3,2,0,0,1,0,0,1,0,0.0,Spandau,Accident with minor injuries,Collision with a vehicle traveling laterally in the same direction,Turning accident,Daylight,Dry,798,245197.0
9367,9367,198670,10,Landsberger Tor,2019,9,16,1,3,6,6,0,1,0,1,0,0,0,0.0,Marzahn-Hellersdorf,Accident with minor injuries,Collision between vehicle and pedestrian,Collision involving vehicles going in the same way,Daylight,Dry,586,269967.0
9368,9368,198671,12,Hausotterplatz,2019,8,22,2,2,5,3,2,0,1,0,0,0,1,1.0,Reinickendorf,Accident with serious injuries,Collision with a turning/crossing vehicle,Turning/Crossing accident,Dark,Wet/moist/slippery,867,266408.0
9369,9369,198672,11,Sewanstraße,2019,9,11,1,3,5,3,0,1,1,0,0,0,0,0.0,Lichtenberg,Accident with minor injuries,Collision with a turning/crossing vehicle,Turning/Crossing accident,Daylight,Dry,679,294201.0
9370,9370,198673,2,Mehringplatz,2019,9,11,1,3,5,3,0,1,1,0,0,0,0,0.0,Friedrichshain-Kreuzberg,Accident with minor injuries,Collision with a turning/crossing vehicle,Turning/Crossing accident,Daylight,Dry,1381,290386.0
9371,9371,198674,2,Traveplatz,2019,8,20,2,2,1,1,2,0,1,0,1,0,0,1.0,Friedrichshain-Kreuzberg,Accident with serious injuries,Collision with a moving/standing/parked vehicle,Driving accident,Dark,Wet/moist/slippery,1381,290386.0
9372,9372,198675,5,Zitadellenweg,2019,9,10,1,3,5,2,0,1,1,0,0,0,0,0.0,Spandau,Accident with minor injuries,Collision with a turning/crossing vehicle,Turning accident,Daylight,Dry,798,245197.0
9373,9373,198676,5,Ackerstraße,2019,8,20,2,2,5,2,1,0,1,0,1,0,0,1.0,Spandau,Accident with serious injuries,Collision with a turning/crossing vehicle,Turning accident,Twilight,Wet/moist/slippery,798,245197.0
9374,9374,198677,1,Charitéviertel,2019,9,10,1,3,1,5,0,1,1,0,0,0,0,0.0,Mitte,Accident with minor injuries,Collision with a moving/standing/parked vehicle,Accident involving parked vehicles,Daylight,Dry,2215,385748.0
9375,9375,198678,10,Helle Mitte,2019,8,17,2,3,3,6,0,0,1,0,1,0,0,0.0,Marzahn-Hellersdorf,Accident with minor injuries,Collision with a vehicle traveling laterally in the same direction,Collision involving vehicles going in the same way,Daylight,Dry,586,269967.0
9376,9376,198679,9,Baumschulenstraße,2019,9,8,1,3,2,6,0,0,1,0,0,0,0,0.0,Treptow-Köpenick,Accident with minor injuries,Collision with the vehicle in front/waiting vehicle,Collision involving vehicles going in the same way,Daylight,Dry,892,273689.0