,Unnamed: 0,object id,district,street,year,month,hour of day,weekday,category,accident type,accident type 2,light situation,bike involved,car involved,pedestrian involved,motor bike involved,big track involved,other vehicle involved,road condition,district name,category name,accident detail,accident type detail,light condition,road condition detail,accident count by district,est. population
9377,9377,198680,3,Buchholz,2019,8,14,2,2,3,6,0,1,0,0,0,0,1,0.0,Pankow,Accident with serious injuries,Collision with a vehicle traveling laterally in the same direction,Collision involving vehicles going in the same way,Daylight,Dry,1219,409335.0
9378,9378,198681,2,Traveplatz,2019,8,22,7,3,2,6,2,0,1,0,1,0,0,0.0,Friedrichshain-Kreuzberg,Accident with minor injuries,Collision with the vehicle in front/waiting vehicle,Collision involving vehicles going in the same way,Dark,Dry,1381,290386.0
9379,9379,198682,1,Oranienburger Straße,2019,8,21,7,2,5,3,2,1,0,0,0,0,1,0.0,Mitte,Accident with serious injuries,Collision with a turning/crossing vehicle,Turning/Crossing accident,Dark,Dry,2215,385748.0
9380,9380,198683,8,Rollberg,2019,8,13,2,2,2,6,0,1,1,0,0,0,0,0.0,Neukölln,Accident with serious injuries,Collision with the vehicle in front/waiting vehicle,Collision involving vehicles going in the same way,Daylight,Dry,934,329917.0
9381,9381,198684,4,Alt-Lietzow,2019,8,8,2,2,3,6,0,1,1,0,0,0,0,0.0,Charlottenburg-Wilmersdorf,Accident with serious injuries,Collision with a vehicle traveling laterally in the same direction,Collision involving vehicles going in the same way,Daylight,Dry,1727,343592.0
9382,9382,198685,2,Traveplatz,2019,8,21,7,3,0,1,2,0,0,0,1,0,0,0.0,Friedrichshain-Kreuzberg,Accident with minor injuries,Others,Driving accident,Dark,Dry,1381,290386.0
9383,9383,198686,3,Wilhelmsruh,2019,8,20,7,3,1,5,1,0,1,0,0,0,0,0.0,Pankow,Accident with minor injuries,Collision with a moving/standing/parked vehicle,Accident involving parked vehicles,Twilight,Dry,1219,409335.0
9384,9384,198687,7,Alt-Lichtenrade/Töpchiner Weg,2019,8,5,2,3,0,3,1,0,1,0,1,0,0,0.0,Tempelhof-Schöneberg,Accident with minor injuries,Others,Turning/Crossing accident,Twilight,Dry,1241,350984.0
9385,9385,198688,11,Falkenberg West,2019,8,19,7,2,0,7,1,0,0,1,0,0,1,0.0,Lichtenberg,Accident with serious injuries,Others,Others,Twilight,Dry,679,294201.0
9386,9386,198689,1,Wilhelmstraße,2019,8,7,2,3,6,2,0,1,0,1,0,0,0,0.0,Mitte,Accident with minor injuries,Collision between vehicle and pedestrian,Turning accident,Daylight,Dry,2215,385748.0
9387,9387,198690,4,Kissinger Straße,2019,8,18,7,3,5,3,0,0,1,0,0,0,0,0.0,Charlottenburg-Wilmersdorf,Accident with minor injuries,Collision with a turning/crossing vehicle,Turning/Crossing accident,Daylight,Dry,1727,343592.0
9388,9388,198691,8,Tempelhofer Weg,2019,8,18,7,2,5,3,0,1,0,0,0,0,1,0.0,Neukölln,Accident with serious injuries,Collision with a turning/crossing vehicle,Turning/Crossing accident,Daylight,Dry,934,329917.0
9389,9389,198692,8,Silbersteinstraße,2019,8,13,1,3,2,6,0,0,1,0,1,0,0,0.0,Neukölln,Accident with minor injuries,Collision with the vehicle in front/waiting vehicle,Collision involving vehicles going in the same way,Daylight,Dry,934,329917.0
9390,9390,198693,8,Glasower Straße,2019,8,17,7,3,1,5,0,1,0,0,0,0,1,0.0,Neukölln,Accident with minor injuries,Collision with a moving/standing/parked vehicle,Accident involving parked vehicles,Daylight,Dry,934,329917.0
9391,9391,198694,10,Kaulsdorf Süd,2019,8,17,7,3,5,2,0,1,1,0,0,0,0,0.0,Marzahn-Hellersdorf,Accident with minor injuries,Collision with a turning/crossing vehicle,Turning accident,Daylight,Dry,586,269967.0
9392,9392,198695,6,Dahlem,2019,8,8,1,3,5,2,0,1,1,0,0,0,0,0.0,Steglitz-Zehlendorf,Accident with minor injuries,Collision with a turning/crossing vehicle,Turning accident,Daylight,Dry,851,310071.0
9393,9393,198696,4,Breitscheidplatz,2019,8,17,7,3,2,6,0,1,1,0,0,0,0,0.0,Charlottenburg-Wilmersdorf,Accident with minor injuries,Collision with the vehicle in front/waiting vehicle,Collision involving vehicles going in the same way,Daylight,Dry,1727,343592.0
9394,9394,198697,4,Breitscheidplatz,2019,8,23,1,3,2,6,2,0,1,0,0,0,0,0.0,Charlottenburg-Wilmersdorf,Accident with minor injuries,Collision with the vehicle in front/waiting vehicle,Collision involving vehicles going in the same way,Dark,Dry,1727,343592.0
9395,9395,198698,11,Falkenberg Ost,2019,8,16,7,2,5,3,0,0,1,0,1,0,0,0.0,Lichtenberg,Accident with serious injuries,Collision with a turning/crossing vehicle,Turning/Crossing accident,Daylight,Dry,679,294201.0
9396,9396,198699,1,Westliche Müllerstraße,2019,8,15,7,3,5,3,0,1,0,0,1,0,0,0.0,Mitte,Accident with minor injuries,Collision with a turning/crossing vehicle,Turning/Crossing accident,Daylight,Dry,2215,385748.0
9397,9397,198700,1,Elberfelder Straße,2019,8,22,1,3,5,3,2,1,0,0,1,0,0,0.0,Mitte,Accident with minor injuries,Collision with a turning/crossing vehicle,Turning/Crossing accident,Dark,Dry,2215,385748.0
9398,9398,198701,1,Heine-Viertel Ost,2019,8,14,7,3,0,1,0,0,0,0,1,0,0,0.0,Mitte,Accident with minor injuries,Others,Driving accident,Daylight,Dry,2215,385748.0
9399,9399,198702,6,Feuerbachstraße,2019,8,19,1,3,0,2,0,1,1,0,0,0,0,0.0,Steglitz-Zehlendorf,Accident with minor injuries,Others,Turning accident,Daylight,Dry,851,310071.0
9400,9400,198703,1,Gesundbrunnen,2019,8,13,7,3,5,3,0,1,1,0,0,0,0,0.0,Mitte,Accident with minor injuries,Collision with a turning/crossing vehicle,Turning/Crossing accident,Daylight,Dry,2215,385748.0
9401,9401,198704,1,Stülerstraße,2019,8,18,1,3,1,5,0,1,1,0,0,0,0,0.0,Mitte,Accident with minor injuries,Collision with a moving/standing/parked vehicle,Accident involving parked vehicles,Daylight,Dry,2215,385748.0
9402,9402,198705,8,Buckow Mitte,2019,8,13,7,3,6,4,0,1,0,1,0,0,0,0.0,Neukölln,Accident with minor injuries,Collision between vehicle and pedestrian,Pedestrian crossing accident,Daylight,Dry,934,329917.0
9403,9403,198706,4,Preußenpark,2019,8,13,7,3,2,6,0,0,1,0,0,0,0,0.0,Charlottenburg-Wilmersdorf,Accident with minor injuries,Collision with the vehicle in front/waiting vehicle,Collision involving vehicles going in the same way,Daylight,Dry,1727,343592.0
9404,9404,198707,5,Gütersloher Weg,2019,8,17,1,3,5,2,0,0,1,0,1,0,0,0.0,Spandau,Accident with minor injuries,Collision with a turning/crossing vehicle,Turning accident,Daylight,Dry,798,245197.0
9405,9405,198708,12,Wittenau Nord,2019,8,17,1,3,0,1,0,0,0,0,1,0,0,0.0,Reinickendorf,Accident with minor injuries,Others,Driving accident,Daylight,Dry,867,266408.0
9406,9406,198709,2,Mehringplatz,2019,8,13,7,3,1,5,0,1,1,0,0,0,0,0.0,Friedrichshain-Kreuzberg,Accident with minor injuries,Collision with a moving/standing/parked vehicle,Accident involving parked vehicles,Daylight,Dry,1381,290386.0
9407,9407,198710,8,Tempelhofer Weg,2019,8,13,7,3,2,6,0,0,1,0,0,0,0,0.0,Neukölln,Accident with minor injuries,Collision with the vehicle in front/waiting vehicle,Collision involving vehicles going in the same way,Daylight,Dry,934,329917.0
9408,9408,198711,6,Teltower Damm,2019,8,17,1,3,2,6,0,0,1,0,1,0,0,0.0,Steglitz-Zehlendorf,Accident with minor injuries,Collision with the vehicle in front/waiting vehicle,Collision involving vehicles going in the same way,Daylight,Dry,851,310071.0
9409,9409,198712,1,Reinickendorfer Straße,2019,8,13,7,3,1,6,0,0,1,0,0,0,0,0.0,Mitte,Accident with minor injuries,Collision with a moving/standing/parked vehicle,Collision involving vehicles going in the same way,Daylight,Dry,2215,385748.0
9410,9410,198713,6,Markelstraße,2019,8,15,1,3,5,3,0,0,1,0,1,0,0,0.0,Steglitz-Zehlendorf,Accident with minor injuries,Collision with a turning/crossing vehicle,Turning/Crossing accident,Daylight,Dry,851,310071.0
9411,9411,198714,1,Gesundbrunnen,2019,8,12,7,3,2,6,0,0,1,0,0,0,0,0.0,Mitte,Accident with minor injuries,Collision with the vehicle in front/waiting vehicle,Collision involving vehicles going in the same way,Daylight,Dry,2215,385748.0
9412,9412,198715,2,Lausitzer Platz,2019,8,12,7,3,2,6,0,0,1,0,0,0,0,0.0,Friedrichshain-Kreuzberg,Accident with minor injuries,Collision with the vehicle in front/waiting vehicle,Collision involving vehicles going in the same way,Daylight,Dry,1381,290386.0
9413,9413,198716,9,Oberschöneweide Ost,2019,8,14,1,3,1,6,0,0,1,0,1,0,0,0.0,Treptow-Köpenick,Accident with minor injuries,Collision with a moving/standing/parked vehicle,Collision involving vehicles going in the same way,Daylight,Dry,892,273689.0
9414,9414,198717,8,Reuterkiez,2019,8,11,7,3,3,6,0,1,1,0,0,0,0,0.0,Neukölln,Accident with minor injuries,Collision with a vehicle traveling laterally in the same direction,Collision involving vehicles going in the same way,Daylight,Dry,934,329917.0
9415,9415,198718,12,Schorfheidestraße,2019,8,10,7,3,2,2,0,0,1,0,1,0,0,0.0,Reinickendorf,Accident with minor injuries,Collision with the vehicle in front/waiting vehicle,Turning accident,Daylight,Dry,867,266408.0
9416,9416,198719,4,Reichsstraße,2019,8,14,1,3,3,6,0,0,1,0,1,0,0,0.0,Charlottenburg-Wilmersdorf,Accident with minor injuries,Collision with a vehicle traveling laterally in the same direction,Collision involving vehicles going in the same way,Daylight,Dry,1727,343592.0
9417,9417,198720,2,Eldenaer Straße,2019,8,9,7,3,1,6,0,1,1,0,0,0,0,0.0,Friedrichshain-Kreuzberg,Accident with minor injuries,Collision with a moving/standing/parked vehicle,Collision involving vehicles going in the same way,Daylight,Dry,1381,290386.0
9418,9418,198721,1,Wilhelmstraße,2019,8,14,1,3,6,2,0,1,0,1,0,0,0,0.0,Mitte,Accident with minor injuries,Collision between vehicle and pedestrian,Turning accident,Daylight,Dry,2215,385748.0
9419,9419,198722,3,Pankow Süd,2019,8,8,7,3,1,5,0,1,1,0,0,0,0,0.0,Pankow,Accident with minor injuries,Collision with a moving/standing/parked vehicle,Accident involving parked vehicles,Daylight,Dry,1219,409335.0
9420,9420,198723,9,Baumschulenstraße,2019,8,7,7,2,5,2,0,0,1,0,0,0,0,0.0,Treptow-Köpenick,Accident with serious injuries,Collision with a turning/crossing vehicle,Turning accident,Daylight,Dry,892,273689.0
9421,9421,198724,10,Marzahn Ost,2019,8,21,1,2,0,1,2,1,0,0,0,0,0,0.0,Marzahn-Hellersdorf,Accident with serious injuries,Others,Driving accident,Dark,Dry,586,269967.0
9422,9422,198725,1,Karl-Marx-Allee,2019,8,11,1,3,5,7,0,0,1,0,0,0,1,0.0,Mitte,Accident with minor injuries,Collision with a turning/crossing vehicle,Others,Daylight,Dry,2215,385748.0
9423,9423,198726,1,Großer Tiergarten,2019,8,4,7,3,8,1,2,0,1,0,0,0,0,0.0,Mitte,Accident with minor injuries,Departure from the roadway to the right,Driving accident,Dark,Dry,2215,385748.0
9424,9424,198727,7,Marienfelder Allee Nordwest,2019,8,12,7,3,6,7,0,0,1,1,0,0,0,0.0,Tempelhof-Schöneberg,Accident with minor injuries,Collision between vehicle and pedestrian,Others,Daylight,Dry,1241,350984.0
9425,9425,198728,2,Friedenstraße,2019,8,10,1,3,5,2,0,0,1,0,0,0,0,0.0,Friedrichshain-Kreuzberg,Accident with minor injuries,Collision with a turning/crossing vehicle,Turning accident,Daylight,Dry,1381,290386.0
9426,9426,198729,2,Oranienplatz,2019,8,0,7,2,6,4,2,1,0,1,0,0,0,0.0,Friedrichshain-Kreuzberg,Accident with serious injuries,Collision between vehicle and pedestrian,Pedestrian crossing accident,Dark,Dry,1381,290386.0
9427,9427,198730,12,Alt-Tegel,2019,8,3,1,3,0,1,2,1,0,0,0,0,0,0.0,Reinickendorf,Accident with minor injuries,Others,Driving accident,Dark,Dry,867,266408.0
9428,9428,198731,5,Carl-Schurz-Straße,2019,8,0,1,3,5,3,2,1,1,0,0,0,0,0.0,Spandau,Accident with minor injuries,Collision with a turning/crossing vehicle,Turning/Crossing accident,Dark,Dry,798,245197.0
9429,9429,198732,4,Amtsgerichtsplatz,2019,8,13,7,3,5,2,0,1,1,0,0,0,0,0.0,Charlottenburg-Wilmersdorf,Accident with minor injuries,Collision with a turning/crossing vehicle,Turning accident,Daylight,Dry,1727,343592.0
9430,9430,198733,7,Rathaus Tempelhof,2019,8,18,6,3,5,3,0,1,0,0,0,0,0,0.0,Tempelhof-Schöneberg,Accident with minor injuries,Collision with a turning/crossing vehicle,Turning/Crossing accident,Daylight,Dry,1241,350984.0
9431,9431,198734,11,Rüdigerstraße,2019,8,22,7,2,0,1,2,1,0,0,0,0,0,0.0,Lichtenberg,Accident with serious injuries,Others,Driving accident,Dark,Dry,679,294201.0
9432,9432,198735,4,Breitscheidplatz,2019,8,23,6,3,6,7,2,0,1,1,0,0,0,0.0,Charlottenburg-Wilmersdorf,Accident with minor injuries,Collision between vehicle and pedestrian,Others,Dark,Dry,1727,343592.0
9433,9433,198736,2,Graefekiez,2019,8,22,7,3,2,7,2,1,1,0,0,0,0,0.0,Friedrichshain-Kreuzberg,Accident with minor injuries,Collision with the vehicle in front/waiting vehicle,Others,Dark,Dry,1381,290386.0
9434,9434,198737,8,Rollberg,2019,8,21,6,2,5,3,2,1,1,0,0,0,0,0.0,Neukölln,Accident with serious injuries,Collision with a turning/crossing vehicle,Turning/Crossing accident,Dark,Dry,934,329917.0
9435,9435,198738,11,Rummelsburg,2019,8,10,7,3,0,7,0,1,0,0,0,0,0,0.0,Lichtenberg,Accident with minor injuries,Others,Others,Daylight,Dry,679,294201.0
9436,9436,198739,3,Greifswalder Straße,2019,8,19,6,3,5,3,0,1,1,0,0,0,0,0.0,Pankow,Accident with minor injuries,Collision with a turning/crossing vehicle,Turning/Crossing accident,Daylight,Dry,1219,409335.0
9437,9437,198740,7,Dennewitzplatz,2019,8,18,7,3,5,3,0,0,1,0,0,0,0,0.0,Tempelhof-Schöneberg,Accident with minor injuries,Collision with a turning/crossing vehicle,Turning/Crossing accident,Daylight,Dry,1241,350984.0
9438,9438,198741,4,Branitzer Platz,2019,8,19,6,3,5,3,0,1,1,0,0,0,0,0.0,Charlottenburg-Wilmersdorf,Accident with minor injuries,Collision with a turning/crossing vehicle,Turning/Crossing accident,Daylight,Dry,1727,343592.0
9439,9439,198742,12,Scharnweberstraße,2019,8,18,7,3,2,6,0,0,1,0,0,0,0,0.0,Reinickendorf,Accident with minor injuries,Collision with the vehicle in front/waiting vehicle,Collision involving vehicles going in the same way,Daylight,Dry,867,266408.0
9440,9440,198743,6,Schütte-Lanz-Straße,2019,8,18,6,3,5,3,0,1,1,0,0,0,0,0.0,Steglitz-Zehlendorf,Accident with minor injuries,Collision with a turning/crossing vehicle,Turning/Crossing accident,Daylight,Dry,851,310071.0
9441,9441,198744,1,Wilhelmstraße,2019,8,17,7,3,5,2,0,1,1,0,0,0,0,0.0,Mitte,Accident with minor injuries,Collision with a turning/crossing vehicle,Turning accident,Daylight,Dry,2215,385748.0
9442,9442,198745,3,Erich-Weinert-Straße,2019,8,17,6,3,5,5,0,0,1,0,1,0,0,0.0,Pankow,Accident with minor injuries,Collision with a turning/crossing vehicle,Accident involving parked vehicles,Daylight,Dry,1219,409335.0
9443,9443,198746,2,Oranienplatz,2019,8,23,7,3,1,5,2,1,1,0,0,0,0,0.0,Friedrichshain-Kreuzberg,Accident with minor injuries,Collision with a moving/standing/parked vehicle,Accident involving parked vehicles,Dark,Dry,1381,290386.0
9444,9444,198747,4,Amtsgerichtsplatz,2019,8,17,6,2,5,3,0,1,1,0,0,0,0,0.0,Charlottenburg-Wilmersdorf,Accident with serious injuries,Collision with a turning/crossing vehicle,Turning/Crossing accident,Daylight,Dry,1727,343592.0
9445,9445,198748,4,Karl-August-Platz,2019,8,17,6,2,0,7,0,1,0,0,0,0,0,0.0,Charlottenburg-Wilmersdorf,Accident with serious injuries,Others,Others,Daylight,Dry,1727,343592.0
9446,9446,198749,5,Zitadellenweg,2019,8,18,7,3,0,6,0,0,1,0,1,0,0,0.0,Spandau,Accident with minor injuries,Others,Collision involving vehicles going in the same way,Daylight,Dry,798,245197.0
9447,9447,198750,7,Nollendorfplatz,2019,8,16,6,3,5,2,0,0,1,0,1,0,0,0.0,Tempelhof-Schöneberg,Accident with minor injuries,Collision with a turning/crossing vehicle,Turning accident,Daylight,Dry,1241,350984.0
9448,9448,198751,7,Lindenhofsiedlung,2019,8,17,7,3,5,3,0,1,1,0,0,0,0,0.0,Tempelhof-Schöneberg,Accident with minor injuries,Collision with a turning/crossing vehicle,Turning/Crossing accident,Daylight,Dry,1241,350984.0
9449,9449,198752,3,Buch,2019,8,13,6,3,4,6,0,0,1,0,0,0,0,0.0,Pankow,Accident with minor injuries,Collision with oncoming vehicle,Collision involving vehicles going in the same way,Daylight,Dry,1219,409335.0
9450,9450,198753,1,Alexanderplatzviertel,2019,8,9,6,3,3,6,0,0,1,0,0,0,1,0.0,Mitte,Accident with minor injuries,Collision with a vehicle traveling laterally in the same direction,Collision involving vehicles going in the same way,Daylight,Dry,2215,385748.0
9451,9451,198754,10,Biesdorf Süd,2019,8,15,7,3,0,7,0,1,0,0,0,0,0,0.0,Marzahn-Hellersdorf,Accident with minor injuries,Others,Others,Daylight,Dry,586,269967.0
9452,9452,198755,1,Sparrplatz,2019,8,15,6,3,0,7,0,0,0,0,1,0,0,0.0,Mitte,Accident with minor injuries,Others,Others,Daylight,Dry,2215,385748.0
9453,9453,198756,5,Eiswerder,2019,8,23,7,3,2,6,2,0,1,0,0,0,0,0.0,Spandau,Accident with minor injuries,Collision with the vehicle in front/waiting vehicle,Collision involving vehicles going in the same way,Dark,Dry,798,245197.0
9454,9454,198757,4,Amtsgerichtsplatz,2019,8,15,6,3,1,5,0,1,1,0,0,0,0,0.0,Charlottenburg-Wilmersdorf,Accident with minor injuries,Collision with a moving/standing/parked vehicle,Accident involving parked vehicles,Daylight,Dry,1727,343592.0
9455,9455,198758,8,Silbersteinstraße,2019,8,21,7,3,3,6,2,0,1,0,1,0,0,0.0,Neukölln,Accident with minor injuries,Collision with a vehicle traveling laterally in the same direction,Collision involving vehicles going in the same way,Dark,Dry,934,329917.0
9456,9456,198759,12,Wittenau Süd,2019,8,15,6,3,2,6,0,0,1,0,1,0,0,0.0,Reinickendorf,Accident with minor injuries,Collision with the vehicle in front/waiting vehicle,Collision involving vehicles going in the same way,Daylight,Dry,867,266408.0
9457,9457,198760,5,Kurstraße,2019,8,19,7,3,6,4,1,0,1,1,0,0,0,0.0,Spandau,Accident with minor injuries,Collision between vehicle and pedestrian,Pedestrian crossing accident,Twilight,Dry,798,245197.0
9458,9458,198761,12,Humboldtstraße,2019,8,14,6,3,5,2,0,1,0,0,0,0,1,0.0,Reinickendorf,Accident with minor injuries,Collision with a turning/crossing vehicle,Turning accident,Daylight,Dry,867,266408.0
9459,9459,198762,1,Großer Tiergarten,2019,8,13,6,3,5,3,0,1,1,0,0,0,0,0.0,Mitte,Accident with minor injuries,Collision with a turning/crossing vehicle,Turning/Crossing accident,Daylight,Dry,2215,385748.0
9460,9460,198763,5,Tiefwerder,2019,8,15,7,3,2,2,0,0,1,0,0,0,0,0.0,Spandau,Accident with minor injuries,Collision with the vehicle in front/waiting vehicle,Turning accident,Daylight,Dry,798,245197.0
9461,9461,198764,1,Humboldthain Süd,2019,8,19,7,2,0,7,0,1,0,0,0,0,0,0.0,Mitte,Accident with serious injuries,Others,Others,Daylight,Dry,2215,385748.0
9462,9462,198765,7,Manteuffelstraße,2019,8,13,6,3,5,7,0,0,1,0,0,0,0,0.0,Tempelhof-Schöneberg,Accident with minor injuries,Collision with a turning/crossing vehicle,Others,Daylight,Dry,1241,350984.0
9463,9463,198766,9,Adlershof Ost,2019,8,14,7,3,5,3,0,1,1,0,0,0,0,0.0,Treptow-Köpenick,Accident with minor injuries,Collision with a turning/crossing vehicle,Turning/Crossing accident,Daylight,Dry,892,273689.0
9464,9464,198767,8,Parchimer Allee,2019,8,13,6,3,5,2,0,1,1,0,0,0,0,0.0,Neukölln,Accident with minor injuries,Collision with a turning/crossing vehicle,Turning accident,Daylight,Dry,934,329917.0
9465,9465,198768,3,Pankow Süd,2019,8,14,7,3,2,3,0,0,1,0,0,0,0,0.0,Pankow,Accident with minor injuries,Collision with the vehicle in front/waiting vehicle,Turning/Crossing accident,Daylight,Dry,1219,409335.0
9466,9466,198769,4,Karl-August-Platz,2019,8,13,6,3,2,6,0,0,1,0,0,0,0,0.0,Charlottenburg-Wilmersdorf,Accident with minor injuries,Collision with the vehicle in front/waiting vehicle,Collision involving vehicles going in the same way,Daylight,Dry,1727,343592.0
9467,9467,198770,4,Kaiserin-Augusta-Allee,2019,8,12,6,3,5,2,0,1,1,0,0,0,0,0.0,Charlottenburg-Wilmersdorf,Accident with minor injuries,Collision with a turning/crossing vehicle,Turning accident,Daylight,Dry,1727,343592.0
9468,9468,198771,9,Altstadt Kietz,2019,8,13,7,3,2,6,0,0,1,0,0,0,0,0.0,Treptow-Köpenick,Accident with minor injuries,Collision with the vehicle in front/waiting vehicle,Collision involving vehicles going in the same way,Daylight,Dry,892,273689.0
9469,9469,198772,8,Gropiusstadt Ost,2019,8,13,7,3,5,2,0,0,1,0,0,0,0,0.0,Neukölln,Accident with minor injuries,Collision with a turning/crossing vehicle,Turning accident,Daylight,Dry,934,329917.0
9470,9470,198773,9,Späthsfelde,2019,8,12,6,3,5,3,0,1,0,0,0,0,1,0.0,Treptow-Köpenick,Accident with minor injuries,Collision with a turning/crossing vehicle,Turning/Crossing accident,Daylight,Dry,892,273689.0
9471,9471,198774,3,Pankow Zentrum,2019,8,11,6,3,0,3,0,1,0,0,0,0,1,0.0,Pankow,Accident with minor injuries,Others,Turning/Crossing accident,Daylight,Dry,1219,409335.0
9472,9472,198775,9,Dammvorstadt,2019,8,12,7,3,5,3,0,1,0,0,0,0,0,0.0,Treptow-Köpenick,Accident with minor injuries,Collision with a turning/crossing vehicle,Turning/Crossing accident,Daylight,Dry,892,273689.0
9473,9473,198776,5,Staakener Straße,2019,8,11,6,3,0,3,0,0,1,0,1,0,0,0.0,Spandau,Accident with minor injuries,Others,Turning/Crossing accident,Daylight,Dry,798,245197.0
9474,9474,198777,7,Grazer Platz,2019,8,11,7,3,5,2,0,1,1,0,0,0,0,0.0,Tempelhof-Schöneberg,Accident with minor injuries,Collision with a turning/crossing vehicle,Turning accident,Daylight,Dry,1241,350984.0
9475,9475,198778,7,Rathausstraße,2019,8,9,6,3,1,5,0,1,1,0,0,0,0,0.0,Tempelhof-Schöneberg,Accident with minor injuries,Collision with a moving/standing/parked vehicle,Accident involving parked vehicles,Daylight,Dry,1241,350984.0
9476,9476,198779,1,Leipziger Straße,2019,8,9,6,3,5,3,0,1,1,0,0,0,0,0.0,Mitte,Accident with minor injuries,Collision with a turning/crossing vehicle,Turning/Crossing accident,Daylight,Dry,2215,385748.0
9477,9477,198780,9,Müggelheim,2019,8,11,7,2,8,1,0,0,0,0,1,0,0,0.0,Treptow-Köpenick,Accident with serious injuries,Departure from the roadway to the right,Driving accident,Daylight,Dry,892,273689.0
9478,9478,198781,8,Rixdorf,2019,8,9,6,3,2,6,0,0,1,0,0,0,0,0.0,Neukölln,Accident with minor injuries,Collision with the vehicle in front/waiting vehicle,Collision involving vehicles going in the same way,Daylight,Dry,934,329917.0
9479,9479,198782,4,Breitscheidplatz,2019,8,6,7,2,8,7,0,0,1,0,0,0,0,1.0,Charlottenburg-Wilmersdorf,Accident with serious injuries,Departure from the roadway to the right,Others,Daylight,Wet/moist/slippery,1727,343592.0
9480,9480,198783,12,Konradshöhe/Tegelort,2019,8,8,6,3,5,2,0,1,1,0,0,0,0,0.0,Reinickendorf,Accident with minor injuries,Collision with a turning/crossing vehicle,Turning accident,Daylight,Dry,867,266408.0
9481,9481,198784,2,Reichenberger Straße,2019,8,12,7,3,5,3,0,0,1,0,0,0,0,0.0,Friedrichshain-Kreuzberg,Accident with minor injuries,Collision with a turning/crossing vehicle,Turning/Crossing accident,Daylight,Dry,1381,290386.0
9482,9482,198785,8,Buckow Mitte,2019,8,8,6,3,6,4,0,0,1,1,0,0,0,0.0,Neukölln,Accident with minor injuries,Collision between vehicle and pedestrian,Pedestrian crossing accident,Daylight,Dry,934,329917.0
9483,9483,198786,8,Körnerpark,2019,8,16,7,3,5,3,0,1,1,0,0,0,0,0.0,Neukölln,Accident with minor injuries,Collision with a turning/crossing vehicle,Turning/Crossing accident,Daylight,Dry,934,329917.0
9484,9484,198787,1,Soldiner Straße,2019,8,8,6,3,5,2,0,1,1,0,0,0,0,0.0,Mitte,Accident with minor injuries,Collision with a turning/crossing vehicle,Turning accident,Daylight,Dry,2215,385748.0
9485,9485,198788,7,Kettinger Straße/Schillerstraße,2019,8,7,6,3,1,5,0,0,1,0,0,1,0,0.0,Tempelhof-Schöneberg,Accident with minor injuries,Collision with a moving/standing/parked vehicle,Accident involving parked vehicles,Daylight,Dry,1241,350984.0
9486,9486,198789,3,Anton-Saefkow-Park,2019,8,3,6,3,6,4,2,0,1,1,0,0,0,0.0,Pankow,Accident with minor injuries,Collision between vehicle and pedestrian,Pedestrian crossing accident,Dark,Dry,1219,409335.0
9487,9487,198790,7,Bayerischer Platz,2019,8,15,6,3,5,3,0,0,1,0,0,0,0,0.0,Tempelhof-Schöneberg,Accident with minor injuries,Collision with a turning/crossing vehicle,Turning/Crossing accident,Daylight,Dry,1241,350984.0
9488,9488,198791,2,Andreasviertel,2019,8,7,6,3,5,2,0,1,1,0,0,0,0,0.0,Friedrichshain-Kreuzberg,Accident with minor injuries,Collision with a turning/crossing vehicle,Turning accident,Daylight,Dry,1381,290386.0
9489,9489,198792,7,Rathaus Tempelhof,2019,8,9,6,3,6,4,0,0,1,1,0,0,0,0.0,Tempelhof-Schöneberg,Accident with minor injuries,Collision between vehicle and pedestrian,Pedestrian crossing accident,Daylight,Dry,1241,350984.0
9490,9490,198793,6,Mittelstraße,2019,8,19,6,3,5,3,0,0,1,0,1,0,0,0.0,Steglitz-Zehlendorf,Accident with minor injuries,Collision with a turning/crossing vehicle,Turning/Crossing accident,Daylight,Dry,851,310071.0
9491,9491,198794,9,Bölschestraße,2019,8,16,6,2,5,7,0,0,1,0,1,0,0,0.0,Treptow-Köpenick,Accident with serious injuries,Collision with a turning/crossing vehicle,Others,Daylight,Dry,892,273689.0
9492,9492,198795,2,Lausitzer Platz,2019,8,13,6,3,0,2,0,1,0,0,0,0,1,0.0,Friedrichshain-Kreuzberg,Accident with minor injuries,Others,Turning accident,Daylight,Dry,1381,290386.0
9493,9493,198796,1,Heine-Viertel West,2019,8,16,6,2,1,5,0,0,1,0,0,0,1,0.0,Mitte,Accident with serious injuries,Collision with a moving/standing/parked vehicle,Accident involving parked vehicles,Daylight,Dry,2215,385748.0
9494,9494,198797,1,Oranienburger Straße,2019,8,1,6,3,0,1,2,0,0,0,0,0,1,0.0,Mitte,Accident with minor injuries,Others,Driving accident,Dark,Dry,2215,385748.0
9495,9495,198798,1,Soldiner Straße,2019,8,13,6,2,5,2,0,0,1,0,0,0,0,0.0,Mitte,Accident with serious injuries,Collision with a turning/crossing vehicle,Turning accident,Daylight,Dry,2215,385748.0
9496,9496,198799,9,Dammvorstadt,2019,8,20,6,3,0,6,1,1,0,0,0,0,1,0.0,Treptow-Köpenick,Accident with minor injuries,Others,Collision involving vehicles going in the same way,Twilight,Dry,892,273689.0
9497,9497,198800,3,Winsstraße,2019,8,8,6,3,0,6,0,0,0,0,1,0,0,0.0,Pankow,Accident with minor injuries,Others,Collision involving vehicles going in the same way,Daylight,Dry,1219,409335.0
9498,9498,198801,3,Pankow Süd,2019,8,20,6,3,5,2,1,1,1,0,0,0,0,0.0,Pankow,Accident with minor injuries,Collision with a turning/crossing vehicle,Turning accident,Twilight,Dry,1219,409335.0