,Unnamed: 0,object id,district,street,year,month,hour of day,weekday,category,accident type,accident type 2,light situation,bike involved,car involved,pedestrian involved,motor bike involved,big track involved,other vehicle involved,road condition,district name,category name,accident detail,accident type detail,light condition,road condition detail,accident count by district,est. population
9499,9499,198802,1,Thomasiusstraße,2019,8,8,6,2,5,3,0,1,0,0,0,0,0,0.0,Mitte,Accident with serious injuries,Collision with a turning/crossing vehicle,Turning/Crossing accident,Daylight,Dry,2215,385748.0
9500,9500,198803,9,Adlershof West,2019,8,17,6,3,5,2,0,1,1,0,0,0,0,0.0,Treptow-Köpenick,Accident with minor injuries,Collision with a turning/crossing vehicle,Turning accident,Daylight,Dry,892,273689.0
9501,9501,198804,11,Rummelsburg,2019,8,11,6,3,0,6,0,0,1,0,0,0,0,0.0,Lichtenberg,Accident with minor injuries,Others,Collision involving vehicles going in the same way,Daylight,Dry,679,294201.0
9502,9502,198805,6,Schweizer Viertel,2019,8,9,6,2,1,5,0,1,1,0,0,0,0,0.0,Steglitz-Zehlendorf,Accident with serious injuries,Collision with a moving/standing/parked vehicle,Accident involving parked vehicles,Daylight,Dry,851,310071.0
9503,9503,198806,8,Handwerker-Siedlung,2019,8,19,6,2,0,2,0,0,1,0,0,0,1,0.0,Neukölln,Accident with serious injuries,Others,Turning accident,Daylight,Dry,934,329917.0
9504,9504,198807,4,Schloßstraße,2019,8,4,6,3,1,5,2,1,1,0,0,0,0,0.0,Charlottenburg-Wilmersdorf,Accident with minor injuries,Collision with a moving/standing/parked vehicle,Accident involving parked vehicles,Dark,Dry,1727,343592.0
9505,9505,198808,6,Schloßstraße,2019,8,19,6,2,6,4,0,1,0,1,0,0,0,0.0,Steglitz-Zehlendorf,Accident with serious injuries,Collision between vehicle and pedestrian,Pedestrian crossing accident,Daylight,Dry,851,310071.0
9506,9506,198809,1,Invalidenstraße,2019,8,9,5,3,5,2,0,1,1,0,0,0,0,0.0,Mitte,Accident with minor injuries,Collision with a turning/crossing vehicle,Turning accident,Daylight,Dry,2215,385748.0
9507,9507,198810,8,Donaustraße,2019,8,18,6,3,2,6,0,1,1,0,0,0,0,0.0,Neukölln,Accident with minor injuries,Collision with the vehicle in front/waiting vehicle,Collision involving vehicles going in the same way,Daylight,Dry,934,329917.0
9508,9508,198811,1,Reinickendorfer Straße,2019,8,21,5,3,1,5,2,1,1,0,0,0,0,0.0,Mitte,Accident with minor injuries,Collision with a moving/standing/parked vehicle,Accident involving parked vehicles,Dark,Dry,2215,385748.0
9509,9509,198812,12,Hausotterplatz,2019,8,18,6,3,1,5,0,1,1,0,0,0,0,0.0,Reinickendorf,Accident with minor injuries,Collision with a moving/standing/parked vehicle,Accident involving parked vehicles,Daylight,Dry,867,266408.0
9510,9510,198813,12,Frohnau,2019,8,19,5,3,3,6,1,1,1,0,0,0,0,0.0,Reinickendorf,Accident with minor injuries,Collision with a vehicle traveling laterally in the same direction,Collision involving vehicles going in the same way,Twilight,Dry,867,266408.0
9511,9511,198814,11,Fennpfuhl Ost,2019,8,18,5,3,5,3,0,1,0,0,0,0,0,0.0,Lichtenberg,Accident with minor injuries,Collision with a turning/crossing vehicle,Turning/Crossing accident,Daylight,Dry,679,294201.0
9512,9512,198815,2,Graefekiez,2019,8,18,6,3,6,4,0,1,0,1,0,0,0,0.0,Friedrichshain-Kreuzberg,Accident with minor injuries,Collision between vehicle and pedestrian,Pedestrian crossing accident,Daylight,Dry,1381,290386.0
9513,9513,198816,1,Heine-Viertel West,2019,8,17,6,3,1,5,0,1,0,0,0,0,1,0.0,Mitte,Accident with minor injuries,Collision with a moving/standing/parked vehicle,Accident involving parked vehicles,Daylight,Dry,2215,385748.0
9514,9514,198817,7,Rathaus Tempelhof,2019,8,18,5,3,5,2,0,1,1,0,0,0,0,0.0,Tempelhof-Schöneberg,Accident with minor injuries,Collision with a turning/crossing vehicle,Turning accident,Daylight,Dry,1241,350984.0
9515,9515,198818,1,Nördlicher Landwehrkanal,2019,8,18,5,3,2,6,0,0,1,0,0,0,0,0.0,Mitte,Accident with minor injuries,Collision with the vehicle in front/waiting vehicle,Collision involving vehicles going in the same way,Daylight,Dry,2215,385748.0
9516,9516,198819,7,Friedenau,2019,8,16,6,2,5,2,0,1,1,0,0,0,0,0.0,Tempelhof-Schöneberg,Accident with serious injuries,Collision with a turning/crossing vehicle,Turning accident,Daylight,Dry,1241,350984.0
9517,9517,198820,1,Wilhelmstraße,2019,8,17,5,3,5,3,0,1,0,0,0,0,1,0.0,Mitte,Accident with minor injuries,Collision with a turning/crossing vehicle,Turning/Crossing accident,Daylight,Dry,2215,385748.0
9518,9518,198821,4,Babelsberger Straße,2019,8,16,6,3,5,2,0,1,0,0,0,0,1,0.0,Charlottenburg-Wilmersdorf,Accident with minor injuries,Collision with a turning/crossing vehicle,Turning accident,Daylight,Dry,1727,343592.0
9519,9519,198822,9,Dorf Altglienicke,2019,8,19,5,3,5,3,0,0,1,0,1,0,0,0.0,Treptow-Köpenick,Accident with minor injuries,Collision with a turning/crossing vehicle,Turning/Crossing accident,Daylight,Dry,892,273689.0
9520,9520,198823,1,Elberfelder Straße,2019,8,17,5,3,6,4,0,0,1,1,0,0,0,0.0,Mitte,Accident with minor injuries,Collision between vehicle and pedestrian,Pedestrian crossing accident,Daylight,Dry,2215,385748.0
9521,9521,198824,1,Nördlicher Landwehrkanal,2019,8,22,6,3,2,2,2,1,1,0,0,0,0,0.0,Mitte,Accident with minor injuries,Collision with the vehicle in front/waiting vehicle,Turning accident,Dark,Dry,2215,385748.0
9522,9522,198825,4,Wilhelmsaue,2019,8,15,5,3,0,7,0,1,0,0,0,0,0,0.0,Charlottenburg-Wilmersdorf,Accident with minor injuries,Others,Others,Daylight,Dry,1727,343592.0
9523,9523,198826,1,Leipziger Straße,2019,8,15,5,3,5,3,0,1,1,0,0,0,0,0.0,Mitte,Accident with minor injuries,Collision with a turning/crossing vehicle,Turning/Crossing accident,Daylight,Dry,2215,385748.0
9524,9524,198827,9,Bohnsdorf,2019,8,16,6,2,5,2,0,1,1,0,0,0,0,0.0,Treptow-Köpenick,Accident with serious injuries,Collision with a turning/crossing vehicle,Turning accident,Daylight,Dry,892,273689.0
9525,9525,198828,3,Pankow Zentrum,2019,8,15,5,3,5,3,0,1,0,0,0,0,0,0.0,Pankow,Accident with minor injuries,Collision with a turning/crossing vehicle,Turning/Crossing accident,Daylight,Dry,1219,409335.0
9526,9526,198829,6,Lankwitz Kirche,2019,8,14,5,3,3,2,0,0,1,0,1,0,0,0.0,Steglitz-Zehlendorf,Accident with minor injuries,Collision with a vehicle traveling laterally in the same direction,Turning accident,Daylight,Dry,851,310071.0
9527,9527,198830,5,Gartenfelder Straße,2019,8,22,6,3,5,2,2,1,1,0,0,0,0,0.0,Spandau,Accident with minor injuries,Collision with a turning/crossing vehicle,Turning accident,Dark,Dry,798,245197.0
9528,9528,198831,7,Nollendorfplatz,2019,8,14,5,3,3,5,0,1,1,0,0,0,0,0.0,Tempelhof-Schöneberg,Accident with minor injuries,Collision with a vehicle traveling laterally in the same direction,Accident involving parked vehicles,Daylight,Dry,1241,350984.0
9529,9529,198832,4,Breite Straße,2019,8,22,6,2,5,2,2,1,1,0,0,0,0,0.0,Charlottenburg-Wilmersdorf,Accident with serious injuries,Collision with a turning/crossing vehicle,Turning accident,Dark,Dry,1727,343592.0
9530,9530,198833,3,Pankow Zentrum,2019,8,14,5,3,5,2,0,1,1,0,0,0,0,0.0,Pankow,Accident with minor injuries,Collision with a turning/crossing vehicle,Turning accident,Daylight,Dry,1219,409335.0
9531,9531,198834,4,George-Grosz-Platz,2019,8,21,6,3,5,2,1,1,1,0,0,0,0,0.0,Charlottenburg-Wilmersdorf,Accident with minor injuries,Collision with a turning/crossing vehicle,Turning accident,Twilight,Dry,1727,343592.0
9532,9532,198835,2,Lausitzer Platz,2019,8,14,5,3,4,7,0,1,0,0,0,0,0,0.0,Friedrichshain-Kreuzberg,Accident with minor injuries,Collision with oncoming vehicle,Others,Daylight,Dry,1381,290386.0
9533,9533,198836,11,Rüdigerstraße,2019,8,20,6,3,0,2,1,1,1,0,0,0,0,0.0,Lichtenberg,Accident with minor injuries,Others,Turning accident,Twilight,Dry,679,294201.0
9534,9534,198837,5,Rohrdamm,2019,8,14,5,3,5,3,0,1,1,0,0,0,0,0.0,Spandau,Accident with minor injuries,Collision with a turning/crossing vehicle,Turning/Crossing accident,Daylight,Dry,798,245197.0
9535,9535,198838,5,Jägerallee,2019,8,14,5,3,5,2,0,1,1,0,0,0,0,0.0,Spandau,Accident with minor injuries,Collision with a turning/crossing vehicle,Turning accident,Daylight,Dry,798,245197.0
9536,9536,198839,8,Schillerpromenade,2019,8,16,6,2,3,6,0,0,1,0,1,0,0,0.0,Neukölln,Accident with serious injuries,Collision with a vehicle traveling laterally in the same direction,Collision involving vehicles going in the same way,Daylight,Dry,934,329917.0
9537,9537,198840,1,Leipziger Straße,2019,8,16,6,3,5,3,0,0,1,0,0,0,1,0.0,Mitte,Accident with minor injuries,Collision with a turning/crossing vehicle,Turning/Crossing accident,Daylight,Dry,2215,385748.0
9538,9538,198841,4,Alt-Lietzow,2019,8,13,5,3,0,2,0,0,1,0,0,0,1,0.0,Charlottenburg-Wilmersdorf,Accident with minor injuries,Others,Turning accident,Daylight,Dry,1727,343592.0
9539,9539,198842,8,Vogelviertel Süd,2019,8,14,5,2,2,6,0,0,1,0,0,0,0,0.0,Neukölln,Accident with serious injuries,Collision with the vehicle in front/waiting vehicle,Collision involving vehicles going in the same way,Daylight,Dry,934,329917.0
9540,9540,198843,12,Ziekowstraße/Freie Scholle,2019,8,15,6,3,5,2,0,0,1,0,1,0,0,0.0,Reinickendorf,Accident with minor injuries,Collision with a turning/crossing vehicle,Turning accident,Daylight,Dry,867,266408.0
9541,9541,198844,1,Leipziger Straße,2019,8,12,5,3,5,3,0,1,0,0,0,0,0,0.0,Mitte,Accident with minor injuries,Collision with a turning/crossing vehicle,Turning/Crossing accident,Daylight,Dry,2215,385748.0
9542,9542,198845,1,Rehberge,2019,8,15,6,3,5,2,0,1,1,0,0,0,0,0.0,Mitte,Accident with minor injuries,Collision with a turning/crossing vehicle,Turning accident,Daylight,Dry,2215,385748.0
9543,9543,198846,9,Johannisthal Ost,2019,8,12,5,3,5,3,0,0,1,0,0,0,0,0.0,Treptow-Köpenick,Accident with minor injuries,Collision with a turning/crossing vehicle,Turning/Crossing accident,Daylight,Dry,892,273689.0
9544,9544,198847,5,Freiheit,2019,8,12,6,3,2,6,0,0,1,0,0,0,0,0.0,Spandau,Accident with minor injuries,Collision with the vehicle in front/waiting vehicle,Collision involving vehicles going in the same way,Daylight,Dry,798,245197.0
9545,9545,198848,12,Scharnweberstraße,2019,8,10,5,3,0,6,0,0,1,0,1,0,0,0.0,Reinickendorf,Accident with minor injuries,Others,Collision involving vehicles going in the same way,Daylight,Dry,867,266408.0
9546,9546,198849,5,An der Kappe,2019,8,11,6,3,5,3,0,1,1,0,0,0,0,0.0,Spandau,Accident with minor injuries,Collision with a turning/crossing vehicle,Turning/Crossing accident,Daylight,Dry,798,245197.0
9547,9547,198850,7,Rathaus Tempelhof,2019,8,10,5,3,0,7,0,0,1,0,0,0,1,0.0,Tempelhof-Schöneberg,Accident with minor injuries,Others,Others,Daylight,Dry,1241,350984.0
9548,9548,198851,1,Brunnenstraße,2019,8,11,6,3,2,6,0,0,1,0,0,0,0,0.0,Mitte,Accident with minor injuries,Collision with the vehicle in front/waiting vehicle,Collision involving vehicles going in the same way,Daylight,Dry,2215,385748.0
9549,9549,198852,3,Pankow Süd,2019,8,13,1,3,5,3,0,0,1,0,0,0,0,0.0,Pankow,Accident with minor injuries,Collision with a turning/crossing vehicle,Turning/Crossing accident,Daylight,Dry,1219,409335.0
9550,9550,198853,9,Rahnsdorf/Hessenwinkel,2019,9,8,2,3,5,3,0,0,1,0,0,0,0,1.0,Treptow-Köpenick,Accident with minor injuries,Collision with a turning/crossing vehicle,Turning/Crossing accident,Daylight,Wet/moist/slippery,892,273689.0
9551,9551,198854,12,Borsigwalde,2019,9,7,2,3,5,3,0,0,1,0,0,0,1,1.0,Reinickendorf,Accident with minor injuries,Collision with a turning/crossing vehicle,Turning/Crossing accident,Daylight,Wet/moist/slippery,867,266408.0
9552,9552,198855,8,Reuterkiez,2019,9,7,2,3,5,3,0,0,1,0,0,0,0,1.0,Neukölln,Accident with minor injuries,Collision with a turning/crossing vehicle,Turning/Crossing accident,Daylight,Wet/moist/slippery,934,329917.0
9553,9553,198856,7,Rathausstraße,2019,9,6,2,3,2,2,2,0,1,0,0,0,1,1.0,Tempelhof-Schöneberg,Accident with minor injuries,Collision with the vehicle in front/waiting vehicle,Turning accident,Dark,Wet/moist/slippery,1241,350984.0
9554,9554,198857,8,Gropiusstadt Ost,2019,9,14,2,3,6,2,0,0,1,1,0,0,0,1.0,Neukölln,Accident with minor injuries,Collision between vehicle and pedestrian,Turning accident,Daylight,Wet/moist/slippery,934,329917.0
9555,9555,198858,11,Rummelsburg,2019,9,6,2,3,5,2,1,1,1,0,0,0,0,1.0,Lichtenberg,Accident with minor injuries,Collision with a turning/crossing vehicle,Turning accident,Twilight,Wet/moist/slippery,679,294201.0
9556,9556,198859,4,Plötzensee,2019,9,5,2,3,2,6,0,0,1,0,0,0,0,1.0,Charlottenburg-Wilmersdorf,Accident with minor injuries,Collision with the vehicle in front/waiting vehicle,Collision involving vehicles going in the same way,Daylight,Wet/moist/slippery,1727,343592.0
9557,9557,198860,9,Dammvorstadt,2019,9,18,2,3,5,3,0,1,1,0,0,0,0,1.0,Treptow-Köpenick,Accident with minor injuries,Collision with a turning/crossing vehicle,Turning/Crossing accident,Daylight,Wet/moist/slippery,892,273689.0
9558,9558,198861,4,Schloßgarten,2019,9,22,1,3,5,3,2,1,1,0,0,0,0,0.0,Charlottenburg-Wilmersdorf,Accident with minor injuries,Collision with a turning/crossing vehicle,Turning/Crossing accident,Dark,Dry,1727,343592.0
9559,9559,198862,1,Humboldthain Nordwest,2019,9,3,1,3,1,5,2,0,1,0,0,0,0,0.0,Mitte,Accident with minor injuries,Collision with a moving/standing/parked vehicle,Accident involving parked vehicles,Dark,Dry,2215,385748.0
9560,9560,198863,8,Rollberg,2019,9,21,1,3,1,5,2,0,1,0,0,0,0,0.0,Neukölln,Accident with minor injuries,Collision with a moving/standing/parked vehicle,Accident involving parked vehicles,Dark,Dry,934,329917.0
9561,9561,198864,8,Rollberg,2019,9,21,1,2,6,7,2,1,0,1,0,0,0,0.0,Neukölln,Accident with serious injuries,Collision between vehicle and pedestrian,Others,Dark,Dry,934,329917.0
9562,9562,198865,7,Marienfelde Nordost,2019,9,21,1,3,1,5,2,0,1,0,0,0,0,0.0,Tempelhof-Schöneberg,Accident with minor injuries,Collision with a moving/standing/parked vehicle,Accident involving parked vehicles,Dark,Dry,1241,350984.0
9563,9563,198866,7,Manteuffelstraße,2019,9,18,1,3,2,7,0,0,1,0,1,0,0,0.0,Tempelhof-Schöneberg,Accident with minor injuries,Collision with the vehicle in front/waiting vehicle,Others,Daylight,Dry,1241,350984.0
9564,9564,198867,7,Hundsteinweg,2019,9,14,1,3,1,5,0,0,1,0,0,0,1,0.0,Tempelhof-Schöneberg,Accident with minor injuries,Collision with a moving/standing/parked vehicle,Accident involving parked vehicles,Daylight,Dry,1241,350984.0
9565,9565,198868,8,Rollberg,2019,9,2,1,2,0,1,2,1,0,0,0,0,0,0.0,Neukölln,Accident with serious injuries,Others,Driving accident,Dark,Dry,934,329917.0
9566,9566,198869,2,Boxhagener Platz,2019,9,1,1,3,0,7,2,0,0,0,0,0,1,0.0,Friedrichshain-Kreuzberg,Accident with minor injuries,Others,Others,Dark,Dry,1381,290386.0
9567,9567,198870,12,Hermsdorf,2019,9,0,1,2,0,1,2,1,0,0,0,0,0,0.0,Reinickendorf,Accident with serious injuries,Others,Driving accident,Dark,Dry,867,266408.0
9568,9568,198871,2,Oranienplatz,2019,9,0,1,3,2,7,2,1,1,0,0,0,0,1.0,Friedrichshain-Kreuzberg,Accident with minor injuries,Collision with the vehicle in front/waiting vehicle,Others,Dark,Wet/moist/slippery,1381,290386.0
9569,9569,198872,4,Alt-Lietzow,2019,9,0,1,3,5,3,2,0,1,0,0,0,0,0.0,Charlottenburg-Wilmersdorf,Accident with minor injuries,Collision with a turning/crossing vehicle,Turning/Crossing accident,Dark,Dry,1727,343592.0
9570,9570,198873,12,Waldidyll/Flughafensee,2019,9,13,1,3,2,6,0,0,1,0,0,0,0,0.0,Reinickendorf,Accident with minor injuries,Collision with the vehicle in front/waiting vehicle,Collision involving vehicles going in the same way,Daylight,Dry,867,266408.0
9571,9571,198874,1,Nördlicher Landwehrkanal,2019,9,13,1,3,0,7,0,0,0,0,0,0,1,0.0,Mitte,Accident with minor injuries,Others,Others,Daylight,Dry,2215,385748.0
9572,9572,198875,8,Silbersteinstraße,2019,9,0,1,3,3,6,2,1,1,0,0,0,0,0.0,Neukölln,Accident with minor injuries,Collision with a vehicle traveling laterally in the same direction,Collision involving vehicles going in the same way,Dark,Dry,934,329917.0
9573,9573,198876,1,Schillerpark,2019,9,11,1,3,5,2,0,0,1,0,0,0,0,0.0,Mitte,Accident with minor injuries,Collision with a turning/crossing vehicle,Turning accident,Daylight,Dry,2215,385748.0
9574,9574,198877,7,Kettinger Straße/Schillerstraße,2019,9,11,1,3,2,2,0,0,1,0,0,0,0,0.0,Tempelhof-Schöneberg,Accident with minor injuries,Collision with the vehicle in front/waiting vehicle,Turning accident,Daylight,Dry,1241,350984.0
9575,9575,198878,3,Alt-Karow,2019,9,11,1,3,5,3,0,0,1,0,0,0,0,0.0,Pankow,Accident with minor injuries,Collision with a turning/crossing vehicle,Turning/Crossing accident,Daylight,Dry,1219,409335.0
9576,9576,198879,11,Karlshorst West,2019,9,10,1,3,0,3,0,1,0,0,0,0,1,0.0,Lichtenberg,Accident with minor injuries,Others,Turning/Crossing accident,Daylight,Dry,679,294201.0
9577,9577,198880,8,Körnerpark,2019,9,21,7,3,5,3,2,1,1,0,0,0,0,0.0,Neukölln,Accident with minor injuries,Collision with a turning/crossing vehicle,Turning/Crossing accident,Dark,Dry,934,329917.0
9578,9578,198881,4,Alt-Lietzow,2019,9,23,7,2,0,1,2,0,0,0,0,0,1,0.0,Charlottenburg-Wilmersdorf,Accident with serious injuries,Others,Driving accident,Dark,Dry,1727,343592.0
9579,9579,198882,3,Pankow Süd,2019,9,23,7,2,5,3,2,0,1,0,0,0,0,0.0,Pankow,Accident with serious injuries,Collision with a turning/crossing vehicle,Turning/Crossing accident,Dark,Dry,1219,409335.0
9580,9580,198883,6,Krumme Lanke,2019,9,22,7,3,0,1,2,0,0,0,1,0,0,1.0,Steglitz-Zehlendorf,Accident with minor injuries,Others,Driving accident,Dark,Wet/moist/slippery,851,310071.0
9581,9581,198884,1,Westliche Müllerstraße,2019,9,17,7,3,6,4,0,0,1,1,0,0,0,0.0,Mitte,Accident with minor injuries,Collision between vehicle and pedestrian,Pedestrian crossing accident,Daylight,Dry,2215,385748.0
9582,9582,198885,6,Zehlendorf Süd,2019,9,14,7,3,5,3,0,0,1,0,1,0,0,0.0,Steglitz-Zehlendorf,Accident with minor injuries,Collision with a turning/crossing vehicle,Turning/Crossing accident,Daylight,Dry,851,310071.0
9583,9583,198886,9,Hirschgarten,2019,9,16,7,3,5,3,0,1,1,0,0,0,0,0.0,Treptow-Köpenick,Accident with minor injuries,Collision with a turning/crossing vehicle,Turning/Crossing accident,Daylight,Dry,892,273689.0
9584,9584,198887,5,Hakenfelde Nord,2019,9,16,7,2,4,6,0,0,1,0,1,0,0,0.0,Spandau,Accident with serious injuries,Collision with oncoming vehicle,Collision involving vehicles going in the same way,Daylight,Dry,798,245197.0
9585,9585,198888,10,Biesdorf Süd,2019,9,16,7,3,2,6,0,0,1,0,0,0,0,0.0,Marzahn-Hellersdorf,Accident with minor injuries,Collision with the vehicle in front/waiting vehicle,Collision involving vehicles going in the same way,Daylight,Dry,586,269967.0
9586,9586,198889,8,Handwerker-Siedlung,2019,9,15,7,2,5,2,0,0,1,0,0,0,1,0.0,Neukölln,Accident with serious injuries,Collision with a turning/crossing vehicle,Turning accident,Daylight,Dry,934,329917.0
9587,9587,198890,10,Alt-Kaulsdorf,2019,9,15,7,3,5,2,0,0,1,0,1,0,0,0.0,Marzahn-Hellersdorf,Accident with minor injuries,Collision with a turning/crossing vehicle,Turning accident,Daylight,Dry,586,269967.0
9588,9588,198891,8,Mohriner Allee Nord,2019,9,14,7,3,5,3,0,0,1,0,0,0,0,0.0,Neukölln,Accident with minor injuries,Collision with a turning/crossing vehicle,Turning/Crossing accident,Daylight,Dry,934,329917.0
9589,9589,198892,4,Schloßstraße,2019,9,14,7,3,0,1,0,0,0,0,1,0,0,0.0,Charlottenburg-Wilmersdorf,Accident with minor injuries,Others,Driving accident,Daylight,Dry,1727,343592.0
9590,9590,198893,3,Teutoburger Platz,2019,9,14,7,3,6,4,0,1,0,1,0,0,0,0.0,Pankow,Accident with minor injuries,Collision between vehicle and pedestrian,Pedestrian crossing accident,Daylight,Dry,1219,409335.0
9591,9591,198894,3,Komponistenviertel Weißensee,2019,9,14,7,3,1,1,0,1,1,0,0,0,0,0.0,Pankow,Accident with minor injuries,Collision with a moving/standing/parked vehicle,Driving accident,Daylight,Dry,1219,409335.0
9592,9592,198895,4,Droysenstraße,2019,9,14,7,3,2,6,0,0,1,0,0,0,0,0.0,Charlottenburg-Wilmersdorf,Accident with minor injuries,Collision with the vehicle in front/waiting vehicle,Collision involving vehicles going in the same way,Daylight,Dry,1727,343592.0
9593,9593,198896,9,Adlershof Ost,2019,9,11,7,3,0,1,0,1,0,0,0,0,0,0.0,Treptow-Köpenick,Accident with minor injuries,Others,Driving accident,Daylight,Dry,892,273689.0
9594,9594,198897,1,Invalidenstraße,2019,9,10,7,3,1,1,0,1,1,0,0,0,0,0.0,Mitte,Accident with minor injuries,Collision with a moving/standing/parked vehicle,Driving accident,Daylight,Dry,2215,385748.0
9595,9595,198898,7,Friedenau,2019,9,9,7,3,5,3,0,1,1,0,0,0,0,0.0,Tempelhof-Schöneberg,Accident with minor injuries,Collision with a turning/crossing vehicle,Turning/Crossing accident,Daylight,Dry,1241,350984.0
9596,9596,198899,8,Frauenviertel,2019,9,14,7,3,6,7,0,0,1,1,0,0,0,0.0,Neukölln,Accident with minor injuries,Collision between vehicle and pedestrian,Others,Daylight,Dry,934,329917.0
9597,9597,198900,2,Viktoriapark,2019,9,1,7,3,1,5,2,1,1,0,0,0,1,0.0,Friedrichshain-Kreuzberg,Accident with minor injuries,Collision with a moving/standing/parked vehicle,Accident involving parked vehicles,Dark,Dry,1381,290386.0
9598,9598,198901,2,Chamissokiez,2019,9,22,6,3,1,1,2,0,1,0,0,0,1,0.0,Friedrichshain-Kreuzberg,Accident with minor injuries,Collision with a moving/standing/parked vehicle,Driving accident,Dark,Dry,1381,290386.0
9599,9599,198902,2,Moritzplatz,2019,9,21,6,3,0,1,2,1,0,0,0,0,0,0.0,Friedrichshain-Kreuzberg,Accident with minor injuries,Others,Driving accident,Dark,Dry,1381,290386.0
9600,9600,198903,2,Stralauer Kiez,2019,9,21,6,3,5,2,2,1,1,0,0,0,0,0.0,Friedrichshain-Kreuzberg,Accident with minor injuries,Collision with a turning/crossing vehicle,Turning accident,Dark,Dry,1381,290386.0
9601,9601,198904,3,Bucher Forst,2019,9,20,6,2,5,2,2,0,1,0,1,0,0,0.0,Pankow,Accident with serious injuries,Collision with a turning/crossing vehicle,Turning accident,Dark,Dry,1219,409335.0
9602,9602,198905,3,Falkplatz,2019,9,11,6,3,5,3,0,1,1,0,0,0,0,0.0,Pankow,Accident with minor injuries,Collision with a turning/crossing vehicle,Turning/Crossing accident,Daylight,Dry,1219,409335.0
9603,9603,198906,1,Unter den Linden Süd,2019,9,11,6,2,6,2,0,0,1,1,0,0,0,0.0,Mitte,Accident with serious injuries,Collision between vehicle and pedestrian,Turning accident,Daylight,Dry,2215,385748.0
9604,9604,198907,4,Babelsberger Straße,2019,9,11,6,3,3,6,0,0,1,0,1,0,0,0.0,Charlottenburg-Wilmersdorf,Accident with minor injuries,Collision with a vehicle traveling laterally in the same direction,Collision involving vehicles going in the same way,Daylight,Dry,1727,343592.0
9605,9605,198908,1,Schillerpark,2019,9,10,6,3,2,6,0,0,1,0,0,0,0,0.0,Mitte,Accident with minor injuries,Collision with the vehicle in front/waiting vehicle,Collision involving vehicles going in the same way,Daylight,Dry,2215,385748.0
9606,9606,198909,7,Imbrosweg,2019,9,19,6,3,1,5,2,0,1,0,0,0,1,0.0,Tempelhof-Schöneberg,Accident with minor injuries,Collision with a moving/standing/parked vehicle,Accident involving parked vehicles,Dark,Dry,1241,350984.0
9607,9607,198910,1,Wilhelmstraße,2019,9,15,6,2,0,1,0,0,0,0,0,0,1,0.0,Mitte,Accident with serious injuries,Others,Driving accident,Daylight,Dry,2215,385748.0
9608,9608,198911,1,Heine-Viertel Ost,2019,9,9,6,3,2,2,0,0,0,0,1,1,0,0.0,Mitte,Accident with minor injuries,Collision with the vehicle in front/waiting vehicle,Turning accident,Daylight,Dry,2215,385748.0
9609,9609,198912,2,Chamissokiez,2019,9,19,6,3,6,4,1,0,1,1,0,0,0,0.0,Friedrichshain-Kreuzberg,Accident with minor injuries,Collision between vehicle and pedestrian,Pedestrian crossing accident,Twilight,Dry,1381,290386.0
9610,9610,198913,9,Johannisthal Ost,2019,9,19,6,3,5,2,1,1,1,0,0,0,0,0.0,Treptow-Köpenick,Accident with minor injuries,Collision with a turning/crossing vehicle,Turning accident,Twilight,Dry,892,273689.0
9611,9611,198914,1,Oranienburger Straße,2019,9,8,6,3,2,2,0,1,1,0,0,0,0,0.0,Mitte,Accident with minor injuries,Collision with the vehicle in front/waiting vehicle,Turning accident,Daylight,Dry,2215,385748.0
9612,9612,198915,1,Westhafen,2019,9,14,6,3,2,6,0,0,1,0,0,0,0,0.0,Mitte,Accident with minor injuries,Collision with the vehicle in front/waiting vehicle,Collision involving vehicles going in the same way,Daylight,Dry,2215,385748.0
9613,9613,198916,1,Reinickendorfer Straße,2019,9,8,6,3,3,6,0,0,1,0,1,0,0,0.0,Mitte,Accident with minor injuries,Collision with a vehicle traveling laterally in the same direction,Collision involving vehicles going in the same way,Daylight,Dry,2215,385748.0
9614,9614,198917,1,Heine-Viertel Ost,2019,9,14,6,3,1,7,0,1,1,0,0,0,0,0.0,Mitte,Accident with minor injuries,Collision with a moving/standing/parked vehicle,Others,Daylight,Dry,2215,385748.0
9615,9615,198918,2,Andreasviertel,2019,9,8,6,3,0,7,0,0,0,0,0,1,0,0.0,Friedrichshain-Kreuzberg,Accident with minor injuries,Others,Others,Daylight,Dry,1381,290386.0
9616,9616,198919,11,Herzbergstraße,2019,9,18,6,2,6,4,0,0,1,1,0,0,0,0.0,Lichtenberg,Accident with serious injuries,Collision between vehicle and pedestrian,Pedestrian crossing accident,Daylight,Dry,679,294201.0
9617,9617,198920,8,Buckow Mitte,2019,9,7,6,2,6,4,0,0,1,1,0,0,0,0.0,Neukölln,Accident with serious injuries,Collision between vehicle and pedestrian,Pedestrian crossing accident,Daylight,Dry,934,329917.0
9618,9618,198921,4,Spreestadt,2019,9,14,6,3,5,3,0,1,1,0,0,0,0,0.0,Charlottenburg-Wilmersdorf,Accident with minor injuries,Collision with a turning/crossing vehicle,Turning/Crossing accident,Daylight,Dry,1727,343592.0
9619,9619,198922,8,Silbersteinstraße,2019,9,18,6,3,1,5,0,0,1,0,0,0,0,0.0,Neukölln,Accident with minor injuries,Collision with a moving/standing/parked vehicle,Accident involving parked vehicles,Daylight,Dry,934,329917.0
9620,9620,198923,1,Leopoldplatz,2019,9,14,6,3,2,6,0,0,1,0,0,0,0,0.0,Mitte,Accident with minor injuries,Collision with the vehicle in front/waiting vehicle,Collision involving vehicles going in the same way,Daylight,Dry,2215,385748.0