,Unnamed: 0,object id,district,street,year,month,hour of day,weekday,category,accident type,accident type 2,light situation,bike involved,car involved,pedestrian involved,motor bike involved,big track involved,other vehicle involved,road condition,district name,category name,accident detail,accident type detail,light condition,road condition detail,accident count by district,est. population
9621,9621,198924,9,Oberschöneweide Ost,2019,9,6,6,3,5,3,0,0,1,0,0,0,0,0.0,Treptow-Köpenick,Accident with minor injuries,Collision with a turning/crossing vehicle,Turning/Crossing accident,Daylight,Dry,892,273689.0
9622,9622,198925,7,Wittenbergplatz/Viktoria-Luise-Platz,2019,9,16,6,3,2,2,0,1,1,0,0,0,0,0.0,Tempelhof-Schöneberg,Accident with minor injuries,Collision with the vehicle in front/waiting vehicle,Turning accident,Daylight,Dry,1241,350984.0
9623,9623,198926,4,Hagenplatz,2019,9,13,6,3,5,2,0,1,1,0,0,0,0,0.0,Charlottenburg-Wilmersdorf,Accident with minor injuries,Collision with a turning/crossing vehicle,Turning accident,Daylight,Dry,1727,343592.0
9624,9624,198927,10,Biesdorf Süd,2019,9,12,6,3,2,6,0,0,1,0,0,0,0,0.0,Marzahn-Hellersdorf,Accident with minor injuries,Collision with the vehicle in front/waiting vehicle,Collision involving vehicles going in the same way,Daylight,Dry,586,269967.0
9625,9625,198928,3,Weißer See,2019,9,16,6,3,5,2,0,1,1,0,0,0,0,0.0,Pankow,Accident with minor injuries,Collision with a turning/crossing vehicle,Turning accident,Daylight,Dry,1219,409335.0
9626,9626,198929,5,Tiefwerder,2019,9,12,6,2,5,2,0,0,1,0,0,0,0,0.0,Spandau,Accident with serious injuries,Collision with a turning/crossing vehicle,Turning accident,Daylight,Dry,798,245197.0
9627,9627,198930,1,Gesundbrunnen,2019,9,16,6,3,9,1,0,0,1,1,0,0,0,0.0,Mitte,Accident with minor injuries,Departure from the roadway to the left,Driving accident,Daylight,Dry,2215,385748.0
9628,9628,198931,12,Klixstraße,2019,9,12,6,3,2,6,0,0,1,0,0,0,1,0.0,Reinickendorf,Accident with minor injuries,Collision with the vehicle in front/waiting vehicle,Collision involving vehicles going in the same way,Daylight,Dry,867,266408.0
9629,9629,198932,1,Westliche Müllerstraße,2019,9,16,6,3,5,2,0,1,1,0,0,0,0,0.0,Mitte,Accident with minor injuries,Collision with a turning/crossing vehicle,Turning accident,Daylight,Dry,2215,385748.0
9630,9630,198933,10,Helle Mitte,2019,9,12,6,3,2,2,0,0,1,0,1,0,0,0.0,Marzahn-Hellersdorf,Accident with minor injuries,Collision with the vehicle in front/waiting vehicle,Turning accident,Daylight,Dry,586,269967.0
9631,9631,198934,4,Königin-Elisabeth-Straße,2019,9,11,6,2,3,6,0,0,1,0,1,0,0,0.0,Charlottenburg-Wilmersdorf,Accident with serious injuries,Collision with a vehicle traveling laterally in the same direction,Collision involving vehicles going in the same way,Daylight,Dry,1727,343592.0
9632,9632,198935,1,Arkonaplatz,2019,9,15,6,3,0,1,0,1,0,0,0,0,0,0.0,Mitte,Accident with minor injuries,Others,Driving accident,Daylight,Dry,2215,385748.0
9633,9633,198936,4,Droysenstraße,2019,9,15,6,2,5,2,0,1,1,0,0,0,0,0.0,Charlottenburg-Wilmersdorf,Accident with serious injuries,Collision with a turning/crossing vehicle,Turning accident,Daylight,Dry,1727,343592.0
9634,9634,198937,4,Ernst-Reuter-Platz,2019,9,12,6,3,5,2,0,1,0,0,0,1,0,0.0,Charlottenburg-Wilmersdorf,Accident with minor injuries,Collision with a turning/crossing vehicle,Turning accident,Daylight,Dry,1727,343592.0
9635,9635,198938,1,Invalidenstraße,2019,9,19,6,1,9,7,1,0,1,1,0,0,1,0.0,Mitte,Accident with fatalities,Departure from the roadway to the left,Others,Twilight,Dry,2215,385748.0
9636,9636,198939,4,Binger Straße,2019,9,6,5,2,0,7,0,1,1,0,0,0,0,0.0,Charlottenburg-Wilmersdorf,Accident with serious injuries,Others,Others,Daylight,Dry,1727,343592.0
9637,9637,198940,1,Heine-Viertel Ost,2019,9,4,5,2,6,2,2,0,1,1,0,0,0,1.0,Mitte,Accident with serious injuries,Collision between vehicle and pedestrian,Turning accident,Dark,Wet/moist/slippery,2215,385748.0
9638,9638,198941,7,Rathaus Tempelhof,2019,9,22,5,3,5,2,2,0,1,0,0,0,0,0.0,Tempelhof-Schöneberg,Accident with minor injuries,Collision with a turning/crossing vehicle,Turning accident,Dark,Dry,1241,350984.0
9639,9639,198942,2,Urbanstraße,2019,9,20,5,3,2,6,2,0,1,0,0,0,0,0.0,Friedrichshain-Kreuzberg,Accident with minor injuries,Collision with the vehicle in front/waiting vehicle,Collision involving vehicles going in the same way,Dark,Dry,1381,290386.0
9640,9640,198943,6,Dahlem,2019,9,20,5,3,5,2,2,1,1,0,0,0,0,0.0,Steglitz-Zehlendorf,Accident with minor injuries,Collision with a turning/crossing vehicle,Turning accident,Dark,Dry,851,310071.0
9641,9641,198944,12,Waldidyll/Flughafensee,2019,9,18,5,2,0,7,0,1,0,0,0,0,0,0.0,Reinickendorf,Accident with serious injuries,Others,Others,Daylight,Dry,867,266408.0
9642,9642,198945,10,Biesdorf Süd,2019,9,18,5,2,5,3,0,0,1,0,0,0,0,0.0,Marzahn-Hellersdorf,Accident with serious injuries,Collision with a turning/crossing vehicle,Turning/Crossing accident,Daylight,Dry,586,269967.0
9643,9643,198946,3,Bötzowstraße,2019,9,21,5,3,5,3,2,1,1,0,0,0,0,0.0,Pankow,Accident with minor injuries,Collision with a turning/crossing vehicle,Turning/Crossing accident,Dark,Dry,1219,409335.0
9644,9644,198947,6,Lankwitz Kirche,2019,9,10,5,3,5,2,0,1,1,0,0,0,0,0.0,Steglitz-Zehlendorf,Accident with minor injuries,Collision with a turning/crossing vehicle,Turning accident,Daylight,Dry,851,310071.0
9645,9645,198948,1,Emdener Straße,2019,9,17,5,3,5,3,0,1,0,0,0,0,0,1.0,Mitte,Accident with minor injuries,Collision with a turning/crossing vehicle,Turning/Crossing accident,Daylight,Wet/moist/slippery,2215,385748.0
9646,9646,198949,10,Biesdorf Süd,2019,9,17,5,3,2,6,0,0,1,0,0,0,0,0.0,Marzahn-Hellersdorf,Accident with minor injuries,Collision with the vehicle in front/waiting vehicle,Collision involving vehicles going in the same way,Daylight,Dry,586,269967.0
9647,9647,198950,1,Sparrplatz,2019,9,12,5,3,2,6,0,0,1,0,0,0,0,0.0,Mitte,Accident with minor injuries,Collision with the vehicle in front/waiting vehicle,Collision involving vehicles going in the same way,Daylight,Dry,2215,385748.0
9648,9648,198951,12,Teichstraße,2019,9,11,5,3,5,2,0,1,1,0,0,0,0,0.0,Reinickendorf,Accident with minor injuries,Collision with a turning/crossing vehicle,Turning accident,Daylight,Dry,867,266408.0
9649,9649,198952,3,Falkplatz,2019,9,11,5,3,5,2,0,1,1,0,0,0,0,0.0,Pankow,Accident with minor injuries,Collision with a turning/crossing vehicle,Turning accident,Daylight,Dry,1219,409335.0
9650,9650,198953,3,Niederschönhausen,2019,9,9,5,3,5,3,0,1,1,0,0,0,0,0.0,Pankow,Accident with minor injuries,Collision with a turning/crossing vehicle,Turning/Crossing accident,Daylight,Dry,1219,409335.0
9651,9651,198954,10,Alt-Marzahn,2019,9,9,5,3,2,6,0,0,1,0,0,1,0,0.0,Marzahn-Hellersdorf,Accident with minor injuries,Collision with the vehicle in front/waiting vehicle,Collision involving vehicles going in the same way,Daylight,Dry,586,269967.0
9652,9652,198955,4,Königin-Elisabeth-Straße,2019,9,8,5,3,3,6,0,0,1,0,0,0,0,0.0,Charlottenburg-Wilmersdorf,Accident with minor injuries,Collision with a vehicle traveling laterally in the same direction,Collision involving vehicles going in the same way,Daylight,Dry,1727,343592.0
9653,9653,198956,6,Goerzwerke,2019,9,8,5,3,2,6,0,0,1,0,0,1,0,0.0,Steglitz-Zehlendorf,Accident with minor injuries,Collision with the vehicle in front/waiting vehicle,Collision involving vehicles going in the same way,Daylight,Dry,851,310071.0
9654,9654,198957,7,Germaniagarten,2019,9,8,5,3,5,2,0,1,1,0,0,0,0,0.0,Tempelhof-Schöneberg,Accident with minor injuries,Collision with a turning/crossing vehicle,Turning accident,Daylight,Dry,1241,350984.0
9655,9655,198958,3,Wilhelmsruh,2019,9,8,5,3,0,2,0,1,1,0,0,0,0,0.0,Pankow,Accident with minor injuries,Others,Turning accident,Daylight,Dry,1219,409335.0
9656,9656,198959,9,Johannisthal Ost,2019,9,8,5,3,0,2,0,0,1,0,1,0,0,1.0,Treptow-Köpenick,Accident with minor injuries,Others,Turning accident,Daylight,Wet/moist/slippery,892,273689.0
9657,9657,198960,5,Gartenfelder Straße,2019,9,8,5,2,5,3,0,1,0,0,0,0,1,0.0,Spandau,Accident with serious injuries,Collision with a turning/crossing vehicle,Turning/Crossing accident,Daylight,Dry,798,245197.0
9658,9658,198961,4,Eichkamp,2019,9,17,5,3,0,5,0,0,0,0,1,0,1,0.0,Charlottenburg-Wilmersdorf,Accident with minor injuries,Others,Accident involving parked vehicles,Daylight,Dry,1727,343592.0
9659,9659,198962,8,Buckow West,2019,9,17,5,3,5,3,0,0,1,0,0,0,0,0.0,Neukölln,Accident with minor injuries,Collision with a turning/crossing vehicle,Turning/Crossing accident,Daylight,Dry,934,329917.0
9660,9660,198963,12,Heiligensee,2019,9,17,5,3,5,2,0,1,1,0,0,0,0,0.0,Reinickendorf,Accident with minor injuries,Collision with a turning/crossing vehicle,Turning accident,Daylight,Dry,867,266408.0
9661,9661,198964,4,Wilhelmsaue,2019,9,17,5,2,6,7,0,0,1,1,0,0,0,0.0,Charlottenburg-Wilmersdorf,Accident with serious injuries,Collision between vehicle and pedestrian,Others,Daylight,Dry,1727,343592.0
9662,9662,198965,4,Droysenstraße,2019,9,17,5,3,5,3,0,0,1,0,0,0,0,0.0,Charlottenburg-Wilmersdorf,Accident with minor injuries,Collision with a turning/crossing vehicle,Turning/Crossing accident,Daylight,Dry,1727,343592.0
9663,9663,198966,5,Alt-Gatow,2019,9,16,5,2,0,1,0,1,0,0,0,0,0,0.0,Spandau,Accident with serious injuries,Others,Driving accident,Daylight,Dry,798,245197.0
9664,9664,198967,5,Jägerallee,2019,9,7,5,3,5,3,0,1,1,0,0,0,0,0.0,Spandau,Accident with minor injuries,Collision with a turning/crossing vehicle,Turning/Crossing accident,Daylight,Dry,798,245197.0
9665,9665,198968,4,Breitscheidplatz,2019,9,15,5,3,6,4,0,0,1,1,0,0,0,0.0,Charlottenburg-Wilmersdorf,Accident with minor injuries,Collision between vehicle and pedestrian,Pedestrian crossing accident,Daylight,Dry,1727,343592.0
9666,9666,198969,9,Allende I,2019,9,7,5,2,6,4,0,0,1,1,0,0,0,0.0,Treptow-Köpenick,Accident with serious injuries,Collision between vehicle and pedestrian,Pedestrian crossing accident,Daylight,Dry,892,273689.0
9667,9667,198970,5,Kurstraße,2019,9,15,6,2,5,3,0,0,1,0,1,0,0,0.0,Spandau,Accident with serious injuries,Collision with a turning/crossing vehicle,Turning/Crossing accident,Daylight,Dry,798,245197.0
9668,9668,198971,10,Helle Mitte,2019,9,15,5,3,6,2,0,0,1,1,0,0,0,0.0,Marzahn-Hellersdorf,Accident with minor injuries,Collision between vehicle and pedestrian,Turning accident,Daylight,Dry,586,269967.0
9669,9669,198972,1,Emdener Straße,2019,9,15,6,3,1,5,0,1,1,0,0,0,0,0.0,Mitte,Accident with minor injuries,Collision with a moving/standing/parked vehicle,Accident involving parked vehicles,Daylight,Dry,2215,385748.0
9670,9670,198973,6,Wannsee,2019,9,15,6,3,5,3,0,1,1,0,0,0,0,0.0,Steglitz-Zehlendorf,Accident with minor injuries,Collision with a turning/crossing vehicle,Turning/Crossing accident,Daylight,Dry,851,310071.0
9671,9671,198974,9,Oberschöneweide Ost,2019,9,7,5,3,0,1,0,0,0,0,1,0,0,1.0,Treptow-Köpenick,Accident with minor injuries,Others,Driving accident,Daylight,Wet/moist/slippery,892,273689.0
9672,9672,198975,1,Gesundbrunnen,2019,9,15,5,3,5,2,0,1,1,0,0,0,0,0.0,Mitte,Accident with minor injuries,Collision with a turning/crossing vehicle,Turning accident,Daylight,Dry,2215,385748.0
9673,9673,198976,1,Karl-Marx-Allee,2019,9,21,6,3,2,6,2,0,1,0,0,0,0,0.0,Mitte,Accident with minor injuries,Collision with the vehicle in front/waiting vehicle,Collision involving vehicles going in the same way,Dark,Dry,2215,385748.0
9674,9674,198977,4,Tegeler Weg,2019,9,15,5,3,5,3,0,0,1,0,0,0,0,0.0,Charlottenburg-Wilmersdorf,Accident with minor injuries,Collision with a turning/crossing vehicle,Turning/Crossing accident,Daylight,Dry,1727,343592.0
9675,9675,198978,10,Schleipfuhl,2019,9,6,5,3,5,3,1,0,1,0,0,0,0,1.0,Marzahn-Hellersdorf,Accident with minor injuries,Collision with a turning/crossing vehicle,Turning/Crossing accident,Twilight,Wet/moist/slippery,586,269967.0
9676,9676,198979,4,Rathaus Wilmersdorf,2019,9,7,5,3,5,2,0,1,1,0,0,0,0,1.0,Charlottenburg-Wilmersdorf,Accident with minor injuries,Collision with a turning/crossing vehicle,Turning accident,Daylight,Wet/moist/slippery,1727,343592.0
9677,9677,198980,6,Schloßstraße,2019,9,11,5,3,0,1,0,1,0,0,0,0,0,0.0,Steglitz-Zehlendorf,Accident with minor injuries,Others,Driving accident,Daylight,Dry,851,310071.0
9678,9678,198981,2,Chamissokiez,2019,9,14,5,3,5,5,0,1,1,0,0,0,0,0.0,Friedrichshain-Kreuzberg,Accident with minor injuries,Collision with a turning/crossing vehicle,Accident involving parked vehicles,Daylight,Dry,1381,290386.0
9679,9679,198982,6,Dahlem,2019,9,16,5,3,5,2,0,1,1,0,0,0,0,0.0,Steglitz-Zehlendorf,Accident with minor injuries,Collision with a turning/crossing vehicle,Turning accident,Daylight,Dry,851,310071.0
9680,9680,198983,6,Krumme Lanke,2019,9,15,5,3,6,4,0,1,0,1,0,0,0,0.0,Steglitz-Zehlendorf,Accident with minor injuries,Collision between vehicle and pedestrian,Pedestrian crossing accident,Daylight,Dry,851,310071.0
9681,9681,198984,6,Teltower Damm,2019,9,6,5,2,2,7,0,0,1,0,0,0,1,1.0,Steglitz-Zehlendorf,Accident with serious injuries,Collision with the vehicle in front/waiting vehicle,Others,Daylight,Wet/moist/slippery,851,310071.0
9682,9682,198985,7,Bayerischer Platz,2019,9,16,5,3,2,2,0,1,1,0,0,0,0,0.0,Tempelhof-Schöneberg,Accident with minor injuries,Collision with the vehicle in front/waiting vehicle,Turning accident,Daylight,Dry,1241,350984.0
9683,9683,198986,7,Kaiser-Wilhelm-Platz,2019,9,14,5,3,5,7,0,0,0,0,1,0,1,0.0,Tempelhof-Schöneberg,Accident with minor injuries,Collision with a turning/crossing vehicle,Others,Daylight,Dry,1241,350984.0
9684,9684,198987,1,Karl-Marx-Allee,2019,9,16,5,3,0,5,0,0,1,0,1,0,0,0.0,Mitte,Accident with minor injuries,Others,Accident involving parked vehicles,Daylight,Dry,2215,385748.0
9685,9685,198988,7,Dennewitzplatz,2019,9,14,5,3,5,3,0,1,1,0,0,0,0,0.0,Tempelhof-Schöneberg,Accident with minor injuries,Collision with a turning/crossing vehicle,Turning/Crossing accident,Daylight,Dry,1241,350984.0
9686,9686,198989,4,Alt-Lietzow,2019,9,16,5,2,5,2,0,0,1,0,0,0,1,0.0,Charlottenburg-Wilmersdorf,Accident with serious injuries,Collision with a turning/crossing vehicle,Turning accident,Daylight,Dry,1727,343592.0
9687,9687,198990,9,Johannisthal West,2019,9,14,5,3,0,2,0,0,1,0,1,0,0,0.0,Treptow-Köpenick,Accident with minor injuries,Others,Turning accident,Daylight,Dry,892,273689.0
9688,9688,198991,7,Lindenhofsiedlung,2019,9,15,5,3,0,6,0,0,1,0,0,0,1,0.0,Tempelhof-Schöneberg,Accident with minor injuries,Others,Collision involving vehicles going in the same way,Daylight,Dry,1241,350984.0
9689,9689,198992,12,Waldidyll/Flughafensee,2019,9,15,5,3,2,2,0,0,1,0,1,0,0,0.0,Reinickendorf,Accident with minor injuries,Collision with the vehicle in front/waiting vehicle,Turning accident,Daylight,Dry,867,266408.0
9690,9690,198993,4,Park Ruhwald,2019,9,6,5,3,0,1,0,0,0,0,1,0,0,1.0,Charlottenburg-Wilmersdorf,Accident with minor injuries,Others,Driving accident,Daylight,Wet/moist/slippery,1727,343592.0
9691,9691,198994,12,Wittenau Nord,2019,9,6,5,3,5,3,0,0,1,0,1,0,0,1.0,Reinickendorf,Accident with minor injuries,Collision with a turning/crossing vehicle,Turning/Crossing accident,Daylight,Wet/moist/slippery,867,266408.0
9692,9692,198995,5,Kurstraße,2019,9,15,5,3,1,5,0,1,1,0,0,0,0,0.0,Spandau,Accident with minor injuries,Collision with a moving/standing/parked vehicle,Accident involving parked vehicles,Daylight,Dry,798,245197.0
9693,9693,198996,11,Fennpfuhl West,2019,9,15,5,3,1,5,0,0,1,0,0,0,0,0.0,Lichtenberg,Accident with minor injuries,Collision with a moving/standing/parked vehicle,Accident involving parked vehicles,Daylight,Dry,679,294201.0
9694,9694,198997,12,Letteplatz,2019,9,6,5,2,0,3,1,0,1,0,1,0,0,1.0,Reinickendorf,Accident with serious injuries,Others,Turning/Crossing accident,Twilight,Wet/moist/slippery,867,266408.0
9695,9695,198998,3,Buch,2019,9,14,5,3,5,3,0,0,1,0,0,0,0,0.0,Pankow,Accident with minor injuries,Collision with a turning/crossing vehicle,Turning/Crossing accident,Daylight,Dry,1219,409335.0
9696,9696,198999,8,Parchimer Allee,2019,9,18,5,2,0,7,1,0,0,0,1,0,0,1.0,Neukölln,Accident with serious injuries,Others,Others,Twilight,Wet/moist/slippery,934,329917.0
9697,9697,199000,11,Weitlingstraße,2019,9,14,5,2,6,4,0,1,0,1,0,0,0,0.0,Lichtenberg,Accident with serious injuries,Collision between vehicle and pedestrian,Pedestrian crossing accident,Daylight,Dry,679,294201.0
9698,9698,199001,2,Wriezener Bahnhof/Entwicklungsgebiet,2019,9,13,5,3,5,3,0,1,0,0,0,0,1,0.0,Friedrichshain-Kreuzberg,Accident with minor injuries,Collision with a turning/crossing vehicle,Turning/Crossing accident,Daylight,Dry,1381,290386.0
9699,9699,199002,11,Herzbergstraße,2019,9,13,5,2,5,3,0,1,1,0,0,0,0,0.0,Lichtenberg,Accident with serious injuries,Collision with a turning/crossing vehicle,Turning/Crossing accident,Daylight,Dry,679,294201.0
9700,9700,199003,12,Hermsdorf,2019,9,14,5,3,5,3,0,1,1,0,0,0,0,0.0,Reinickendorf,Accident with minor injuries,Collision with a turning/crossing vehicle,Turning/Crossing accident,Daylight,Dry,867,266408.0
9701,9701,199004,1,Leopoldplatz,2019,9,13,5,3,2,6,0,0,1,0,0,0,0,0.0,Mitte,Accident with minor injuries,Collision with the vehicle in front/waiting vehicle,Collision involving vehicles going in the same way,Daylight,Dry,2215,385748.0
9702,9702,199005,12,Scharnweberstraße,2019,9,11,5,3,3,6,0,0,1,0,0,1,0,0.0,Reinickendorf,Accident with minor injuries,Collision with a vehicle traveling laterally in the same direction,Collision involving vehicles going in the same way,Daylight,Dry,867,266408.0
9703,9703,199006,2,Andreasviertel,2019,9,11,5,3,2,6,0,1,0,0,0,0,0,0.0,Friedrichshain-Kreuzberg,Accident with minor injuries,Collision with the vehicle in front/waiting vehicle,Collision involving vehicles going in the same way,Daylight,Dry,1381,290386.0
9704,9704,199007,4,Halensee,2019,9,23,5,2,5,7,2,0,1,0,0,0,0,0.0,Charlottenburg-Wilmersdorf,Accident with serious injuries,Collision with a turning/crossing vehicle,Others,Dark,Dry,1727,343592.0
9705,9705,199008,1,Elberfelder Straße,2019,9,14,5,3,6,4,0,0,0,1,0,0,1,0.0,Mitte,Accident with minor injuries,Collision between vehicle and pedestrian,Pedestrian crossing accident,Daylight,Dry,2215,385748.0
9706,9706,199009,10,Helle Mitte,2019,9,15,5,3,5,3,0,1,1,0,0,0,0,0.0,Marzahn-Hellersdorf,Accident with minor injuries,Collision with a turning/crossing vehicle,Turning/Crossing accident,Daylight,Dry,586,269967.0
9707,9707,199010,2,Friedenstraße,2019,9,12,4,3,2,6,0,1,1,0,0,0,0,0.0,Friedrichshain-Kreuzberg,Accident with minor injuries,Collision with the vehicle in front/waiting vehicle,Collision involving vehicles going in the same way,Daylight,Dry,1381,290386.0
9708,9708,199011,2,Mehringplatz,2019,9,20,5,3,5,3,2,0,1,0,0,0,0,0.0,Friedrichshain-Kreuzberg,Accident with minor injuries,Collision with a turning/crossing vehicle,Turning/Crossing accident,Dark,Dry,1381,290386.0
9709,9709,199012,1,Teutoburger Platz,2019,9,14,4,3,3,3,0,1,1,0,0,0,0,0.0,Mitte,Accident with minor injuries,Collision with a vehicle traveling laterally in the same direction,Turning/Crossing accident,Daylight,Dry,2215,385748.0
9710,9710,199013,3,Pankow Süd,2019,9,19,5,3,0,4,2,0,0,1,1,0,0,0.0,Pankow,Accident with minor injuries,Others,Pedestrian crossing accident,Dark,Dry,1219,409335.0
9711,9711,199014,7,Bayerischer Platz,2019,9,18,5,2,3,6,0,0,1,0,0,0,0,0.0,Tempelhof-Schöneberg,Accident with serious injuries,Collision with a vehicle traveling laterally in the same direction,Collision involving vehicles going in the same way,Daylight,Dry,1241,350984.0
9712,9712,199015,1,Oranienburger Straße,2019,9,20,4,3,3,6,2,0,1,0,0,0,0,0.0,Mitte,Accident with minor injuries,Collision with a vehicle traveling laterally in the same direction,Collision involving vehicles going in the same way,Dark,Dry,2215,385748.0
9713,9713,199016,1,Sparrplatz,2019,9,19,4,3,5,2,0,1,1,0,0,0,0,0.0,Mitte,Accident with minor injuries,Collision with a turning/crossing vehicle,Turning accident,Daylight,Dry,2215,385748.0
9714,9714,199017,4,Halensee,2019,9,18,5,3,5,3,0,0,1,0,0,0,0,0.0,Charlottenburg-Wilmersdorf,Accident with minor injuries,Collision with a turning/crossing vehicle,Turning/Crossing accident,Daylight,Dry,1727,343592.0
9715,9715,199018,5,Maulbeerallee,2019,9,18,5,2,5,3,0,1,1,0,0,0,0,0.0,Spandau,Accident with serious injuries,Collision with a turning/crossing vehicle,Turning/Crossing accident,Daylight,Dry,798,245197.0
9716,9716,199019,7,Imbrosweg,2019,9,19,4,2,1,5,0,0,1,0,0,0,0,0.0,Tempelhof-Schöneberg,Accident with serious injuries,Collision with a moving/standing/parked vehicle,Accident involving parked vehicles,Daylight,Dry,1241,350984.0
9717,9717,199020,6,Teltower Damm,2019,9,17,5,2,5,2,0,0,1,0,1,0,0,0.0,Steglitz-Zehlendorf,Accident with serious injuries,Collision with a turning/crossing vehicle,Turning accident,Daylight,Dry,851,310071.0
9718,9718,199021,1,Oranienburger Straße,2019,9,18,4,3,1,5,0,1,0,0,0,1,1,0.0,Mitte,Accident with minor injuries,Collision with a moving/standing/parked vehicle,Accident involving parked vehicles,Daylight,Dry,2215,385748.0
9719,9719,199022,12,Hausotterplatz,2019,9,17,5,2,6,4,0,0,1,1,0,0,0,0.0,Reinickendorf,Accident with serious injuries,Collision between vehicle and pedestrian,Pedestrian crossing accident,Daylight,Dry,867,266408.0
9720,9720,199023,12,Letteplatz,2019,9,18,4,3,2,6,0,0,1,0,0,0,0,0.0,Reinickendorf,Accident with minor injuries,Collision with the vehicle in front/waiting vehicle,Collision involving vehicles going in the same way,Daylight,Dry,867,266408.0
9721,9721,199024,4,Halensee,2019,9,10,5,3,1,5,0,1,1,0,0,0,0,0.0,Charlottenburg-Wilmersdorf,Accident with minor injuries,Collision with a moving/standing/parked vehicle,Accident involving parked vehicles,Daylight,Dry,1727,343592.0
9722,9722,199025,4,Schloßstraße,2019,9,18,4,3,1,5,0,0,1,0,0,0,0,0.0,Charlottenburg-Wilmersdorf,Accident with minor injuries,Collision with a moving/standing/parked vehicle,Accident involving parked vehicles,Daylight,Dry,1727,343592.0
9723,9723,199026,4,Wilhelmsaue,2019,9,10,5,3,5,3,0,0,1,0,1,0,0,0.0,Charlottenburg-Wilmersdorf,Accident with minor injuries,Collision with a turning/crossing vehicle,Turning/Crossing accident,Daylight,Dry,1727,343592.0
9724,9724,199027,5,Staakener Straße,2019,9,10,5,3,5,3,0,0,1,0,1,0,0,1.0,Spandau,Accident with minor injuries,Collision with a turning/crossing vehicle,Turning/Crossing accident,Daylight,Wet/moist/slippery,798,245197.0
9725,9725,199028,8,Alt-Rudow,2019,9,18,4,3,5,3,0,0,1,0,1,0,0,0.0,Neukölln,Accident with minor injuries,Collision with a turning/crossing vehicle,Turning/Crossing accident,Daylight,Dry,934,329917.0
9726,9726,199029,4,Prager Platz,2019,9,18,4,3,2,6,0,0,1,0,0,0,0,0.0,Charlottenburg-Wilmersdorf,Accident with minor injuries,Collision with the vehicle in front/waiting vehicle,Collision involving vehicles going in the same way,Daylight,Dry,1727,343592.0
9727,9727,199030,1,Rehberge,2019,9,9,5,3,3,6,0,0,1,0,0,0,0,0.0,Mitte,Accident with minor injuries,Collision with a vehicle traveling laterally in the same direction,Collision involving vehicles going in the same way,Daylight,Dry,2215,385748.0
9728,9728,199031,5,Carl-Schurz-Straße,2019,9,18,4,3,3,6,0,0,0,0,1,0,1,0.0,Spandau,Accident with minor injuries,Collision with a vehicle traveling laterally in the same direction,Collision involving vehicles going in the same way,Daylight,Dry,798,245197.0
9729,9729,199032,3,Greifswalder Straße,2019,9,9,5,3,5,3,0,1,1,0,0,0,0,0.0,Pankow,Accident with minor injuries,Collision with a turning/crossing vehicle,Turning/Crossing accident,Daylight,Dry,1219,409335.0
9730,9730,199033,9,Oberschöneweide Ost,2019,9,17,4,3,5,2,0,0,1,0,1,0,0,0.0,Treptow-Köpenick,Accident with minor injuries,Collision with a turning/crossing vehicle,Turning accident,Daylight,Dry,892,273689.0
9731,9731,199034,4,Park Ruhwald,2019,9,9,5,3,3,6,0,0,0,0,1,0,1,0.0,Charlottenburg-Wilmersdorf,Accident with minor injuries,Collision with a vehicle traveling laterally in the same direction,Collision involving vehicles going in the same way,Daylight,Dry,1727,343592.0
9732,9732,199035,1,Heine-Viertel Ost,2019,9,17,4,3,5,2,0,1,0,0,1,0,0,0.0,Mitte,Accident with minor injuries,Collision with a turning/crossing vehicle,Turning accident,Daylight,Dry,2215,385748.0
9733,9733,199036,8,Parchimer Allee,2019,9,7,5,3,2,7,0,1,1,0,0,0,0,0.0,Neukölln,Accident with minor injuries,Collision with the vehicle in front/waiting vehicle,Others,Daylight,Dry,934,329917.0
9734,9734,199037,3,Rosenthal,2019,9,16,4,2,5,3,0,1,1,0,0,0,0,0.0,Pankow,Accident with serious injuries,Collision with a turning/crossing vehicle,Turning/Crossing accident,Daylight,Dry,1219,409335.0
9735,9735,199038,1,Alexanderplatzviertel,2019,9,8,5,3,5,3,0,1,0,0,1,0,0,1.0,Mitte,Accident with minor injuries,Collision with a turning/crossing vehicle,Turning/Crossing accident,Daylight,Wet/moist/slippery,2215,385748.0
9736,9736,199039,2,Rathaus Yorckstraße,2019,9,7,5,3,5,2,0,1,1,0,0,0,0,1.0,Friedrichshain-Kreuzberg,Accident with minor injuries,Collision with a turning/crossing vehicle,Turning accident,Daylight,Wet/moist/slippery,1381,290386.0
9737,9737,199040,4,Halensee,2019,9,16,4,3,2,3,0,1,1,0,0,0,0,0.0,Charlottenburg-Wilmersdorf,Accident with minor injuries,Collision with the vehicle in front/waiting vehicle,Turning/Crossing accident,Daylight,Dry,1727,343592.0
9738,9738,199041,12,Scharnweberstraße,2019,9,5,5,2,0,3,2,1,1,0,0,0,0,1.0,Reinickendorf,Accident with serious injuries,Others,Turning/Crossing accident,Dark,Wet/moist/slippery,867,266408.0
9739,9739,199042,2,Moritzplatz,2019,9,16,4,3,1,5,0,1,1,0,0,0,0,0.0,Friedrichshain-Kreuzberg,Accident with minor injuries,Collision with a moving/standing/parked vehicle,Accident involving parked vehicles,Daylight,Dry,1381,290386.0
9740,9740,199043,1,Hansaviertel,2019,9,16,5,2,6,4,0,1,0,1,0,0,0,0.0,Mitte,Accident with serious injuries,Collision between vehicle and pedestrian,Pedestrian crossing accident,Daylight,Dry,2215,385748.0