,Unnamed: 0,object id,district,street,year,month,hour of day,weekday,category,accident type,accident type 2,light situation,bike involved,car involved,pedestrian involved,motor bike involved,big track involved,other vehicle involved,road condition,district name,category name,accident detail,accident type detail,light condition,road condition detail,accident count by district,est. population
9741,9741,199044,1,Charitéviertel,2019,9,8,4,3,3,6,0,1,1,0,0,0,0,0.0,Mitte,Accident with minor injuries,Collision with a vehicle traveling laterally in the same direction,Collision involving vehicles going in the same way,Daylight,Dry,2215,385748.0
9742,9742,199045,8,Mohriner Allee Nord,2019,9,15,4,3,3,6,0,1,0,0,0,0,0,0.0,Neukölln,Accident with minor injuries,Collision with a vehicle traveling laterally in the same direction,Collision involving vehicles going in the same way,Daylight,Dry,934,329917.0
9743,9743,199046,9,Adlershof Ost,2019,9,15,4,3,0,3,0,1,0,0,0,0,1,0.0,Treptow-Köpenick,Accident with minor injuries,Others,Turning/Crossing accident,Daylight,Dry,892,273689.0
9744,9744,199047,6,Fichtenberg,2019,9,15,4,3,5,3,0,1,1,0,0,0,0,0.0,Steglitz-Zehlendorf,Accident with minor injuries,Collision with a turning/crossing vehicle,Turning/Crossing accident,Daylight,Dry,851,310071.0
9745,9745,199048,8,Körnerpark,2019,9,16,4,3,2,2,0,1,0,0,0,0,1,0.0,Neukölln,Accident with minor injuries,Collision with the vehicle in front/waiting vehicle,Turning accident,Daylight,Dry,934,329917.0
9746,9746,199049,1,Leipziger Straße,2019,9,15,4,3,2,2,0,1,0,0,0,0,1,0.0,Mitte,Accident with minor injuries,Collision with the vehicle in front/waiting vehicle,Turning accident,Daylight,Dry,2215,385748.0
9747,9747,199050,4,Plötzensee,2019,9,21,4,3,2,6,2,0,1,0,0,0,0,0.0,Charlottenburg-Wilmersdorf,Accident with minor injuries,Collision with the vehicle in front/waiting vehicle,Collision involving vehicles going in the same way,Dark,Dry,1727,343592.0
9748,9748,199051,9,Bölschestraße,2019,9,12,4,3,5,2,0,1,1,0,0,0,0,0.0,Treptow-Köpenick,Accident with minor injuries,Collision with a turning/crossing vehicle,Turning accident,Daylight,Dry,892,273689.0
9749,9749,199052,1,Leipziger Straße,2019,9,21,4,3,5,3,2,0,1,0,0,0,0,0.0,Mitte,Accident with minor injuries,Collision with a turning/crossing vehicle,Turning/Crossing accident,Dark,Dry,2215,385748.0
9750,9750,199053,5,Weinmeisterhornweg,2019,9,20,4,3,6,4,2,1,0,1,0,0,0,0.0,Spandau,Accident with minor injuries,Collision between vehicle and pedestrian,Pedestrian crossing accident,Dark,Dry,798,245197.0
9751,9751,199054,7,Friedenau,2019,9,11,4,3,6,2,0,0,1,1,0,0,0,0.0,Tempelhof-Schöneberg,Accident with minor injuries,Collision between vehicle and pedestrian,Turning accident,Daylight,Dry,1241,350984.0
9752,9752,199055,1,Humboldthain Nordwest,2019,9,11,4,2,2,2,0,0,0,0,1,0,0,0.0,Mitte,Accident with serious injuries,Collision with the vehicle in front/waiting vehicle,Turning accident,Daylight,Dry,2215,385748.0
9753,9753,199056,11,Rüdigerstraße,2019,9,20,4,3,5,2,2,0,1,0,1,0,0,0.0,Lichtenberg,Accident with minor injuries,Collision with a turning/crossing vehicle,Turning accident,Dark,Dry,679,294201.0
9754,9754,199057,1,Rehberge,2019,9,10,4,3,2,3,0,0,1,0,0,0,1,0.0,Mitte,Accident with minor injuries,Collision with the vehicle in front/waiting vehicle,Turning/Crossing accident,Daylight,Dry,2215,385748.0
9755,9755,199058,4,Flinsberger Platz,2019,9,20,4,2,6,4,2,0,1,1,0,0,0,0.0,Charlottenburg-Wilmersdorf,Accident with serious injuries,Collision between vehicle and pedestrian,Pedestrian crossing accident,Dark,Dry,1727,343592.0
9756,9756,199059,9,Schnellerstraße,2019,9,0,4,3,5,3,2,0,1,0,0,0,0,0.0,Treptow-Köpenick,Accident with minor injuries,Collision with a turning/crossing vehicle,Turning/Crossing accident,Dark,Dry,892,273689.0
9757,9757,199060,1,Humboldthain Süd,2019,9,19,4,3,1,5,2,0,1,0,0,0,0,0.0,Mitte,Accident with minor injuries,Collision with a moving/standing/parked vehicle,Accident involving parked vehicles,Dark,Dry,2215,385748.0
9758,9758,199061,9,Siedlung Kämmereiheide,2019,9,10,4,3,6,4,0,1,0,1,0,0,0,0.0,Treptow-Köpenick,Accident with minor injuries,Collision between vehicle and pedestrian,Pedestrian crossing accident,Daylight,Dry,892,273689.0
9759,9759,199062,3,Heinersdorf,2019,9,19,4,3,5,2,1,0,1,0,0,0,0,0.0,Pankow,Accident with minor injuries,Collision with a turning/crossing vehicle,Turning accident,Twilight,Dry,1219,409335.0
9760,9760,199063,3,Falkplatz,2019,9,19,4,3,4,6,1,1,0,0,0,0,0,0.0,Pankow,Accident with minor injuries,Collision with oncoming vehicle,Collision involving vehicles going in the same way,Twilight,Dry,1219,409335.0
9761,9761,199064,4,Rüdesheimer Platz,2019,9,10,4,3,0,5,0,0,1,0,1,0,0,0.0,Charlottenburg-Wilmersdorf,Accident with minor injuries,Others,Accident involving parked vehicles,Daylight,Dry,1727,343592.0
9762,9762,199065,3,Falkplatz,2019,9,19,4,3,3,6,0,1,0,0,0,0,0,0.0,Pankow,Accident with minor injuries,Collision with a vehicle traveling laterally in the same direction,Collision involving vehicles going in the same way,Daylight,Dry,1219,409335.0
9763,9763,199066,6,Kaiser-Wilhelm-Straße,2019,9,15,4,3,5,3,0,1,0,0,0,0,1,0.0,Steglitz-Zehlendorf,Accident with minor injuries,Collision with a turning/crossing vehicle,Turning/Crossing accident,Daylight,Dry,851,310071.0
9764,9764,199067,2,Boxhagener Platz,2019,9,18,4,3,0,1,0,1,1,0,0,0,0,0.0,Friedrichshain-Kreuzberg,Accident with minor injuries,Others,Driving accident,Daylight,Dry,1381,290386.0
9765,9765,199068,12,Waldidyll/Flughafensee,2019,9,10,4,2,5,2,0,0,1,0,0,0,0,0.0,Reinickendorf,Accident with serious injuries,Collision with a turning/crossing vehicle,Turning accident,Daylight,Dry,867,266408.0
9766,9766,199069,5,Motardstraße,2019,9,17,4,3,5,3,0,0,1,0,0,0,0,0.0,Spandau,Accident with minor injuries,Collision with a turning/crossing vehicle,Turning/Crossing accident,Daylight,Dry,798,245197.0
9767,9767,199070,5,Zitadellenweg,2019,9,14,4,3,5,2,0,1,0,0,0,0,1,0.0,Spandau,Accident with minor injuries,Collision with a turning/crossing vehicle,Turning accident,Daylight,Dry,798,245197.0
9768,9768,199071,11,Rosenfelder Ring,2019,9,17,4,3,2,6,0,0,1,0,0,0,0,0.0,Lichtenberg,Accident with minor injuries,Collision with the vehicle in front/waiting vehicle,Collision involving vehicles going in the same way,Daylight,Dry,679,294201.0
9769,9769,199072,9,Dammvorstadt,2019,9,9,4,3,5,3,0,1,1,0,0,0,0,0.0,Treptow-Köpenick,Accident with minor injuries,Collision with a turning/crossing vehicle,Turning/Crossing accident,Daylight,Dry,892,273689.0
9770,9770,199073,4,Königin-Elisabeth-Straße,2019,9,10,4,3,5,3,0,0,1,0,0,0,0,0.0,Charlottenburg-Wilmersdorf,Accident with minor injuries,Collision with a turning/crossing vehicle,Turning/Crossing accident,Daylight,Dry,1727,343592.0
9771,9771,199074,3,Volkspark Prenzlauer Berg,2019,9,17,4,3,5,2,0,1,1,0,0,0,0,0.0,Pankow,Accident with minor injuries,Collision with a turning/crossing vehicle,Turning accident,Daylight,Dry,1219,409335.0
9772,9772,199075,7,Manteuffelstraße,2019,9,14,4,3,5,2,0,1,1,0,0,0,0,0.0,Tempelhof-Schöneberg,Accident with minor injuries,Collision with a turning/crossing vehicle,Turning accident,Daylight,Dry,1241,350984.0
9773,9773,199076,7,Lindenhofsiedlung,2019,9,16,4,3,5,3,0,0,1,0,0,0,1,0.0,Tempelhof-Schöneberg,Accident with minor injuries,Collision with a turning/crossing vehicle,Turning/Crossing accident,Daylight,Dry,1241,350984.0
9774,9774,199077,4,Halensee,2019,9,14,4,3,5,3,0,0,1,0,1,0,0,0.0,Charlottenburg-Wilmersdorf,Accident with minor injuries,Collision with a turning/crossing vehicle,Turning/Crossing accident,Daylight,Dry,1727,343592.0
9775,9775,199078,11,Weiße Taube,2019,9,16,4,3,2,6,0,0,1,0,0,0,0,0.0,Lichtenberg,Accident with minor injuries,Collision with the vehicle in front/waiting vehicle,Collision involving vehicles going in the same way,Daylight,Dry,679,294201.0
9776,9776,199079,6,Fichtenberg,2019,9,14,4,3,5,2,0,1,1,0,0,0,0,0.0,Steglitz-Zehlendorf,Accident with minor injuries,Collision with a turning/crossing vehicle,Turning accident,Daylight,Dry,851,310071.0
9777,9777,199080,1,Unter den Linden Nord,2019,9,7,4,3,5,2,0,1,0,0,1,0,0,0.0,Mitte,Accident with minor injuries,Collision with a turning/crossing vehicle,Turning accident,Daylight,Dry,2215,385748.0
9778,9778,199081,9,Oberschöneweide West,2019,9,12,4,3,5,3,0,0,0,0,0,0,1,0.0,Treptow-Köpenick,Accident with minor injuries,Collision with a turning/crossing vehicle,Turning/Crossing accident,Daylight,Dry,892,273689.0
9779,9779,199082,5,Carl-Schurz-Straße,2019,9,9,4,3,0,2,0,0,1,0,0,0,1,0.0,Spandau,Accident with minor injuries,Others,Turning accident,Daylight,Dry,798,245197.0
9780,9780,199083,8,Blumenviertel,2019,9,14,4,3,5,2,0,0,1,0,1,0,0,0.0,Neukölln,Accident with minor injuries,Collision with a turning/crossing vehicle,Turning accident,Daylight,Dry,934,329917.0
9781,9781,199084,12,Frohnau,2019,9,12,4,3,1,5,0,1,1,0,0,0,0,0.0,Reinickendorf,Accident with minor injuries,Collision with a moving/standing/parked vehicle,Accident involving parked vehicles,Daylight,Dry,867,266408.0
9782,9782,199085,6,Bismarckstraße,2019,9,12,4,3,5,3,0,0,1,0,1,0,0,0.0,Steglitz-Zehlendorf,Accident with minor injuries,Collision with a turning/crossing vehicle,Turning/Crossing accident,Daylight,Dry,851,310071.0
9783,9783,199086,4,Rathaus Wilmersdorf,2019,9,10,4,2,5,2,0,1,0,0,0,0,1,0.0,Charlottenburg-Wilmersdorf,Accident with serious injuries,Collision with a turning/crossing vehicle,Turning accident,Daylight,Dry,1727,343592.0
9784,9784,199087,2,Reichenberger Straße,2019,9,11,4,3,0,7,0,0,1,0,0,0,0,0.0,Friedrichshain-Kreuzberg,Accident with minor injuries,Others,Others,Daylight,Dry,1381,290386.0
9785,9785,199088,4,Flinsberger Platz,2019,9,13,4,2,6,4,0,0,0,1,1,0,0,0.0,Charlottenburg-Wilmersdorf,Accident with serious injuries,Collision between vehicle and pedestrian,Pedestrian crossing accident,Daylight,Dry,1727,343592.0
9786,9786,199089,9,Oberschöneweide West,2019,9,11,4,3,5,2,0,1,0,0,0,1,0,0.0,Treptow-Köpenick,Accident with minor injuries,Collision with a turning/crossing vehicle,Turning accident,Daylight,Dry,892,273689.0
9787,9787,199090,1,Leopoldplatz,2019,9,10,4,3,1,5,0,1,1,0,0,0,1,0.0,Mitte,Accident with minor injuries,Collision with a moving/standing/parked vehicle,Accident involving parked vehicles,Daylight,Dry,2215,385748.0
9788,9788,199091,10,Oberfeldstraße,2019,9,9,4,3,5,7,0,0,1,0,0,0,0,0.0,Marzahn-Hellersdorf,Accident with minor injuries,Collision with a turning/crossing vehicle,Others,Daylight,Dry,586,269967.0
9789,9789,199092,8,Reuterkiez,2019,9,10,4,3,5,2,0,1,1,0,0,0,0,0.0,Neukölln,Accident with minor injuries,Collision with a turning/crossing vehicle,Turning accident,Daylight,Dry,934,329917.0
9790,9790,199093,4,Richard-Wagner-Straße,2019,9,9,4,3,1,5,0,1,1,0,0,0,0,0.0,Charlottenburg-Wilmersdorf,Accident with minor injuries,Collision with a moving/standing/parked vehicle,Accident involving parked vehicles,Daylight,Dry,1727,343592.0
9791,9791,199094,7,Bayerischer Platz,2019,9,12,4,3,5,2,0,0,1,0,0,0,0,0.0,Tempelhof-Schöneberg,Accident with minor injuries,Collision with a turning/crossing vehicle,Turning accident,Daylight,Dry,1241,350984.0
9792,9792,199095,1,Großer Tiergarten,2019,9,8,4,3,2,2,0,0,1,0,1,0,0,0.0,Mitte,Accident with minor injuries,Collision with the vehicle in front/waiting vehicle,Turning accident,Daylight,Dry,2215,385748.0
9793,9793,199096,11,Weitlingstraße,2019,9,8,4,3,5,2,0,1,1,0,0,0,0,0.0,Lichtenberg,Accident with minor injuries,Collision with a turning/crossing vehicle,Turning accident,Daylight,Dry,679,294201.0
9794,9794,199097,11,Fennpfuhl West,2019,9,9,4,3,0,6,0,0,1,0,0,1,0,0.0,Lichtenberg,Accident with minor injuries,Others,Collision involving vehicles going in the same way,Daylight,Dry,679,294201.0
9795,9795,199098,2,Wriezener Bahnhof/Entwicklungsgebiet,2019,9,8,4,3,5,2,0,1,1,0,0,0,0,0.0,Friedrichshain-Kreuzberg,Accident with minor injuries,Collision with a turning/crossing vehicle,Turning accident,Daylight,Dry,1381,290386.0
9796,9796,199099,7,Nollendorfplatz,2019,9,7,4,3,6,7,0,0,0,0,0,0,1,0.0,Tempelhof-Schöneberg,Accident with minor injuries,Collision between vehicle and pedestrian,Others,Daylight,Dry,1241,350984.0
9797,9797,199100,12,Ziekowstraße/Freie Scholle,2019,9,7,4,3,5,2,0,1,1,0,0,0,0,0.0,Reinickendorf,Accident with minor injuries,Collision with a turning/crossing vehicle,Turning accident,Daylight,Dry,867,266408.0
9798,9798,199101,9,Rahnsdorf/Hessenwinkel,2019,9,12,4,3,5,3,0,1,1,0,0,0,0,0.0,Treptow-Köpenick,Accident with minor injuries,Collision with a turning/crossing vehicle,Turning/Crossing accident,Daylight,Dry,892,273689.0
9799,9799,199102,2,Mehringplatz,2019,9,7,4,3,3,6,0,1,1,0,0,0,0,0.0,Friedrichshain-Kreuzberg,Accident with minor injuries,Collision with a vehicle traveling laterally in the same direction,Collision involving vehicles going in the same way,Daylight,Dry,1381,290386.0
9800,9800,199103,4,Jungfernheide,2019,9,6,4,2,0,3,0,0,1,0,1,0,0,0.0,Charlottenburg-Wilmersdorf,Accident with serious injuries,Others,Turning/Crossing accident,Daylight,Dry,1727,343592.0
9801,9801,199104,12,Wittenau Süd,2019,9,5,4,3,0,3,2,1,1,0,0,0,0,0.0,Reinickendorf,Accident with minor injuries,Others,Turning/Crossing accident,Dark,Dry,867,266408.0
9802,9802,199105,5,Hakenfelde Nord,2019,9,5,4,3,0,7,1,0,0,0,1,0,0,0.0,Spandau,Accident with minor injuries,Others,Others,Twilight,Dry,798,245197.0
9803,9803,199106,9,Dammvorstadt,2019,9,6,4,3,5,2,0,1,1,0,0,0,0,0.0,Treptow-Köpenick,Accident with minor injuries,Collision with a turning/crossing vehicle,Turning accident,Daylight,Dry,892,273689.0
9804,9804,199107,9,Siedlung Kämmereiheide,2019,9,14,4,3,0,2,0,0,1,0,0,0,1,0.0,Treptow-Köpenick,Accident with minor injuries,Others,Turning accident,Daylight,Dry,892,273689.0
9805,9805,199108,5,Hakenfelde Nord,2019,9,0,4,3,6,4,2,0,0,1,0,0,1,0.0,Spandau,Accident with minor injuries,Collision between vehicle and pedestrian,Pedestrian crossing accident,Dark,Dry,798,245197.0
9806,9806,199109,12,Alt-Tegel,2019,9,16,4,3,9,1,0,0,1,0,0,0,0,0.0,Reinickendorf,Accident with minor injuries,Departure from the roadway to the left,Driving accident,Daylight,Dry,867,266408.0
9807,9807,199110,12,Scharnweberstraße,2019,9,12,3,3,5,3,0,0,1,0,0,0,0,0.0,Reinickendorf,Accident with minor injuries,Collision with a turning/crossing vehicle,Turning/Crossing accident,Daylight,Dry,867,266408.0
9808,9808,199111,8,Schillerpromenade,2019,9,15,4,3,5,2,0,1,1,0,0,0,0,0.0,Neukölln,Accident with minor injuries,Collision with a turning/crossing vehicle,Turning accident,Daylight,Dry,934,329917.0
9809,9809,199112,11,Rüdigerstraße,2019,9,17,3,3,1,5,0,1,1,0,0,0,0,0.0,Lichtenberg,Accident with minor injuries,Collision with a moving/standing/parked vehicle,Accident involving parked vehicles,Daylight,Dry,679,294201.0
9810,9810,199113,12,Scharnweberstraße,2019,9,15,4,3,3,6,0,0,1,0,1,0,0,0.0,Reinickendorf,Accident with minor injuries,Collision with a vehicle traveling laterally in the same direction,Collision involving vehicles going in the same way,Daylight,Dry,867,266408.0
9811,9811,199114,4,Schloßgarten,2019,9,15,4,2,0,7,0,1,1,0,0,0,0,0.0,Charlottenburg-Wilmersdorf,Accident with serious injuries,Others,Others,Daylight,Dry,1727,343592.0
9812,9812,199115,11,Weitlingstraße,2019,9,8,3,3,5,3,0,1,0,0,0,0,0,0.0,Lichtenberg,Accident with minor injuries,Collision with a turning/crossing vehicle,Turning/Crossing accident,Daylight,Dry,679,294201.0
9813,9813,199116,11,Karlshorst West,2019,9,15,4,3,5,2,0,1,1,0,0,0,0,0.0,Lichtenberg,Accident with minor injuries,Collision with a turning/crossing vehicle,Turning accident,Daylight,Dry,679,294201.0
9814,9814,199117,10,Alt-Marzahn,2019,9,15,4,3,5,7,0,0,0,0,1,0,1,0.0,Marzahn-Hellersdorf,Accident with minor injuries,Collision with a turning/crossing vehicle,Others,Daylight,Dry,586,269967.0
9815,9815,199118,3,Pankow Zentrum,2019,9,14,3,3,5,3,0,0,1,0,1,0,0,0.0,Pankow,Accident with minor injuries,Collision with a turning/crossing vehicle,Turning/Crossing accident,Daylight,Dry,1219,409335.0
9816,9816,199119,1,Unter den Linden Nord,2019,9,11,4,3,0,1,0,1,0,0,0,0,0,0.0,Mitte,Accident with minor injuries,Others,Driving accident,Daylight,Dry,2215,385748.0
9817,9817,199120,2,Wrangelkiez,2019,9,23,3,3,1,5,2,0,0,0,0,0,1,0.0,Friedrichshain-Kreuzberg,Accident with minor injuries,Collision with a moving/standing/parked vehicle,Accident involving parked vehicles,Dark,Dry,1381,290386.0
9818,9818,199121,7,Rathaus Tempelhof,2019,9,13,4,3,5,3,0,0,1,0,0,0,0,0.0,Tempelhof-Schöneberg,Accident with minor injuries,Collision with a turning/crossing vehicle,Turning/Crossing accident,Daylight,Dry,1241,350984.0
9819,9819,199122,1,Reinickendorfer Straße,2019,9,12,4,3,5,2,0,1,1,0,0,0,0,0.0,Mitte,Accident with minor injuries,Collision with a turning/crossing vehicle,Turning accident,Daylight,Dry,2215,385748.0
9820,9820,199123,1,Heidestraße,2019,9,15,3,3,5,2,0,1,1,0,0,0,0,0.0,Mitte,Accident with minor injuries,Collision with a turning/crossing vehicle,Turning accident,Daylight,Dry,2215,385748.0
9821,9821,199124,5,Carl-Schurz-Straße,2019,9,20,3,2,6,4,1,0,1,1,0,0,0,0.0,Spandau,Accident with serious injuries,Collision between vehicle and pedestrian,Pedestrian crossing accident,Twilight,Dry,798,245197.0
9822,9822,199125,1,Heidestraße,2019,9,8,4,2,0,7,0,0,1,0,0,0,0,0.0,Mitte,Accident with serious injuries,Others,Others,Daylight,Dry,2215,385748.0
9823,9823,199126,5,Maulbeerallee,2019,9,13,3,3,2,7,0,0,1,0,0,0,0,0.0,Spandau,Accident with minor injuries,Collision with the vehicle in front/waiting vehicle,Others,Daylight,Dry,798,245197.0
9824,9824,199127,1,Wilhelmstraße,2019,9,20,3,3,2,6,2,1,1,0,0,0,0,0.0,Mitte,Accident with minor injuries,Collision with the vehicle in front/waiting vehicle,Collision involving vehicles going in the same way,Dark,Dry,2215,385748.0
9825,9825,199128,1,Soldiner Straße,2019,9,16,3,2,5,3,0,0,1,0,1,0,0,0.0,Mitte,Accident with serious injuries,Collision with a turning/crossing vehicle,Turning/Crossing accident,Daylight,Dry,2215,385748.0
9826,9826,199129,12,Alt-Tegel,2019,9,15,3,3,5,3,0,1,1,0,0,0,0,0.0,Reinickendorf,Accident with minor injuries,Collision with a turning/crossing vehicle,Turning/Crossing accident,Daylight,Dry,867,266408.0
9827,9827,199130,8,Parchimer Allee,2019,9,19,3,3,5,2,1,0,1,0,0,0,0,0.0,Neukölln,Accident with minor injuries,Collision with a turning/crossing vehicle,Turning accident,Twilight,Dry,934,329917.0
9828,9828,199131,6,Hindenburgdamm,2019,9,12,3,3,1,5,0,0,1,0,1,0,0,0.0,Steglitz-Zehlendorf,Accident with minor injuries,Collision with a moving/standing/parked vehicle,Accident involving parked vehicles,Daylight,Dry,851,310071.0
9829,9829,199132,5,Borkumer Straße,2019,9,16,3,3,5,2,0,0,1,0,0,0,0,0.0,Spandau,Accident with minor injuries,Collision with a turning/crossing vehicle,Turning accident,Daylight,Dry,798,245197.0
9830,9830,199133,1,Unter den Linden Nord,2019,9,14,3,2,0,1,0,0,0,0,0,0,1,0.0,Mitte,Accident with serious injuries,Others,Driving accident,Daylight,Dry,2215,385748.0
9831,9831,199134,2,Reichenberger Straße,2019,9,16,3,3,3,6,0,0,1,0,1,0,0,0.0,Friedrichshain-Kreuzberg,Accident with minor injuries,Collision with a vehicle traveling laterally in the same direction,Collision involving vehicles going in the same way,Daylight,Dry,1381,290386.0
9832,9832,199135,9,Köllnische Vorstadt,2019,9,18,3,3,2,6,0,0,1,0,0,0,0,0.0,Treptow-Köpenick,Accident with minor injuries,Collision with the vehicle in front/waiting vehicle,Collision involving vehicles going in the same way,Daylight,Dry,892,273689.0
9833,9833,199136,9,Baumschulenstraße,2019,9,16,3,3,5,3,0,0,1,0,0,0,0,0.0,Treptow-Köpenick,Accident with minor injuries,Collision with a turning/crossing vehicle,Turning/Crossing accident,Daylight,Dry,892,273689.0
9834,9834,199137,2,Friedenstraße,2019,9,14,3,3,2,7,0,1,1,0,0,0,0,0.0,Friedrichshain-Kreuzberg,Accident with minor injuries,Collision with the vehicle in front/waiting vehicle,Others,Daylight,Dry,1381,290386.0
9835,9835,199138,5,Eiswerder,2019,9,16,3,3,5,7,0,0,1,0,1,0,0,0.0,Spandau,Accident with minor injuries,Collision with a turning/crossing vehicle,Others,Daylight,Dry,798,245197.0
9836,9836,199139,6,Goerzwerke,2019,9,13,3,3,5,3,0,0,1,0,0,0,1,0.0,Steglitz-Zehlendorf,Accident with minor injuries,Collision with a turning/crossing vehicle,Turning/Crossing accident,Daylight,Dry,851,310071.0
9837,9837,199140,4,Preußenpark,2019,9,15,3,3,1,5,0,1,1,0,0,0,0,0.0,Charlottenburg-Wilmersdorf,Accident with minor injuries,Collision with a moving/standing/parked vehicle,Accident involving parked vehicles,Daylight,Dry,1727,343592.0
9838,9838,199141,12,Humboldtstraße,2019,9,16,3,3,5,3,0,0,1,0,1,0,0,0.0,Reinickendorf,Accident with minor injuries,Collision with a turning/crossing vehicle,Turning/Crossing accident,Daylight,Dry,867,266408.0
9839,9839,199142,6,Augustaplatz,2019,9,15,3,3,2,6,0,0,1,0,0,0,1,0.0,Steglitz-Zehlendorf,Accident with minor injuries,Collision with the vehicle in front/waiting vehicle,Collision involving vehicles going in the same way,Daylight,Dry,851,310071.0
9840,9840,199143,9,Adlershof West,2019,9,17,3,3,5,2,0,1,0,0,0,0,1,0.0,Treptow-Köpenick,Accident with minor injuries,Collision with a turning/crossing vehicle,Turning accident,Daylight,Dry,892,273689.0
9841,9841,199144,1,Schillerpark,2019,9,15,3,3,2,6,0,1,1,0,0,0,0,0.0,Mitte,Accident with minor injuries,Collision with the vehicle in front/waiting vehicle,Collision involving vehicles going in the same way,Daylight,Dry,2215,385748.0
9842,9842,199145,4,Amtsgerichtsplatz,2019,9,13,3,3,0,3,0,0,1,0,0,0,1,1.0,Charlottenburg-Wilmersdorf,Accident with minor injuries,Others,Turning/Crossing accident,Daylight,Wet/moist/slippery,1727,343592.0
9843,9843,199146,1,Beusselkiez,2019,9,15,3,3,0,4,0,0,0,1,0,0,1,0.0,Mitte,Accident with minor injuries,Others,Pedestrian crossing accident,Daylight,Dry,2215,385748.0
9844,9844,199147,2,Lausitzer Platz,2019,9,15,3,3,2,7,0,1,1,0,0,0,0,0.0,Friedrichshain-Kreuzberg,Accident with minor injuries,Collision with the vehicle in front/waiting vehicle,Others,Daylight,Dry,1381,290386.0
9845,9845,199148,10,Hellersdorfer Promenade,2019,9,13,3,2,1,5,0,0,1,0,0,0,1,1.0,Marzahn-Hellersdorf,Accident with serious injuries,Collision with a moving/standing/parked vehicle,Accident involving parked vehicles,Daylight,Wet/moist/slippery,586,269967.0
9846,9846,199149,12,Waidmannslust,2019,9,14,3,3,2,6,0,0,1,0,0,0,0,0.0,Reinickendorf,Accident with minor injuries,Collision with the vehicle in front/waiting vehicle,Collision involving vehicles going in the same way,Daylight,Dry,867,266408.0
9847,9847,199150,6,Berlepschstraße,2019,9,16,3,2,5,3,0,1,1,0,0,0,0,0.0,Steglitz-Zehlendorf,Accident with serious injuries,Collision with a turning/crossing vehicle,Turning/Crossing accident,Daylight,Dry,851,310071.0
9848,9848,199151,10,Mahlsdorf Süd,2019,9,14,3,3,3,6,0,1,1,0,0,0,0,0.0,Marzahn-Hellersdorf,Accident with minor injuries,Collision with a vehicle traveling laterally in the same direction,Collision involving vehicles going in the same way,Daylight,Dry,586,269967.0
9849,9849,199152,11,Victoriastadt,2019,9,14,3,3,5,3,0,1,1,0,0,0,0,0.0,Lichtenberg,Accident with minor injuries,Collision with a turning/crossing vehicle,Turning/Crossing accident,Daylight,Dry,679,294201.0
9850,9850,199153,3,Pankow Zentrum,2019,9,12,3,3,5,2,0,1,1,0,0,0,0,0.0,Pankow,Accident with minor injuries,Collision with a turning/crossing vehicle,Turning accident,Daylight,Dry,1219,409335.0
9851,9851,199154,10,Alt-Marzahn,2019,9,14,3,3,5,2,0,1,1,0,0,0,0,0.0,Marzahn-Hellersdorf,Accident with minor injuries,Collision with a turning/crossing vehicle,Turning accident,Daylight,Dry,586,269967.0
9852,9852,199155,8,Flughafenstraße,2019,9,11,3,3,5,7,0,0,1,0,0,0,0,0.0,Neukölln,Accident with minor injuries,Collision with a turning/crossing vehicle,Others,Daylight,Dry,934,329917.0
9853,9853,199156,4,Schlangenbader Straße,2019,9,13,3,3,0,5,0,0,1,0,1,0,0,0.0,Charlottenburg-Wilmersdorf,Accident with minor injuries,Others,Accident involving parked vehicles,Daylight,Dry,1727,343592.0
9854,9854,199157,8,Parchimer Allee,2019,9,11,3,3,5,2,0,0,1,0,0,0,1,0.0,Neukölln,Accident with minor injuries,Collision with a turning/crossing vehicle,Turning accident,Daylight,Dry,934,329917.0
9855,9855,199158,4,Breitscheidplatz,2019,9,12,3,3,6,7,0,0,1,1,0,0,0,0.0,Charlottenburg-Wilmersdorf,Accident with minor injuries,Collision between vehicle and pedestrian,Others,Daylight,Dry,1727,343592.0
9856,9856,199159,2,Rathaus Yorckstraße,2019,9,10,3,3,5,2,0,1,1,0,0,0,0,0.0,Friedrichshain-Kreuzberg,Accident with minor injuries,Collision with a turning/crossing vehicle,Turning accident,Daylight,Dry,1381,290386.0
9857,9857,199160,3,Rennbahnstraße,2019,9,10,3,3,0,2,0,0,0,0,1,1,0,0.0,Pankow,Accident with minor injuries,Others,Turning accident,Daylight,Dry,1219,409335.0
9858,9858,199161,8,Zittauer Straße,2019,9,10,3,2,5,7,0,0,1,0,1,0,0,0.0,Neukölln,Accident with serious injuries,Collision with a turning/crossing vehicle,Others,Daylight,Dry,934,329917.0
9859,9859,199162,1,Alexanderplatzviertel,2019,9,10,3,3,5,2,0,0,1,0,0,0,1,0.0,Mitte,Accident with minor injuries,Collision with a turning/crossing vehicle,Turning accident,Daylight,Dry,2215,385748.0
9860,9860,199163,3,Pankow Süd,2019,9,10,3,3,6,2,0,0,1,1,0,0,0,1.0,Pankow,Accident with minor injuries,Collision between vehicle and pedestrian,Turning accident,Daylight,Wet/moist/slippery,1219,409335.0
9861,9861,199164,1,Sparrplatz,2019,9,10,3,3,5,2,0,1,1,0,0,0,0,0.0,Mitte,Accident with minor injuries,Collision with a turning/crossing vehicle,Turning accident,Daylight,Dry,2215,385748.0
9862,9862,199165,4,Amtsgerichtsplatz,2019,9,10,3,2,5,2,0,0,1,0,1,0,0,1.0,Charlottenburg-Wilmersdorf,Accident with serious injuries,Collision with a turning/crossing vehicle,Turning accident,Daylight,Wet/moist/slippery,1727,343592.0
9863,9863,199166,9,Adlershof West,2019,9,9,3,3,6,2,0,0,1,1,0,0,0,0.0,Treptow-Köpenick,Accident with minor injuries,Collision between vehicle and pedestrian,Turning accident,Daylight,Dry,892,273689.0