,Unnamed: 0,object id,district,street,year,month,hour of day,weekday,category,accident type,accident type 2,light situation,bike involved,car involved,pedestrian involved,motor bike involved,big track involved,other vehicle involved,road condition,district name,category name,accident detail,accident type detail,light condition,road condition detail,accident count by district,est. population
9864,9864,199167,4,Schloßstraße,2019,9,10,3,3,0,1,0,1,0,0,0,0,0,1.0,Charlottenburg-Wilmersdorf,Accident with minor injuries,Others,Driving accident,Daylight,Wet/moist/slippery,1727,343592.0
9865,9865,199168,3,Arnimplatz,2019,9,22,3,3,0,1,2,1,0,0,0,0,0,0.0,Pankow,Accident with minor injuries,Others,Driving accident,Dark,Dry,1219,409335.0
9866,9866,199169,11,Rummelsburg,2019,9,9,3,3,1,5,0,1,0,0,0,1,0,0.0,Lichtenberg,Accident with minor injuries,Collision with a moving/standing/parked vehicle,Accident involving parked vehicles,Daylight,Dry,679,294201.0
9867,9867,199170,1,Westliche Müllerstraße,2019,9,10,3,3,0,7,0,1,0,0,0,0,0,1.0,Mitte,Accident with minor injuries,Others,Others,Daylight,Wet/moist/slippery,2215,385748.0
9868,9868,199171,11,Rüdigerstraße,2019,9,8,3,3,0,6,0,1,1,0,0,0,0,0.0,Lichtenberg,Accident with minor injuries,Others,Collision involving vehicles going in the same way,Daylight,Dry,679,294201.0
9869,9869,199172,7,Neu-Tempelhof,2019,9,8,3,3,5,2,0,1,1,0,0,0,0,0.0,Tempelhof-Schöneberg,Accident with minor injuries,Collision with a turning/crossing vehicle,Turning accident,Daylight,Dry,1241,350984.0
9870,9870,199173,5,Hakenfelde Nord,2019,9,8,3,3,2,6,0,0,1,0,0,0,1,0.0,Spandau,Accident with minor injuries,Collision with the vehicle in front/waiting vehicle,Collision involving vehicles going in the same way,Daylight,Dry,798,245197.0
9871,9871,199174,8,Buckow Mitte,2019,9,9,3,3,6,7,0,0,1,1,0,0,0,0.0,Neukölln,Accident with minor injuries,Collision between vehicle and pedestrian,Others,Daylight,Dry,934,329917.0
9872,9872,199175,4,Schaperstraße,2019,9,8,3,3,5,3,0,0,1,0,0,0,0,0.0,Charlottenburg-Wilmersdorf,Accident with minor injuries,Collision with a turning/crossing vehicle,Turning/Crossing accident,Daylight,Dry,1727,343592.0
9873,9873,199176,2,Viktoriapark,2019,9,9,3,3,5,2,0,1,0,0,0,0,1,1.0,Friedrichshain-Kreuzberg,Accident with minor injuries,Collision with a turning/crossing vehicle,Turning accident,Daylight,Wet/moist/slippery,1381,290386.0
9874,9874,199177,11,Fennpfuhl West,2019,9,7,3,3,6,4,0,0,0,1,1,0,0,0.0,Lichtenberg,Accident with minor injuries,Collision between vehicle and pedestrian,Pedestrian crossing accident,Daylight,Dry,679,294201.0
9875,9875,199178,2,Chamissokiez,2019,9,21,3,2,3,7,2,1,1,0,0,0,0,0.0,Friedrichshain-Kreuzberg,Accident with serious injuries,Collision with a vehicle traveling laterally in the same direction,Others,Dark,Dry,1381,290386.0
9876,9876,199179,3,Rennbahnstraße,2019,9,7,3,3,5,2,0,1,1,0,0,0,0,0.0,Pankow,Accident with minor injuries,Collision with a turning/crossing vehicle,Turning accident,Daylight,Dry,1219,409335.0
9877,9877,199180,1,Lützowstraße,2019,9,7,3,3,2,6,0,0,1,0,0,0,0,1.0,Mitte,Accident with minor injuries,Collision with the vehicle in front/waiting vehicle,Collision involving vehicles going in the same way,Daylight,Wet/moist/slippery,2215,385748.0
9878,9878,199181,6,Südende,2019,9,7,3,2,6,4,0,0,1,1,0,0,0,0.0,Steglitz-Zehlendorf,Accident with serious injuries,Collision between vehicle and pedestrian,Pedestrian crossing accident,Daylight,Dry,851,310071.0
9879,9879,199182,2,Stralauer Kiez,2019,9,7,3,3,5,2,0,1,1,0,0,0,0,1.0,Friedrichshain-Kreuzberg,Accident with minor injuries,Collision with a turning/crossing vehicle,Turning accident,Daylight,Wet/moist/slippery,1381,290386.0
9880,9880,199183,1,Unter den Linden Nord,2019,9,6,3,3,5,3,0,1,1,0,0,0,0,0.0,Mitte,Accident with minor injuries,Collision with a turning/crossing vehicle,Turning/Crossing accident,Daylight,Dry,2215,385748.0
9881,9881,199184,1,Oranienburger Straße,2019,9,23,3,3,5,3,2,1,0,0,1,0,0,0.0,Mitte,Accident with minor injuries,Collision with a turning/crossing vehicle,Turning/Crossing accident,Dark,Dry,2215,385748.0
9882,9882,199185,8,Zittauer Straße,2019,9,16,3,3,5,3,0,1,1,0,0,0,0,0.0,Neukölln,Accident with minor injuries,Collision with a turning/crossing vehicle,Turning/Crossing accident,Daylight,Dry,934,329917.0
9883,9883,199186,10,Marzahn Ost,2019,9,18,3,3,5,3,0,1,1,0,0,0,0,0.0,Marzahn-Hellersdorf,Accident with minor injuries,Collision with a turning/crossing vehicle,Turning/Crossing accident,Daylight,Dry,586,269967.0
9884,9884,199187,4,Alt-Lietzow,2019,9,17,3,3,0,4,0,1,0,1,0,0,0,0.0,Charlottenburg-Wilmersdorf,Accident with minor injuries,Others,Pedestrian crossing accident,Daylight,Dry,1727,343592.0
9885,9885,199188,10,Oberfeldstraße,2019,9,8,3,3,0,3,0,0,1,0,0,0,1,0.0,Marzahn-Hellersdorf,Accident with minor injuries,Others,Turning/Crossing accident,Daylight,Dry,586,269967.0
9886,9886,199189,8,Schillerpromenade,2019,9,14,3,3,2,6,0,0,1,0,0,0,1,0.0,Neukölln,Accident with minor injuries,Collision with the vehicle in front/waiting vehicle,Collision involving vehicles going in the same way,Daylight,Dry,934,329917.0
9887,9887,199190,4,Nikolsburger Platz,2019,9,17,3,2,5,2,0,0,1,0,1,0,0,0.0,Charlottenburg-Wilmersdorf,Accident with serious injuries,Collision with a turning/crossing vehicle,Turning accident,Daylight,Dry,1727,343592.0
9888,9888,199191,6,Königsberger Straße,2019,9,16,3,3,5,3,0,0,1,0,0,0,1,0.0,Steglitz-Zehlendorf,Accident with minor injuries,Collision with a turning/crossing vehicle,Turning/Crossing accident,Daylight,Dry,851,310071.0
9889,9889,199192,12,Wittenau Süd,2019,9,19,3,1,5,3,2,0,1,0,1,0,0,0.0,Reinickendorf,Accident with fatalities,Collision with a turning/crossing vehicle,Turning/Crossing accident,Dark,Dry,867,266408.0
9890,9890,199193,5,Darbystraße,2019,9,11,3,3,2,6,0,0,1,0,0,0,1,0.0,Spandau,Accident with minor injuries,Collision with the vehicle in front/waiting vehicle,Collision involving vehicles going in the same way,Daylight,Dry,798,245197.0
9891,9891,199194,2,Wrangelkiez,2019,9,14,2,3,1,5,0,1,1,0,0,0,0,0.0,Friedrichshain-Kreuzberg,Accident with minor injuries,Collision with a moving/standing/parked vehicle,Accident involving parked vehicles,Daylight,Dry,1381,290386.0
9892,9892,199195,3,Erich-Weinert-Straße,2019,9,1,3,3,5,3,2,0,1,0,0,0,0,1.0,Pankow,Accident with minor injuries,Collision with a turning/crossing vehicle,Turning/Crossing accident,Dark,Wet/moist/slippery,1219,409335.0
9893,9893,199196,8,Rollberg,2019,9,14,2,3,2,2,0,0,1,0,1,0,0,0.0,Neukölln,Accident with minor injuries,Collision with the vehicle in front/waiting vehicle,Turning accident,Daylight,Dry,934,329917.0
9894,9894,199197,2,Andreasviertel,2019,9,14,3,3,1,5,0,0,1,0,0,0,1,0.0,Friedrichshain-Kreuzberg,Accident with minor injuries,Collision with a moving/standing/parked vehicle,Accident involving parked vehicles,Daylight,Dry,1381,290386.0
9895,9895,199198,10,Kaulsdorf Nord,2019,9,10,2,3,5,3,0,1,0,0,0,0,1,0.0,Marzahn-Hellersdorf,Accident with minor injuries,Collision with a turning/crossing vehicle,Turning/Crossing accident,Daylight,Dry,586,269967.0
9896,9896,199199,11,Orankesee,2019,9,6,2,2,6,7,1,1,0,1,0,0,0,0.0,Lichtenberg,Accident with serious injuries,Collision between vehicle and pedestrian,Others,Twilight,Dry,679,294201.0
9897,9897,199200,11,Karlshorst Süd,2019,9,8,2,3,2,2,0,1,1,0,0,0,0,0.0,Lichtenberg,Accident with minor injuries,Collision with the vehicle in front/waiting vehicle,Turning accident,Daylight,Dry,679,294201.0
9898,9898,199201,11,Malchower Weg,2019,9,22,2,3,1,1,2,0,1,0,0,0,0,1.0,Lichtenberg,Accident with minor injuries,Collision with a moving/standing/parked vehicle,Driving accident,Dark,Wet/moist/slippery,679,294201.0
9899,9899,199202,7,Friedenau,2019,9,16,2,3,5,3,0,1,0,0,0,0,0,0.0,Tempelhof-Schöneberg,Accident with minor injuries,Collision with a turning/crossing vehicle,Turning/Crossing accident,Daylight,Dry,1241,350984.0
9900,9900,199203,7,Schöneberger Insel,2019,9,12,2,2,5,3,0,1,1,0,0,0,0,1.0,Tempelhof-Schöneberg,Accident with serious injuries,Collision with a turning/crossing vehicle,Turning/Crossing accident,Daylight,Wet/moist/slippery,1241,350984.0
9901,9901,199204,11,Karlshorst Nord,2019,9,5,2,3,6,7,2,0,1,0,0,0,1,1.0,Lichtenberg,Accident with minor injuries,Collision between vehicle and pedestrian,Others,Dark,Wet/moist/slippery,679,294201.0
9902,9902,199205,12,Hermsdorf,2019,9,21,2,2,5,3,2,0,1,0,1,0,0,0.0,Reinickendorf,Accident with serious injuries,Collision with a turning/crossing vehicle,Turning/Crossing accident,Dark,Dry,867,266408.0
9903,9903,199206,12,Treuenbrietzener Straße,2019,9,20,2,3,5,3,2,0,1,0,0,0,0,1.0,Reinickendorf,Accident with minor injuries,Collision with a turning/crossing vehicle,Turning/Crossing accident,Dark,Wet/moist/slippery,867,266408.0
9904,9904,199207,1,Alexanderplatzviertel,2019,9,18,2,3,6,7,0,0,1,1,0,0,0,0.0,Mitte,Accident with minor injuries,Collision between vehicle and pedestrian,Others,Daylight,Dry,2215,385748.0
9905,9905,199208,12,Hausotterplatz,2019,9,19,2,3,5,3,2,0,1,0,0,0,0,1.0,Reinickendorf,Accident with minor injuries,Collision with a turning/crossing vehicle,Turning/Crossing accident,Dark,Wet/moist/slippery,867,266408.0
9906,9906,199209,1,Unter den Linden Süd,2019,9,18,2,3,3,6,0,1,1,0,0,0,0,0.0,Mitte,Accident with minor injuries,Collision with a vehicle traveling laterally in the same direction,Collision involving vehicles going in the same way,Daylight,Dry,2215,385748.0
9907,9907,199210,5,Borkumer Straße,2019,9,5,2,3,6,2,2,0,1,1,0,0,0,1.0,Spandau,Accident with minor injuries,Collision between vehicle and pedestrian,Turning accident,Dark,Wet/moist/slippery,798,245197.0
9908,9908,199211,12,Borsigwalde,2019,9,18,2,2,6,4,0,0,1,1,0,0,0,0.0,Reinickendorf,Accident with serious injuries,Collision between vehicle and pedestrian,Pedestrian crossing accident,Daylight,Dry,867,266408.0
9909,9909,199212,1,Huttenkiez,2019,9,19,2,3,2,6,1,0,1,0,0,0,0,1.0,Mitte,Accident with minor injuries,Collision with the vehicle in front/waiting vehicle,Collision involving vehicles going in the same way,Twilight,Wet/moist/slippery,2215,385748.0
9910,9910,199213,1,Lüneburger Straße,2019,9,18,2,3,2,6,0,0,1,0,0,0,0,1.0,Mitte,Accident with minor injuries,Collision with the vehicle in front/waiting vehicle,Collision involving vehicles going in the same way,Daylight,Wet/moist/slippery,2215,385748.0
9911,9911,199214,1,Heine-Viertel Ost,2019,9,17,2,3,5,3,0,1,1,0,0,0,0,0.0,Mitte,Accident with minor injuries,Collision with a turning/crossing vehicle,Turning/Crossing accident,Daylight,Dry,2215,385748.0
9912,9912,199215,4,Ludwigkirchplatz,2019,9,17,2,3,5,2,0,1,1,0,0,0,0,0.0,Charlottenburg-Wilmersdorf,Accident with minor injuries,Collision with a turning/crossing vehicle,Turning accident,Daylight,Dry,1727,343592.0
9913,9913,199216,6,Botanischer Garten,2019,9,13,2,3,2,6,0,0,1,0,1,0,0,1.0,Steglitz-Zehlendorf,Accident with minor injuries,Collision with the vehicle in front/waiting vehicle,Collision involving vehicles going in the same way,Daylight,Wet/moist/slippery,851,310071.0
9914,9914,199217,12,Waldidyll/Flughafensee,2019,9,16,2,3,6,4,0,0,1,1,0,0,0,1.0,Reinickendorf,Accident with minor injuries,Collision between vehicle and pedestrian,Pedestrian crossing accident,Daylight,Wet/moist/slippery,867,266408.0
9915,9915,199218,7,Manteuffelstraße,2019,9,17,2,3,5,3,0,0,1,0,0,0,0,0.0,Tempelhof-Schöneberg,Accident with minor injuries,Collision with a turning/crossing vehicle,Turning/Crossing accident,Daylight,Dry,1241,350984.0
9916,9916,199219,8,Mohriner Allee Nord,2019,9,12,2,3,2,6,0,0,1,0,0,0,1,1.0,Neukölln,Accident with minor injuries,Collision with the vehicle in front/waiting vehicle,Collision involving vehicles going in the same way,Daylight,Wet/moist/slippery,934,329917.0
9917,9917,199220,4,Reichsstraße,2019,9,17,2,3,5,2,0,1,1,0,0,0,0,0.0,Charlottenburg-Wilmersdorf,Accident with minor injuries,Collision with a turning/crossing vehicle,Turning accident,Daylight,Dry,1727,343592.0
9918,9918,199221,12,Mellerbogen,2019,9,16,2,3,5,3,0,0,1,0,0,0,0,1.0,Reinickendorf,Accident with minor injuries,Collision with a turning/crossing vehicle,Turning/Crossing accident,Daylight,Wet/moist/slippery,867,266408.0
9919,9919,199222,6,Zehlendorf Mitte,2019,9,16,2,3,5,2,0,0,1,0,0,0,0,1.0,Steglitz-Zehlendorf,Accident with minor injuries,Collision with a turning/crossing vehicle,Turning accident,Daylight,Wet/moist/slippery,851,310071.0
9920,9920,199223,5,Eiswerder,2019,9,17,2,3,5,3,0,1,1,0,0,0,0,0.0,Spandau,Accident with minor injuries,Collision with a turning/crossing vehicle,Turning/Crossing accident,Daylight,Dry,798,245197.0
9921,9921,199224,6,Thielallee,2019,9,10,2,3,2,7,0,0,1,0,0,0,0,1.0,Steglitz-Zehlendorf,Accident with minor injuries,Collision with the vehicle in front/waiting vehicle,Others,Daylight,Wet/moist/slippery,851,310071.0
9922,9922,199225,4,Reichsstraße,2019,9,10,2,3,1,5,0,1,0,0,0,1,0,1.0,Charlottenburg-Wilmersdorf,Accident with minor injuries,Collision with a moving/standing/parked vehicle,Accident involving parked vehicles,Daylight,Wet/moist/slippery,1727,343592.0
9923,9923,199226,4,Ernst-Reuter-Platz,2019,9,15,2,3,2,6,0,0,1,0,0,0,0,0.0,Charlottenburg-Wilmersdorf,Accident with minor injuries,Collision with the vehicle in front/waiting vehicle,Collision involving vehicles going in the same way,Daylight,Dry,1727,343592.0
9924,9924,199227,1,Reinickendorfer Straße,2019,9,16,2,3,5,3,0,0,1,0,0,0,0,1.0,Mitte,Accident with minor injuries,Collision with a turning/crossing vehicle,Turning/Crossing accident,Daylight,Wet/moist/slippery,2215,385748.0
9925,9925,199228,5,Weinmeisterhornweg,2019,9,16,2,2,6,2,0,0,1,1,0,0,0,1.0,Spandau,Accident with serious injuries,Collision between vehicle and pedestrian,Turning accident,Daylight,Wet/moist/slippery,798,245197.0
9926,9926,199229,7,Birnhornweg,2019,9,23,2,3,5,2,2,0,1,0,0,0,1,0.0,Tempelhof-Schöneberg,Accident with minor injuries,Collision with a turning/crossing vehicle,Turning accident,Dark,Dry,1241,350984.0
9927,9927,199230,4,Ludwigkirchplatz,2019,9,16,2,3,6,4,0,0,1,1,0,0,0,1.0,Charlottenburg-Wilmersdorf,Accident with minor injuries,Collision between vehicle and pedestrian,Pedestrian crossing accident,Daylight,Wet/moist/slippery,1727,343592.0
9928,9928,199231,7,Birnhornweg,2019,9,16,2,3,5,2,0,0,1,0,0,0,0,0.0,Tempelhof-Schöneberg,Accident with minor injuries,Collision with a turning/crossing vehicle,Turning accident,Daylight,Dry,1241,350984.0
9929,9929,199232,5,Borkumer Straße,2019,9,15,2,3,5,2,0,1,1,0,0,0,0,1.0,Spandau,Accident with minor injuries,Collision with a turning/crossing vehicle,Turning accident,Daylight,Wet/moist/slippery,798,245197.0
9930,9930,199233,2,Graefekiez,2019,9,15,2,3,2,6,0,0,1,0,0,0,0,0.0,Friedrichshain-Kreuzberg,Accident with minor injuries,Collision with the vehicle in front/waiting vehicle,Collision involving vehicles going in the same way,Daylight,Dry,1381,290386.0
9931,9931,199234,9,Dammvorstadt,2019,9,9,2,3,8,1,0,0,1,0,0,0,0,1.0,Treptow-Köpenick,Accident with minor injuries,Departure from the roadway to the right,Driving accident,Daylight,Wet/moist/slippery,892,273689.0
9932,9932,199235,5,Hakenfelde Nord,2019,9,15,2,3,4,1,0,0,1,0,0,0,0,0.0,Spandau,Accident with minor injuries,Collision with oncoming vehicle,Driving accident,Daylight,Dry,798,245197.0
9933,9933,199236,8,Reuterkiez,2019,9,15,2,3,5,3,0,1,1,0,0,0,0,1.0,Neukölln,Accident with minor injuries,Collision with a turning/crossing vehicle,Turning/Crossing accident,Daylight,Wet/moist/slippery,934,329917.0
9934,9934,199237,4,Droysenstraße,2019,9,9,2,3,5,2,0,0,1,0,0,0,1,1.0,Charlottenburg-Wilmersdorf,Accident with minor injuries,Collision with a turning/crossing vehicle,Turning accident,Daylight,Wet/moist/slippery,1727,343592.0
9935,9935,199238,8,Weiße Siedlung,2019,9,8,2,3,2,6,0,0,1,0,0,0,0,0.0,Neukölln,Accident with minor injuries,Collision with the vehicle in front/waiting vehicle,Collision involving vehicles going in the same way,Daylight,Dry,934,329917.0
9936,9936,199239,5,Darbystraße,2019,9,12,2,2,5,2,0,0,1,0,1,0,0,0.0,Spandau,Accident with serious injuries,Collision with a turning/crossing vehicle,Turning accident,Daylight,Dry,798,245197.0
9937,9937,199240,5,Freiheit,2019,9,14,2,3,2,6,0,0,1,0,0,0,0,1.0,Spandau,Accident with minor injuries,Collision with the vehicle in front/waiting vehicle,Collision involving vehicles going in the same way,Daylight,Wet/moist/slippery,798,245197.0
9938,9938,199241,8,Handwerker-Siedlung,2019,9,9,2,3,0,6,0,0,1,0,1,0,0,1.0,Neukölln,Accident with minor injuries,Others,Collision involving vehicles going in the same way,Daylight,Wet/moist/slippery,934,329917.0
9939,9939,199242,8,Gewerbegebiet Köllnische Heide,2019,9,12,2,2,5,3,0,1,1,0,0,0,0,0.0,Neukölln,Accident with serious injuries,Collision with a turning/crossing vehicle,Turning/Crossing accident,Daylight,Dry,934,329917.0
9940,9940,199243,4,Richard-Wagner-Straße,2019,9,14,2,3,6,4,0,1,0,1,0,0,0,1.0,Charlottenburg-Wilmersdorf,Accident with minor injuries,Collision between vehicle and pedestrian,Pedestrian crossing accident,Daylight,Wet/moist/slippery,1727,343592.0
9941,9941,199244,3,Wilhelmsruh,2019,9,15,2,3,2,6,0,0,1,0,0,0,0,0.0,Pankow,Accident with minor injuries,Collision with the vehicle in front/waiting vehicle,Collision involving vehicles going in the same way,Daylight,Dry,1219,409335.0
9942,9942,199245,2,Wrangelkiez,2019,9,14,2,3,5,3,0,1,1,0,0,0,0,1.0,Friedrichshain-Kreuzberg,Accident with minor injuries,Collision with a turning/crossing vehicle,Turning/Crossing accident,Daylight,Wet/moist/slippery,1381,290386.0
9943,9943,199246,6,Fischtal,2019,9,12,2,2,5,2,0,0,1,0,1,0,0,0.0,Steglitz-Zehlendorf,Accident with serious injuries,Collision with a turning/crossing vehicle,Turning accident,Daylight,Dry,851,310071.0
9944,9944,199247,2,Chamissokiez,2019,9,9,2,3,6,2,0,0,1,1,0,0,0,1.0,Friedrichshain-Kreuzberg,Accident with minor injuries,Collision between vehicle and pedestrian,Turning accident,Daylight,Wet/moist/slippery,1381,290386.0
9945,9945,199248,3,Karow Nord,2019,9,7,2,3,2,7,0,0,1,0,1,0,0,0.0,Pankow,Accident with minor injuries,Collision with the vehicle in front/waiting vehicle,Others,Daylight,Dry,1219,409335.0
9946,9946,199249,2,Samariterviertel,2019,9,14,2,3,2,6,1,0,1,0,0,1,0,1.0,Friedrichshain-Kreuzberg,Accident with minor injuries,Collision with the vehicle in front/waiting vehicle,Collision involving vehicles going in the same way,Twilight,Wet/moist/slippery,1381,290386.0
9947,9947,199250,1,Karl-Marx-Allee,2019,9,8,2,3,0,3,0,1,0,0,1,0,0,0.0,Mitte,Accident with minor injuries,Others,Turning/Crossing accident,Daylight,Dry,2215,385748.0
9948,9948,199251,5,Borkumer Straße,2019,9,16,6,3,5,2,0,0,1,0,0,0,0,0.0,Spandau,Accident with minor injuries,Collision with a turning/crossing vehicle,Turning accident,Daylight,Dry,798,245197.0
9949,9949,199252,12,Rollbergesiedlung,2019,9,16,6,3,2,6,0,0,1,0,0,0,0,0.0,Reinickendorf,Accident with minor injuries,Collision with the vehicle in front/waiting vehicle,Collision involving vehicles going in the same way,Daylight,Dry,867,266408.0
9950,9950,199253,8,Alt-Rudow,2019,9,16,6,3,1,1,0,0,1,0,1,0,0,0.0,Neukölln,Accident with minor injuries,Collision with a moving/standing/parked vehicle,Driving accident,Daylight,Dry,934,329917.0
9951,9951,199254,1,Gesundbrunnen,2019,9,16,6,3,3,6,0,0,1,0,1,0,0,0.0,Mitte,Accident with minor injuries,Collision with a vehicle traveling laterally in the same direction,Collision involving vehicles going in the same way,Daylight,Dry,2215,385748.0
9952,9952,199255,1,Alexanderplatzviertel,2019,9,16,6,3,5,2,0,1,1,0,0,0,0,0.0,Mitte,Accident with minor injuries,Collision with a turning/crossing vehicle,Turning accident,Daylight,Dry,2215,385748.0
9953,9953,199256,8,Gropiusstadt Ost,2019,9,15,6,2,5,2,0,1,1,0,0,0,0,0.0,Neukölln,Accident with serious injuries,Collision with a turning/crossing vehicle,Turning accident,Daylight,Dry,934,329917.0
9954,9954,199257,9,Johannisthal Ost,2019,9,15,6,3,0,1,0,1,0,0,0,0,0,0.0,Treptow-Köpenick,Accident with minor injuries,Others,Driving accident,Daylight,Dry,892,273689.0
9955,9955,199258,4,Flinsberger Platz,2019,9,14,6,3,2,6,0,0,1,0,0,0,0,0.0,Charlottenburg-Wilmersdorf,Accident with minor injuries,Collision with the vehicle in front/waiting vehicle,Collision involving vehicles going in the same way,Daylight,Dry,1727,343592.0
9956,9956,199259,5,Gartenfelder Straße,2019,9,14,6,3,5,3,0,0,1,0,0,0,1,0.0,Spandau,Accident with minor injuries,Collision with a turning/crossing vehicle,Turning/Crossing accident,Daylight,Dry,798,245197.0
9957,9957,199260,2,Mehringplatz,2019,9,14,6,3,0,5,0,0,1,0,1,0,0,0.0,Friedrichshain-Kreuzberg,Accident with minor injuries,Others,Accident involving parked vehicles,Daylight,Dry,1381,290386.0
9958,9958,199261,9,Adlershof West,2019,9,14,6,3,5,2,0,1,1,0,0,0,0,0.0,Treptow-Köpenick,Accident with minor injuries,Collision with a turning/crossing vehicle,Turning accident,Daylight,Dry,892,273689.0
9959,9959,199262,11,Fennpfuhl West,2019,9,14,6,3,6,7,0,0,1,1,0,0,0,0.0,Lichtenberg,Accident with minor injuries,Collision between vehicle and pedestrian,Others,Daylight,Dry,679,294201.0
9960,9960,199263,4,Ernst-Reuter-Platz,2019,9,14,6,2,3,6,0,0,1,0,0,0,1,0.0,Charlottenburg-Wilmersdorf,Accident with serious injuries,Collision with a vehicle traveling laterally in the same direction,Collision involving vehicles going in the same way,Daylight,Dry,1727,343592.0
9961,9961,199264,1,Alexanderplatzviertel,2019,9,13,6,3,2,6,0,1,1,0,0,0,0,0.0,Mitte,Accident with minor injuries,Collision with the vehicle in front/waiting vehicle,Collision involving vehicles going in the same way,Daylight,Dry,2215,385748.0
9962,9962,199265,4,Preußenpark,2019,9,13,6,3,5,7,0,0,1,0,0,0,0,0.0,Charlottenburg-Wilmersdorf,Accident with minor injuries,Collision with a turning/crossing vehicle,Others,Daylight,Dry,1727,343592.0
9963,9963,199266,1,Emdener Straße,2019,9,21,6,3,0,1,2,0,0,0,1,0,0,0.0,Mitte,Accident with minor injuries,Others,Driving accident,Dark,Dry,2215,385748.0
9964,9964,199267,3,Teutoburger Platz,2019,9,21,6,3,0,1,2,0,0,0,0,0,1,0.0,Pankow,Accident with minor injuries,Others,Driving accident,Dark,Dry,1219,409335.0
9965,9965,199268,9,Köpenicker Landstraße,2019,9,21,6,3,5,3,2,0,1,0,0,0,0,0.0,Treptow-Köpenick,Accident with minor injuries,Collision with a turning/crossing vehicle,Turning/Crossing accident,Dark,Dry,892,273689.0
9966,9966,199269,1,Soldiner Straße,2019,9,13,6,3,2,6,0,0,1,0,0,0,0,0.0,Mitte,Accident with minor injuries,Collision with the vehicle in front/waiting vehicle,Collision involving vehicles going in the same way,Daylight,Dry,2215,385748.0
9967,9967,199270,5,Amorbacher Weg,2019,9,12,6,3,5,3,0,0,1,0,0,0,0,0.0,Spandau,Accident with minor injuries,Collision with a turning/crossing vehicle,Turning/Crossing accident,Daylight,Dry,798,245197.0
9968,9968,199271,8,Buckow Mitte,2019,9,12,6,3,5,2,0,0,1,0,1,0,0,0.0,Neukölln,Accident with minor injuries,Collision with a turning/crossing vehicle,Turning accident,Daylight,Dry,934,329917.0
9969,9969,199272,12,Heiligensee,2019,9,12,6,2,2,6,0,0,1,0,1,0,0,0.0,Reinickendorf,Accident with serious injuries,Collision with the vehicle in front/waiting vehicle,Collision involving vehicles going in the same way,Daylight,Dry,867,266408.0
9970,9970,199273,3,Bucher Forst,2019,9,7,6,3,3,6,0,1,1,0,0,0,0,0.0,Pankow,Accident with minor injuries,Collision with a vehicle traveling laterally in the same direction,Collision involving vehicles going in the same way,Daylight,Dry,1219,409335.0
9971,9971,199274,9,Kietzer Feld/Nachtheide,2019,9,12,6,3,2,6,0,0,1,0,0,0,0,0.0,Treptow-Köpenick,Accident with minor injuries,Collision with the vehicle in front/waiting vehicle,Collision involving vehicles going in the same way,Daylight,Dry,892,273689.0
9972,9972,199275,1,Alexanderplatzviertel,2019,9,7,6,3,0,3,0,0,0,0,1,0,0,0.0,Mitte,Accident with minor injuries,Others,Turning/Crossing accident,Daylight,Dry,2215,385748.0
9973,9973,199276,10,Oberfeldstraße,2019,9,12,6,3,5,3,0,0,1,0,0,0,0,0.0,Marzahn-Hellersdorf,Accident with minor injuries,Collision with a turning/crossing vehicle,Turning/Crossing accident,Daylight,Dry,586,269967.0
9974,9974,199277,11,Mühlengrund,2019,9,6,6,2,4,7,0,0,1,0,0,0,1,0.0,Lichtenberg,Accident with serious injuries,Collision with oncoming vehicle,Others,Daylight,Dry,679,294201.0
9975,9975,199278,4,Karl-August-Platz,2019,9,11,6,3,1,5,0,1,1,0,0,0,0,0.0,Charlottenburg-Wilmersdorf,Accident with minor injuries,Collision with a moving/standing/parked vehicle,Accident involving parked vehicles,Daylight,Dry,1727,343592.0
9976,9976,199279,10,Kaulsdorf Nord,2019,9,9,6,3,5,3,0,1,1,0,0,0,0,0.0,Marzahn-Hellersdorf,Accident with minor injuries,Collision with a turning/crossing vehicle,Turning/Crossing accident,Daylight,Dry,586,269967.0
9977,9977,199280,7,Schöneberger Insel,2019,9,9,6,2,5,3,0,1,1,0,0,0,0,0.0,Tempelhof-Schöneberg,Accident with serious injuries,Collision with a turning/crossing vehicle,Turning/Crossing accident,Daylight,Dry,1241,350984.0
9978,9978,199281,11,Rüdigerstraße,2019,9,9,6,3,0,7,0,0,1,0,0,0,0,0.0,Lichtenberg,Accident with minor injuries,Others,Others,Daylight,Dry,679,294201.0
9979,9979,199282,8,Buckow Ost,2019,9,8,6,3,6,4,0,0,1,1,0,0,0,0.0,Neukölln,Accident with minor injuries,Collision between vehicle and pedestrian,Pedestrian crossing accident,Daylight,Dry,934,329917.0
9980,9980,199283,4,Bismarckallee,2019,9,8,6,3,5,2,0,0,1,0,0,0,0,0.0,Charlottenburg-Wilmersdorf,Accident with minor injuries,Collision with a turning/crossing vehicle,Turning accident,Daylight,Dry,1727,343592.0
9981,9981,199284,7,Fritz-Werner-Straße,2019,9,8,6,3,1,1,0,0,1,0,0,0,0,0.0,Tempelhof-Schöneberg,Accident with minor injuries,Collision with a moving/standing/parked vehicle,Driving accident,Daylight,Dry,1241,350984.0
9982,9982,199285,10,Schleipfuhl,2019,9,7,6,3,5,3,0,0,1,0,0,0,1,0.0,Marzahn-Hellersdorf,Accident with minor injuries,Collision with a turning/crossing vehicle,Turning/Crossing accident,Daylight,Dry,586,269967.0