,Unnamed: 0,object id,district,street,year,month,hour of day,weekday,category,accident type,accident type 2,light situation,bike involved,car involved,pedestrian involved,motor bike involved,big track involved,other vehicle involved,road condition,district name,category name,accident detail,accident type detail,light condition,road condition detail,accident count by district,est. population
10223,10223,199526,4,Eisenzahnstraße,2019,9,17,2,3,5,2,0,0,1,0,0,0,0,0.0,Charlottenburg-Wilmersdorf,Accident with minor injuries,Collision with a turning/crossing vehicle,Turning accident,Daylight,Dry,1727,343592.0
10224,10224,199527,1,Schillerpark,2019,9,18,1,2,5,3,0,1,1,0,0,0,0,0.0,Mitte,Accident with serious injuries,Collision with a turning/crossing vehicle,Turning/Crossing accident,Daylight,Dry,2215,385748.0
10225,10225,199528,1,Hansaviertel,2019,9,17,2,3,6,7,0,0,1,1,0,0,0,0.0,Mitte,Accident with minor injuries,Collision between vehicle and pedestrian,Others,Daylight,Dry,2215,385748.0
10226,10226,199529,9,Adlershof West,2019,9,18,1,3,5,2,0,0,1,0,0,0,0,0.0,Treptow-Köpenick,Accident with minor injuries,Collision with a turning/crossing vehicle,Turning accident,Daylight,Dry,892,273689.0
10227,10227,199530,7,Manteuffelstraße,2019,9,17,1,3,5,2,0,1,1,0,0,0,0,0.0,Tempelhof-Schöneberg,Accident with minor injuries,Collision with a turning/crossing vehicle,Turning accident,Daylight,Dry,1241,350984.0
10228,10228,199531,9,Altstadt Kietz,2019,9,14,2,3,1,1,0,1,1,0,0,0,0,0.0,Treptow-Köpenick,Accident with minor injuries,Collision with a moving/standing/parked vehicle,Driving accident,Daylight,Dry,892,273689.0
10229,10229,199532,1,Brunnenstraße,2019,9,17,2,3,1,5,0,1,1,0,0,0,0,0.0,Mitte,Accident with minor injuries,Collision with a moving/standing/parked vehicle,Accident involving parked vehicles,Daylight,Dry,2215,385748.0
10230,10230,199533,1,Großer Tiergarten,2019,9,7,1,3,0,1,0,0,0,0,1,0,0,0.0,Mitte,Accident with minor injuries,Others,Driving accident,Daylight,Dry,2215,385748.0
10231,10231,199534,2,Lausitzer Platz,2019,9,0,1,3,0,7,2,1,0,0,0,0,0,0.0,Friedrichshain-Kreuzberg,Accident with minor injuries,Others,Others,Dark,Dry,1381,290386.0
10232,10232,199535,4,Breitscheidplatz,2019,9,17,2,3,6,7,0,0,0,1,0,0,1,0.0,Charlottenburg-Wilmersdorf,Accident with minor injuries,Collision between vehicle and pedestrian,Others,Daylight,Dry,1727,343592.0
10233,10233,199536,9,Elsenstraße,2019,9,6,1,3,5,3,0,1,1,0,0,0,0,0.0,Treptow-Köpenick,Accident with minor injuries,Collision with a turning/crossing vehicle,Turning/Crossing accident,Daylight,Dry,892,273689.0
10234,10234,199537,8,Gewerbegebiet Köllnische Heide,2019,9,11,2,3,2,2,0,0,1,0,0,0,0,0.0,Neukölln,Accident with minor injuries,Collision with the vehicle in front/waiting vehicle,Turning accident,Daylight,Dry,934,329917.0
10235,10235,199538,8,Körnerpark,2019,9,10,2,3,1,5,0,0,1,0,0,0,1,0.0,Neukölln,Accident with minor injuries,Collision with a moving/standing/parked vehicle,Accident involving parked vehicles,Daylight,Dry,934,329917.0
10236,10236,199539,4,Plötzensee,2019,9,6,1,3,2,6,1,0,1,0,1,0,0,0.0,Charlottenburg-Wilmersdorf,Accident with minor injuries,Collision with the vehicle in front/waiting vehicle,Collision involving vehicles going in the same way,Twilight,Dry,1727,343592.0
10237,10237,199540,4,Breitscheidplatz,2019,9,4,1,3,5,2,2,0,1,0,0,0,0,0.0,Charlottenburg-Wilmersdorf,Accident with minor injuries,Collision with a turning/crossing vehicle,Turning accident,Dark,Dry,1727,343592.0
10238,10238,199541,5,Freiheit,2019,9,10,2,2,1,5,0,0,1,0,0,0,0,0.0,Spandau,Accident with serious injuries,Collision with a moving/standing/parked vehicle,Accident involving parked vehicles,Daylight,Dry,798,245197.0
10239,10239,199542,5,Freiheit,2019,9,1,1,3,1,1,2,0,1,0,0,0,0,0.0,Spandau,Accident with minor injuries,Collision with a moving/standing/parked vehicle,Driving accident,Dark,Dry,798,245197.0
10240,10240,199543,7,Horstwalder Straße/Paplitzer Straße,2019,9,10,2,3,5,3,0,0,1,0,0,0,0,0.0,Tempelhof-Schöneberg,Accident with minor injuries,Collision with a turning/crossing vehicle,Turning/Crossing accident,Daylight,Dry,1241,350984.0
10241,10241,199544,9,Dorf Altglienicke,2019,9,4,7,3,5,3,2,0,1,0,0,0,0,0.0,Treptow-Köpenick,Accident with minor injuries,Collision with a turning/crossing vehicle,Turning/Crossing accident,Dark,Dry,892,273689.0
10242,10242,199545,8,Buckow Mitte,2019,9,17,2,3,5,7,0,1,1,0,0,0,0,0.0,Neukölln,Accident with minor injuries,Collision with a turning/crossing vehicle,Others,Daylight,Dry,934,329917.0
10243,10243,199546,7,Eisenacher Straße,2019,9,14,7,3,2,6,0,0,1,0,0,0,0,0.0,Tempelhof-Schöneberg,Accident with minor injuries,Collision with the vehicle in front/waiting vehicle,Collision involving vehicles going in the same way,Daylight,Dry,1241,350984.0
10244,10244,199547,3,Pankow Süd,2019,9,16,2,3,5,2,0,1,1,0,0,0,0,0.0,Pankow,Accident with minor injuries,Collision with a turning/crossing vehicle,Turning accident,Daylight,Dry,1219,409335.0
10245,10245,199548,12,Reinickes Hof,2019,9,14,7,3,6,4,0,0,1,1,0,0,0,0.0,Reinickendorf,Accident with minor injuries,Collision between vehicle and pedestrian,Pedestrian crossing accident,Daylight,Dry,867,266408.0
10246,10246,199549,1,Rehberge,2019,9,10,2,3,5,3,0,0,1,0,0,0,0,0.0,Mitte,Accident with minor injuries,Collision with a turning/crossing vehicle,Turning/Crossing accident,Daylight,Dry,2215,385748.0
10247,10247,199550,12,Waidmannslust,2019,9,14,7,2,0,1,0,1,0,0,0,0,0,0.0,Reinickendorf,Accident with serious injuries,Others,Driving accident,Daylight,Dry,867,266408.0
10248,10248,199551,9,Köpenick Nord,2019,9,10,2,3,2,7,0,0,1,0,1,0,0,0.0,Treptow-Köpenick,Accident with minor injuries,Collision with the vehicle in front/waiting vehicle,Others,Daylight,Dry,892,273689.0
10249,10249,199552,7,Dennewitzplatz,2019,9,14,7,2,5,2,0,1,1,0,0,0,0,0.0,Tempelhof-Schöneberg,Accident with serious injuries,Collision with a turning/crossing vehicle,Turning accident,Daylight,Dry,1241,350984.0
10250,10250,199553,4,Ernst-Reuter-Platz,2019,9,13,2,3,0,2,0,0,0,0,0,0,1,0.0,Charlottenburg-Wilmersdorf,Accident with minor injuries,Others,Turning accident,Daylight,Dry,1727,343592.0
10251,10251,199554,3,Weißenseer Spitze,2019,9,13,7,3,5,3,0,0,1,0,0,0,0,0.0,Pankow,Accident with minor injuries,Collision with a turning/crossing vehicle,Turning/Crossing accident,Daylight,Dry,1219,409335.0
10252,10252,199555,9,Köllnische Vorstadt,2019,9,13,7,3,5,3,0,1,1,0,0,0,0,0.0,Treptow-Köpenick,Accident with minor injuries,Collision with a turning/crossing vehicle,Turning/Crossing accident,Daylight,Dry,892,273689.0
10253,10253,199556,1,Rehberge,2019,9,20,1,3,5,3,2,1,1,0,0,0,0,0.0,Mitte,Accident with minor injuries,Collision with a turning/crossing vehicle,Turning/Crossing accident,Dark,Dry,2215,385748.0
10254,10254,199557,9,Hirschgarten,2019,9,21,7,3,3,6,2,0,1,0,1,0,0,0.0,Treptow-Köpenick,Accident with minor injuries,Collision with a vehicle traveling laterally in the same direction,Collision involving vehicles going in the same way,Dark,Dry,892,273689.0
10255,10255,199558,11,Weitlingstraße,2019,9,23,1,3,5,3,2,0,1,0,0,0,0,0.0,Lichtenberg,Accident with minor injuries,Collision with a turning/crossing vehicle,Turning/Crossing accident,Dark,Dry,679,294201.0
10256,10256,199559,4,Babelsberger Straße,2019,9,21,7,3,0,1,2,0,0,0,0,0,1,0.0,Charlottenburg-Wilmersdorf,Accident with minor injuries,Others,Driving accident,Dark,Dry,1727,343592.0
10257,10257,199560,6,Südende,2019,9,23,7,3,6,4,2,0,1,1,0,0,0,0.0,Steglitz-Zehlendorf,Accident with minor injuries,Collision between vehicle and pedestrian,Pedestrian crossing accident,Dark,Dry,851,310071.0
10258,10258,199561,2,Viktoriapark,2019,9,20,1,3,5,2,2,1,1,0,0,0,0,0.0,Friedrichshain-Kreuzberg,Accident with minor injuries,Collision with a turning/crossing vehicle,Turning accident,Dark,Dry,1381,290386.0
10259,10259,199562,1,Reinickendorfer Straße,2019,9,22,7,2,6,4,1,0,1,1,0,0,0,0.0,Mitte,Accident with serious injuries,Collision between vehicle and pedestrian,Pedestrian crossing accident,Twilight,Dry,2215,385748.0
10260,10260,199563,3,Erich-Weinert-Straße,2019,9,21,1,2,5,2,2,1,1,0,0,0,0,0.0,Pankow,Accident with serious injuries,Collision with a turning/crossing vehicle,Turning accident,Dark,Dry,1219,409335.0
10261,10261,199564,4,Reichsstraße,2019,9,21,7,3,5,2,2,0,1,0,0,0,0,0.0,Charlottenburg-Wilmersdorf,Accident with minor injuries,Collision with a turning/crossing vehicle,Turning accident,Dark,Dry,1727,343592.0
10262,10262,199565,1,Gesundbrunnen,2019,9,21,1,3,3,6,2,0,1,0,0,0,0,0.0,Mitte,Accident with minor injuries,Collision with a vehicle traveling laterally in the same direction,Collision involving vehicles going in the same way,Dark,Dry,2215,385748.0
10263,10263,199566,11,Rosenfelder Ring,2019,9,21,7,3,6,4,2,0,1,1,0,0,0,0.0,Lichtenberg,Accident with minor injuries,Collision between vehicle and pedestrian,Pedestrian crossing accident,Dark,Dry,679,294201.0
10264,10264,199567,9,Dammvorstadt,2019,9,20,1,3,0,7,2,0,0,0,1,0,0,1.0,Treptow-Köpenick,Accident with minor injuries,Others,Others,Dark,Wet/moist/slippery,892,273689.0
10265,10265,199568,1,Arkonaplatz,2019,9,13,7,3,0,7,0,1,0,0,0,0,0,0.0,Mitte,Accident with minor injuries,Others,Others,Daylight,Dry,2215,385748.0
10266,10266,199569,7,Marienhöhe,2019,9,21,7,3,0,1,2,0,0,0,1,0,0,0.0,Tempelhof-Schöneberg,Accident with minor injuries,Others,Driving accident,Dark,Dry,1241,350984.0
10267,10267,199570,7,Nollendorfplatz,2019,9,19,1,3,5,3,2,1,1,0,0,0,0,0.0,Tempelhof-Schöneberg,Accident with minor injuries,Collision with a turning/crossing vehicle,Turning/Crossing accident,Dark,Dry,1241,350984.0
10268,10268,199571,4,Tegeler Weg,2019,9,19,1,3,5,2,2,0,1,0,0,0,1,0.0,Charlottenburg-Wilmersdorf,Accident with minor injuries,Collision with a turning/crossing vehicle,Turning accident,Dark,Dry,1727,343592.0
10269,10269,199572,6,Schloßstraße,2019,9,13,7,3,5,2,0,0,1,0,1,0,0,0.0,Steglitz-Zehlendorf,Accident with minor injuries,Collision with a turning/crossing vehicle,Turning accident,Daylight,Dry,851,310071.0
10270,10270,199573,12,Hausotterplatz,2019,9,15,1,3,4,6,0,0,1,0,0,0,0,0.0,Reinickendorf,Accident with minor injuries,Collision with oncoming vehicle,Collision involving vehicles going in the same way,Daylight,Dry,867,266408.0
10271,10271,199574,2,Viktoriapark,2019,9,20,7,3,1,5,2,1,1,0,0,0,0,0.0,Friedrichshain-Kreuzberg,Accident with minor injuries,Collision with a moving/standing/parked vehicle,Accident involving parked vehicles,Dark,Dry,1381,290386.0
10272,10272,199575,4,George-Grosz-Platz,2019,9,14,1,2,3,6,0,1,0,0,0,0,1,0.0,Charlottenburg-Wilmersdorf,Accident with serious injuries,Collision with a vehicle traveling laterally in the same direction,Collision involving vehicles going in the same way,Daylight,Dry,1727,343592.0
10273,10273,199576,6,Südende,2019,9,12,7,3,5,5,0,0,1,0,0,0,0,0.0,Steglitz-Zehlendorf,Accident with minor injuries,Collision with a turning/crossing vehicle,Accident involving parked vehicles,Daylight,Dry,851,310071.0
10274,10274,199577,12,Alt-Tegel,2019,9,11,7,3,5,2,0,0,1,0,0,0,0,0.0,Reinickendorf,Accident with minor injuries,Collision with a turning/crossing vehicle,Turning accident,Daylight,Dry,867,266408.0
10275,10275,199578,6,Hindenburgdamm,2019,9,14,1,3,1,5,0,0,1,0,1,0,0,0.0,Steglitz-Zehlendorf,Accident with minor injuries,Collision with a moving/standing/parked vehicle,Accident involving parked vehicles,Daylight,Dry,851,310071.0
10276,10276,199579,2,Askanischer Platz,2019,9,13,1,3,5,7,0,0,1,0,0,0,1,0.0,Friedrichshain-Kreuzberg,Accident with minor injuries,Collision with a turning/crossing vehicle,Others,Daylight,Dry,1381,290386.0
10277,10277,199580,6,Lichterfelde West,2019,9,19,7,2,0,1,1,0,0,0,1,0,0,0.0,Steglitz-Zehlendorf,Accident with serious injuries,Others,Driving accident,Twilight,Dry,851,310071.0
10278,10278,199581,6,Lankwitz Kirche,2019,9,18,7,2,2,6,0,0,1,0,0,0,0,0.0,Steglitz-Zehlendorf,Accident with serious injuries,Collision with the vehicle in front/waiting vehicle,Collision involving vehicles going in the same way,Daylight,Dry,851,310071.0
10279,10279,199582,10,Havemannstraße,2019,9,13,1,3,5,7,0,0,1,0,1,0,0,0.0,Marzahn-Hellersdorf,Accident with minor injuries,Collision with a turning/crossing vehicle,Others,Daylight,Dry,586,269967.0
10280,10280,199583,6,Oberhofer Platz,2019,9,10,7,3,0,6,0,0,1,0,1,0,0,0.0,Steglitz-Zehlendorf,Accident with minor injuries,Others,Collision involving vehicles going in the same way,Daylight,Dry,851,310071.0
10281,10281,199584,3,Helmholtzplatz,2019,9,13,1,2,5,7,0,1,1,0,0,0,0,0.0,Pankow,Accident with serious injuries,Collision with a turning/crossing vehicle,Others,Daylight,Dry,1219,409335.0
10282,10282,199585,9,Johannisthal West,2019,9,9,7,3,3,6,0,1,0,0,0,0,0,0.0,Treptow-Köpenick,Accident with minor injuries,Collision with a vehicle traveling laterally in the same direction,Collision involving vehicles going in the same way,Daylight,Dry,892,273689.0
10283,10283,199586,3,Arnimplatz,2019,9,9,7,3,2,6,0,0,1,0,0,0,0,0.0,Pankow,Accident with minor injuries,Collision with the vehicle in front/waiting vehicle,Collision involving vehicles going in the same way,Daylight,Dry,1219,409335.0
10284,10284,199587,12,Reinickes Hof,2019,9,12,1,3,5,3,0,0,1,0,1,0,0,0.0,Reinickendorf,Accident with minor injuries,Collision with a turning/crossing vehicle,Turning/Crossing accident,Daylight,Dry,867,266408.0
10285,10285,199588,9,Köllnische Vorstadt,2019,9,9,7,2,6,4,0,0,1,1,0,0,0,0.0,Treptow-Köpenick,Accident with serious injuries,Collision between vehicle and pedestrian,Pedestrian crossing accident,Daylight,Dry,892,273689.0
10286,10286,199589,9,Kietzer Feld/Nachtheide,2019,9,12,1,2,5,3,0,0,1,0,1,0,0,0.0,Treptow-Köpenick,Accident with serious injuries,Collision with a turning/crossing vehicle,Turning/Crossing accident,Daylight,Dry,892,273689.0
10287,10287,199590,6,Krumme Lanke,2019,9,9,7,3,6,4,0,1,0,1,0,0,0,0.0,Steglitz-Zehlendorf,Accident with minor injuries,Collision between vehicle and pedestrian,Pedestrian crossing accident,Daylight,Dry,851,310071.0
10288,10288,199591,6,Lichterfelde West,2019,9,19,1,2,2,2,1,1,1,0,0,0,0,0.0,Steglitz-Zehlendorf,Accident with serious injuries,Collision with the vehicle in front/waiting vehicle,Turning accident,Twilight,Dry,851,310071.0
10289,10289,199592,3,Märchenland,2019,9,8,7,3,6,4,0,1,0,1,0,0,0,0.0,Pankow,Accident with minor injuries,Collision between vehicle and pedestrian,Pedestrian crossing accident,Daylight,Dry,1219,409335.0
10290,10290,199593,11,Fennpfuhl Ost,2019,9,11,7,3,5,2,0,1,1,0,0,0,0,0.0,Lichtenberg,Accident with minor injuries,Collision with a turning/crossing vehicle,Turning accident,Daylight,Dry,679,294201.0
10291,10291,199594,1,Unter den Linden Nord,2019,9,16,7,3,1,6,0,1,1,0,0,0,0,0.0,Mitte,Accident with minor injuries,Collision with a moving/standing/parked vehicle,Collision involving vehicles going in the same way,Daylight,Dry,2215,385748.0
10292,10292,199595,12,Wittenau Nord,2019,9,16,7,3,0,1,0,0,0,0,1,0,0,0.0,Reinickendorf,Accident with minor injuries,Others,Driving accident,Daylight,Dry,867,266408.0
10293,10293,199596,11,Fennpfuhl West,2019,9,20,7,3,1,5,2,0,1,0,0,0,1,0.0,Lichtenberg,Accident with minor injuries,Collision with a moving/standing/parked vehicle,Accident involving parked vehicles,Dark,Dry,679,294201.0
10294,10294,199597,1,Nördlicher Landwehrkanal,2019,9,19,7,3,5,3,2,0,1,0,0,0,0,0.0,Mitte,Accident with minor injuries,Collision with a turning/crossing vehicle,Turning/Crossing accident,Dark,Dry,2215,385748.0
10295,10295,199598,7,Marienhöhe,2019,9,15,7,3,3,6,0,1,1,0,0,0,0,0.0,Tempelhof-Schöneberg,Accident with minor injuries,Collision with a vehicle traveling laterally in the same direction,Collision involving vehicles going in the same way,Daylight,Dry,1241,350984.0
10296,10296,199599,9,Johannisthal Ost,2019,9,14,7,3,5,2,0,0,1,0,0,0,1,0.0,Treptow-Köpenick,Accident with minor injuries,Collision with a turning/crossing vehicle,Turning accident,Daylight,Dry,892,273689.0
10297,10297,199600,3,Humannplatz,2019,9,18,7,3,1,5,1,0,1,0,0,0,1,0.0,Pankow,Accident with minor injuries,Collision with a moving/standing/parked vehicle,Accident involving parked vehicles,Twilight,Dry,1219,409335.0
10298,10298,199601,12,Dannenwalder Weg,2019,9,2,7,3,1,5,2,0,1,0,0,0,0,0.0,Reinickendorf,Accident with minor injuries,Collision with a moving/standing/parked vehicle,Accident involving parked vehicles,Dark,Dry,867,266408.0
10299,10299,199602,3,Karow Nord,2019,9,17,7,3,5,3,0,1,1,0,0,0,0,0.0,Pankow,Accident with minor injuries,Collision with a turning/crossing vehicle,Turning/Crossing accident,Daylight,Dry,1219,409335.0
10300,10300,199603,7,Grazer Platz,2019,9,0,7,3,1,3,2,1,1,0,0,0,0,0.0,Tempelhof-Schöneberg,Accident with minor injuries,Collision with a moving/standing/parked vehicle,Turning/Crossing accident,Dark,Dry,1241,350984.0
10301,10301,199604,9,Adlershof West,2019,9,16,7,2,5,2,0,0,1,0,0,0,0,0.0,Treptow-Köpenick,Accident with serious injuries,Collision with a turning/crossing vehicle,Turning accident,Daylight,Dry,892,273689.0
10302,10302,199605,7,Horstwalder Straße/Paplitzer Straße,2019,9,13,6,3,1,5,0,1,1,0,0,0,0,0.0,Tempelhof-Schöneberg,Accident with minor injuries,Collision with a moving/standing/parked vehicle,Accident involving parked vehicles,Daylight,Dry,1241,350984.0
10303,10303,199606,10,Helle Mitte,2019,9,13,7,3,1,5,0,1,1,0,0,0,0,0.0,Marzahn-Hellersdorf,Accident with minor injuries,Collision with a moving/standing/parked vehicle,Accident involving parked vehicles,Daylight,Dry,586,269967.0
10304,10304,199607,4,Schaperstraße,2019,9,10,6,3,0,7,0,1,0,0,0,0,0,0.0,Charlottenburg-Wilmersdorf,Accident with minor injuries,Others,Others,Daylight,Dry,1727,343592.0
10305,10305,199608,1,Heidestraße,2019,9,10,7,3,5,2,0,0,1,0,0,0,0,0.0,Mitte,Accident with minor injuries,Collision with a turning/crossing vehicle,Turning accident,Daylight,Dry,2215,385748.0
10306,10306,199609,12,Scharnweberstraße,2019,9,14,6,3,5,7,0,0,1,0,0,0,0,0.0,Reinickendorf,Accident with minor injuries,Collision with a turning/crossing vehicle,Others,Daylight,Dry,867,266408.0
10307,10307,199610,10,Alt-Mahlsdorf,2019,9,7,7,2,6,4,0,0,0,1,0,0,1,0.0,Marzahn-Hellersdorf,Accident with serious injuries,Collision between vehicle and pedestrian,Pedestrian crossing accident,Daylight,Dry,586,269967.0
10308,10308,199611,7,Manteuffelstraße,2019,9,14,6,3,2,6,0,0,1,0,0,0,0,0.0,Tempelhof-Schöneberg,Accident with minor injuries,Collision with the vehicle in front/waiting vehicle,Collision involving vehicles going in the same way,Daylight,Dry,1241,350984.0
10309,10309,199612,5,Adamstraße,2019,9,13,6,3,2,6,0,0,1,0,0,0,0,0.0,Spandau,Accident with minor injuries,Collision with the vehicle in front/waiting vehicle,Collision involving vehicles going in the same way,Daylight,Dry,798,245197.0
10310,10310,199613,12,Scharnweberstraße,2019,9,15,7,3,1,5,0,1,1,0,0,0,1,0.0,Reinickendorf,Accident with minor injuries,Collision with a moving/standing/parked vehicle,Accident involving parked vehicles,Daylight,Dry,867,266408.0
10311,10311,199614,1,Karl-Marx-Allee,2019,9,13,6,3,3,6,0,1,0,0,0,0,0,0.0,Mitte,Accident with minor injuries,Collision with a vehicle traveling laterally in the same direction,Collision involving vehicles going in the same way,Daylight,Dry,2215,385748.0
10312,10312,199615,12,Borsigwalde,2019,9,15,7,3,2,7,0,0,1,0,0,0,0,0.0,Reinickendorf,Accident with minor injuries,Collision with the vehicle in front/waiting vehicle,Others,Daylight,Dry,867,266408.0
10313,10313,199616,5,Zitadellenweg,2019,9,13,6,3,5,2,0,1,0,0,0,0,1,1.0,Spandau,Accident with minor injuries,Collision with a turning/crossing vehicle,Turning accident,Daylight,Wet/moist/slippery,798,245197.0
10314,10314,199617,8,Reuterkiez,2019,9,14,7,3,3,6,0,1,1,0,0,0,0,0.0,Neukölln,Accident with minor injuries,Collision with a vehicle traveling laterally in the same direction,Collision involving vehicles going in the same way,Daylight,Dry,934,329917.0
10315,10315,199618,7,Friedenau,2019,9,12,6,3,0,7,0,1,1,0,0,0,0,0.0,Tempelhof-Schöneberg,Accident with minor injuries,Others,Others,Daylight,Dry,1241,350984.0
10316,10316,199619,7,Friedenau,2019,9,3,7,2,9,1,2,0,0,0,1,0,0,0.0,Tempelhof-Schöneberg,Accident with serious injuries,Departure from the roadway to the left,Driving accident,Dark,Dry,1241,350984.0
10317,10317,199620,7,Kaiser-Wilhelm-Platz,2019,9,12,6,3,0,7,0,1,1,0,0,0,0,0.0,Tempelhof-Schöneberg,Accident with minor injuries,Others,Others,Daylight,Dry,1241,350984.0
10318,10318,199621,5,Zitadellenweg,2019,9,11,6,3,2,6,0,0,1,0,0,0,0,0.0,Spandau,Accident with minor injuries,Collision with the vehicle in front/waiting vehicle,Collision involving vehicles going in the same way,Daylight,Dry,798,245197.0
10319,10319,199622,1,Wilhelmstraße,2019,9,14,7,3,2,2,0,0,1,0,0,0,0,0.0,Mitte,Accident with minor injuries,Collision with the vehicle in front/waiting vehicle,Turning accident,Daylight,Dry,2215,385748.0
10320,10320,199623,3,Volkspark Prenzlauer Berg,2019,9,14,7,3,0,1,0,0,0,0,1,0,0,0.0,Pankow,Accident with minor injuries,Others,Driving accident,Daylight,Dry,1219,409335.0
10321,10321,199624,5,Hakenfelde Nord,2019,9,11,6,3,0,7,0,0,1,0,0,0,1,0.0,Spandau,Accident with minor injuries,Others,Others,Daylight,Dry,798,245197.0
10322,10322,199625,9,Dammvorstadt,2019,9,10,6,3,1,5,0,0,1,0,0,0,0,0.0,Treptow-Köpenick,Accident with minor injuries,Collision with a moving/standing/parked vehicle,Accident involving parked vehicles,Daylight,Dry,892,273689.0
10323,10323,199626,9,Bölschestraße,2019,9,1,7,3,2,2,2,0,1,0,0,0,0,0.0,Treptow-Köpenick,Accident with minor injuries,Collision with the vehicle in front/waiting vehicle,Turning accident,Dark,Dry,892,273689.0
10324,10324,199627,9,Elsenstraße,2019,9,10,6,3,5,2,0,1,1,0,0,0,0,0.0,Treptow-Köpenick,Accident with minor injuries,Collision with a turning/crossing vehicle,Turning accident,Daylight,Dry,892,273689.0
10325,10325,199628,8,Blumenviertel,2019,9,13,7,3,5,3,0,0,1,0,0,0,0,0.0,Neukölln,Accident with minor injuries,Collision with a turning/crossing vehicle,Turning/Crossing accident,Daylight,Dry,934,329917.0
10326,10326,199629,4,Hindemithplatz,2019,9,9,6,3,6,7,0,0,1,1,0,0,0,0.0,Charlottenburg-Wilmersdorf,Accident with minor injuries,Collision between vehicle and pedestrian,Others,Daylight,Dry,1727,343592.0
10327,10327,199630,12,Scharnweberstraße,2019,9,21,6,3,4,6,2,1,1,0,0,0,0,0.0,Reinickendorf,Accident with minor injuries,Collision with oncoming vehicle,Collision involving vehicles going in the same way,Dark,Dry,867,266408.0
10328,10328,199631,10,Alte Hellersdorfer Straße,2019,9,13,7,3,5,3,0,1,1,0,0,0,0,0.0,Marzahn-Hellersdorf,Accident with minor injuries,Collision with a turning/crossing vehicle,Turning/Crossing accident,Daylight,Dry,586,269967.0
10329,10329,199632,4,Güterbahnhof Grunewald,2019,9,9,6,2,0,1,0,0,0,0,1,0,0,0.0,Charlottenburg-Wilmersdorf,Accident with serious injuries,Others,Driving accident,Daylight,Dry,1727,343592.0
10330,10330,199633,2,Friedenstraße,2019,9,7,6,3,5,2,0,0,1,0,0,0,0,0.0,Friedrichshain-Kreuzberg,Accident with minor injuries,Collision with a turning/crossing vehicle,Turning accident,Daylight,Dry,1381,290386.0
10331,10331,199634,2,Lausitzer Platz,2019,9,12,7,3,0,3,0,0,1,0,1,0,0,0.0,Friedrichshain-Kreuzberg,Accident with minor injuries,Others,Turning/Crossing accident,Daylight,Dry,1381,290386.0
10332,10332,199635,8,Körnerpark,2019,9,17,6,3,2,2,0,0,1,0,0,0,0,0.0,Neukölln,Accident with minor injuries,Collision with the vehicle in front/waiting vehicle,Turning accident,Daylight,Dry,934,329917.0
10333,10333,199636,12,Letteplatz,2019,9,3,6,3,0,1,2,0,0,0,1,0,0,0.0,Reinickendorf,Accident with minor injuries,Others,Driving accident,Dark,Dry,867,266408.0
10334,10334,199637,6,Bergstraße,2019,9,12,7,3,2,6,0,0,1,0,0,0,0,0.0,Steglitz-Zehlendorf,Accident with minor injuries,Collision with the vehicle in front/waiting vehicle,Collision involving vehicles going in the same way,Daylight,Dry,851,310071.0
10335,10335,199638,8,Zittauer Straße,2019,9,20,6,3,5,3,2,0,1,0,0,0,0,0.0,Neukölln,Accident with minor injuries,Collision with a turning/crossing vehicle,Turning/Crossing accident,Dark,Dry,934,329917.0
10336,10336,199639,4,Plötzensee,2019,9,11,7,3,0,1,0,0,1,0,1,0,0,0.0,Charlottenburg-Wilmersdorf,Accident with minor injuries,Others,Driving accident,Daylight,Dry,1727,343592.0
10337,10337,199640,12,Märkisches Zentrum,2019,9,18,6,3,2,6,0,0,1,0,0,0,0,0.0,Reinickendorf,Accident with minor injuries,Collision with the vehicle in front/waiting vehicle,Collision involving vehicles going in the same way,Daylight,Dry,867,266408.0
10338,10338,199641,6,Fischerhüttenstraße,2019,9,11,7,3,5,3,0,0,1,0,0,0,0,0.0,Steglitz-Zehlendorf,Accident with minor injuries,Collision with a turning/crossing vehicle,Turning/Crossing accident,Daylight,Dry,851,310071.0
10339,10339,199642,1,Charitéviertel,2019,9,18,6,3,6,4,0,0,1,1,0,0,0,0.0,Mitte,Accident with minor injuries,Collision between vehicle and pedestrian,Pedestrian crossing accident,Daylight,Dry,2215,385748.0
10340,10340,199643,10,Wuhletalstraße,2019,9,11,7,3,0,1,0,0,0,0,1,0,0,0.0,Marzahn-Hellersdorf,Accident with minor injuries,Others,Driving accident,Daylight,Dry,586,269967.0
10341,10341,199644,5,An der Tränke,2019,9,17,6,2,5,3,0,0,1,0,1,0,0,0.0,Spandau,Accident with serious injuries,Collision with a turning/crossing vehicle,Turning/Crossing accident,Daylight,Dry,798,245197.0
10342,10342,199645,9,Dammvorstadt,2019,9,18,6,3,5,2,0,1,1,0,0,0,0,0.0,Treptow-Köpenick,Accident with minor injuries,Collision with a turning/crossing vehicle,Turning accident,Daylight,Dry,892,273689.0
10343,10343,199646,5,Staakener Straße,2019,9,10,7,3,5,2,0,1,1,0,0,0,0,0.0,Spandau,Accident with minor injuries,Collision with a turning/crossing vehicle,Turning accident,Daylight,Dry,798,245197.0
10344,10344,199647,2,Wassertorplatz,2019,9,10,7,3,5,7,0,1,1,0,0,0,0,0.0,Friedrichshain-Kreuzberg,Accident with minor injuries,Collision with a turning/crossing vehicle,Others,Daylight,Dry,1381,290386.0