,Unnamed: 0,object id,district,street,year,month,hour of day,weekday,category,accident type,accident type 2,light situation,bike involved,car involved,pedestrian involved,motor bike involved,big track involved,other vehicle involved,road condition,district name,category name,accident detail,accident type detail,light condition,road condition detail,accident count by district,est. population
10345,10345,199648,3,Pankow Süd,2019,9,17,6,3,5,3,0,1,1,0,0,0,0,0.0,Pankow,Accident with minor injuries,Collision with a turning/crossing vehicle,Turning/Crossing accident,Daylight,Dry,1219,409335.0
10346,10346,199649,8,Flughafenstraße,2019,9,17,6,3,2,6,0,0,1,0,0,0,0,0.0,Neukölln,Accident with minor injuries,Collision with the vehicle in front/waiting vehicle,Collision involving vehicles going in the same way,Daylight,Dry,934,329917.0
10347,10347,199650,9,Dammvorstadt,2019,9,10,7,3,5,7,0,0,1,0,0,0,1,0.0,Treptow-Köpenick,Accident with minor injuries,Collision with a turning/crossing vehicle,Others,Daylight,Dry,892,273689.0
10348,10348,199651,4,Ernst-Reuter-Platz,2019,9,16,6,3,5,3,0,1,1,0,0,0,0,0.0,Charlottenburg-Wilmersdorf,Accident with minor injuries,Collision with a turning/crossing vehicle,Turning/Crossing accident,Daylight,Dry,1727,343592.0
10349,10349,199652,1,Großer Tiergarten,2019,9,12,7,3,1,5,0,1,1,0,0,0,0,0.0,Mitte,Accident with minor injuries,Collision with a moving/standing/parked vehicle,Accident involving parked vehicles,Daylight,Dry,2215,385748.0
10350,10350,199653,1,Brunnenstraße,2019,9,16,6,3,4,6,0,1,0,0,0,0,1,0.0,Mitte,Accident with minor injuries,Collision with oncoming vehicle,Collision involving vehicles going in the same way,Daylight,Dry,2215,385748.0
10351,10351,199654,1,Reinickendorfer Straße,2019,9,23,6,3,2,6,2,0,1,0,0,0,0,0.0,Mitte,Accident with minor injuries,Collision with the vehicle in front/waiting vehicle,Collision involving vehicles going in the same way,Dark,Dry,2215,385748.0
10352,10352,199655,1,Rehberge,2019,9,16,6,2,5,3,0,0,1,0,0,0,1,0.0,Mitte,Accident with serious injuries,Collision with a turning/crossing vehicle,Turning/Crossing accident,Daylight,Dry,2215,385748.0
10353,10353,199656,4,Ernst-Reuter-Platz,2019,9,18,6,3,1,5,0,1,1,0,0,0,0,0.0,Charlottenburg-Wilmersdorf,Accident with minor injuries,Collision with a moving/standing/parked vehicle,Accident involving parked vehicles,Daylight,Dry,1727,343592.0
10354,10354,199657,10,Alt-Marzahn,2019,9,16,6,3,2,6,0,0,1,0,0,0,1,0.0,Marzahn-Hellersdorf,Accident with minor injuries,Collision with the vehicle in front/waiting vehicle,Collision involving vehicles going in the same way,Daylight,Dry,586,269967.0
10355,10355,199658,7,Neu-Tempelhof,2019,9,14,2,3,5,3,0,0,1,0,0,0,1,0.0,Tempelhof-Schöneberg,Accident with minor injuries,Collision with a turning/crossing vehicle,Turning/Crossing accident,Daylight,Dry,1241,350984.0
10356,10356,199659,9,Köpenicker Landstraße,2019,9,16,2,3,2,6,0,0,1,0,0,0,0,1.0,Treptow-Köpenick,Accident with minor injuries,Collision with the vehicle in front/waiting vehicle,Collision involving vehicles going in the same way,Daylight,Wet/moist/slippery,892,273689.0
10357,10357,199660,1,Westliche Müllerstraße,2019,9,15,2,3,2,6,0,0,1,0,0,0,0,1.0,Mitte,Accident with minor injuries,Collision with the vehicle in front/waiting vehicle,Collision involving vehicles going in the same way,Daylight,Wet/moist/slippery,2215,385748.0
10358,10358,199661,12,Alt-Tegel,2019,9,16,2,2,6,4,0,0,1,1,0,0,0,0.0,Reinickendorf,Accident with serious injuries,Collision between vehicle and pedestrian,Pedestrian crossing accident,Daylight,Dry,867,266408.0
10359,10359,199662,12,Waldidyll/Flughafensee,2019,9,16,2,3,0,4,0,0,1,1,0,0,0,0.0,Reinickendorf,Accident with minor injuries,Others,Pedestrian crossing accident,Daylight,Dry,867,266408.0
10360,10360,199663,1,Alexanderplatzviertel,2019,9,16,2,2,5,3,0,0,0,0,1,0,1,1.0,Mitte,Accident with serious injuries,Collision with a turning/crossing vehicle,Turning/Crossing accident,Daylight,Wet/moist/slippery,2215,385748.0
10361,10361,199664,2,Hausburgviertel,2019,9,16,2,3,5,3,0,0,1,0,0,0,0,1.0,Friedrichshain-Kreuzberg,Accident with minor injuries,Collision with a turning/crossing vehicle,Turning/Crossing accident,Daylight,Wet/moist/slippery,1381,290386.0
10362,10362,199665,5,Adamstraße,2019,9,16,2,3,1,5,0,1,1,0,0,0,0,1.0,Spandau,Accident with minor injuries,Collision with a moving/standing/parked vehicle,Accident involving parked vehicles,Daylight,Wet/moist/slippery,798,245197.0
10363,10363,199666,9,Adlershof West,2019,9,16,2,3,5,3,0,0,1,0,0,0,1,0.0,Treptow-Köpenick,Accident with minor injuries,Collision with a turning/crossing vehicle,Turning/Crossing accident,Daylight,Dry,892,273689.0
10364,10364,199667,1,Gesundbrunnen,2019,9,6,2,3,5,2,0,1,1,0,0,0,0,0.0,Mitte,Accident with minor injuries,Collision with a turning/crossing vehicle,Turning accident,Daylight,Dry,2215,385748.0
10365,10365,199668,6,Stadtpark,2019,9,12,2,3,3,6,0,0,1,0,0,0,1,1.0,Steglitz-Zehlendorf,Accident with minor injuries,Collision with a vehicle traveling laterally in the same direction,Collision involving vehicles going in the same way,Daylight,Wet/moist/slippery,851,310071.0
10366,10366,199669,6,Alt-Lankwitz,2019,9,12,2,2,6,2,0,0,1,1,0,0,0,1.0,Steglitz-Zehlendorf,Accident with serious injuries,Collision between vehicle and pedestrian,Turning accident,Daylight,Wet/moist/slippery,851,310071.0
10367,10367,199670,4,Breitscheidplatz,2019,9,12,2,2,2,7,0,0,1,0,0,0,0,1.0,Charlottenburg-Wilmersdorf,Accident with serious injuries,Collision with the vehicle in front/waiting vehicle,Others,Daylight,Wet/moist/slippery,1727,343592.0
10368,10368,199671,6,Zehlendorf Mitte,2019,9,9,2,3,6,4,0,0,1,1,0,0,0,1.0,Steglitz-Zehlendorf,Accident with minor injuries,Collision between vehicle and pedestrian,Pedestrian crossing accident,Daylight,Wet/moist/slippery,851,310071.0
10369,10369,199672,5,Amorbacher Weg,2019,9,9,2,3,2,2,0,0,1,0,0,0,0,1.0,Spandau,Accident with minor injuries,Collision with the vehicle in front/waiting vehicle,Turning accident,Daylight,Wet/moist/slippery,798,245197.0
10370,10370,199673,8,Hertzbergplatz,2019,9,11,2,3,5,3,0,0,1,0,1,0,0,1.0,Neukölln,Accident with minor injuries,Collision with a turning/crossing vehicle,Turning/Crossing accident,Daylight,Wet/moist/slippery,934,329917.0
10371,10371,199674,3,Falkplatz,2019,9,10,2,3,2,6,0,0,1,0,0,0,0,1.0,Pankow,Accident with minor injuries,Collision with the vehicle in front/waiting vehicle,Collision involving vehicles going in the same way,Daylight,Wet/moist/slippery,1219,409335.0
10372,10372,199675,4,Brabanter Platz,2019,9,9,2,3,5,2,0,0,1,0,0,0,0,1.0,Charlottenburg-Wilmersdorf,Accident with minor injuries,Collision with a turning/crossing vehicle,Turning accident,Daylight,Wet/moist/slippery,1727,343592.0
10373,10373,199676,4,Richard-Wagner-Straße,2019,9,8,2,3,5,2,0,1,1,0,0,0,0,1.0,Charlottenburg-Wilmersdorf,Accident with minor injuries,Collision with a turning/crossing vehicle,Turning accident,Daylight,Wet/moist/slippery,1727,343592.0
10374,10374,199677,2,Lausitzer Platz,2019,9,8,2,3,0,5,0,1,1,0,0,0,0,1.0,Friedrichshain-Kreuzberg,Accident with minor injuries,Others,Accident involving parked vehicles,Daylight,Wet/moist/slippery,1381,290386.0
10375,10375,199678,4,Jungfernheide,2019,9,7,2,3,5,2,0,1,1,0,0,0,0,1.0,Charlottenburg-Wilmersdorf,Accident with minor injuries,Collision with a turning/crossing vehicle,Turning accident,Daylight,Wet/moist/slippery,1727,343592.0
10376,10376,199679,4,Messegelände,2019,9,7,2,3,2,6,0,0,1,0,0,0,0,1.0,Charlottenburg-Wilmersdorf,Accident with minor injuries,Collision with the vehicle in front/waiting vehicle,Collision involving vehicles going in the same way,Daylight,Wet/moist/slippery,1727,343592.0
10377,10377,199680,1,Brunnenstraße,2019,9,6,2,3,6,2,2,0,1,1,0,0,0,1.0,Mitte,Accident with minor injuries,Collision between vehicle and pedestrian,Turning accident,Dark,Wet/moist/slippery,2215,385748.0
10378,10378,199681,7,Rathausstraße,2019,9,6,2,2,6,2,2,0,1,1,0,0,0,1.0,Tempelhof-Schöneberg,Accident with serious injuries,Collision between vehicle and pedestrian,Turning accident,Dark,Wet/moist/slippery,1241,350984.0
10379,10379,199682,8,Buckow Mitte,2019,9,6,2,3,6,4,2,0,1,1,0,0,0,1.0,Neukölln,Accident with minor injuries,Collision between vehicle and pedestrian,Pedestrian crossing accident,Dark,Wet/moist/slippery,934,329917.0
10380,10380,199683,2,Traveplatz,2019,9,6,2,3,2,6,2,0,1,0,0,1,0,1.0,Friedrichshain-Kreuzberg,Accident with minor injuries,Collision with the vehicle in front/waiting vehicle,Collision involving vehicles going in the same way,Dark,Wet/moist/slippery,1381,290386.0
10381,10381,199684,6,Gemeindepark Lankwitz,2019,9,5,2,3,5,2,2,1,1,0,0,0,0,1.0,Steglitz-Zehlendorf,Accident with minor injuries,Collision with a turning/crossing vehicle,Turning accident,Dark,Wet/moist/slippery,851,310071.0
10382,10382,199685,1,Gesundbrunnen,2019,9,18,2,3,5,2,0,1,1,0,0,0,0,0.0,Mitte,Accident with minor injuries,Collision with a turning/crossing vehicle,Turning accident,Daylight,Dry,2215,385748.0
10383,10383,199686,8,Gropiusstadt Ost,2019,9,18,1,3,2,7,2,0,1,0,1,0,1,1.0,Neukölln,Accident with minor injuries,Collision with the vehicle in front/waiting vehicle,Others,Dark,Wet/moist/slippery,934,329917.0
10384,10384,199687,1,Stülerstraße,2019,9,17,1,3,0,4,0,0,0,1,1,0,0,1.0,Mitte,Accident with minor injuries,Others,Pedestrian crossing accident,Daylight,Wet/moist/slippery,2215,385748.0
10385,10385,199688,1,Arkonaplatz,2019,9,16,1,3,2,6,0,0,1,0,0,0,0,1.0,Mitte,Accident with minor injuries,Collision with the vehicle in front/waiting vehicle,Collision involving vehicles going in the same way,Daylight,Wet/moist/slippery,2215,385748.0
10386,10386,199689,4,Karl-August-Platz,2019,9,16,1,2,5,3,0,0,1,0,0,0,0,1.0,Charlottenburg-Wilmersdorf,Accident with serious injuries,Collision with a turning/crossing vehicle,Turning/Crossing accident,Daylight,Wet/moist/slippery,1727,343592.0
10387,10387,199690,5,Magistratsweg,2019,9,15,1,2,5,2,1,0,1,0,0,0,0,1.0,Spandau,Accident with serious injuries,Collision with a turning/crossing vehicle,Turning accident,Twilight,Wet/moist/slippery,798,245197.0
10388,10388,199691,1,Charitéviertel,2019,9,14,1,3,0,1,0,0,0,0,0,0,1,1.0,Mitte,Accident with minor injuries,Others,Driving accident,Daylight,Wet/moist/slippery,2215,385748.0
10389,10389,199692,10,Hellersdorfer Promenade,2019,9,14,1,3,5,3,0,0,1,0,0,0,1,1.0,Marzahn-Hellersdorf,Accident with minor injuries,Collision with a turning/crossing vehicle,Turning/Crossing accident,Daylight,Wet/moist/slippery,586,269967.0
10390,10390,199693,8,Buckow West,2019,9,13,1,3,2,6,0,0,1,0,0,0,0,1.0,Neukölln,Accident with minor injuries,Collision with the vehicle in front/waiting vehicle,Collision involving vehicles going in the same way,Daylight,Wet/moist/slippery,934,329917.0
10391,10391,199694,7,Friedenau,2019,9,13,1,3,3,6,0,1,1,0,0,0,0,1.0,Tempelhof-Schöneberg,Accident with minor injuries,Collision with a vehicle traveling laterally in the same direction,Collision involving vehicles going in the same way,Daylight,Wet/moist/slippery,1241,350984.0
10392,10392,199695,4,Königin-Elisabeth-Straße,2019,9,12,1,3,3,6,0,0,1,0,0,0,0,1.0,Charlottenburg-Wilmersdorf,Accident with minor injuries,Collision with a vehicle traveling laterally in the same direction,Collision involving vehicles going in the same way,Daylight,Wet/moist/slippery,1727,343592.0
10393,10393,199696,2,Oranienplatz,2019,9,12,1,2,4,7,0,1,0,0,0,0,1,1.0,Friedrichshain-Kreuzberg,Accident with serious injuries,Collision with oncoming vehicle,Others,Daylight,Wet/moist/slippery,1381,290386.0
10394,10394,199697,5,Zitadellenweg,2019,9,8,1,3,1,5,0,0,1,0,0,0,0,0.0,Spandau,Accident with minor injuries,Collision with a moving/standing/parked vehicle,Accident involving parked vehicles,Daylight,Dry,798,245197.0
10395,10395,199698,3,Volkspark Prenzlauer Berg,2019,9,19,1,3,0,6,2,0,1,0,0,0,0,1.0,Pankow,Accident with minor injuries,Others,Collision involving vehicles going in the same way,Dark,Wet/moist/slippery,1219,409335.0
10396,10396,199699,2,Urbanstraße,2019,9,8,1,3,5,3,0,1,1,0,0,0,0,1.0,Friedrichshain-Kreuzberg,Accident with minor injuries,Collision with a turning/crossing vehicle,Turning/Crossing accident,Daylight,Wet/moist/slippery,1381,290386.0
10397,10397,199700,1,Rehberge,2019,9,19,1,3,5,2,1,0,1,0,0,0,0,1.0,Mitte,Accident with minor injuries,Collision with a turning/crossing vehicle,Turning accident,Twilight,Wet/moist/slippery,2215,385748.0
10398,10398,199701,6,Lankwitz Kirche,2019,9,18,1,3,5,7,1,0,1,0,1,0,0,1.0,Steglitz-Zehlendorf,Accident with minor injuries,Collision with a turning/crossing vehicle,Others,Twilight,Wet/moist/slippery,851,310071.0
10399,10399,199702,8,Reuterkiez,2019,9,17,1,3,5,2,0,1,0,0,0,0,1,1.0,Neukölln,Accident with minor injuries,Collision with a turning/crossing vehicle,Turning accident,Daylight,Wet/moist/slippery,934,329917.0
10400,10400,199703,4,Hagenplatz,2019,9,21,7,3,1,1,2,0,1,0,0,0,0,1.0,Charlottenburg-Wilmersdorf,Accident with minor injuries,Collision with a moving/standing/parked vehicle,Driving accident,Dark,Wet/moist/slippery,1727,343592.0
10401,10401,199704,7,Neu-Tempelhof,2019,10,17,3,3,2,6,1,0,1,0,1,0,0,1.0,Tempelhof-Schöneberg,Accident with minor injuries,Collision with the vehicle in front/waiting vehicle,Collision involving vehicles going in the same way,Twilight,Wet/moist/slippery,1241,350984.0
10402,10402,199705,1,Großer Tiergarten,2019,9,13,7,2,2,6,0,1,0,0,0,0,1,0.0,Mitte,Accident with serious injuries,Collision with the vehicle in front/waiting vehicle,Collision involving vehicles going in the same way,Daylight,Dry,2215,385748.0
10403,10403,199706,1,Heine-Viertel Ost,2019,10,17,3,3,1,5,0,1,1,0,0,0,0,1.0,Mitte,Accident with minor injuries,Collision with a moving/standing/parked vehicle,Accident involving parked vehicles,Daylight,Wet/moist/slippery,2215,385748.0
10404,10404,199707,7,Germaniagarten,2019,9,15,7,3,1,5,1,0,1,0,0,0,0,1.0,Tempelhof-Schöneberg,Accident with minor injuries,Collision with a moving/standing/parked vehicle,Accident involving parked vehicles,Twilight,Wet/moist/slippery,1241,350984.0
10405,10405,199708,6,Lankwitz Süd,2019,10,17,3,3,5,3,0,0,1,0,0,0,0,1.0,Steglitz-Zehlendorf,Accident with minor injuries,Collision with a turning/crossing vehicle,Turning/Crossing accident,Daylight,Wet/moist/slippery,851,310071.0
10406,10406,199709,4,Breitscheidplatz,2019,9,22,7,3,0,2,2,0,0,1,0,0,1,0.0,Charlottenburg-Wilmersdorf,Accident with minor injuries,Others,Turning accident,Dark,Dry,1727,343592.0
10407,10407,199710,6,Südende,2019,10,16,3,3,2,6,0,0,1,0,0,0,0,1.0,Steglitz-Zehlendorf,Accident with minor injuries,Collision with the vehicle in front/waiting vehicle,Collision involving vehicles going in the same way,Daylight,Wet/moist/slippery,851,310071.0
10408,10408,199711,7,Hundsteinweg,2019,10,16,3,3,2,2,0,0,1,0,0,0,1,1.0,Tempelhof-Schöneberg,Accident with minor injuries,Collision with the vehicle in front/waiting vehicle,Turning accident,Daylight,Wet/moist/slippery,1241,350984.0
10409,10409,199712,1,Charitéviertel,2019,9,23,7,3,5,2,2,1,1,0,0,0,0,0.0,Mitte,Accident with minor injuries,Collision with a turning/crossing vehicle,Turning accident,Dark,Dry,2215,385748.0
10410,10410,199713,7,Dennewitzplatz,2019,10,16,3,3,2,6,0,0,1,0,1,0,0,1.0,Tempelhof-Schöneberg,Accident with minor injuries,Collision with the vehicle in front/waiting vehicle,Collision involving vehicles going in the same way,Daylight,Wet/moist/slippery,1241,350984.0
10411,10411,199714,4,Hagenplatz,2019,9,21,7,3,8,1,2,0,1,0,0,0,0,1.0,Charlottenburg-Wilmersdorf,Accident with minor injuries,Departure from the roadway to the right,Driving accident,Dark,Wet/moist/slippery,1727,343592.0
10412,10412,199715,4,Königin-Elisabeth-Straße,2019,10,16,3,3,2,6,0,0,1,0,0,0,0,1.0,Charlottenburg-Wilmersdorf,Accident with minor injuries,Collision with the vehicle in front/waiting vehicle,Collision involving vehicles going in the same way,Daylight,Wet/moist/slippery,1727,343592.0
10413,10413,199716,8,Mohriner Allee Nord,2019,10,15,3,3,5,3,0,0,1,0,0,0,0,1.0,Neukölln,Accident with minor injuries,Collision with a turning/crossing vehicle,Turning/Crossing accident,Daylight,Wet/moist/slippery,934,329917.0
10414,10414,199717,4,Hagenplatz,2019,9,19,7,2,5,2,2,0,1,0,1,0,0,1.0,Charlottenburg-Wilmersdorf,Accident with serious injuries,Collision with a turning/crossing vehicle,Turning accident,Dark,Wet/moist/slippery,1727,343592.0
10415,10415,199718,11,Mühlengrund,2019,10,15,3,3,6,4,0,0,1,1,0,0,0,1.0,Lichtenberg,Accident with minor injuries,Collision between vehicle and pedestrian,Pedestrian crossing accident,Daylight,Wet/moist/slippery,679,294201.0
10416,10416,199719,5,Eiswerder,2019,9,18,7,3,0,1,0,1,1,0,0,0,0,1.0,Spandau,Accident with minor injuries,Others,Driving accident,Daylight,Wet/moist/slippery,798,245197.0
10417,10417,199720,8,Körnerpark,2019,10,15,3,3,2,2,0,0,1,0,0,0,0,1.0,Neukölln,Accident with minor injuries,Collision with the vehicle in front/waiting vehicle,Turning accident,Daylight,Wet/moist/slippery,934,329917.0
10418,10418,199721,8,Reuterkiez,2019,9,18,7,3,0,5,0,1,1,0,0,0,0,1.0,Neukölln,Accident with minor injuries,Others,Accident involving parked vehicles,Daylight,Wet/moist/slippery,934,329917.0
10419,10419,199722,1,Gesundbrunnen,2019,10,14,3,3,5,2,0,1,1,0,0,0,0,1.0,Mitte,Accident with minor injuries,Collision with a turning/crossing vehicle,Turning accident,Daylight,Wet/moist/slippery,2215,385748.0
10420,10420,199723,9,Köpenick Nord,2019,9,15,7,3,0,1,0,0,0,0,1,0,0,1.0,Treptow-Köpenick,Accident with minor injuries,Others,Driving accident,Daylight,Wet/moist/slippery,892,273689.0
10421,10421,199724,12,Scharnweberstraße,2019,10,10,3,3,0,5,0,0,1,0,0,0,1,1.0,Reinickendorf,Accident with minor injuries,Others,Accident involving parked vehicles,Daylight,Wet/moist/slippery,867,266408.0
10422,10422,199725,11,Landsberger Allee,2019,10,9,3,3,2,7,0,0,0,0,0,1,1,1.0,Lichtenberg,Accident with minor injuries,Collision with the vehicle in front/waiting vehicle,Others,Daylight,Wet/moist/slippery,679,294201.0
10423,10423,199726,1,Heine-Viertel West,2019,9,17,7,3,2,7,0,0,1,0,0,0,0,1.0,Mitte,Accident with minor injuries,Collision with the vehicle in front/waiting vehicle,Others,Daylight,Wet/moist/slippery,2215,385748.0
10424,10424,199727,12,Waldidyll/Flughafensee,2019,9,15,7,3,0,6,0,0,1,0,1,0,0,1.0,Reinickendorf,Accident with minor injuries,Others,Collision involving vehicles going in the same way,Daylight,Wet/moist/slippery,867,266408.0
10425,10425,199728,9,Schmöckwitz/Rauchfangswerder,2019,10,9,3,3,5,2,0,0,1,0,0,0,1,1.0,Treptow-Köpenick,Accident with minor injuries,Collision with a turning/crossing vehicle,Turning accident,Daylight,Wet/moist/slippery,892,273689.0
10426,10426,199729,10,Landsberger Tor,2019,9,16,7,3,0,5,0,0,1,0,0,0,0,0.0,Marzahn-Hellersdorf,Accident with minor injuries,Others,Accident involving parked vehicles,Daylight,Dry,586,269967.0
10427,10427,199730,2,Oranienplatz,2019,10,14,3,3,5,3,0,1,1,0,0,0,0,1.0,Friedrichshain-Kreuzberg,Accident with minor injuries,Collision with a turning/crossing vehicle,Turning/Crossing accident,Daylight,Wet/moist/slippery,1381,290386.0
10428,10428,199731,11,Hauptstraße,2019,9,15,7,3,2,6,0,0,1,0,0,0,0,1.0,Lichtenberg,Accident with minor injuries,Collision with the vehicle in front/waiting vehicle,Collision involving vehicles going in the same way,Daylight,Wet/moist/slippery,679,294201.0
10429,10429,199732,1,Unter den Linden Nord,2019,10,2,3,3,0,7,2,0,0,0,0,0,1,0.0,Mitte,Accident with minor injuries,Others,Others,Dark,Dry,2215,385748.0
10430,10430,199733,7,Eisenacher Straße,2019,10,13,3,3,5,2,0,0,1,0,0,0,0,1.0,Tempelhof-Schöneberg,Accident with minor injuries,Collision with a turning/crossing vehicle,Turning accident,Daylight,Wet/moist/slippery,1241,350984.0
10431,10431,199734,7,Rathausstraße,2019,9,16,7,2,5,2,0,0,1,0,1,0,0,1.0,Tempelhof-Schöneberg,Accident with serious injuries,Collision with a turning/crossing vehicle,Turning accident,Daylight,Wet/moist/slippery,1241,350984.0
10432,10432,199735,1,Leipziger Straße,2019,9,14,7,3,2,6,0,0,1,0,0,0,0,1.0,Mitte,Accident with minor injuries,Collision with the vehicle in front/waiting vehicle,Collision involving vehicles going in the same way,Daylight,Wet/moist/slippery,2215,385748.0
10433,10433,199736,2,Viktoriapark,2019,10,12,3,3,2,2,0,0,1,0,0,0,1,1.0,Friedrichshain-Kreuzberg,Accident with minor injuries,Collision with the vehicle in front/waiting vehicle,Turning accident,Daylight,Wet/moist/slippery,1381,290386.0
10434,10434,199737,12,Ziekowstraße/Freie Scholle,2019,10,11,3,3,5,2,0,0,1,0,0,0,1,1.0,Reinickendorf,Accident with minor injuries,Collision with a turning/crossing vehicle,Turning accident,Daylight,Wet/moist/slippery,867,266408.0
10435,10435,199738,6,Schütte-Lanz-Straße,2019,9,14,7,3,5,2,0,1,1,0,0,0,0,1.0,Steglitz-Zehlendorf,Accident with minor injuries,Collision with a turning/crossing vehicle,Turning accident,Daylight,Wet/moist/slippery,851,310071.0
10436,10436,199739,5,Groß-Glienicker Weg,2019,10,10,3,2,5,3,0,0,1,0,0,1,0,1.0,Spandau,Accident with serious injuries,Collision with a turning/crossing vehicle,Turning/Crossing accident,Daylight,Wet/moist/slippery,798,245197.0
10437,10437,199740,2,Urbanstraße,2019,9,12,7,3,3,6,0,1,0,0,0,0,1,1.0,Friedrichshain-Kreuzberg,Accident with minor injuries,Collision with a vehicle traveling laterally in the same direction,Collision involving vehicles going in the same way,Daylight,Wet/moist/slippery,1381,290386.0
10438,10438,199741,1,Gesundbrunnen,2019,10,20,2,3,5,2,0,0,1,0,0,0,1,0.0,Mitte,Accident with minor injuries,Collision with a turning/crossing vehicle,Turning accident,Daylight,Dry,2215,385748.0
10439,10439,199742,11,Falkenberg West,2019,10,14,2,3,2,2,0,0,1,0,0,0,0,0.0,Lichtenberg,Accident with minor injuries,Collision with the vehicle in front/waiting vehicle,Turning accident,Daylight,Dry,679,294201.0
10440,10440,199743,4,Breitscheidplatz,2019,9,12,7,3,0,4,0,0,0,1,1,0,0,1.0,Charlottenburg-Wilmersdorf,Accident with minor injuries,Others,Pedestrian crossing accident,Daylight,Wet/moist/slippery,1727,343592.0
10441,10441,199744,3,Kollwitzplatz,2019,10,17,2,3,5,3,0,0,0,0,1,0,1,0.0,Pankow,Accident with minor injuries,Collision with a turning/crossing vehicle,Turning/Crossing accident,Daylight,Dry,1219,409335.0
10442,10442,199745,5,Börnicker Straße,2019,9,9,7,3,0,1,0,0,0,0,1,0,0,1.0,Spandau,Accident with minor injuries,Others,Driving accident,Daylight,Wet/moist/slippery,798,245197.0
10443,10443,199746,2,Oranienplatz,2019,10,20,2,2,5,2,2,0,1,0,1,0,0,0.0,Friedrichshain-Kreuzberg,Accident with serious injuries,Collision with a turning/crossing vehicle,Turning accident,Dark,Dry,1381,290386.0
10444,10444,199747,8,Reuterkiez,2019,9,9,7,3,0,1,0,0,0,0,1,0,0,1.0,Neukölln,Accident with minor injuries,Others,Driving accident,Daylight,Wet/moist/slippery,934,329917.0
10445,10445,199748,4,Kaiserin-Augusta-Allee,2019,10,20,2,3,5,2,2,0,1,0,0,0,0,0.0,Charlottenburg-Wilmersdorf,Accident with minor injuries,Collision with a turning/crossing vehicle,Turning accident,Dark,Dry,1727,343592.0
10446,10446,199749,5,Zitadellenweg,2019,9,12,7,2,0,6,0,0,0,0,1,0,0,1.0,Spandau,Accident with serious injuries,Others,Collision involving vehicles going in the same way,Daylight,Wet/moist/slippery,798,245197.0
10447,10447,199750,2,Wassertorplatz,2019,10,19,2,3,5,7,2,0,1,0,1,0,0,0.0,Friedrichshain-Kreuzberg,Accident with minor injuries,Collision with a turning/crossing vehicle,Others,Dark,Dry,1381,290386.0
10448,10448,199751,4,Karl-August-Platz,2019,10,19,2,3,2,7,2,0,1,0,0,0,0,0.0,Charlottenburg-Wilmersdorf,Accident with minor injuries,Collision with the vehicle in front/waiting vehicle,Others,Dark,Dry,1727,343592.0
10449,10449,199752,8,Schillerpromenade,2019,9,11,7,3,6,4,0,0,1,1,0,0,0,0.0,Neukölln,Accident with minor injuries,Collision between vehicle and pedestrian,Pedestrian crossing accident,Daylight,Dry,934,329917.0
10450,10450,199753,6,Zehlendorf Mitte,2019,9,11,7,3,0,1,0,1,0,0,0,0,0,1.0,Steglitz-Zehlendorf,Accident with minor injuries,Others,Driving accident,Daylight,Wet/moist/slippery,851,310071.0
10451,10451,199754,1,Karl-Marx-Allee,2019,10,16,2,3,4,2,0,1,0,0,0,0,0,0.0,Mitte,Accident with minor injuries,Collision with oncoming vehicle,Turning accident,Daylight,Dry,2215,385748.0
10452,10452,199755,2,Askanischer Platz,2019,10,18,2,3,2,6,2,0,1,0,0,0,1,0.0,Friedrichshain-Kreuzberg,Accident with minor injuries,Collision with the vehicle in front/waiting vehicle,Collision involving vehicles going in the same way,Dark,Dry,1381,290386.0
10453,10453,199756,5,Darbystraße,2019,9,10,7,2,5,2,0,1,1,0,0,0,0,1.0,Spandau,Accident with serious injuries,Collision with a turning/crossing vehicle,Turning accident,Daylight,Wet/moist/slippery,798,245197.0
10454,10454,199757,8,Zittauer Straße,2019,10,16,2,3,5,3,0,1,1,0,0,0,0,0.0,Neukölln,Accident with minor injuries,Collision with a turning/crossing vehicle,Turning/Crossing accident,Daylight,Dry,934,329917.0
10455,10455,199758,4,Wilhelmsaue,2019,9,10,7,3,6,7,0,0,1,1,0,0,0,0.0,Charlottenburg-Wilmersdorf,Accident with minor injuries,Collision between vehicle and pedestrian,Others,Daylight,Dry,1727,343592.0
10456,10456,199759,9,Hirschgarten,2019,10,18,2,3,1,5,2,1,1,0,0,0,0,0.0,Treptow-Köpenick,Accident with minor injuries,Collision with a moving/standing/parked vehicle,Accident involving parked vehicles,Dark,Dry,892,273689.0
10457,10457,199760,1,Oranienburger Straße,2019,10,15,2,2,4,6,0,1,0,0,0,0,1,0.0,Mitte,Accident with serious injuries,Collision with oncoming vehicle,Collision involving vehicles going in the same way,Daylight,Dry,2215,385748.0
10458,10458,199761,1,Emdener Straße,2019,9,10,7,3,2,6,0,0,1,0,0,0,0,1.0,Mitte,Accident with minor injuries,Collision with the vehicle in front/waiting vehicle,Collision involving vehicles going in the same way,Daylight,Wet/moist/slippery,2215,385748.0