,Unnamed: 0,object id,district,street,year,month,hour of day,weekday,category,accident type,accident type 2,light situation,bike involved,car involved,pedestrian involved,motor bike involved,big track involved,other vehicle involved,road condition,district name,category name,accident detail,accident type detail,light condition,road condition detail,accident count by district,est. population
10692,10692,199995,1,Westliche Müllerstraße,2019,9,13,5,3,2,2,0,1,1,0,0,0,0,0.0,Mitte,Accident with minor injuries,Collision with the vehicle in front/waiting vehicle,Turning accident,Daylight,Dry,2215,385748.0
10693,10693,199996,1,Sparrplatz,2019,10,22,4,3,1,5,2,1,1,0,0,0,0,0.0,Mitte,Accident with minor injuries,Collision with a moving/standing/parked vehicle,Accident involving parked vehicles,Dark,Dry,2215,385748.0
10694,10694,199997,12,Scharnweberstraße,2019,10,21,4,3,5,2,2,0,1,0,0,0,0,0.0,Reinickendorf,Accident with minor injuries,Collision with a turning/crossing vehicle,Turning accident,Dark,Dry,867,266408.0
10695,10695,199998,4,Breite Straße,2019,9,17,5,3,2,6,0,0,1,0,0,0,0,0.0,Charlottenburg-Wilmersdorf,Accident with minor injuries,Collision with the vehicle in front/waiting vehicle,Collision involving vehicles going in the same way,Daylight,Dry,1727,343592.0
10696,10696,199999,3,Weißer See,2019,10,13,4,2,6,4,0,0,1,1,0,0,0,1.0,Pankow,Accident with serious injuries,Collision between vehicle and pedestrian,Pedestrian crossing accident,Daylight,Wet/moist/slippery,1219,409335.0
10697,10697,200000,8,Glasower Straße,2019,9,17,5,3,5,3,0,0,1,0,0,0,0,1.0,Neukölln,Accident with minor injuries,Collision with a turning/crossing vehicle,Turning/Crossing accident,Daylight,Wet/moist/slippery,934,329917.0
10698,10698,200001,1,Mehringplatz,2019,10,13,4,3,2,6,0,0,1,0,0,0,1,0.0,Mitte,Accident with minor injuries,Collision with the vehicle in front/waiting vehicle,Collision involving vehicles going in the same way,Daylight,Dry,2215,385748.0
10699,10699,200002,3,Schönholz,2019,10,13,4,3,2,6,0,0,1,0,0,1,0,0.0,Pankow,Accident with minor injuries,Collision with the vehicle in front/waiting vehicle,Collision involving vehicles going in the same way,Daylight,Dry,1219,409335.0
10700,10700,200003,9,Kölner Viertel,2019,9,0,5,3,1,1,2,0,1,0,0,0,0,1.0,Treptow-Köpenick,Accident with minor injuries,Collision with a moving/standing/parked vehicle,Driving accident,Dark,Wet/moist/slippery,892,273689.0
10701,10701,200004,7,Rathaus Tempelhof,2019,10,12,4,2,4,6,0,0,1,0,0,0,0,0.0,Tempelhof-Schöneberg,Accident with serious injuries,Collision with oncoming vehicle,Collision involving vehicles going in the same way,Daylight,Dry,1241,350984.0
10702,10702,200005,8,Donaustraße,2019,10,20,4,3,6,2,2,0,1,1,0,0,0,0.0,Neukölln,Accident with minor injuries,Collision between vehicle and pedestrian,Turning accident,Dark,Dry,934,329917.0
10703,10703,200006,2,Moritzplatz,2019,9,7,5,3,0,1,0,1,0,0,0,0,0,1.0,Friedrichshain-Kreuzberg,Accident with minor injuries,Others,Driving accident,Daylight,Wet/moist/slippery,1381,290386.0
10704,10704,200007,6,Bergstraße,2019,10,12,4,3,6,2,0,0,1,1,0,0,0,1.0,Steglitz-Zehlendorf,Accident with minor injuries,Collision between vehicle and pedestrian,Turning accident,Daylight,Wet/moist/slippery,851,310071.0
10705,10705,200008,9,Rahnsdorf/Hessenwinkel,2019,9,8,5,2,0,1,0,0,0,0,1,0,0,1.0,Treptow-Köpenick,Accident with serious injuries,Others,Driving accident,Daylight,Wet/moist/slippery,892,273689.0
10706,10706,200009,3,Pankow Süd,2019,10,20,4,3,5,3,2,1,1,0,0,0,0,0.0,Pankow,Accident with minor injuries,Collision with a turning/crossing vehicle,Turning/Crossing accident,Dark,Dry,1219,409335.0
10707,10707,200010,8,Vogelviertel Süd,2019,10,11,4,2,5,3,0,0,1,0,0,0,0,1.0,Neukölln,Accident with serious injuries,Collision with a turning/crossing vehicle,Turning/Crossing accident,Daylight,Wet/moist/slippery,934,329917.0
10708,10708,200011,2,Oranienplatz,2019,9,1,5,2,0,1,2,1,0,0,0,0,0,1.0,Friedrichshain-Kreuzberg,Accident with serious injuries,Others,Driving accident,Dark,Wet/moist/slippery,1381,290386.0
10709,10709,200012,3,Schönholz,2019,9,8,5,3,6,4,0,0,0,1,1,0,0,0.0,Pankow,Accident with minor injuries,Collision between vehicle and pedestrian,Pedestrian crossing accident,Daylight,Dry,1219,409335.0
10710,10710,200013,3,Niederschönhausen,2019,10,11,4,3,5,3,0,0,1,0,0,0,0,1.0,Pankow,Accident with minor injuries,Collision with a turning/crossing vehicle,Turning/Crossing accident,Daylight,Wet/moist/slippery,1219,409335.0
10711,10711,200014,1,Charitéviertel,2019,10,18,4,3,2,6,2,1,1,0,0,0,0,0.0,Mitte,Accident with minor injuries,Collision with the vehicle in front/waiting vehicle,Collision involving vehicles going in the same way,Dark,Dry,2215,385748.0
10712,10712,200015,7,Kettinger Straße/Schillerstraße,2019,9,19,4,3,2,6,1,0,1,0,0,0,0,0.0,Tempelhof-Schöneberg,Accident with minor injuries,Collision with the vehicle in front/waiting vehicle,Collision involving vehicles going in the same way,Twilight,Dry,1241,350984.0
10713,10713,200016,1,Huttenkiez,2019,10,10,4,3,2,6,0,0,1,0,0,0,0,1.0,Mitte,Accident with minor injuries,Collision with the vehicle in front/waiting vehicle,Collision involving vehicles going in the same way,Daylight,Wet/moist/slippery,2215,385748.0
10714,10714,200017,2,Boxhagener Platz,2019,9,10,4,3,0,3,0,1,0,0,0,0,0,0.0,Friedrichshain-Kreuzberg,Accident with minor injuries,Others,Turning/Crossing accident,Daylight,Dry,1381,290386.0
10715,10715,200018,1,Leipziger Straße,2019,9,12,4,3,0,1,0,1,0,0,0,0,0,1.0,Mitte,Accident with minor injuries,Others,Driving accident,Daylight,Wet/moist/slippery,2215,385748.0
10716,10716,200019,1,Humboldthain Nordwest,2019,10,8,4,3,5,2,0,1,1,0,0,0,0,1.0,Mitte,Accident with minor injuries,Collision with a turning/crossing vehicle,Turning accident,Daylight,Wet/moist/slippery,2215,385748.0
10717,10717,200020,7,Nollendorfplatz,2019,10,10,4,3,2,6,0,0,1,0,0,0,0,1.0,Tempelhof-Schöneberg,Accident with minor injuries,Collision with the vehicle in front/waiting vehicle,Collision involving vehicles going in the same way,Daylight,Wet/moist/slippery,1241,350984.0
10718,10718,200021,2,Mehringplatz,2019,9,9,4,3,5,3,0,1,1,0,0,0,0,1.0,Friedrichshain-Kreuzberg,Accident with minor injuries,Collision with a turning/crossing vehicle,Turning/Crossing accident,Daylight,Wet/moist/slippery,1381,290386.0
10719,10719,200022,1,Unter den Linden Süd,2019,10,8,4,3,5,2,0,1,1,0,0,0,0,1.0,Mitte,Accident with minor injuries,Collision with a turning/crossing vehicle,Turning accident,Daylight,Wet/moist/slippery,2215,385748.0
10720,10720,200023,3,Heinersdorf,2019,9,16,4,3,5,3,0,0,1,0,0,0,0,1.0,Pankow,Accident with minor injuries,Collision with a turning/crossing vehicle,Turning/Crossing accident,Daylight,Wet/moist/slippery,1219,409335.0
10721,10721,200024,7,Fritz-Werner-Straße,2019,10,10,4,3,5,2,0,0,1,0,0,0,0,1.0,Tempelhof-Schöneberg,Accident with minor injuries,Collision with a turning/crossing vehicle,Turning accident,Daylight,Wet/moist/slippery,1241,350984.0
10722,10722,200025,4,Preußenpark,2019,9,23,4,3,5,7,2,1,1,0,0,0,0,0.0,Charlottenburg-Wilmersdorf,Accident with minor injuries,Collision with a turning/crossing vehicle,Others,Dark,Dry,1727,343592.0
10723,10723,200026,11,Herzbergstraße,2019,10,10,4,2,2,1,0,0,1,0,0,0,1,1.0,Lichtenberg,Accident with serious injuries,Collision with the vehicle in front/waiting vehicle,Driving accident,Daylight,Wet/moist/slippery,679,294201.0
10724,10724,200027,1,Oranienburger Straße,2019,9,21,4,3,0,6,2,1,0,1,0,0,0,1.0,Mitte,Accident with minor injuries,Others,Collision involving vehicles going in the same way,Dark,Wet/moist/slippery,2215,385748.0
10725,10725,200028,2,Urbanstraße,2019,10,8,4,3,0,2,0,1,1,0,0,0,0,1.0,Friedrichshain-Kreuzberg,Accident with minor injuries,Others,Turning accident,Daylight,Wet/moist/slippery,1381,290386.0
10726,10726,200029,3,Pankow Zentrum,2019,9,21,4,3,0,7,2,0,0,0,0,0,1,1.0,Pankow,Accident with minor injuries,Others,Others,Dark,Wet/moist/slippery,1219,409335.0
10727,10727,200030,2,Andreasviertel,2019,10,8,4,2,5,2,0,0,1,0,1,0,0,1.0,Friedrichshain-Kreuzberg,Accident with serious injuries,Collision with a turning/crossing vehicle,Turning accident,Daylight,Wet/moist/slippery,1381,290386.0
10728,10728,200031,11,Falkenberg West,2019,9,20,4,3,5,2,2,0,1,0,0,0,0,1.0,Lichtenberg,Accident with minor injuries,Collision with a turning/crossing vehicle,Turning accident,Dark,Wet/moist/slippery,679,294201.0
10729,10729,200032,11,Herzbergstraße,2019,10,10,4,2,0,1,0,1,0,0,0,0,0,1.0,Lichtenberg,Accident with serious injuries,Others,Driving accident,Daylight,Wet/moist/slippery,679,294201.0
10730,10730,200033,1,Leopoldplatz,2019,9,20,4,3,6,4,2,0,1,1,0,0,0,1.0,Mitte,Accident with minor injuries,Collision between vehicle and pedestrian,Pedestrian crossing accident,Dark,Wet/moist/slippery,2215,385748.0
10731,10731,200034,8,Buschkrugallee Nord,2019,10,6,4,3,8,1,2,0,1,0,0,0,0,1.0,Neukölln,Accident with minor injuries,Departure from the roadway to the right,Driving accident,Dark,Wet/moist/slippery,934,329917.0
10732,10732,200035,6,Markelstraße,2019,10,9,4,3,0,1,0,0,0,0,1,0,0,1.0,Steglitz-Zehlendorf,Accident with minor injuries,Others,Driving accident,Daylight,Wet/moist/slippery,851,310071.0
10733,10733,200036,1,Sparrplatz,2019,9,20,4,3,0,7,2,1,1,0,0,0,0,0.0,Mitte,Accident with minor injuries,Others,Others,Dark,Dry,2215,385748.0
10734,10734,200037,9,Baumschulenstraße,2019,10,9,4,3,2,4,0,0,1,1,0,0,0,1.0,Treptow-Köpenick,Accident with minor injuries,Collision with the vehicle in front/waiting vehicle,Pedestrian crossing accident,Daylight,Wet/moist/slippery,892,273689.0
10735,10735,200038,10,Alt-Marzahn,2019,9,19,4,3,0,3,2,0,1,0,1,0,0,1.0,Marzahn-Hellersdorf,Accident with minor injuries,Others,Turning/Crossing accident,Dark,Wet/moist/slippery,586,269967.0
10736,10736,200039,4,Park Ruhwald,2019,10,9,4,2,6,4,0,0,1,1,0,0,0,1.0,Charlottenburg-Wilmersdorf,Accident with serious injuries,Collision between vehicle and pedestrian,Pedestrian crossing accident,Daylight,Wet/moist/slippery,1727,343592.0
10737,10737,200040,10,Hellersdorfer Promenade,2019,10,16,4,3,2,6,0,0,1,0,0,0,1,0.0,Marzahn-Hellersdorf,Accident with minor injuries,Collision with the vehicle in front/waiting vehicle,Collision involving vehicles going in the same way,Daylight,Dry,586,269967.0
10738,10738,200041,1,Lüneburger Straße,2019,9,19,4,2,6,4,2,0,0,1,0,0,1,0.0,Mitte,Accident with serious injuries,Collision between vehicle and pedestrian,Pedestrian crossing accident,Dark,Dry,2215,385748.0
10739,10739,200042,9,Altstadt Kietz,2019,10,20,3,3,1,1,2,1,1,0,0,0,0,1.0,Treptow-Köpenick,Accident with minor injuries,Collision with a moving/standing/parked vehicle,Driving accident,Dark,Wet/moist/slippery,892,273689.0
10740,10740,200043,2,Graefekiez,2019,9,19,4,3,5,2,2,1,1,0,0,0,0,1.0,Friedrichshain-Kreuzberg,Accident with minor injuries,Collision with a turning/crossing vehicle,Turning accident,Dark,Wet/moist/slippery,1381,290386.0
10741,10741,200044,8,Rixdorf,2019,10,19,3,3,6,4,2,0,1,1,0,0,0,1.0,Neukölln,Accident with minor injuries,Collision between vehicle and pedestrian,Pedestrian crossing accident,Dark,Wet/moist/slippery,934,329917.0
10742,10742,200045,10,Kaulsdorf Nord,2019,9,19,4,3,5,3,2,1,1,0,0,0,0,1.0,Marzahn-Hellersdorf,Accident with minor injuries,Collision with a turning/crossing vehicle,Turning/Crossing accident,Dark,Wet/moist/slippery,586,269967.0
10743,10743,200046,11,Rummelsburg,2019,10,20,3,3,5,2,2,1,1,0,0,0,0,1.0,Lichtenberg,Accident with minor injuries,Collision with a turning/crossing vehicle,Turning accident,Dark,Wet/moist/slippery,679,294201.0
10744,10744,200047,7,Friedenau,2019,9,19,4,3,5,2,2,1,1,0,0,0,0,1.0,Tempelhof-Schöneberg,Accident with minor injuries,Collision with a turning/crossing vehicle,Turning accident,Dark,Wet/moist/slippery,1241,350984.0
10745,10745,200048,7,Kaiser-Wilhelm-Platz,2019,10,19,3,3,5,3,2,0,1,0,0,0,0,1.0,Tempelhof-Schöneberg,Accident with minor injuries,Collision with a turning/crossing vehicle,Turning/Crossing accident,Dark,Wet/moist/slippery,1241,350984.0
10746,10746,200049,5,Carl-Schurz-Straße,2019,10,18,3,3,5,2,0,0,1,0,0,0,0,0.0,Spandau,Accident with minor injuries,Collision with a turning/crossing vehicle,Turning accident,Daylight,Dry,798,245197.0
10747,10747,200050,1,Wilhelmstraße,2019,9,14,4,3,0,6,0,0,1,0,0,0,1,0.0,Mitte,Accident with minor injuries,Others,Collision involving vehicles going in the same way,Daylight,Dry,2215,385748.0
10748,10748,200051,1,Leopoldplatz,2019,9,18,4,3,1,1,1,0,1,0,0,0,0,1.0,Mitte,Accident with minor injuries,Collision with a moving/standing/parked vehicle,Driving accident,Twilight,Wet/moist/slippery,2215,385748.0
10749,10749,200052,3,Falkplatz,2019,10,15,3,3,5,2,0,1,1,0,0,0,0,0.0,Pankow,Accident with minor injuries,Collision with a turning/crossing vehicle,Turning accident,Daylight,Dry,1219,409335.0
10750,10750,200053,12,Rehberge,2019,9,17,4,2,5,3,0,0,1,0,0,0,1,1.0,Reinickendorf,Accident with serious injuries,Collision with a turning/crossing vehicle,Turning/Crossing accident,Daylight,Wet/moist/slippery,867,266408.0
10751,10751,200054,11,Malchower Weg,2019,10,21,3,3,6,7,2,1,0,1,0,0,0,1.0,Lichtenberg,Accident with minor injuries,Collision between vehicle and pedestrian,Others,Dark,Wet/moist/slippery,679,294201.0
10752,10752,200055,2,Boxhagener Platz,2019,9,17,4,3,5,3,0,1,1,0,0,0,0,1.0,Friedrichshain-Kreuzberg,Accident with minor injuries,Collision with a turning/crossing vehicle,Turning/Crossing accident,Daylight,Wet/moist/slippery,1381,290386.0
10753,10753,200056,8,Donaustraße,2019,10,11,3,3,6,7,0,0,1,1,0,0,0,1.0,Neukölln,Accident with minor injuries,Collision between vehicle and pedestrian,Others,Daylight,Wet/moist/slippery,934,329917.0
10754,10754,200057,1,Leopoldplatz,2019,10,17,3,3,5,3,0,0,1,0,0,0,1,1.0,Mitte,Accident with minor injuries,Collision with a turning/crossing vehicle,Turning/Crossing accident,Daylight,Wet/moist/slippery,2215,385748.0
10755,10755,200058,2,Mehringplatz,2019,9,17,4,3,5,3,0,1,1,0,0,0,0,1.0,Friedrichshain-Kreuzberg,Accident with minor injuries,Collision with a turning/crossing vehicle,Turning/Crossing accident,Daylight,Wet/moist/slippery,1381,290386.0
10756,10756,200059,1,Arkonaplatz,2019,9,17,4,3,5,3,0,1,1,0,0,0,0,1.0,Mitte,Accident with minor injuries,Collision with a turning/crossing vehicle,Turning/Crossing accident,Daylight,Wet/moist/slippery,2215,385748.0
10757,10757,200060,6,Stadtpark,2019,10,17,3,3,5,3,1,1,1,0,0,0,0,1.0,Steglitz-Zehlendorf,Accident with minor injuries,Collision with a turning/crossing vehicle,Turning/Crossing accident,Twilight,Wet/moist/slippery,851,310071.0
10758,10758,200061,1,Stülerstraße,2019,10,16,3,3,5,3,0,0,1,0,0,0,1,0.0,Mitte,Accident with minor injuries,Collision with a turning/crossing vehicle,Turning/Crossing accident,Daylight,Dry,2215,385748.0
10759,10759,200062,7,Friedenau,2019,9,17,4,3,5,3,0,1,1,0,0,0,0,1.0,Tempelhof-Schöneberg,Accident with minor injuries,Collision with a turning/crossing vehicle,Turning/Crossing accident,Daylight,Wet/moist/slippery,1241,350984.0
10760,10760,200063,1,Brunnenstraße,2019,10,15,3,3,6,7,0,0,0,1,0,0,1,1.0,Mitte,Accident with minor injuries,Collision between vehicle and pedestrian,Others,Daylight,Wet/moist/slippery,2215,385748.0
10761,10761,200064,6,Düppel,2019,9,16,4,3,5,3,0,1,1,0,0,0,0,1.0,Steglitz-Zehlendorf,Accident with minor injuries,Collision with a turning/crossing vehicle,Turning/Crossing accident,Daylight,Wet/moist/slippery,851,310071.0
10762,10762,200065,7,Nollendorfplatz,2019,10,16,3,3,5,2,0,0,1,0,1,0,0,1.0,Tempelhof-Schöneberg,Accident with minor injuries,Collision with a turning/crossing vehicle,Turning accident,Daylight,Wet/moist/slippery,1241,350984.0
10763,10763,200066,6,Nikolassee,2019,10,15,3,3,0,3,0,1,1,0,0,0,0,1.0,Steglitz-Zehlendorf,Accident with minor injuries,Others,Turning/Crossing accident,Daylight,Wet/moist/slippery,851,310071.0
10764,10764,200067,2,Wassertorplatz,2019,9,20,4,2,0,1,2,0,0,0,1,0,0,1.0,Friedrichshain-Kreuzberg,Accident with serious injuries,Others,Driving accident,Dark,Wet/moist/slippery,1381,290386.0
10765,10765,200068,4,Droysenstraße,2019,10,15,3,3,0,1,0,0,1,0,0,0,1,1.0,Charlottenburg-Wilmersdorf,Accident with minor injuries,Others,Driving accident,Daylight,Wet/moist/slippery,1727,343592.0
10766,10766,200069,5,Gütersloher Weg,2019,9,16,4,3,6,4,0,0,1,1,0,0,0,1.0,Spandau,Accident with minor injuries,Collision between vehicle and pedestrian,Pedestrian crossing accident,Daylight,Wet/moist/slippery,798,245197.0
10767,10767,200070,5,Kurstraße,2019,10,15,3,3,0,7,0,0,0,0,1,0,0,1.0,Spandau,Accident with minor injuries,Others,Others,Daylight,Wet/moist/slippery,798,245197.0
10768,10768,200071,4,Nikolsburger Platz,2019,9,16,4,3,0,6,0,0,1,0,1,0,0,1.0,Charlottenburg-Wilmersdorf,Accident with minor injuries,Others,Collision involving vehicles going in the same way,Daylight,Wet/moist/slippery,1727,343592.0
10769,10769,200072,4,Tegeler Weg,2019,10,15,3,2,5,2,0,0,1,0,0,0,0,1.0,Charlottenburg-Wilmersdorf,Accident with serious injuries,Collision with a turning/crossing vehicle,Turning accident,Daylight,Wet/moist/slippery,1727,343592.0
10770,10770,200073,1,Reinickendorfer Straße,2019,9,18,4,3,0,7,1,0,0,0,1,0,0,1.0,Mitte,Accident with minor injuries,Others,Others,Twilight,Wet/moist/slippery,2215,385748.0
10771,10771,200074,4,Ernst-Reuter-Platz,2019,10,15,3,3,2,6,0,1,1,0,0,0,0,0.0,Charlottenburg-Wilmersdorf,Accident with minor injuries,Collision with the vehicle in front/waiting vehicle,Collision involving vehicles going in the same way,Daylight,Dry,1727,343592.0
10772,10772,200075,2,Hausburgviertel,2019,10,14,3,2,3,6,0,0,1,0,0,1,0,1.0,Friedrichshain-Kreuzberg,Accident with serious injuries,Collision with a vehicle traveling laterally in the same direction,Collision involving vehicles going in the same way,Daylight,Wet/moist/slippery,1381,290386.0
10773,10773,200076,5,Zitadellenweg,2019,9,16,4,3,4,1,0,0,1,0,0,0,0,1.0,Spandau,Accident with minor injuries,Collision with oncoming vehicle,Driving accident,Daylight,Wet/moist/slippery,798,245197.0
10774,10774,200077,1,Hansaviertel,2019,9,8,4,3,5,2,0,1,1,0,0,0,0,0.0,Mitte,Accident with minor injuries,Collision with a turning/crossing vehicle,Turning accident,Daylight,Dry,2215,385748.0
10775,10775,200078,2,Hausburgviertel,2019,10,14,3,3,3,6,0,1,1,0,0,0,0,1.0,Friedrichshain-Kreuzberg,Accident with minor injuries,Collision with a vehicle traveling laterally in the same direction,Collision involving vehicles going in the same way,Daylight,Wet/moist/slippery,1381,290386.0
10776,10776,200079,1,Leopoldplatz,2019,10,14,3,3,2,6,0,0,1,0,0,0,1,1.0,Mitte,Accident with minor injuries,Collision with the vehicle in front/waiting vehicle,Collision involving vehicles going in the same way,Daylight,Wet/moist/slippery,2215,385748.0
10777,10777,200080,1,Leipziger Straße,2019,9,8,4,3,2,6,0,1,1,0,0,0,0,1.0,Mitte,Accident with minor injuries,Collision with the vehicle in front/waiting vehicle,Collision involving vehicles going in the same way,Daylight,Wet/moist/slippery,2215,385748.0
10778,10778,200081,5,Kurstraße,2019,10,14,3,3,5,3,0,1,1,0,0,0,0,1.0,Spandau,Accident with minor injuries,Collision with a turning/crossing vehicle,Turning/Crossing accident,Daylight,Wet/moist/slippery,798,245197.0
10779,10779,200082,2,Lausitzer Platz,2019,9,16,4,3,8,1,0,0,1,1,0,0,0,1.0,Friedrichshain-Kreuzberg,Accident with minor injuries,Departure from the roadway to the right,Driving accident,Daylight,Wet/moist/slippery,1381,290386.0
10780,10780,200083,2,Andreasviertel,2019,10,14,3,3,2,3,0,0,1,0,0,0,0,1.0,Friedrichshain-Kreuzberg,Accident with minor injuries,Collision with the vehicle in front/waiting vehicle,Turning/Crossing accident,Daylight,Wet/moist/slippery,1381,290386.0
10781,10781,200084,11,Orankesee,2019,9,16,4,3,5,3,0,1,1,0,0,0,0,1.0,Lichtenberg,Accident with minor injuries,Collision with a turning/crossing vehicle,Turning/Crossing accident,Daylight,Wet/moist/slippery,679,294201.0
10782,10782,200085,4,Spreestadt,2019,10,14,3,3,5,2,0,1,1,0,0,0,0,1.0,Charlottenburg-Wilmersdorf,Accident with minor injuries,Collision with a turning/crossing vehicle,Turning accident,Daylight,Wet/moist/slippery,1727,343592.0
10783,10783,200086,6,Südende,2019,9,16,4,3,0,6,0,0,0,0,1,0,0,1.0,Steglitz-Zehlendorf,Accident with minor injuries,Others,Collision involving vehicles going in the same way,Daylight,Wet/moist/slippery,851,310071.0
10784,10784,200087,4,George-Grosz-Platz,2019,10,14,3,3,6,4,0,1,0,1,0,0,0,1.0,Charlottenburg-Wilmersdorf,Accident with minor injuries,Collision between vehicle and pedestrian,Pedestrian crossing accident,Daylight,Wet/moist/slippery,1727,343592.0
10785,10785,200088,7,Manteuffelstraße,2019,9,15,4,3,5,3,1,0,1,0,0,0,0,1.0,Tempelhof-Schöneberg,Accident with minor injuries,Collision with a turning/crossing vehicle,Turning/Crossing accident,Twilight,Wet/moist/slippery,1241,350984.0
10786,10786,200089,7,Hundsteinweg,2019,10,13,3,3,2,6,0,0,1,0,1,0,0,1.0,Tempelhof-Schöneberg,Accident with minor injuries,Collision with the vehicle in front/waiting vehicle,Collision involving vehicles going in the same way,Daylight,Wet/moist/slippery,1241,350984.0
10787,10787,200090,5,Amorbacher Weg,2019,9,15,4,3,2,6,0,0,1,0,0,0,0,1.0,Spandau,Accident with minor injuries,Collision with the vehicle in front/waiting vehicle,Collision involving vehicles going in the same way,Daylight,Wet/moist/slippery,798,245197.0
10788,10788,200091,4,Savignyplatz,2019,10,13,3,3,2,6,0,0,1,0,0,0,0,1.0,Charlottenburg-Wilmersdorf,Accident with minor injuries,Collision with the vehicle in front/waiting vehicle,Collision involving vehicles going in the same way,Daylight,Wet/moist/slippery,1727,343592.0
10789,10789,200092,4,Eisenzahnstraße,2019,10,12,3,3,2,6,0,0,1,0,0,0,0,1.0,Charlottenburg-Wilmersdorf,Accident with minor injuries,Collision with the vehicle in front/waiting vehicle,Collision involving vehicles going in the same way,Daylight,Wet/moist/slippery,1727,343592.0
10790,10790,200093,6,Alt-Lankwitz,2019,9,12,4,3,2,6,0,0,1,0,0,0,1,1.0,Steglitz-Zehlendorf,Accident with minor injuries,Collision with the vehicle in front/waiting vehicle,Collision involving vehicles going in the same way,Daylight,Wet/moist/slippery,851,310071.0
10791,10791,200094,1,Soldiner Straße,2019,10,12,3,3,5,3,0,1,0,0,0,0,1,1.0,Mitte,Accident with minor injuries,Collision with a turning/crossing vehicle,Turning/Crossing accident,Daylight,Wet/moist/slippery,2215,385748.0
10792,10792,200095,1,Reinickendorfer Straße,2019,9,15,4,3,2,6,0,0,1,0,1,0,0,1.0,Mitte,Accident with minor injuries,Collision with the vehicle in front/waiting vehicle,Collision involving vehicles going in the same way,Daylight,Wet/moist/slippery,2215,385748.0
10793,10793,200096,12,Wittenau Süd,2019,10,11,3,3,2,3,0,0,1,0,0,0,1,1.0,Reinickendorf,Accident with minor injuries,Collision with the vehicle in front/waiting vehicle,Turning/Crossing accident,Daylight,Wet/moist/slippery,867,266408.0
10794,10794,200097,2,Friedenstraße,2019,9,12,4,3,5,3,0,1,1,0,0,0,0,1.0,Friedrichshain-Kreuzberg,Accident with minor injuries,Collision with a turning/crossing vehicle,Turning/Crossing accident,Daylight,Wet/moist/slippery,1381,290386.0
10795,10795,200098,9,Bölschestraße,2019,10,11,3,3,2,6,0,0,1,0,0,0,0,1.0,Treptow-Köpenick,Accident with minor injuries,Collision with the vehicle in front/waiting vehicle,Collision involving vehicles going in the same way,Daylight,Wet/moist/slippery,892,273689.0
10796,10796,200099,10,Kaulsdorf Nord,2019,9,12,4,3,0,1,0,0,0,0,1,0,0,1.0,Marzahn-Hellersdorf,Accident with minor injuries,Others,Driving accident,Daylight,Wet/moist/slippery,586,269967.0
10797,10797,200100,3,Pankow Süd,2019,10,11,3,3,6,4,0,0,1,1,0,0,0,1.0,Pankow,Accident with minor injuries,Collision between vehicle and pedestrian,Pedestrian crossing accident,Daylight,Wet/moist/slippery,1219,409335.0
10798,10798,200101,4,Schloßstraße,2019,10,8,3,2,5,7,0,0,1,0,0,0,0,1.0,Charlottenburg-Wilmersdorf,Accident with serious injuries,Collision with a turning/crossing vehicle,Others,Daylight,Wet/moist/slippery,1727,343592.0
10799,10799,200102,7,Marienfelder Allee Nordwest,2019,9,11,4,3,1,5,0,0,1,0,0,0,0,1.0,Tempelhof-Schöneberg,Accident with minor injuries,Collision with a moving/standing/parked vehicle,Accident involving parked vehicles,Daylight,Wet/moist/slippery,1241,350984.0
10800,10800,200103,3,Bötzowstraße,2019,9,11,4,3,6,4,0,0,1,1,0,0,0,1.0,Pankow,Accident with minor injuries,Collision between vehicle and pedestrian,Pedestrian crossing accident,Daylight,Wet/moist/slippery,1219,409335.0
10801,10801,200104,3,Märchenland,2019,10,7,3,3,2,6,0,0,1,0,0,0,1,1.0,Pankow,Accident with minor injuries,Collision with the vehicle in front/waiting vehicle,Collision involving vehicles going in the same way,Daylight,Wet/moist/slippery,1219,409335.0
10802,10802,200105,9,Elsenstraße,2019,10,7,3,2,6,4,0,0,1,1,0,0,0,1.0,Treptow-Köpenick,Accident with serious injuries,Collision between vehicle and pedestrian,Pedestrian crossing accident,Daylight,Wet/moist/slippery,892,273689.0
10803,10803,200106,4,Bismarckallee,2019,9,11,4,3,0,5,0,1,1,0,0,0,0,0.0,Charlottenburg-Wilmersdorf,Accident with minor injuries,Others,Accident involving parked vehicles,Daylight,Dry,1727,343592.0
10804,10804,200107,11,Orankesee,2019,10,11,3,3,5,2,0,0,1,0,0,0,1,1.0,Lichtenberg,Accident with minor injuries,Collision with a turning/crossing vehicle,Turning accident,Daylight,Wet/moist/slippery,679,294201.0
10805,10805,200108,6,Lankwitz Kirche,2019,9,10,4,3,2,2,0,0,1,0,0,0,0,1.0,Steglitz-Zehlendorf,Accident with minor injuries,Collision with the vehicle in front/waiting vehicle,Turning accident,Daylight,Wet/moist/slippery,851,310071.0
10806,10806,200109,3,Blankenfelde,2019,10,10,3,3,0,2,0,1,1,0,0,0,0,1.0,Pankow,Accident with minor injuries,Others,Turning accident,Daylight,Wet/moist/slippery,1219,409335.0
10807,10807,200110,9,Bölschestraße,2019,10,7,3,3,5,3,0,1,1,0,0,0,0,1.0,Treptow-Köpenick,Accident with minor injuries,Collision with a turning/crossing vehicle,Turning/Crossing accident,Daylight,Wet/moist/slippery,892,273689.0