,Unnamed: 0,object id,district,street,year,month,hour of day,weekday,category,accident type,accident type 2,light situation,bike involved,car involved,pedestrian involved,motor bike involved,big track involved,other vehicle involved,road condition,district name,category name,accident detail,accident type detail,light condition,road condition detail,accident count by district,est. population
10808,10808,200111,7,Manteuffelstraße,2019,9,10,4,3,2,2,0,0,1,0,0,0,0,1.0,Tempelhof-Schöneberg,Accident with minor injuries,Collision with the vehicle in front/waiting vehicle,Turning accident,Daylight,Wet/moist/slippery,1241,350984.0
10809,10809,200112,2,Mehringplatz,2019,10,10,3,3,6,2,0,0,1,1,0,0,0,1.0,Friedrichshain-Kreuzberg,Accident with minor injuries,Collision between vehicle and pedestrian,Turning accident,Daylight,Wet/moist/slippery,1381,290386.0
10810,10810,200113,1,Emdener Straße,2019,10,5,3,3,2,6,2,0,1,0,0,1,0,1.0,Mitte,Accident with minor injuries,Collision with the vehicle in front/waiting vehicle,Collision involving vehicles going in the same way,Dark,Wet/moist/slippery,2215,385748.0
10811,10811,200114,4,Schloßgarten,2019,9,10,4,3,6,4,0,1,0,1,0,0,0,1.0,Charlottenburg-Wilmersdorf,Accident with minor injuries,Collision between vehicle and pedestrian,Pedestrian crossing accident,Daylight,Wet/moist/slippery,1727,343592.0
10812,10812,200115,4,Ludwigkirchplatz,2019,10,9,3,3,5,3,0,1,1,0,0,0,0,1.0,Charlottenburg-Wilmersdorf,Accident with minor injuries,Collision with a turning/crossing vehicle,Turning/Crossing accident,Daylight,Wet/moist/slippery,1727,343592.0
10813,10813,200116,2,Wassertorplatz,2019,10,0,3,3,1,6,2,0,1,0,0,1,1,0.0,Friedrichshain-Kreuzberg,Accident with minor injuries,Collision with a moving/standing/parked vehicle,Collision involving vehicles going in the same way,Dark,Dry,1381,290386.0
10814,10814,200117,6,Königsberger Straße,2019,9,15,4,2,5,3,0,0,1,0,0,1,0,1.0,Steglitz-Zehlendorf,Accident with serious injuries,Collision with a turning/crossing vehicle,Turning/Crossing accident,Daylight,Wet/moist/slippery,851,310071.0
10815,10815,200118,3,Weißenseer Spitze,2019,10,9,3,3,5,3,0,1,0,0,0,0,0,1.0,Pankow,Accident with minor injuries,Collision with a turning/crossing vehicle,Turning/Crossing accident,Daylight,Wet/moist/slippery,1219,409335.0
10816,10816,200119,1,Gesundbrunnen,2019,9,10,4,3,2,6,0,0,1,0,0,0,0,1.0,Mitte,Accident with minor injuries,Collision with the vehicle in front/waiting vehicle,Collision involving vehicles going in the same way,Daylight,Wet/moist/slippery,2215,385748.0
10817,10817,200120,11,Wartenberg Süd,2019,9,9,2,3,2,6,0,0,1,0,0,0,0,1.0,Lichtenberg,Accident with minor injuries,Collision with the vehicle in front/waiting vehicle,Collision involving vehicles going in the same way,Daylight,Wet/moist/slippery,679,294201.0
10818,10818,200121,8,Buckow Ost,2019,9,10,4,3,5,3,0,0,1,0,0,0,0,1.0,Neukölln,Accident with minor injuries,Collision with a turning/crossing vehicle,Turning/Crossing accident,Daylight,Wet/moist/slippery,934,329917.0
10819,10819,200122,1,Charitéviertel,2019,9,16,2,2,1,5,0,0,1,0,1,0,0,1.0,Mitte,Accident with serious injuries,Collision with a moving/standing/parked vehicle,Accident involving parked vehicles,Daylight,Wet/moist/slippery,2215,385748.0
10820,10820,200123,1,Reinickendorfer Straße,2019,9,15,4,3,0,3,0,0,0,0,1,0,1,1.0,Mitte,Accident with minor injuries,Others,Turning/Crossing accident,Daylight,Wet/moist/slippery,2215,385748.0
10821,10821,200124,10,Alt-Marzahn,2019,9,15,2,3,5,2,0,0,1,0,0,0,0,0.0,Marzahn-Hellersdorf,Accident with minor injuries,Collision with a turning/crossing vehicle,Turning accident,Daylight,Dry,586,269967.0
10822,10822,200125,6,Südende,2019,9,19,2,3,2,6,1,0,1,0,0,0,0,1.0,Steglitz-Zehlendorf,Accident with minor injuries,Collision with the vehicle in front/waiting vehicle,Collision involving vehicles going in the same way,Twilight,Wet/moist/slippery,851,310071.0
10823,10823,200126,9,Oberspree,2019,9,14,4,3,5,3,0,1,1,0,0,0,0,1.0,Treptow-Köpenick,Accident with minor injuries,Collision with a turning/crossing vehicle,Turning/Crossing accident,Daylight,Wet/moist/slippery,892,273689.0
10824,10824,200127,1,Leopoldplatz,2019,9,9,4,3,2,6,0,0,1,0,0,0,0,1.0,Mitte,Accident with minor injuries,Collision with the vehicle in front/waiting vehicle,Collision involving vehicles going in the same way,Daylight,Wet/moist/slippery,2215,385748.0
10825,10825,200128,6,Lichterfelde Süd,2019,9,19,2,3,5,3,2,1,1,0,0,0,0,1.0,Steglitz-Zehlendorf,Accident with minor injuries,Collision with a turning/crossing vehicle,Turning/Crossing accident,Dark,Wet/moist/slippery,851,310071.0
10826,10826,200129,10,Mahlsdorf Nord,2019,9,17,2,3,5,2,0,1,1,0,0,0,0,0.0,Marzahn-Hellersdorf,Accident with minor injuries,Collision with a turning/crossing vehicle,Turning accident,Daylight,Dry,586,269967.0
10827,10827,200130,4,Reichsstraße,2019,9,14,4,3,3,6,0,0,1,0,0,0,0,1.0,Charlottenburg-Wilmersdorf,Accident with minor injuries,Collision with a vehicle traveling laterally in the same direction,Collision involving vehicles going in the same way,Daylight,Wet/moist/slippery,1727,343592.0
10828,10828,200131,4,Flinsberger Platz,2019,9,18,2,3,2,6,0,0,1,0,0,0,0,1.0,Charlottenburg-Wilmersdorf,Accident with minor injuries,Collision with the vehicle in front/waiting vehicle,Collision involving vehicles going in the same way,Daylight,Wet/moist/slippery,1727,343592.0
10829,10829,200132,12,Tegeler Forst,2019,9,14,4,3,0,7,0,0,0,0,1,0,0,1.0,Reinickendorf,Accident with minor injuries,Others,Others,Daylight,Wet/moist/slippery,867,266408.0
10830,10830,200133,1,Leipziger Straße,2019,9,17,2,3,5,3,2,0,1,0,0,0,0,0.0,Mitte,Accident with minor injuries,Collision with a turning/crossing vehicle,Turning/Crossing accident,Dark,Dry,2215,385748.0
10831,10831,200134,10,Helle Mitte,2019,9,13,4,3,6,2,0,0,1,1,0,0,0,0.0,Marzahn-Hellersdorf,Accident with minor injuries,Collision between vehicle and pedestrian,Turning accident,Daylight,Dry,586,269967.0
10832,10832,200135,4,Rathaus Wilmersdorf,2019,9,14,2,3,5,7,0,0,1,0,0,0,0,1.0,Charlottenburg-Wilmersdorf,Accident with minor injuries,Collision with a turning/crossing vehicle,Others,Daylight,Wet/moist/slippery,1727,343592.0
10833,10833,200136,4,Brabanter Platz,2019,9,12,4,3,4,6,0,0,1,0,0,0,0,0.0,Charlottenburg-Wilmersdorf,Accident with minor injuries,Collision with oncoming vehicle,Collision involving vehicles going in the same way,Daylight,Dry,1727,343592.0
10834,10834,200137,4,Hindemithplatz,2019,10,18,4,3,0,4,1,1,0,1,0,0,0,1.0,Charlottenburg-Wilmersdorf,Accident with minor injuries,Others,Pedestrian crossing accident,Twilight,Wet/moist/slippery,1727,343592.0
10835,10835,200138,1,Stülerstraße,2019,10,18,4,3,0,3,1,1,1,0,0,0,0,1.0,Mitte,Accident with minor injuries,Others,Turning/Crossing accident,Twilight,Wet/moist/slippery,2215,385748.0
10836,10836,200139,9,Oberschöneweide Ost,2019,10,12,4,3,6,4,0,0,1,1,0,0,0,0.0,Treptow-Köpenick,Accident with minor injuries,Collision between vehicle and pedestrian,Pedestrian crossing accident,Daylight,Dry,892,273689.0
10837,10837,200140,5,Zitadellenweg,2019,10,17,4,3,2,6,0,0,1,0,0,0,1,1.0,Spandau,Accident with minor injuries,Collision with the vehicle in front/waiting vehicle,Collision involving vehicles going in the same way,Daylight,Wet/moist/slippery,798,245197.0
10838,10838,200141,1,Oranienburger Straße,2019,10,17,4,3,2,6,0,0,1,0,0,0,0,1.0,Mitte,Accident with minor injuries,Collision with the vehicle in front/waiting vehicle,Collision involving vehicles going in the same way,Daylight,Wet/moist/slippery,2215,385748.0
10839,10839,200142,1,Arkonaplatz,2019,10,0,4,2,0,1,2,0,0,0,1,0,0,0.0,Mitte,Accident with serious injuries,Others,Driving accident,Dark,Dry,2215,385748.0
10840,10840,200143,7,Schöneberger Insel,2019,10,11,4,3,5,3,0,1,1,0,0,0,0,1.0,Tempelhof-Schöneberg,Accident with minor injuries,Collision with a turning/crossing vehicle,Turning/Crossing accident,Daylight,Wet/moist/slippery,1241,350984.0
10841,10841,200144,4,Schlangenbader Straße,2019,10,11,4,2,6,2,0,0,1,1,0,0,0,1.0,Charlottenburg-Wilmersdorf,Accident with serious injuries,Collision between vehicle and pedestrian,Turning accident,Daylight,Wet/moist/slippery,1727,343592.0
10842,10842,200145,3,Helmholtzplatz,2019,10,11,4,3,2,6,0,0,1,0,1,0,0,1.0,Pankow,Accident with minor injuries,Collision with the vehicle in front/waiting vehicle,Collision involving vehicles going in the same way,Daylight,Wet/moist/slippery,1219,409335.0
10843,10843,200146,9,Köllnische Vorstadt,2019,10,9,4,3,5,3,0,1,1,0,0,0,0,1.0,Treptow-Köpenick,Accident with minor injuries,Collision with a turning/crossing vehicle,Turning/Crossing accident,Daylight,Wet/moist/slippery,892,273689.0
10844,10844,200147,1,Humboldthain Nordwest,2019,10,9,4,3,5,7,0,0,0,0,1,0,1,1.0,Mitte,Accident with minor injuries,Collision with a turning/crossing vehicle,Others,Daylight,Wet/moist/slippery,2215,385748.0
10845,10845,200148,3,Humannplatz,2019,10,9,4,3,1,5,0,1,0,0,0,1,0,1.0,Pankow,Accident with minor injuries,Collision with a moving/standing/parked vehicle,Accident involving parked vehicles,Daylight,Wet/moist/slippery,1219,409335.0
10846,10846,200149,5,Carl-Schurz-Straße,2019,10,9,4,3,2,6,0,0,1,0,0,0,1,1.0,Spandau,Accident with minor injuries,Collision with the vehicle in front/waiting vehicle,Collision involving vehicles going in the same way,Daylight,Wet/moist/slippery,798,245197.0
10847,10847,200150,3,Helmholtzplatz,2019,10,9,4,3,5,2,0,1,1,0,0,0,0,1.0,Pankow,Accident with minor injuries,Collision with a turning/crossing vehicle,Turning accident,Daylight,Wet/moist/slippery,1219,409335.0
10848,10848,200151,12,Rollbergesiedlung,2019,10,8,4,3,5,3,0,0,1,0,0,0,0,1.0,Reinickendorf,Accident with minor injuries,Collision with a turning/crossing vehicle,Turning/Crossing accident,Daylight,Wet/moist/slippery,867,266408.0
10849,10849,200152,1,Charitéviertel,2019,10,8,4,3,0,7,0,0,1,0,0,0,1,1.0,Mitte,Accident with minor injuries,Others,Others,Daylight,Wet/moist/slippery,2215,385748.0
10850,10850,200153,9,Adlershof West,2019,10,8,4,3,0,3,0,0,1,0,1,0,0,1.0,Treptow-Köpenick,Accident with minor injuries,Others,Turning/Crossing accident,Daylight,Wet/moist/slippery,892,273689.0
10851,10851,200154,4,Hildegardstraße,2019,10,7,4,3,5,5,0,1,1,0,0,0,0,1.0,Charlottenburg-Wilmersdorf,Accident with minor injuries,Collision with a turning/crossing vehicle,Accident involving parked vehicles,Daylight,Wet/moist/slippery,1727,343592.0
10852,10852,200155,3,Heinersdorf,2019,10,7,4,3,6,4,1,0,0,1,1,0,0,0.0,Pankow,Accident with minor injuries,Collision between vehicle and pedestrian,Pedestrian crossing accident,Twilight,Dry,1219,409335.0
10853,10853,200156,8,Parchimer Allee,2019,10,6,4,3,5,2,2,1,1,0,0,0,0,0.0,Neukölln,Accident with minor injuries,Collision with a turning/crossing vehicle,Turning accident,Dark,Dry,934,329917.0
10854,10854,200157,4,Kissinger Straße,2019,10,19,4,1,6,4,2,0,1,1,1,0,0,1.0,Charlottenburg-Wilmersdorf,Accident with fatalities,Collision between vehicle and pedestrian,Pedestrian crossing accident,Dark,Wet/moist/slippery,1727,343592.0
10855,10855,200158,9,Altstadt Kietz,2019,10,15,3,3,3,6,0,1,0,0,0,0,0,0.0,Treptow-Köpenick,Accident with minor injuries,Collision with a vehicle traveling laterally in the same direction,Collision involving vehicles going in the same way,Daylight,Dry,892,273689.0
10856,10856,200159,2,Graefekiez,2019,10,18,3,3,0,1,1,0,0,0,1,0,0,0.0,Friedrichshain-Kreuzberg,Accident with minor injuries,Others,Driving accident,Twilight,Dry,1381,290386.0
10857,10857,200160,3,Erich-Weinert-Straße,2019,10,15,3,2,5,3,0,1,1,0,0,0,0,0.0,Pankow,Accident with serious injuries,Collision with a turning/crossing vehicle,Turning/Crossing accident,Daylight,Dry,1219,409335.0
10858,10858,200161,2,Lausitzer Platz,2019,10,22,3,3,1,5,2,1,1,0,0,0,1,0.0,Friedrichshain-Kreuzberg,Accident with minor injuries,Collision with a moving/standing/parked vehicle,Accident involving parked vehicles,Dark,Dry,1381,290386.0
10859,10859,200162,1,Charitéviertel,2019,10,22,3,3,3,6,2,0,1,0,1,0,0,0.0,Mitte,Accident with minor injuries,Collision with a vehicle traveling laterally in the same direction,Collision involving vehicles going in the same way,Dark,Dry,2215,385748.0
10860,10860,200163,1,Nördlicher Landwehrkanal,2019,10,13,4,3,6,2,0,0,1,1,0,0,0,1.0,Mitte,Accident with minor injuries,Collision between vehicle and pedestrian,Turning accident,Daylight,Wet/moist/slippery,2215,385748.0
10861,10861,200164,2,Boxhagener Platz,2019,10,21,3,3,1,5,2,1,1,0,0,0,0,0.0,Friedrichshain-Kreuzberg,Accident with minor injuries,Collision with a moving/standing/parked vehicle,Accident involving parked vehicles,Dark,Dry,1381,290386.0
10862,10862,200165,4,Halensee,2019,10,20,3,3,5,7,2,1,1,0,0,0,0,0.0,Charlottenburg-Wilmersdorf,Accident with minor injuries,Collision with a turning/crossing vehicle,Others,Dark,Dry,1727,343592.0
10863,10863,200166,7,Hundsteinweg,2019,10,20,3,3,2,6,2,0,1,0,0,0,0,0.0,Tempelhof-Schöneberg,Accident with minor injuries,Collision with the vehicle in front/waiting vehicle,Collision involving vehicles going in the same way,Dark,Dry,1241,350984.0
10864,10864,200167,1,Gesundbrunnen,2019,10,18,3,3,0,1,1,0,0,0,1,0,0,0.0,Mitte,Accident with minor injuries,Others,Driving accident,Twilight,Dry,2215,385748.0
10865,10865,200168,5,Hakenfelde Nord,2019,10,16,3,3,0,4,0,0,0,1,0,0,1,0.0,Spandau,Accident with minor injuries,Others,Pedestrian crossing accident,Daylight,Dry,798,245197.0
10866,10866,200169,10,Alt-Marzahn,2019,10,15,3,3,5,2,0,0,1,0,0,0,1,0.0,Marzahn-Hellersdorf,Accident with minor injuries,Collision with a turning/crossing vehicle,Turning accident,Daylight,Dry,586,269967.0
10867,10867,200170,9,Köpenick Nord,2019,10,15,3,3,4,6,0,0,1,0,0,0,0,0.0,Treptow-Köpenick,Accident with minor injuries,Collision with oncoming vehicle,Collision involving vehicles going in the same way,Daylight,Dry,892,273689.0
10868,10868,200171,1,Wilhelmstraße,2019,10,11,3,2,0,5,0,0,1,0,1,0,1,0.0,Mitte,Accident with serious injuries,Others,Accident involving parked vehicles,Daylight,Dry,2215,385748.0
10869,10869,200172,7,Nollendorfplatz,2019,10,14,3,3,1,5,0,1,0,0,1,0,0,0.0,Tempelhof-Schöneberg,Accident with minor injuries,Collision with a moving/standing/parked vehicle,Accident involving parked vehicles,Daylight,Dry,1241,350984.0
10870,10870,200173,11,Rüdigerstraße,2019,10,11,3,2,5,3,0,0,1,1,0,0,0,0.0,Lichtenberg,Accident with serious injuries,Collision with a turning/crossing vehicle,Turning/Crossing accident,Daylight,Dry,679,294201.0
10871,10871,200174,6,Botanischer Garten,2019,10,11,3,3,0,1,0,1,0,0,0,0,0,1.0,Steglitz-Zehlendorf,Accident with minor injuries,Others,Driving accident,Daylight,Wet/moist/slippery,851,310071.0
10872,10872,200175,9,Oberschöneweide West,2019,10,11,3,3,5,2,0,1,0,0,0,1,0,0.0,Treptow-Köpenick,Accident with minor injuries,Collision with a turning/crossing vehicle,Turning accident,Daylight,Dry,892,273689.0
10873,10873,200176,1,Oranienburger Straße,2019,10,11,3,3,5,2,0,1,0,0,0,0,0,0.0,Mitte,Accident with minor injuries,Collision with a turning/crossing vehicle,Turning accident,Daylight,Dry,2215,385748.0
10874,10874,200177,5,Adamstraße,2019,10,10,3,3,5,2,0,1,1,0,0,0,0,0.0,Spandau,Accident with minor injuries,Collision with a turning/crossing vehicle,Turning accident,Daylight,Dry,798,245197.0
10875,10875,200178,4,Rüdesheimer Platz,2019,10,9,3,3,1,5,0,1,1,0,0,0,0,1.0,Charlottenburg-Wilmersdorf,Accident with minor injuries,Collision with a moving/standing/parked vehicle,Accident involving parked vehicles,Daylight,Wet/moist/slippery,1727,343592.0
10876,10876,200179,1,Wilhelmstraße,2019,10,8,3,3,5,3,0,1,0,1,0,0,0,0.0,Mitte,Accident with minor injuries,Collision with a turning/crossing vehicle,Turning/Crossing accident,Daylight,Dry,2215,385748.0
10877,10877,200180,4,Ernst-Reuter-Platz,2019,10,8,3,3,2,6,0,0,1,0,0,0,0,0.0,Charlottenburg-Wilmersdorf,Accident with minor injuries,Collision with the vehicle in front/waiting vehicle,Collision involving vehicles going in the same way,Daylight,Dry,1727,343592.0
10878,10878,200181,1,Heine-Viertel Ost,2019,10,9,3,3,4,6,0,1,1,0,0,0,0,0.0,Mitte,Accident with minor injuries,Collision with oncoming vehicle,Collision involving vehicles going in the same way,Daylight,Dry,2215,385748.0
10879,10879,200182,3,Teutoburger Platz,2019,10,14,3,3,6,4,0,1,0,1,0,0,0,0.0,Pankow,Accident with minor injuries,Collision between vehicle and pedestrian,Pedestrian crossing accident,Daylight,Dry,1219,409335.0
10880,10880,200183,1,Leipziger Straße,2019,10,8,3,3,2,2,0,1,1,0,0,0,0,0.0,Mitte,Accident with minor injuries,Collision with the vehicle in front/waiting vehicle,Turning accident,Daylight,Dry,2215,385748.0
10881,10881,200184,7,Hundsteinweg,2019,10,14,3,3,6,7,0,0,0,1,0,0,1,0.0,Tempelhof-Schöneberg,Accident with minor injuries,Collision between vehicle and pedestrian,Others,Daylight,Dry,1241,350984.0
10882,10882,200185,1,Huttenkiez,2019,10,18,3,3,0,2,1,0,1,0,1,0,0,0.0,Mitte,Accident with minor injuries,Others,Turning accident,Twilight,Dry,2215,385748.0
10883,10883,200186,1,Lützowstraße,2019,10,14,3,3,2,6,0,0,1,0,0,0,0,0.0,Mitte,Accident with minor injuries,Collision with the vehicle in front/waiting vehicle,Collision involving vehicles going in the same way,Daylight,Dry,2215,385748.0
10884,10884,200187,9,Johannisthal West,2019,10,8,3,3,0,3,0,0,1,0,1,0,0,0.0,Treptow-Köpenick,Accident with minor injuries,Others,Turning/Crossing accident,Daylight,Dry,892,273689.0
10885,10885,200188,2,Wassertorplatz,2019,10,7,3,2,2,6,0,0,1,0,1,0,0,0.0,Friedrichshain-Kreuzberg,Accident with serious injuries,Collision with the vehicle in front/waiting vehicle,Collision involving vehicles going in the same way,Daylight,Dry,1381,290386.0
10886,10886,200189,10,Havemannstraße,2019,10,18,3,3,2,7,1,0,1,0,0,0,0,0.0,Marzahn-Hellersdorf,Accident with minor injuries,Collision with the vehicle in front/waiting vehicle,Others,Twilight,Dry,586,269967.0
10887,10887,200190,5,Gartenfelder Straße,2019,10,7,3,3,0,6,0,0,1,0,1,0,0,0.0,Spandau,Accident with minor injuries,Others,Collision involving vehicles going in the same way,Daylight,Dry,798,245197.0
10888,10888,200191,5,Kurstraße,2019,10,6,3,3,5,3,1,1,1,0,0,0,0,0.0,Spandau,Accident with minor injuries,Collision with a turning/crossing vehicle,Turning/Crossing accident,Twilight,Dry,798,245197.0
10889,10889,200192,5,An der Kappe,2019,10,17,3,3,5,2,0,1,1,0,0,0,0,0.0,Spandau,Accident with minor injuries,Collision with a turning/crossing vehicle,Turning accident,Daylight,Dry,798,245197.0
10890,10890,200193,2,Andreasviertel,2019,10,17,3,3,5,3,0,1,0,0,0,1,0,0.0,Friedrichshain-Kreuzberg,Accident with minor injuries,Collision with a turning/crossing vehicle,Turning/Crossing accident,Daylight,Dry,1381,290386.0
10891,10891,200194,8,Reuterkiez,2019,10,13,3,3,2,6,0,0,1,0,0,0,0,0.0,Neukölln,Accident with minor injuries,Collision with the vehicle in front/waiting vehicle,Collision involving vehicles going in the same way,Daylight,Dry,934,329917.0
10892,10892,200195,1,Westhafen,2019,10,17,3,3,5,2,0,0,1,0,1,0,0,0.0,Mitte,Accident with minor injuries,Collision with a turning/crossing vehicle,Turning accident,Daylight,Dry,2215,385748.0
10893,10893,200196,12,Waidmannslust,2019,10,12,3,3,6,2,0,0,0,1,0,0,1,0.0,Reinickendorf,Accident with minor injuries,Collision between vehicle and pedestrian,Turning accident,Daylight,Dry,867,266408.0
10894,10894,200197,8,Parchimer Allee,2019,10,15,3,3,2,6,0,0,1,0,0,0,0,0.0,Neukölln,Accident with minor injuries,Collision with the vehicle in front/waiting vehicle,Collision involving vehicles going in the same way,Daylight,Dry,934,329917.0
10895,10895,200198,3,Erich-Weinert-Straße,2019,10,12,3,3,5,2,0,0,0,0,1,0,1,0.0,Pankow,Accident with minor injuries,Collision with a turning/crossing vehicle,Turning accident,Daylight,Dry,1219,409335.0
10896,10896,200199,9,Schnellerstraße,2019,10,16,3,3,2,6,0,0,0,0,0,0,1,0.0,Treptow-Köpenick,Accident with minor injuries,Collision with the vehicle in front/waiting vehicle,Collision involving vehicles going in the same way,Daylight,Dry,892,273689.0
10897,10897,200200,7,Rathaus Tempelhof,2019,10,21,2,2,5,3,2,0,1,0,1,0,0,0.0,Tempelhof-Schöneberg,Accident with serious injuries,Collision with a turning/crossing vehicle,Turning/Crossing accident,Dark,Dry,1241,350984.0
10898,10898,200201,4,Jungfernheide,2019,10,21,2,3,6,7,2,0,0,1,0,1,0,0.0,Charlottenburg-Wilmersdorf,Accident with minor injuries,Collision between vehicle and pedestrian,Others,Dark,Dry,1727,343592.0
10899,10899,200202,1,Stephankiez,2019,10,20,2,3,2,6,2,1,1,0,0,0,0,0.0,Mitte,Accident with minor injuries,Collision with the vehicle in front/waiting vehicle,Collision involving vehicles going in the same way,Dark,Dry,2215,385748.0
10900,10900,200203,2,Boxhagener Platz,2019,10,19,2,3,5,2,2,1,1,0,0,0,0,0.0,Friedrichshain-Kreuzberg,Accident with minor injuries,Collision with a turning/crossing vehicle,Turning accident,Dark,Dry,1381,290386.0
10901,10901,200204,3,Volkspark Prenzlauer Berg,2019,10,18,2,3,2,2,1,1,1,0,0,0,0,0.0,Pankow,Accident with minor injuries,Collision with the vehicle in front/waiting vehicle,Turning accident,Twilight,Dry,1219,409335.0
10902,10902,200205,1,Wilhelmstraße,2019,10,18,2,3,6,4,1,1,0,1,0,0,0,0.0,Mitte,Accident with minor injuries,Collision between vehicle and pedestrian,Pedestrian crossing accident,Twilight,Dry,2215,385748.0
10903,10903,200206,4,Hagenplatz,2019,10,18,2,3,5,2,1,1,1,0,0,0,0,0.0,Charlottenburg-Wilmersdorf,Accident with minor injuries,Collision with a turning/crossing vehicle,Turning accident,Twilight,Dry,1727,343592.0
10904,10904,200207,1,Nördlicher Landwehrkanal,2019,10,17,2,3,5,2,0,1,1,0,0,0,0,0.0,Mitte,Accident with minor injuries,Collision with a turning/crossing vehicle,Turning accident,Daylight,Dry,2215,385748.0
10905,10905,200208,8,Handwerker-Siedlung,2019,10,17,2,2,1,5,0,0,1,0,0,0,0,0.0,Neukölln,Accident with serious injuries,Collision with a moving/standing/parked vehicle,Accident involving parked vehicles,Daylight,Dry,934,329917.0
10906,10906,200209,12,Teichstraße,2019,10,17,2,3,1,5,1,0,1,0,0,0,0,0.0,Reinickendorf,Accident with minor injuries,Collision with a moving/standing/parked vehicle,Accident involving parked vehicles,Twilight,Dry,867,266408.0
10907,10907,200210,6,Fichtenberg,2019,10,16,2,2,0,6,0,0,1,0,0,0,1,0.0,Steglitz-Zehlendorf,Accident with serious injuries,Others,Collision involving vehicles going in the same way,Daylight,Dry,851,310071.0
10908,10908,200211,10,Springpfuhl,2019,10,15,2,3,5,2,0,1,0,0,0,0,1,0.0,Marzahn-Hellersdorf,Accident with minor injuries,Collision with a turning/crossing vehicle,Turning accident,Daylight,Dry,586,269967.0
10909,10909,200212,3,Teutoburger Platz,2019,10,15,2,3,5,7,0,0,0,0,0,0,1,0.0,Pankow,Accident with minor injuries,Collision with a turning/crossing vehicle,Others,Daylight,Dry,1219,409335.0
10910,10910,200213,2,Mehringplatz,2019,10,15,2,2,6,4,0,0,1,1,0,0,0,0.0,Friedrichshain-Kreuzberg,Accident with serious injuries,Collision between vehicle and pedestrian,Pedestrian crossing accident,Daylight,Dry,1381,290386.0
10911,10911,200214,2,Urbanstraße,2019,10,9,2,3,2,2,0,1,1,0,0,0,0,0.0,Friedrichshain-Kreuzberg,Accident with minor injuries,Collision with the vehicle in front/waiting vehicle,Turning accident,Daylight,Dry,1381,290386.0
10912,10912,200215,11,Karlshorst West,2019,10,15,2,3,5,5,0,0,1,0,0,0,0,0.0,Lichtenberg,Accident with minor injuries,Collision with a turning/crossing vehicle,Accident involving parked vehicles,Daylight,Dry,679,294201.0
10913,10913,200216,8,Bouchéstraße,2019,10,15,2,3,0,6,0,1,0,0,0,0,1,0.0,Neukölln,Accident with minor injuries,Others,Collision involving vehicles going in the same way,Daylight,Dry,934,329917.0
10914,10914,200217,5,Borkumer Straße,2019,10,11,2,2,5,3,0,1,0,0,1,0,0,0.0,Spandau,Accident with serious injuries,Collision with a turning/crossing vehicle,Turning/Crossing accident,Daylight,Dry,798,245197.0
10915,10915,200218,9,Bölschestraße,2019,10,11,2,3,0,6,0,1,0,0,0,0,1,0.0,Treptow-Köpenick,Accident with minor injuries,Others,Collision involving vehicles going in the same way,Daylight,Dry,892,273689.0
10916,10916,200219,9,Allende I,2019,10,11,2,2,0,7,0,1,0,0,0,0,0,0.0,Treptow-Köpenick,Accident with serious injuries,Others,Others,Daylight,Dry,892,273689.0
10917,10917,200220,1,Humboldthain Süd,2019,10,15,2,3,2,6,0,0,1,0,1,0,0,0.0,Mitte,Accident with minor injuries,Collision with the vehicle in front/waiting vehicle,Collision involving vehicles going in the same way,Daylight,Dry,2215,385748.0
10918,10918,200221,2,Stralauer Kiez,2019,10,8,2,3,2,6,0,0,1,0,1,0,0,0.0,Friedrichshain-Kreuzberg,Accident with minor injuries,Collision with the vehicle in front/waiting vehicle,Collision involving vehicles going in the same way,Daylight,Dry,1381,290386.0
10919,10919,200222,5,Gartenfelder Straße,2019,10,14,2,3,2,2,0,0,1,0,0,0,0,0.0,Spandau,Accident with minor injuries,Collision with the vehicle in front/waiting vehicle,Turning accident,Daylight,Dry,798,245197.0
10920,10920,200223,1,Sparrplatz,2019,10,8,2,3,2,6,0,0,1,0,0,0,0,0.0,Mitte,Accident with minor injuries,Collision with the vehicle in front/waiting vehicle,Collision involving vehicles going in the same way,Daylight,Dry,2215,385748.0
10921,10921,200224,12,Scharnweberstraße,2019,10,7,2,3,5,2,0,0,1,0,0,0,0,0.0,Reinickendorf,Accident with minor injuries,Collision with a turning/crossing vehicle,Turning accident,Daylight,Dry,867,266408.0
10922,10922,200225,7,Marienfelde Süd,2019,10,13,2,3,2,3,0,0,1,0,1,0,0,0.0,Tempelhof-Schöneberg,Accident with minor injuries,Collision with the vehicle in front/waiting vehicle,Turning/Crossing accident,Daylight,Dry,1241,350984.0
10923,10923,200226,11,Hauptstraße,2019,10,10,2,2,6,4,0,0,1,1,0,0,0,0.0,Lichtenberg,Accident with serious injuries,Collision between vehicle and pedestrian,Pedestrian crossing accident,Daylight,Dry,679,294201.0