,Unnamed: 0,object id,district,street,year,month,hour of day,weekday,category,accident type,accident type 2,light situation,bike involved,car involved,pedestrian involved,motor bike involved,big track involved,other vehicle involved,road condition,district name,category name,accident detail,accident type detail,light condition,road condition detail,accident count by district,est. population
10924,10924,200227,6,Augustaplatz,2019,10,6,2,3,1,5,1,1,1,0,0,0,0,0.0,Steglitz-Zehlendorf,Accident with minor injuries,Collision with a moving/standing/parked vehicle,Accident involving parked vehicles,Twilight,Dry,851,310071.0
10925,10925,200228,4,Halensee,2019,10,10,2,3,5,2,0,0,1,0,0,0,0,0.0,Charlottenburg-Wilmersdorf,Accident with minor injuries,Collision with a turning/crossing vehicle,Turning accident,Daylight,Dry,1727,343592.0
10926,10926,200229,8,Silbersteinstraße,2019,10,14,2,3,6,2,0,0,1,1,0,0,0,0.0,Neukölln,Accident with minor injuries,Collision between vehicle and pedestrian,Turning accident,Daylight,Dry,934,329917.0
10927,10927,200230,3,Conrad-Blenkle-Straße,2019,10,6,2,3,5,3,2,1,1,0,0,0,0,1.0,Pankow,Accident with minor injuries,Collision with a turning/crossing vehicle,Turning/Crossing accident,Dark,Wet/moist/slippery,1219,409335.0
10928,10928,200231,9,Johannisthal West,2019,10,10,2,3,5,5,0,0,1,0,0,0,0,0.0,Treptow-Köpenick,Accident with minor injuries,Collision with a turning/crossing vehicle,Accident involving parked vehicles,Daylight,Dry,892,273689.0
10929,10929,200232,10,Springpfuhl,2019,10,13,2,2,0,3,0,0,1,0,1,0,0,0.0,Marzahn-Hellersdorf,Accident with serious injuries,Others,Turning/Crossing accident,Daylight,Dry,586,269967.0
10930,10930,200233,4,Park Ruhwald,2019,10,10,2,3,5,2,0,0,1,0,1,0,0,0.0,Charlottenburg-Wilmersdorf,Accident with minor injuries,Collision with a turning/crossing vehicle,Turning accident,Daylight,Dry,1727,343592.0
10931,10931,200234,4,Kaiserin-Augusta-Allee,2019,10,13,2,3,5,3,0,1,1,0,0,0,0,0.0,Charlottenburg-Wilmersdorf,Accident with minor injuries,Collision with a turning/crossing vehicle,Turning/Crossing accident,Daylight,Dry,1727,343592.0
10932,10932,200235,10,Kaulsdorf Nord I,2019,10,9,2,3,5,2,0,0,1,0,0,0,0,0.0,Marzahn-Hellersdorf,Accident with minor injuries,Collision with a turning/crossing vehicle,Turning accident,Daylight,Dry,586,269967.0
10933,10933,200236,2,Wassertorplatz,2019,10,9,2,3,2,6,0,0,1,0,1,0,0,0.0,Friedrichshain-Kreuzberg,Accident with minor injuries,Collision with the vehicle in front/waiting vehicle,Collision involving vehicles going in the same way,Daylight,Dry,1381,290386.0
10934,10934,200237,3,Falkplatz,2019,10,12,2,2,5,3,0,1,1,0,0,0,0,0.0,Pankow,Accident with serious injuries,Collision with a turning/crossing vehicle,Turning/Crossing accident,Daylight,Dry,1219,409335.0
10935,10935,200238,7,Neu-Tempelhof,2019,10,9,2,3,0,1,0,1,0,0,0,0,0,0.0,Tempelhof-Schöneberg,Accident with minor injuries,Others,Driving accident,Daylight,Dry,1241,350984.0
10936,10936,200239,2,Mehringplatz,2019,10,8,2,3,0,7,0,0,0,0,1,0,0,1.0,Friedrichshain-Kreuzberg,Accident with minor injuries,Others,Others,Daylight,Wet/moist/slippery,1381,290386.0
10937,10937,200240,7,Neu-Tempelhof,2019,10,12,2,3,2,6,0,0,1,0,0,0,0,0.0,Tempelhof-Schöneberg,Accident with minor injuries,Collision with the vehicle in front/waiting vehicle,Collision involving vehicles going in the same way,Daylight,Dry,1241,350984.0
10938,10938,200241,8,Flughafenstraße,2019,10,16,1,3,5,3,0,1,1,0,0,0,0,0.0,Neukölln,Accident with minor injuries,Collision with a turning/crossing vehicle,Turning/Crossing accident,Daylight,Dry,934,329917.0
10939,10939,200242,3,Pankow Zentrum,2019,10,22,1,2,3,6,2,1,0,0,0,0,1,0.0,Pankow,Accident with serious injuries,Collision with a vehicle traveling laterally in the same direction,Collision involving vehicles going in the same way,Dark,Dry,1219,409335.0
10940,10940,200243,3,Pankow Zentrum,2019,10,17,1,3,4,6,0,1,0,0,0,0,0,0.0,Pankow,Accident with minor injuries,Collision with oncoming vehicle,Collision involving vehicles going in the same way,Daylight,Dry,1219,409335.0
10941,10941,200244,9,Kietzer Feld/Nachtheide,2019,10,16,1,3,2,6,0,0,1,0,0,0,0,1.0,Treptow-Köpenick,Accident with minor injuries,Collision with the vehicle in front/waiting vehicle,Collision involving vehicles going in the same way,Daylight,Wet/moist/slippery,892,273689.0
10942,10942,200245,12,Treuenbrietzener Straße,2019,10,16,1,3,0,1,0,0,0,0,1,0,0,0.0,Reinickendorf,Accident with minor injuries,Others,Driving accident,Daylight,Dry,867,266408.0
10943,10943,200246,3,Wilhelmsruh,2019,10,15,1,3,2,6,0,0,1,0,1,0,0,0.0,Pankow,Accident with minor injuries,Collision with the vehicle in front/waiting vehicle,Collision involving vehicles going in the same way,Daylight,Dry,1219,409335.0
10944,10944,200247,1,Stülerstraße,2019,10,15,1,2,2,6,0,0,1,0,1,0,0,0.0,Mitte,Accident with serious injuries,Collision with the vehicle in front/waiting vehicle,Collision involving vehicles going in the same way,Daylight,Dry,2215,385748.0
10945,10945,200248,1,Nördlicher Landwehrkanal,2019,10,13,1,3,5,3,0,1,0,0,1,0,0,0.0,Mitte,Accident with minor injuries,Collision with a turning/crossing vehicle,Turning/Crossing accident,Daylight,Dry,2215,385748.0
10946,10946,200249,12,Scharnweberstraße,2019,10,13,1,3,5,2,0,0,1,0,0,0,1,0.0,Reinickendorf,Accident with minor injuries,Collision with a turning/crossing vehicle,Turning accident,Daylight,Dry,867,266408.0
10947,10947,200250,4,Eisenzahnstraße,2019,10,13,1,3,5,5,0,0,1,0,1,0,0,0.0,Charlottenburg-Wilmersdorf,Accident with minor injuries,Collision with a turning/crossing vehicle,Accident involving parked vehicles,Daylight,Dry,1727,343592.0
10948,10948,200251,4,Königin-Elisabeth-Straße,2019,10,12,1,3,2,6,0,0,1,0,0,0,0,0.0,Charlottenburg-Wilmersdorf,Accident with minor injuries,Collision with the vehicle in front/waiting vehicle,Collision involving vehicles going in the same way,Daylight,Dry,1727,343592.0
10949,10949,200252,8,Buckow Mitte,2019,10,11,1,3,6,2,0,0,1,1,0,0,0,0.0,Neukölln,Accident with minor injuries,Collision between vehicle and pedestrian,Turning accident,Daylight,Dry,934,329917.0
10950,10950,200253,3,Hansastraße,2019,10,10,1,3,5,3,0,0,1,0,0,0,0,0.0,Pankow,Accident with minor injuries,Collision with a turning/crossing vehicle,Turning/Crossing accident,Daylight,Dry,1219,409335.0
10951,10951,200254,11,Falkenberg West,2019,10,9,1,3,5,7,0,1,1,0,0,0,0,0.0,Lichtenberg,Accident with minor injuries,Collision with a turning/crossing vehicle,Others,Daylight,Dry,679,294201.0
10952,10952,200255,2,Andreasviertel,2019,10,7,1,3,6,7,0,0,1,1,0,0,0,0.0,Friedrichshain-Kreuzberg,Accident with minor injuries,Collision between vehicle and pedestrian,Others,Daylight,Dry,1381,290386.0
10953,10953,200256,4,Plötzensee,2019,10,6,1,3,5,7,2,0,1,0,0,0,0,0.0,Charlottenburg-Wilmersdorf,Accident with minor injuries,Collision with a turning/crossing vehicle,Others,Dark,Dry,1727,343592.0
10954,10954,200257,1,Heine-Viertel Ost,2019,10,22,1,3,5,3,2,0,1,0,0,0,0,1.0,Mitte,Accident with minor injuries,Collision with a turning/crossing vehicle,Turning/Crossing accident,Dark,Wet/moist/slippery,2215,385748.0
10955,10955,200258,3,Pankow Zentrum,2019,10,22,1,2,3,6,2,1,0,0,0,0,1,0.0,Pankow,Accident with serious injuries,Collision with a vehicle traveling laterally in the same direction,Collision involving vehicles going in the same way,Dark,Dry,1219,409335.0
10956,10956,200259,2,Lausitzer Platz,2019,10,20,1,3,5,3,2,0,1,0,1,0,0,1.0,Friedrichshain-Kreuzberg,Accident with minor injuries,Collision with a turning/crossing vehicle,Turning/Crossing accident,Dark,Wet/moist/slippery,1381,290386.0
10957,10957,200260,4,Alt-Lietzow,2019,10,20,1,3,0,1,2,1,0,0,0,0,0,0.0,Charlottenburg-Wilmersdorf,Accident with minor injuries,Others,Driving accident,Dark,Dry,1727,343592.0
10958,10958,200261,4,Halensee,2019,10,16,4,3,5,2,0,0,1,0,1,0,0,1.0,Charlottenburg-Wilmersdorf,Accident with minor injuries,Collision with a turning/crossing vehicle,Turning accident,Daylight,Wet/moist/slippery,1727,343592.0
10959,10959,200262,1,Charitéviertel,2019,10,17,3,3,0,1,1,0,1,0,0,0,1,1.0,Mitte,Accident with minor injuries,Others,Driving accident,Twilight,Wet/moist/slippery,2215,385748.0
10960,10960,200263,4,Rüdesheimer Platz,2019,10,19,1,3,0,1,2,0,0,0,1,0,0,1.0,Charlottenburg-Wilmersdorf,Accident with minor injuries,Others,Driving accident,Dark,Wet/moist/slippery,1727,343592.0
10961,10961,200264,11,Traveplatz,2019,10,19,1,3,0,1,2,0,0,0,1,0,0,1.0,Lichtenberg,Accident with minor injuries,Others,Driving accident,Dark,Wet/moist/slippery,679,294201.0
10962,10962,200265,2,Wassertorplatz,2019,10,18,1,3,0,2,2,1,1,0,0,0,0,1.0,Friedrichshain-Kreuzberg,Accident with minor injuries,Others,Turning accident,Dark,Wet/moist/slippery,1381,290386.0
10963,10963,200266,4,George-Grosz-Platz,2019,10,18,1,3,0,1,1,0,0,0,1,0,0,0.0,Charlottenburg-Wilmersdorf,Accident with minor injuries,Others,Driving accident,Twilight,Dry,1727,343592.0
10964,10964,200267,7,Rathausstraße,2019,10,13,7,3,2,2,0,0,1,0,0,0,0,0.0,Tempelhof-Schöneberg,Accident with minor injuries,Collision with the vehicle in front/waiting vehicle,Turning accident,Daylight,Dry,1241,350984.0
10965,10965,200268,6,Dahlem,2019,10,13,7,3,2,2,0,0,1,0,0,0,0,0.0,Steglitz-Zehlendorf,Accident with minor injuries,Collision with the vehicle in front/waiting vehicle,Turning accident,Daylight,Dry,851,310071.0
10966,10966,200269,1,Westhafen,2019,10,18,7,3,0,5,1,0,1,0,1,0,0,0.0,Mitte,Accident with minor injuries,Others,Accident involving parked vehicles,Twilight,Dry,2215,385748.0
10967,10967,200270,2,Stralauer Kiez,2019,10,15,4,2,6,4,0,0,1,1,0,0,0,1.0,Friedrichshain-Kreuzberg,Accident with serious injuries,Collision between vehicle and pedestrian,Pedestrian crossing accident,Daylight,Wet/moist/slippery,1381,290386.0
10968,10968,200271,6,Lichterfelde West,2019,10,23,7,2,0,1,2,1,0,0,0,0,0,0.0,Steglitz-Zehlendorf,Accident with serious injuries,Others,Driving accident,Dark,Dry,851,310071.0
10969,10969,200272,3,Volkspark Prenzlauer Berg,2019,10,23,7,2,2,6,2,0,1,0,1,0,0,0.0,Pankow,Accident with serious injuries,Collision with the vehicle in front/waiting vehicle,Collision involving vehicles going in the same way,Dark,Dry,1219,409335.0
10970,10970,200273,1,Oranienburger Straße,2019,10,15,4,3,6,4,0,0,0,1,1,0,0,1.0,Mitte,Accident with minor injuries,Collision between vehicle and pedestrian,Pedestrian crossing accident,Daylight,Wet/moist/slippery,2215,385748.0
10971,10971,200274,1,Rehberge,2019,10,22,7,2,5,2,1,1,1,0,0,0,0,0.0,Mitte,Accident with serious injuries,Collision with a turning/crossing vehicle,Turning accident,Twilight,Dry,2215,385748.0
10972,10972,200275,8,Treptower Straße Nord,2019,10,21,7,3,5,2,2,0,1,0,0,0,1,0.0,Neukölln,Accident with minor injuries,Collision with a turning/crossing vehicle,Turning accident,Dark,Dry,934,329917.0
10973,10973,200276,4,Jungfernheide,2019,10,22,7,3,5,2,2,0,1,0,0,0,1,0.0,Charlottenburg-Wilmersdorf,Accident with minor injuries,Collision with a turning/crossing vehicle,Turning accident,Dark,Dry,1727,343592.0
10974,10974,200277,1,Heine-Viertel West,2019,10,22,7,3,6,2,2,0,1,1,0,0,0,0.0,Mitte,Accident with minor injuries,Collision between vehicle and pedestrian,Turning accident,Dark,Dry,2215,385748.0
10975,10975,200278,8,Buschkrugallee Nord,2019,10,19,7,3,0,5,2,0,1,0,0,0,1,0.0,Neukölln,Accident with minor injuries,Others,Accident involving parked vehicles,Dark,Dry,934,329917.0
10976,10976,200279,1,Rehberge,2019,10,18,7,3,1,5,2,0,1,0,0,0,1,0.0,Mitte,Accident with minor injuries,Collision with a moving/standing/parked vehicle,Accident involving parked vehicles,Dark,Dry,2215,385748.0
10977,10977,200280,12,Waldidyll/Flughafensee,2019,10,18,7,3,6,2,2,0,0,1,0,0,1,0.0,Reinickendorf,Accident with minor injuries,Collision between vehicle and pedestrian,Turning accident,Dark,Dry,867,266408.0
10978,10978,200281,12,Waidmannslust,2019,10,16,7,2,5,3,0,1,1,0,0,0,0,0.0,Reinickendorf,Accident with serious injuries,Collision with a turning/crossing vehicle,Turning/Crossing accident,Daylight,Dry,867,266408.0
10979,10979,200282,8,Gropiusstadt Süd,2019,10,15,7,3,5,3,0,0,1,0,0,0,0,0.0,Neukölln,Accident with minor injuries,Collision with a turning/crossing vehicle,Turning/Crossing accident,Daylight,Dry,934,329917.0
10980,10980,200283,5,Borkumer Straße,2019,10,15,7,2,0,6,0,0,1,0,0,0,1,0.0,Spandau,Accident with serious injuries,Others,Collision involving vehicles going in the same way,Daylight,Dry,798,245197.0
10981,10981,200284,7,Marienfelde Süd,2019,10,14,7,3,5,2,0,1,1,0,0,0,0,0.0,Tempelhof-Schöneberg,Accident with minor injuries,Collision with a turning/crossing vehicle,Turning accident,Daylight,Dry,1241,350984.0
10982,10982,200285,7,Nollendorfplatz,2019,10,14,7,3,5,7,0,0,1,0,1,0,0,0.0,Tempelhof-Schöneberg,Accident with minor injuries,Collision with a turning/crossing vehicle,Others,Daylight,Dry,1241,350984.0
10983,10983,200286,10,Marzahner Promenade,2019,10,13,7,3,0,6,0,0,1,0,0,0,1,0.0,Marzahn-Hellersdorf,Accident with minor injuries,Others,Collision involving vehicles going in the same way,Daylight,Dry,586,269967.0
10984,10984,200287,4,Karl-August-Platz,2019,10,12,7,3,5,3,0,1,0,0,1,0,0,0.0,Charlottenburg-Wilmersdorf,Accident with minor injuries,Collision with a turning/crossing vehicle,Turning/Crossing accident,Daylight,Dry,1727,343592.0
10985,10985,200288,10,Kaulsdorf Nord II,2019,10,12,7,3,5,2,0,0,0,0,0,0,1,0.0,Marzahn-Hellersdorf,Accident with minor injuries,Collision with a turning/crossing vehicle,Turning accident,Daylight,Dry,586,269967.0
10986,10986,200289,9,Adlershof West,2019,10,12,7,3,5,3,0,1,1,0,0,0,0,0.0,Treptow-Köpenick,Accident with minor injuries,Collision with a turning/crossing vehicle,Turning/Crossing accident,Daylight,Dry,892,273689.0
10987,10987,200290,6,Schloßstraße,2019,10,12,7,3,5,3,0,0,1,0,0,0,0,0.0,Steglitz-Zehlendorf,Accident with minor injuries,Collision with a turning/crossing vehicle,Turning/Crossing accident,Daylight,Dry,851,310071.0
10988,10988,200291,11,Sewanstraße,2019,10,11,7,3,5,3,0,1,1,0,0,0,0,0.0,Lichtenberg,Accident with minor injuries,Collision with a turning/crossing vehicle,Turning/Crossing accident,Daylight,Dry,679,294201.0
10989,10989,200292,11,Herzbergstraße,2019,10,11,7,3,3,6,0,1,0,0,0,0,1,0.0,Lichtenberg,Accident with minor injuries,Collision with a vehicle traveling laterally in the same direction,Collision involving vehicles going in the same way,Daylight,Dry,679,294201.0
10990,10990,200293,11,Rüdigerstraße,2019,10,10,7,3,3,6,0,1,1,0,0,0,0,0.0,Lichtenberg,Accident with minor injuries,Collision with a vehicle traveling laterally in the same direction,Collision involving vehicles going in the same way,Daylight,Dry,679,294201.0
10991,10991,200294,3,Heinersdorf,2019,10,10,7,3,5,3,0,0,1,0,0,0,0,0.0,Pankow,Accident with minor injuries,Collision with a turning/crossing vehicle,Turning/Crossing accident,Daylight,Dry,1219,409335.0
10992,10992,200295,11,Wartenberg Süd,2019,10,10,7,3,0,3,0,0,1,0,1,0,0,0.0,Lichtenberg,Accident with minor injuries,Others,Turning/Crossing accident,Daylight,Dry,679,294201.0
10993,10993,200296,4,Kaiserin-Augusta-Allee,2019,10,9,7,3,5,7,0,0,1,0,1,0,0,0.0,Charlottenburg-Wilmersdorf,Accident with minor injuries,Collision with a turning/crossing vehicle,Others,Daylight,Dry,1727,343592.0
10994,10994,200297,8,Reuterkiez,2019,10,1,7,3,5,3,2,0,1,0,1,0,0,0.0,Neukölln,Accident with minor injuries,Collision with a turning/crossing vehicle,Turning/Crossing accident,Dark,Dry,934,329917.0
10995,10995,200298,5,Carl-Schurz-Straße,2019,10,0,7,3,6,4,2,0,1,1,0,0,0,0.0,Spandau,Accident with minor injuries,Collision between vehicle and pedestrian,Pedestrian crossing accident,Dark,Dry,798,245197.0
10996,10996,200299,2,Friedenstraße,2019,10,19,6,3,0,6,2,0,1,0,1,0,0,0.0,Friedrichshain-Kreuzberg,Accident with minor injuries,Others,Collision involving vehicles going in the same way,Dark,Dry,1381,290386.0
10997,10997,200300,1,Unter den Linden Nord,2019,10,10,6,2,6,4,0,1,0,1,0,0,0,1.0,Mitte,Accident with serious injuries,Collision between vehicle and pedestrian,Pedestrian crossing accident,Daylight,Wet/moist/slippery,2215,385748.0
10998,10998,200301,11,Rummelsburg,2019,10,20,6,3,6,4,2,0,1,1,0,0,0,1.0,Lichtenberg,Accident with minor injuries,Collision between vehicle and pedestrian,Pedestrian crossing accident,Dark,Wet/moist/slippery,679,294201.0
10999,10999,200302,1,Heine-Viertel Ost,2019,10,14,6,3,5,7,0,1,0,0,0,0,1,0.0,Mitte,Accident with minor injuries,Collision with a turning/crossing vehicle,Others,Daylight,Dry,2215,385748.0
11000,11000,200303,5,Adamstraße,2019,10,13,6,3,5,2,0,0,1,0,0,0,0,0.0,Spandau,Accident with minor injuries,Collision with a turning/crossing vehicle,Turning accident,Daylight,Dry,798,245197.0
11001,11001,200304,8,Glasower Straße,2019,10,13,6,3,2,6,0,0,1,0,0,0,0,0.0,Neukölln,Accident with minor injuries,Collision with the vehicle in front/waiting vehicle,Collision involving vehicles going in the same way,Daylight,Dry,934,329917.0
11002,11002,200305,11,Fennpfuhl West,2019,10,19,6,2,5,3,2,0,1,0,0,0,1,1.0,Lichtenberg,Accident with serious injuries,Collision with a turning/crossing vehicle,Turning/Crossing accident,Dark,Wet/moist/slippery,679,294201.0
11003,11003,200306,1,Stephankiez,2019,10,10,6,3,0,6,0,1,1,0,0,0,0,0.0,Mitte,Accident with minor injuries,Others,Collision involving vehicles going in the same way,Daylight,Dry,2215,385748.0
11004,11004,200307,6,Alt-Lankwitz,2019,10,19,6,3,5,3,2,0,1,0,0,0,0,1.0,Steglitz-Zehlendorf,Accident with minor injuries,Collision with a turning/crossing vehicle,Turning/Crossing accident,Dark,Wet/moist/slippery,851,310071.0
11005,11005,200308,3,Kollwitzplatz,2019,10,19,6,3,1,5,2,1,1,0,0,0,0,1.0,Pankow,Accident with minor injuries,Collision with a moving/standing/parked vehicle,Accident involving parked vehicles,Dark,Wet/moist/slippery,1219,409335.0
11006,11006,200309,2,Lausitzer Platz,2019,10,17,6,3,5,2,1,1,1,0,0,0,0,1.0,Friedrichshain-Kreuzberg,Accident with minor injuries,Collision with a turning/crossing vehicle,Turning accident,Twilight,Wet/moist/slippery,1381,290386.0
11007,11007,200310,4,Park Ruhwald,2019,10,19,6,3,5,2,2,1,1,0,0,0,0,1.0,Charlottenburg-Wilmersdorf,Accident with minor injuries,Collision with a turning/crossing vehicle,Turning accident,Dark,Wet/moist/slippery,1727,343592.0
11008,11008,200311,12,Heiligensee,2019,10,6,6,3,2,6,1,0,1,0,0,0,0,0.0,Reinickendorf,Accident with minor injuries,Collision with the vehicle in front/waiting vehicle,Collision involving vehicles going in the same way,Twilight,Dry,867,266408.0
11009,11009,200312,2,Boxhagener Platz,2019,10,12,4,3,0,3,0,1,1,0,0,0,0,1.0,Friedrichshain-Kreuzberg,Accident with minor injuries,Others,Turning/Crossing accident,Daylight,Wet/moist/slippery,1381,290386.0
11010,11010,200313,6,Thielallee,2019,10,18,6,3,5,3,2,0,1,0,0,0,0,1.0,Steglitz-Zehlendorf,Accident with minor injuries,Collision with a turning/crossing vehicle,Turning/Crossing accident,Dark,Wet/moist/slippery,851,310071.0
11011,11011,200314,5,Motardstraße,2019,10,5,6,3,6,4,2,0,0,1,1,0,0,0.0,Spandau,Accident with minor injuries,Collision between vehicle and pedestrian,Pedestrian crossing accident,Dark,Dry,798,245197.0
11012,11012,200315,2,Wassertorplatz,2019,10,17,6,3,5,3,1,1,1,0,0,0,0,1.0,Friedrichshain-Kreuzberg,Accident with minor injuries,Collision with a turning/crossing vehicle,Turning/Crossing accident,Twilight,Wet/moist/slippery,1381,290386.0
11013,11013,200316,1,Gesundbrunnen,2019,10,17,6,3,5,7,1,0,1,0,1,0,0,0.0,Mitte,Accident with minor injuries,Collision with a turning/crossing vehicle,Others,Twilight,Dry,2215,385748.0
11014,11014,200317,7,Marienfelder Allee Nordwest,2019,10,16,6,3,2,6,0,0,1,0,0,0,0,1.0,Tempelhof-Schöneberg,Accident with minor injuries,Collision with the vehicle in front/waiting vehicle,Collision involving vehicles going in the same way,Daylight,Wet/moist/slippery,1241,350984.0
11015,11015,200318,6,Teltower Damm,2019,10,16,6,2,5,5,0,0,1,0,0,0,0,1.0,Steglitz-Zehlendorf,Accident with serious injuries,Collision with a turning/crossing vehicle,Accident involving parked vehicles,Daylight,Wet/moist/slippery,851,310071.0
11016,11016,200319,7,John-Locke-Straße,2019,10,15,6,3,5,2,0,0,1,0,1,0,0,0.0,Tempelhof-Schöneberg,Accident with minor injuries,Collision with a turning/crossing vehicle,Turning accident,Daylight,Dry,1241,350984.0
11017,11017,200320,11,Große-Leege-Straße,2019,10,14,6,3,2,6,0,0,1,0,0,0,0,0.0,Lichtenberg,Accident with minor injuries,Collision with the vehicle in front/waiting vehicle,Collision involving vehicles going in the same way,Daylight,Dry,679,294201.0
11018,11018,200321,1,Beusselkiez,2019,10,14,6,3,0,5,0,0,0,1,0,0,1,0.0,Mitte,Accident with minor injuries,Others,Accident involving parked vehicles,Daylight,Dry,2215,385748.0
11019,11019,200322,4,Droysenstraße,2019,10,20,6,3,5,7,2,0,1,0,0,0,0,1.0,Charlottenburg-Wilmersdorf,Accident with minor injuries,Collision with a turning/crossing vehicle,Others,Dark,Wet/moist/slippery,1727,343592.0
11020,11020,200323,8,Tempelhofer Weg,2019,10,14,4,3,3,6,0,0,1,0,0,0,1,1.0,Neukölln,Accident with minor injuries,Collision with a vehicle traveling laterally in the same direction,Collision involving vehicles going in the same way,Daylight,Wet/moist/slippery,934,329917.0
11021,11021,200324,4,Jungfernheide,2019,10,15,6,3,2,6,0,0,1,0,0,0,1,0.0,Charlottenburg-Wilmersdorf,Accident with minor injuries,Collision with the vehicle in front/waiting vehicle,Collision involving vehicles going in the same way,Daylight,Dry,1727,343592.0
11022,11022,200325,2,Mehringplatz,2019,10,16,5,3,6,6,0,0,0,1,0,0,1,1.0,Friedrichshain-Kreuzberg,Accident with minor injuries,Collision between vehicle and pedestrian,Collision involving vehicles going in the same way,Daylight,Wet/moist/slippery,1381,290386.0
11023,11023,200326,1,Leipziger Straße,2019,10,19,5,3,5,3,2,1,0,0,0,0,0,0.0,Mitte,Accident with minor injuries,Collision with a turning/crossing vehicle,Turning/Crossing accident,Dark,Dry,2215,385748.0
11024,11024,200327,8,Schillerpromenade,2019,10,23,5,3,2,6,2,0,1,0,0,0,0,1.0,Neukölln,Accident with minor injuries,Collision with the vehicle in front/waiting vehicle,Collision involving vehicles going in the same way,Dark,Wet/moist/slippery,934,329917.0
11025,11025,200328,1,Schillerpark,2019,10,22,5,3,2,6,2,0,1,0,0,0,0,1.0,Mitte,Accident with minor injuries,Collision with the vehicle in front/waiting vehicle,Collision involving vehicles going in the same way,Dark,Wet/moist/slippery,2215,385748.0
11026,11026,200329,3,Buch,2019,10,20,5,3,6,4,2,1,0,1,0,0,0,1.0,Pankow,Accident with minor injuries,Collision between vehicle and pedestrian,Pedestrian crossing accident,Dark,Wet/moist/slippery,1219,409335.0
11027,11027,200330,7,Friedenau,2019,10,20,5,3,6,4,2,0,1,1,0,0,0,1.0,Tempelhof-Schöneberg,Accident with minor injuries,Collision between vehicle and pedestrian,Pedestrian crossing accident,Dark,Wet/moist/slippery,1241,350984.0
11028,11028,200331,10,Hellersdorfer Promenade,2019,10,19,5,2,3,6,2,1,1,0,0,0,0,1.0,Marzahn-Hellersdorf,Accident with serious injuries,Collision with a vehicle traveling laterally in the same direction,Collision involving vehicles going in the same way,Dark,Wet/moist/slippery,586,269967.0
11029,11029,200332,5,Carl-Schurz-Straße,2019,10,19,5,2,6,4,2,0,1,1,0,0,0,0.0,Spandau,Accident with serious injuries,Collision between vehicle and pedestrian,Pedestrian crossing accident,Dark,Dry,798,245197.0
11030,11030,200333,1,Leipziger Straße,2019,10,17,5,3,5,2,0,0,1,0,0,0,0,1.0,Mitte,Accident with minor injuries,Collision with a turning/crossing vehicle,Turning accident,Daylight,Wet/moist/slippery,2215,385748.0
11031,11031,200334,7,Manteuffelstraße,2019,10,13,4,3,6,7,0,0,0,1,0,1,0,1.0,Tempelhof-Schöneberg,Accident with minor injuries,Collision between vehicle and pedestrian,Others,Daylight,Wet/moist/slippery,1241,350984.0
11032,11032,200335,8,Schillerpromenade,2019,10,17,5,3,0,3,0,0,1,0,1,0,0,1.0,Neukölln,Accident with minor injuries,Others,Turning/Crossing accident,Daylight,Wet/moist/slippery,934,329917.0
11033,11033,200336,11,Karlshorst West,2019,10,14,4,3,3,6,0,1,1,0,0,0,0,1.0,Lichtenberg,Accident with minor injuries,Collision with a vehicle traveling laterally in the same direction,Collision involving vehicles going in the same way,Daylight,Wet/moist/slippery,679,294201.0
11034,11034,200337,1,Arkonaplatz,2019,10,9,5,3,0,1,0,1,0,0,0,0,0,1.0,Mitte,Accident with minor injuries,Others,Driving accident,Daylight,Wet/moist/slippery,2215,385748.0
11035,11035,200338,6,Zehlendorf Mitte,2019,10,9,5,3,3,6,0,1,1,0,0,0,0,0.0,Steglitz-Zehlendorf,Accident with minor injuries,Collision with a vehicle traveling laterally in the same direction,Collision involving vehicles going in the same way,Daylight,Dry,851,310071.0
11036,11036,200339,7,Marienhöhe,2019,10,8,5,3,2,6,0,0,1,0,0,0,0,1.0,Tempelhof-Schöneberg,Accident with minor injuries,Collision with the vehicle in front/waiting vehicle,Collision involving vehicles going in the same way,Daylight,Wet/moist/slippery,1241,350984.0
11037,11037,200340,2,Andreasviertel,2019,10,6,5,2,5,3,1,0,1,0,0,0,0,1.0,Friedrichshain-Kreuzberg,Accident with serious injuries,Collision with a turning/crossing vehicle,Turning/Crossing accident,Twilight,Wet/moist/slippery,1381,290386.0
11038,11038,200341,3,Wilhelmsruh,2019,10,6,5,3,6,2,2,0,1,1,0,0,0,1.0,Pankow,Accident with minor injuries,Collision between vehicle and pedestrian,Turning accident,Dark,Wet/moist/slippery,1219,409335.0
11039,11039,200342,3,Hansastraße,2019,10,13,4,3,5,2,0,1,1,0,0,0,0,1.0,Pankow,Accident with minor injuries,Collision with a turning/crossing vehicle,Turning accident,Daylight,Wet/moist/slippery,1219,409335.0
11040,11040,200343,1,Heine-Viertel West,2019,10,4,5,3,0,1,2,0,0,0,0,0,1,1.0,Mitte,Accident with minor injuries,Others,Driving accident,Dark,Wet/moist/slippery,2215,385748.0
11041,11041,200344,7,Marienfelde Nordost,2019,10,16,5,3,5,2,0,1,1,0,0,0,0,0.0,Tempelhof-Schöneberg,Accident with minor injuries,Collision with a turning/crossing vehicle,Turning accident,Daylight,Dry,1241,350984.0