,Unnamed: 0,object id,district,street,year,month,hour of day,weekday,category,accident type,accident type 2,light situation,bike involved,car involved,pedestrian involved,motor bike involved,big track involved,other vehicle involved,road condition,district name,category name,accident detail,accident type detail,light condition,road condition detail,accident count by district,est. population
11279,11279,200582,2,Viktoriapark,2019,10,11,7,3,0,7,0,1,1,0,0,0,0,0.0,Friedrichshain-Kreuzberg,Accident with minor injuries,Others,Others,Daylight,Dry,1381,290386.0
11280,11280,200583,7,Marienfelde Süd,2019,10,12,7,3,0,6,0,0,1,0,0,0,0,0.0,Tempelhof-Schöneberg,Accident with minor injuries,Others,Collision involving vehicles going in the same way,Daylight,Dry,1241,350984.0
11281,11281,200584,9,Elsenstraße,2019,10,19,7,2,5,2,2,0,1,0,1,0,0,0.0,Treptow-Köpenick,Accident with serious injuries,Collision with a turning/crossing vehicle,Turning accident,Dark,Dry,892,273689.0
11282,11282,200585,5,Zitadellenweg,2019,10,18,7,2,2,7,0,0,1,0,1,0,1,0.0,Spandau,Accident with serious injuries,Collision with the vehicle in front/waiting vehicle,Others,Daylight,Dry,798,245197.0
11283,11283,200586,1,Alexanderplatzviertel,2019,10,22,7,3,0,1,2,0,0,0,0,0,1,0.0,Mitte,Accident with minor injuries,Others,Driving accident,Dark,Dry,2215,385748.0
11284,11284,200587,8,Weiße Siedlung,2019,10,19,7,3,5,3,2,0,1,0,0,0,0,0.0,Neukölln,Accident with minor injuries,Collision with a turning/crossing vehicle,Turning/Crossing accident,Dark,Dry,934,329917.0
11285,11285,200588,6,Thermometersiedlung,2019,10,17,7,3,5,3,1,0,1,0,0,0,1,0.0,Steglitz-Zehlendorf,Accident with minor injuries,Collision with a turning/crossing vehicle,Turning/Crossing accident,Twilight,Dry,851,310071.0
11286,11286,200589,8,Glasower Straße,2019,10,17,7,2,6,4,1,0,1,1,0,0,0,1.0,Neukölln,Accident with serious injuries,Collision between vehicle and pedestrian,Pedestrian crossing accident,Twilight,Wet/moist/slippery,934,329917.0
11287,11287,200590,6,Mittelstraße,2019,10,16,7,3,2,2,0,0,1,0,0,0,0,0.0,Steglitz-Zehlendorf,Accident with minor injuries,Collision with the vehicle in front/waiting vehicle,Turning accident,Daylight,Dry,851,310071.0
11288,11288,200591,1,Elberfelder Straße,2019,10,16,7,3,3,6,0,0,1,0,1,0,0,0.0,Mitte,Accident with minor injuries,Collision with a vehicle traveling laterally in the same direction,Collision involving vehicles going in the same way,Daylight,Dry,2215,385748.0
11289,11289,200592,5,Rohrdamm,2019,10,15,7,3,5,2,0,0,1,0,0,0,0,0.0,Spandau,Accident with minor injuries,Collision with a turning/crossing vehicle,Turning accident,Daylight,Dry,798,245197.0
11290,11290,200593,2,Oranienplatz,2019,10,15,7,3,5,3,0,1,1,0,0,0,0,0.0,Friedrichshain-Kreuzberg,Accident with minor injuries,Collision with a turning/crossing vehicle,Turning/Crossing accident,Daylight,Dry,1381,290386.0
11291,11291,200594,7,Wittenbergplatz/Viktoria-Luise-Platz,2019,10,16,7,2,0,1,0,0,0,0,0,0,1,1.0,Tempelhof-Schöneberg,Accident with serious injuries,Others,Driving accident,Daylight,Wet/moist/slippery,1241,350984.0
11292,11292,200595,4,Breitscheidplatz,2019,10,8,5,3,5,2,0,0,1,0,0,0,0,0.0,Charlottenburg-Wilmersdorf,Accident with minor injuries,Collision with a turning/crossing vehicle,Turning accident,Daylight,Dry,1727,343592.0
11293,11293,200596,5,Hakenfelde Nord,2019,10,14,7,3,6,4,0,0,1,1,0,0,0,0.0,Spandau,Accident with minor injuries,Collision between vehicle and pedestrian,Pedestrian crossing accident,Daylight,Dry,798,245197.0
11294,11294,200597,11,Malchower Weg,2019,10,19,5,3,6,4,2,0,0,1,0,0,1,0.0,Lichtenberg,Accident with minor injuries,Collision between vehicle and pedestrian,Pedestrian crossing accident,Dark,Dry,679,294201.0
11295,11295,200598,1,Oranienburger Straße,2019,10,14,7,3,1,5,0,1,1,0,0,0,0,0.0,Mitte,Accident with minor injuries,Collision with a moving/standing/parked vehicle,Accident involving parked vehicles,Daylight,Dry,2215,385748.0
11296,11296,200599,8,Glasower Straße,2019,10,13,7,3,6,4,0,1,0,1,0,0,0,1.0,Neukölln,Accident with minor injuries,Collision between vehicle and pedestrian,Pedestrian crossing accident,Daylight,Wet/moist/slippery,934,329917.0
11297,11297,200600,11,Wartenberg Nord,2019,10,11,7,3,6,7,0,0,0,1,0,0,1,0.0,Lichtenberg,Accident with minor injuries,Collision between vehicle and pedestrian,Others,Daylight,Dry,679,294201.0
11298,11298,200601,2,Lausitzer Platz,2019,10,2,7,3,1,5,2,1,1,0,0,0,1,1.0,Friedrichshain-Kreuzberg,Accident with minor injuries,Collision with a moving/standing/parked vehicle,Accident involving parked vehicles,Dark,Wet/moist/slippery,1381,290386.0
11299,11299,200602,7,Nollendorfplatz,2019,10,18,6,3,5,2,2,1,0,0,1,0,0,1.0,Tempelhof-Schöneberg,Accident with minor injuries,Collision with a turning/crossing vehicle,Turning accident,Dark,Wet/moist/slippery,1241,350984.0
11300,11300,200603,7,Dennewitzplatz,2019,10,3,6,2,0,1,2,1,0,0,0,0,0,1.0,Tempelhof-Schöneberg,Accident with serious injuries,Others,Driving accident,Dark,Wet/moist/slippery,1241,350984.0
11301,11301,200604,8,Hertzbergplatz,2019,10,3,6,3,5,2,2,1,0,0,0,0,1,0.0,Neukölln,Accident with minor injuries,Collision with a turning/crossing vehicle,Turning accident,Dark,Dry,934,329917.0
11302,11302,200605,7,Nollendorfplatz,2019,10,11,6,3,5,2,0,1,1,0,0,0,0,0.0,Tempelhof-Schöneberg,Accident with minor injuries,Collision with a turning/crossing vehicle,Turning accident,Daylight,Dry,1241,350984.0
11303,11303,200606,7,Barbarossaplatz,2019,10,11,6,3,1,7,0,0,1,0,1,0,0,0.0,Tempelhof-Schöneberg,Accident with minor injuries,Collision with a moving/standing/parked vehicle,Others,Daylight,Dry,1241,350984.0
11304,11304,200607,3,Buchholz,2019,10,8,5,3,5,3,0,1,0,0,0,0,1,1.0,Pankow,Accident with minor injuries,Collision with a turning/crossing vehicle,Turning/Crossing accident,Daylight,Wet/moist/slippery,1219,409335.0
11305,11305,200608,4,Droysenstraße,2019,10,11,6,3,6,7,0,0,1,1,0,0,0,0.0,Charlottenburg-Wilmersdorf,Accident with minor injuries,Collision between vehicle and pedestrian,Others,Daylight,Dry,1727,343592.0
11306,11306,200609,4,Schloßstraße,2019,10,19,5,3,1,5,2,1,1,0,0,0,0,0.0,Charlottenburg-Wilmersdorf,Accident with minor injuries,Collision with a moving/standing/parked vehicle,Accident involving parked vehicles,Dark,Dry,1727,343592.0
11307,11307,200610,11,Falkenberg West,2019,10,11,6,3,5,3,0,0,1,0,0,0,1,0.0,Lichtenberg,Accident with minor injuries,Collision with a turning/crossing vehicle,Turning/Crossing accident,Daylight,Dry,679,294201.0
11308,11308,200611,2,Viktoriapark,2019,10,12,6,3,5,3,0,1,0,0,0,0,0,0.0,Friedrichshain-Kreuzberg,Accident with minor injuries,Collision with a turning/crossing vehicle,Turning/Crossing accident,Daylight,Dry,1381,290386.0
11309,11309,200612,2,Friedenstraße,2019,10,12,6,3,5,2,0,0,0,0,0,1,1,0.0,Friedrichshain-Kreuzberg,Accident with minor injuries,Collision with a turning/crossing vehicle,Turning accident,Daylight,Dry,1381,290386.0
11310,11310,200613,8,Parchimer Allee,2019,10,12,6,3,5,2,0,0,0,0,0,1,1,0.0,Neukölln,Accident with minor injuries,Collision with a turning/crossing vehicle,Turning accident,Daylight,Dry,934,329917.0
11311,11311,200614,11,Falkenberg West,2019,10,10,6,3,0,4,0,0,0,1,0,0,1,1.0,Lichtenberg,Accident with minor injuries,Others,Pedestrian crossing accident,Daylight,Wet/moist/slippery,679,294201.0
11312,11312,200615,4,Messegelände,2019,10,10,6,3,3,2,0,0,1,0,0,1,0,0.0,Charlottenburg-Wilmersdorf,Accident with minor injuries,Collision with a vehicle traveling laterally in the same direction,Turning accident,Daylight,Dry,1727,343592.0
11313,11313,200616,1,Lüneburger Straße,2019,10,10,6,3,2,6,0,1,1,0,0,0,0,1.0,Mitte,Accident with minor injuries,Collision with the vehicle in front/waiting vehicle,Collision involving vehicles going in the same way,Daylight,Wet/moist/slippery,2215,385748.0
11314,11314,200617,4,Schaperstraße,2019,10,9,6,3,0,1,0,0,0,0,1,0,0,1.0,Charlottenburg-Wilmersdorf,Accident with minor injuries,Others,Driving accident,Daylight,Wet/moist/slippery,1727,343592.0
11315,11315,200618,1,Humboldthain Süd,2019,10,9,6,2,5,3,0,1,1,0,0,0,0,1.0,Mitte,Accident with serious injuries,Collision with a turning/crossing vehicle,Turning/Crossing accident,Daylight,Wet/moist/slippery,2215,385748.0
11316,11316,200619,2,Askanischer Platz,2019,10,5,5,3,9,1,1,0,1,0,0,0,0,0.0,Friedrichshain-Kreuzberg,Accident with minor injuries,Departure from the roadway to the left,Driving accident,Twilight,Dry,1381,290386.0
11317,11317,200620,2,Andreasviertel,2019,10,8,6,3,1,5,0,1,1,0,0,0,0,0.0,Friedrichshain-Kreuzberg,Accident with minor injuries,Collision with a moving/standing/parked vehicle,Accident involving parked vehicles,Daylight,Dry,1381,290386.0
11318,11318,200621,5,Magistratsweg,2019,10,7,5,3,2,6,0,0,1,0,0,0,1,0.0,Spandau,Accident with minor injuries,Collision with the vehicle in front/waiting vehicle,Collision involving vehicles going in the same way,Daylight,Dry,798,245197.0
11319,11319,200622,7,Rathaus Tempelhof,2019,10,8,6,3,5,2,0,0,1,0,0,1,0,1.0,Tempelhof-Schöneberg,Accident with minor injuries,Collision with a turning/crossing vehicle,Turning accident,Daylight,Wet/moist/slippery,1241,350984.0
11320,11320,200623,4,Babelsberger Straße,2019,10,8,6,3,2,7,0,0,0,0,1,1,0,1.0,Charlottenburg-Wilmersdorf,Accident with minor injuries,Collision with the vehicle in front/waiting vehicle,Others,Daylight,Wet/moist/slippery,1727,343592.0
11321,11321,200624,11,Rüdigerstraße,2019,10,7,5,3,2,7,0,0,1,0,0,1,0,1.0,Lichtenberg,Accident with minor injuries,Collision with the vehicle in front/waiting vehicle,Others,Daylight,Wet/moist/slippery,679,294201.0
11322,11322,200625,4,George-Grosz-Platz,2019,10,7,6,3,5,3,0,1,1,0,0,0,0,1.0,Charlottenburg-Wilmersdorf,Accident with minor injuries,Collision with a turning/crossing vehicle,Turning/Crossing accident,Daylight,Wet/moist/slippery,1727,343592.0
11323,11323,200626,11,Landsberger Allee,2019,10,6,6,3,5,3,1,0,1,0,0,0,1,1.0,Lichtenberg,Accident with minor injuries,Collision with a turning/crossing vehicle,Turning/Crossing accident,Twilight,Wet/moist/slippery,679,294201.0
11324,11324,200627,1,Rehberge,2019,10,6,6,3,2,7,2,0,1,0,0,0,0,1.0,Mitte,Accident with minor injuries,Collision with the vehicle in front/waiting vehicle,Others,Dark,Wet/moist/slippery,2215,385748.0
11325,11325,200628,11,Weitlingstraße,2019,10,11,5,3,5,3,0,0,1,0,0,0,0,1.0,Lichtenberg,Accident with minor injuries,Collision with a turning/crossing vehicle,Turning/Crossing accident,Daylight,Wet/moist/slippery,679,294201.0
11326,11326,200629,12,Schorfheidestraße,2019,10,0,6,2,6,4,2,0,1,1,0,0,0,1.0,Reinickendorf,Accident with serious injuries,Collision between vehicle and pedestrian,Pedestrian crossing accident,Dark,Wet/moist/slippery,867,266408.0
11327,11327,200630,1,Karl-Marx-Allee,2019,10,19,6,3,6,4,2,1,0,1,0,0,0,1.0,Mitte,Accident with minor injuries,Collision between vehicle and pedestrian,Pedestrian crossing accident,Dark,Wet/moist/slippery,2215,385748.0
11328,11328,200631,3,Pankow Süd,2019,10,19,6,3,5,3,2,1,1,0,0,0,0,1.0,Pankow,Accident with minor injuries,Collision with a turning/crossing vehicle,Turning/Crossing accident,Dark,Wet/moist/slippery,1219,409335.0
11329,11329,200632,6,Fischtal,2019,10,19,6,3,5,3,2,0,1,0,0,0,0,1.0,Steglitz-Zehlendorf,Accident with minor injuries,Collision with a turning/crossing vehicle,Turning/Crossing accident,Dark,Wet/moist/slippery,851,310071.0
11330,11330,200633,3,Greifswalder Straße,2019,10,17,6,3,5,3,1,1,1,0,0,0,0,0.0,Pankow,Accident with minor injuries,Collision with a turning/crossing vehicle,Turning/Crossing accident,Twilight,Dry,1219,409335.0
11331,11331,200634,11,Herzbergstraße,2019,10,17,6,3,6,4,0,0,1,1,0,0,0,0.0,Lichtenberg,Accident with minor injuries,Collision between vehicle and pedestrian,Pedestrian crossing accident,Daylight,Dry,679,294201.0
11332,11332,200635,2,Andreasviertel,2019,10,22,6,3,5,2,2,1,1,0,0,0,0,1.0,Friedrichshain-Kreuzberg,Accident with minor injuries,Collision with a turning/crossing vehicle,Turning accident,Dark,Wet/moist/slippery,1381,290386.0
11333,11333,200636,5,Adamstraße,2019,10,2,5,2,6,4,2,0,0,1,0,0,1,1.0,Spandau,Accident with serious injuries,Collision between vehicle and pedestrian,Pedestrian crossing accident,Dark,Wet/moist/slippery,798,245197.0
11334,11334,200637,2,Graefekiez,2019,10,21,6,3,0,2,2,0,1,0,1,0,0,1.0,Friedrichshain-Kreuzberg,Accident with minor injuries,Others,Turning accident,Dark,Wet/moist/slippery,1381,290386.0
11335,11335,200638,1,Gesundbrunnen,2019,10,16,6,2,6,4,0,0,1,1,0,0,0,0.0,Mitte,Accident with serious injuries,Collision between vehicle and pedestrian,Pedestrian crossing accident,Daylight,Dry,2215,385748.0
11336,11336,200639,2,Neu-Tempelhof,2019,10,13,5,3,2,6,0,0,1,0,1,0,0,0.0,Friedrichshain-Kreuzberg,Accident with minor injuries,Collision with the vehicle in front/waiting vehicle,Collision involving vehicles going in the same way,Daylight,Dry,1381,290386.0
11337,11337,200640,6,Lankwitz Kirche,2019,10,16,6,3,0,7,0,0,0,0,1,0,1,1.0,Steglitz-Zehlendorf,Accident with minor injuries,Others,Others,Daylight,Wet/moist/slippery,851,310071.0
11338,11338,200641,3,Teutoburger Platz,2019,10,16,6,3,5,2,0,1,1,0,1,0,0,0.0,Pankow,Accident with minor injuries,Collision with a turning/crossing vehicle,Turning accident,Daylight,Dry,1219,409335.0
11339,11339,200642,2,Wriezener Bahnhof/Entwicklungsgebiet,2019,10,20,6,3,5,2,2,1,1,0,0,0,0,1.0,Friedrichshain-Kreuzberg,Accident with minor injuries,Collision with a turning/crossing vehicle,Turning accident,Dark,Wet/moist/slippery,1381,290386.0
11340,11340,200643,12,Heiligensee,2019,10,11,5,3,5,7,0,1,1,0,0,0,0,1.0,Reinickendorf,Accident with minor injuries,Collision with a turning/crossing vehicle,Others,Daylight,Wet/moist/slippery,867,266408.0
11341,11341,200644,1,Soldiner Straße,2019,10,15,6,3,2,6,0,0,1,0,0,0,0,0.0,Mitte,Accident with minor injuries,Collision with the vehicle in front/waiting vehicle,Collision involving vehicles going in the same way,Daylight,Dry,2215,385748.0
11342,11342,200645,10,Biesdorf Süd,2019,10,14,6,3,5,3,0,0,1,0,1,0,0,0.0,Marzahn-Hellersdorf,Accident with minor injuries,Collision with a turning/crossing vehicle,Turning/Crossing accident,Daylight,Dry,586,269967.0
11343,11343,200646,6,Schloßstraße,2019,10,20,6,3,2,6,2,0,1,0,0,0,0,1.0,Steglitz-Zehlendorf,Accident with minor injuries,Collision with the vehicle in front/waiting vehicle,Collision involving vehicles going in the same way,Dark,Wet/moist/slippery,851,310071.0
11344,11344,200647,1,Nördlicher Landwehrkanal,2019,10,10,5,3,1,5,0,1,1,0,0,0,1,0.0,Mitte,Accident with minor injuries,Collision with a moving/standing/parked vehicle,Accident involving parked vehicles,Daylight,Dry,2215,385748.0
11345,11345,200648,9,Köpenick Nord,2019,10,20,6,3,0,1,2,1,0,0,0,0,0,1.0,Treptow-Köpenick,Accident with minor injuries,Others,Driving accident,Dark,Wet/moist/slippery,892,273689.0
11346,11346,200649,2,Boxhagener Platz,2019,10,19,6,2,0,1,2,0,0,0,1,0,1,1.0,Friedrichshain-Kreuzberg,Accident with serious injuries,Others,Driving accident,Dark,Wet/moist/slippery,1381,290386.0
11347,11347,200650,11,Sewanstraße,2019,10,14,6,3,6,2,0,0,1,1,0,0,0,0.0,Lichtenberg,Accident with minor injuries,Collision between vehicle and pedestrian,Turning accident,Daylight,Dry,679,294201.0
11348,11348,200651,6,Schloßstraße,2019,10,18,5,3,5,3,1,0,1,0,0,0,0,1.0,Steglitz-Zehlendorf,Accident with minor injuries,Collision with a turning/crossing vehicle,Turning/Crossing accident,Twilight,Wet/moist/slippery,851,310071.0
11349,11349,200652,6,Lankwitz Kirche,2019,10,14,6,3,5,3,0,1,1,0,0,0,0,0.0,Steglitz-Zehlendorf,Accident with minor injuries,Collision with a turning/crossing vehicle,Turning/Crossing accident,Daylight,Dry,851,310071.0
11350,11350,200653,10,Böhlener Straße,2019,10,14,6,3,5,3,0,1,1,0,0,0,0,0.0,Marzahn-Hellersdorf,Accident with minor injuries,Collision with a turning/crossing vehicle,Turning/Crossing accident,Daylight,Dry,586,269967.0
11351,11351,200654,6,Lichterfelde West,2019,10,9,4,1,6,4,0,0,0,1,0,1,0,1.0,Steglitz-Zehlendorf,Accident with fatalities,Collision between vehicle and pedestrian,Pedestrian crossing accident,Daylight,Wet/moist/slippery,851,310071.0
11352,11352,200655,8,Gropiusstadt Ost,2019,10,19,6,3,2,3,2,1,1,0,0,0,0,1.0,Neukölln,Accident with minor injuries,Collision with the vehicle in front/waiting vehicle,Turning/Crossing accident,Dark,Wet/moist/slippery,934,329917.0
11353,11353,200656,9,Grünau,2019,10,15,4,3,5,3,0,0,1,0,0,0,0,1.0,Treptow-Köpenick,Accident with minor injuries,Collision with a turning/crossing vehicle,Turning/Crossing accident,Daylight,Wet/moist/slippery,892,273689.0
11354,11354,200657,12,Hermsdorf,2019,10,6,4,3,3,6,1,1,1,0,0,0,0,1.0,Reinickendorf,Accident with minor injuries,Collision with a vehicle traveling laterally in the same direction,Collision involving vehicles going in the same way,Twilight,Wet/moist/slippery,867,266408.0
11355,11355,200658,3,Erich-Weinert-Straße,2019,10,9,6,3,2,6,0,0,1,0,0,0,0,0.0,Pankow,Accident with minor injuries,Collision with the vehicle in front/waiting vehicle,Collision involving vehicles going in the same way,Daylight,Dry,1219,409335.0
11356,11356,200659,6,Oberhofer Platz,2019,10,18,5,3,5,3,0,0,1,0,0,0,1,0.0,Steglitz-Zehlendorf,Accident with minor injuries,Collision with a turning/crossing vehicle,Turning/Crossing accident,Daylight,Dry,851,310071.0
11357,11357,200660,1,Heine-Viertel West,2019,10,13,5,3,1,5,0,1,1,0,0,0,0,0.0,Mitte,Accident with minor injuries,Collision with a moving/standing/parked vehicle,Accident involving parked vehicles,Daylight,Dry,2215,385748.0
11358,11358,200661,1,Heidestraße,2019,10,17,4,3,5,2,0,1,1,0,0,0,0,0.0,Mitte,Accident with minor injuries,Collision with a turning/crossing vehicle,Turning accident,Daylight,Dry,2215,385748.0
11359,11359,200662,2,Hausburgviertel,2019,10,9,5,3,5,2,0,1,0,0,0,1,0,0.0,Friedrichshain-Kreuzberg,Accident with minor injuries,Collision with a turning/crossing vehicle,Turning accident,Daylight,Dry,1381,290386.0
11360,11360,200663,12,Mellerbogen,2019,10,16,4,3,5,3,0,0,1,0,0,0,0,1.0,Reinickendorf,Accident with minor injuries,Collision with a turning/crossing vehicle,Turning/Crossing accident,Daylight,Wet/moist/slippery,867,266408.0
11361,11361,200664,8,Rixdorf,2019,10,6,5,2,8,1,1,0,1,0,0,0,0,1.0,Neukölln,Accident with serious injuries,Departure from the roadway to the right,Driving accident,Twilight,Wet/moist/slippery,934,329917.0
11362,11362,200665,10,Wuhletalstraße,2019,10,1,5,2,5,2,2,1,0,0,0,0,1,1.0,Marzahn-Hellersdorf,Accident with serious injuries,Collision with a turning/crossing vehicle,Turning accident,Dark,Wet/moist/slippery,586,269967.0
11363,11363,200666,1,Leipziger Straße,2019,10,22,5,3,5,2,2,0,1,0,0,0,1,0.0,Mitte,Accident with minor injuries,Collision with a turning/crossing vehicle,Turning accident,Dark,Dry,2215,385748.0
11364,11364,200667,4,Reichsstraße,2019,10,16,4,3,5,3,0,0,1,0,0,0,0,1.0,Charlottenburg-Wilmersdorf,Accident with minor injuries,Collision with a turning/crossing vehicle,Turning/Crossing accident,Daylight,Wet/moist/slippery,1727,343592.0
11365,11365,200668,10,Marzahner Chaussee,2019,10,21,5,2,6,4,2,0,1,1,0,0,0,0.0,Marzahn-Hellersdorf,Accident with serious injuries,Collision between vehicle and pedestrian,Pedestrian crossing accident,Dark,Dry,586,269967.0
11366,11366,200669,1,Karl-Marx-Allee,2019,10,20,5,3,0,2,2,1,1,0,0,0,0,0.0,Mitte,Accident with minor injuries,Others,Turning accident,Dark,Dry,2215,385748.0
11367,11367,200670,4,Schaperstraße,2019,10,20,5,3,1,5,2,1,1,0,0,0,0,0.0,Charlottenburg-Wilmersdorf,Accident with minor injuries,Collision with a moving/standing/parked vehicle,Accident involving parked vehicles,Dark,Dry,1727,343592.0
11368,11368,200671,4,Eisenzahnstraße,2019,10,19,5,3,5,2,2,1,1,0,0,0,0,0.0,Charlottenburg-Wilmersdorf,Accident with minor injuries,Collision with a turning/crossing vehicle,Turning accident,Dark,Dry,1727,343592.0
11369,11369,200672,4,Ernst-Reuter-Platz,2019,10,15,5,3,2,6,0,0,1,0,1,0,0,0.0,Charlottenburg-Wilmersdorf,Accident with minor injuries,Collision with the vehicle in front/waiting vehicle,Collision involving vehicles going in the same way,Daylight,Dry,1727,343592.0
11370,11370,200673,2,Stralauer Kiez,2019,10,14,5,3,3,6,0,0,1,0,1,0,0,0.0,Friedrichshain-Kreuzberg,Accident with minor injuries,Collision with a vehicle traveling laterally in the same direction,Collision involving vehicles going in the same way,Daylight,Dry,1381,290386.0
11371,11371,200674,4,Breitscheidplatz,2019,10,12,5,3,5,7,0,1,1,0,0,0,0,0.0,Charlottenburg-Wilmersdorf,Accident with minor injuries,Collision with a turning/crossing vehicle,Others,Daylight,Dry,1727,343592.0
11372,11372,200675,8,Rollberg,2019,10,14,5,3,6,7,0,0,1,1,0,0,0,0.0,Neukölln,Accident with minor injuries,Collision between vehicle and pedestrian,Others,Daylight,Dry,934,329917.0
11373,11373,200676,11,Karlshorst Nord,2019,10,7,5,3,5,3,0,1,0,0,0,0,0,1.0,Lichtenberg,Accident with minor injuries,Collision with a turning/crossing vehicle,Turning/Crossing accident,Daylight,Wet/moist/slippery,679,294201.0
11374,11374,200677,1,Lützowstraße,2019,10,18,5,3,6,4,2,0,1,1,0,0,0,0.0,Mitte,Accident with minor injuries,Collision between vehicle and pedestrian,Pedestrian crossing accident,Dark,Dry,2215,385748.0
11375,11375,200678,5,Borkumer Straße,2019,10,7,5,3,3,5,0,0,1,0,0,1,0,0.0,Spandau,Accident with minor injuries,Collision with a vehicle traveling laterally in the same direction,Accident involving parked vehicles,Daylight,Dry,798,245197.0
11376,11376,200679,7,Dennewitzplatz,2019,10,18,5,2,5,2,2,1,1,0,0,0,0,0.0,Tempelhof-Schöneberg,Accident with serious injuries,Collision with a turning/crossing vehicle,Turning accident,Dark,Dry,1241,350984.0
11377,11377,200680,4,Wilhelmsaue,2019,10,17,5,3,5,2,0,1,1,0,0,0,0,0.0,Charlottenburg-Wilmersdorf,Accident with minor injuries,Collision with a turning/crossing vehicle,Turning accident,Daylight,Dry,1727,343592.0
11378,11378,200681,2,Urbanstraße,2019,10,21,5,2,3,6,2,1,1,0,0,0,0,1.0,Friedrichshain-Kreuzberg,Accident with serious injuries,Collision with a vehicle traveling laterally in the same direction,Collision involving vehicles going in the same way,Dark,Wet/moist/slippery,1381,290386.0
11379,11379,200682,1,Heine-Viertel Ost,2019,10,14,5,2,6,4,0,0,1,1,0,0,0,0.0,Mitte,Accident with serious injuries,Collision between vehicle and pedestrian,Pedestrian crossing accident,Daylight,Dry,2215,385748.0
11380,11380,200683,1,Heine-Viertel Ost,2019,10,17,5,3,5,2,0,1,1,0,0,0,0,0.0,Mitte,Accident with minor injuries,Collision with a turning/crossing vehicle,Turning accident,Daylight,Dry,2215,385748.0
11381,11381,200684,7,Marienfelde Süd,2019,10,13,5,3,0,4,0,0,0,1,0,0,1,0.0,Tempelhof-Schöneberg,Accident with minor injuries,Others,Pedestrian crossing accident,Daylight,Dry,1241,350984.0
11382,11382,200685,11,Rüdigerstraße,2019,10,16,5,2,5,7,0,0,1,0,0,0,1,0.0,Lichtenberg,Accident with serious injuries,Collision with a turning/crossing vehicle,Others,Daylight,Dry,679,294201.0
11383,11383,200686,6,Dahlem,2019,10,16,5,3,5,2,0,0,1,0,0,0,0,0.0,Steglitz-Zehlendorf,Accident with minor injuries,Collision with a turning/crossing vehicle,Turning accident,Daylight,Dry,851,310071.0
11384,11384,200687,4,Ernst-Reuter-Platz,2019,10,15,5,2,5,3,0,1,1,0,0,0,0,0.0,Charlottenburg-Wilmersdorf,Accident with serious injuries,Collision with a turning/crossing vehicle,Turning/Crossing accident,Daylight,Dry,1727,343592.0
11385,11385,200688,11,Victoriastadt,2019,10,16,4,3,4,5,1,0,1,0,0,1,0,1.0,Lichtenberg,Accident with minor injuries,Collision with oncoming vehicle,Accident involving parked vehicles,Twilight,Wet/moist/slippery,679,294201.0
11386,11386,200689,9,Wohngebiet II,2019,10,15,5,2,6,4,0,1,0,1,0,0,0,0.0,Treptow-Köpenick,Accident with serious injuries,Collision between vehicle and pedestrian,Pedestrian crossing accident,Daylight,Dry,892,273689.0
11387,11387,200690,3,Alt-Karow,2019,10,13,5,3,5,3,0,1,1,0,0,0,0,0.0,Pankow,Accident with minor injuries,Collision with a turning/crossing vehicle,Turning/Crossing accident,Daylight,Dry,1219,409335.0
11388,11388,200691,9,Am Treptower Park Süd,2019,10,15,5,2,6,7,0,0,1,1,0,0,0,0.0,Treptow-Köpenick,Accident with serious injuries,Collision between vehicle and pedestrian,Others,Daylight,Dry,892,273689.0
11389,11389,200692,4,Savignyplatz,2019,10,15,5,2,3,6,0,1,1,0,0,0,0,0.0,Charlottenburg-Wilmersdorf,Accident with serious injuries,Collision with a vehicle traveling laterally in the same direction,Collision involving vehicles going in the same way,Daylight,Dry,1727,343592.0
11390,11390,200693,10,Marzahner Chaussee,2019,10,10,5,3,3,6,0,0,1,0,0,1,0,0.0,Marzahn-Hellersdorf,Accident with minor injuries,Collision with a vehicle traveling laterally in the same direction,Collision involving vehicles going in the same way,Daylight,Dry,586,269967.0
11391,11391,200694,4,Flinsberger Platz,2019,10,16,4,3,5,2,0,1,1,0,0,0,0,1.0,Charlottenburg-Wilmersdorf,Accident with minor injuries,Collision with a turning/crossing vehicle,Turning accident,Daylight,Wet/moist/slippery,1727,343592.0
11392,11392,200695,9,Köpenicker Landstraße,2019,10,6,5,3,5,7,2,0,1,0,0,0,0,1.0,Treptow-Köpenick,Accident with minor injuries,Collision with a turning/crossing vehicle,Others,Dark,Wet/moist/slippery,892,273689.0
11393,11393,200696,4,Ernst-Reuter-Platz,2019,10,8,2,3,6,4,0,0,1,1,0,0,0,0.0,Charlottenburg-Wilmersdorf,Accident with minor injuries,Collision between vehicle and pedestrian,Pedestrian crossing accident,Daylight,Dry,1727,343592.0
11394,11394,200697,1,Schillerpark,2019,10,23,5,3,1,5,2,0,1,0,0,1,0,0.0,Mitte,Accident with minor injuries,Collision with a moving/standing/parked vehicle,Accident involving parked vehicles,Dark,Dry,2215,385748.0
11395,11395,200698,12,Teichstraße,2019,11,15,7,3,5,7,0,0,1,0,0,0,0,1.0,Reinickendorf,Accident with minor injuries,Collision with a turning/crossing vehicle,Others,Daylight,Wet/moist/slippery,867,266408.0
11396,11396,200699,12,Wittenau Süd,2019,10,21,7,2,4,6,2,0,1,0,0,0,0,0.0,Reinickendorf,Accident with serious injuries,Collision with oncoming vehicle,Collision involving vehicles going in the same way,Dark,Dry,867,266408.0