,Unnamed: 0,object id,district,street,year,month,hour of day,weekday,category,accident type,accident type 2,light situation,bike involved,car involved,pedestrian involved,motor bike involved,big track involved,other vehicle involved,road condition,district name,category name,accident detail,accident type detail,light condition,road condition detail,accident count by district,est. population
11397,11397,200700,2,Viktoriapark,2019,10,0,3,3,0,3,2,1,0,0,1,0,0,1.0,Friedrichshain-Kreuzberg,Accident with minor injuries,Others,Turning/Crossing accident,Dark,Wet/moist/slippery,1381,290386.0
11398,11398,200701,3,Behaimstraße,2019,11,10,6,3,5,7,0,1,1,0,0,0,0,0.0,Pankow,Accident with minor injuries,Collision with a turning/crossing vehicle,Others,Daylight,Dry,1219,409335.0
11399,11399,200702,2,Viktoriapark,2019,10,14,6,3,1,5,0,0,1,0,1,0,0,0.0,Friedrichshain-Kreuzberg,Accident with minor injuries,Collision with a moving/standing/parked vehicle,Accident involving parked vehicles,Daylight,Dry,1381,290386.0
11400,11400,200703,12,Lübarser Straße,2019,10,17,2,2,6,2,2,0,1,1,0,0,0,1.0,Reinickendorf,Accident with serious injuries,Collision between vehicle and pedestrian,Turning accident,Dark,Wet/moist/slippery,867,266408.0
11401,11401,200704,1,Großer Tiergarten,2019,10,12,5,3,3,6,0,0,1,0,1,0,0,0.0,Mitte,Accident with minor injuries,Collision with a vehicle traveling laterally in the same direction,Collision involving vehicles going in the same way,Daylight,Dry,2215,385748.0
11402,11402,200705,2,Moritzplatz,2019,10,1,1,2,5,3,2,0,1,0,0,0,0,0.0,Friedrichshain-Kreuzberg,Accident with serious injuries,Collision with a turning/crossing vehicle,Turning/Crossing accident,Dark,Dry,1381,290386.0
11403,11403,200706,4,Schaperstraße,2019,10,16,4,3,1,1,0,1,1,0,0,0,0,1.0,Charlottenburg-Wilmersdorf,Accident with minor injuries,Collision with a moving/standing/parked vehicle,Driving accident,Daylight,Wet/moist/slippery,1727,343592.0
11404,11404,200707,3,Buchholz,2019,11,18,6,3,5,2,2,1,1,0,0,0,0,0.0,Pankow,Accident with minor injuries,Collision with a turning/crossing vehicle,Turning accident,Dark,Dry,1219,409335.0
11405,11405,200708,3,Bötzowstraße,2019,10,0,7,2,0,1,2,0,0,0,0,0,1,0.0,Pankow,Accident with serious injuries,Others,Driving accident,Dark,Dry,1219,409335.0
11406,11406,200709,7,Hundsteinweg,2019,10,10,3,3,2,6,0,0,1,0,0,0,0,0.0,Tempelhof-Schöneberg,Accident with minor injuries,Collision with the vehicle in front/waiting vehicle,Collision involving vehicles going in the same way,Daylight,Dry,1241,350984.0
11407,11407,200710,6,Fischtal,2019,11,16,6,3,0,6,1,0,0,0,0,0,1,1.0,Steglitz-Zehlendorf,Accident with minor injuries,Others,Collision involving vehicles going in the same way,Twilight,Wet/moist/slippery,851,310071.0
11408,11408,200711,4,George-Grosz-Platz,2019,10,19,6,3,5,7,2,0,1,0,0,0,0,0.0,Charlottenburg-Wilmersdorf,Accident with minor injuries,Collision with a turning/crossing vehicle,Others,Dark,Dry,1727,343592.0
11409,11409,200712,4,Schloßstraße,2019,10,11,3,3,5,2,0,0,1,0,1,0,0,0.0,Charlottenburg-Wilmersdorf,Accident with minor injuries,Collision with a turning/crossing vehicle,Turning accident,Daylight,Dry,1727,343592.0
11410,11410,200713,5,Adamstraße,2019,11,9,6,3,2,6,0,0,1,0,1,0,0,0.0,Spandau,Accident with minor injuries,Collision with the vehicle in front/waiting vehicle,Collision involving vehicles going in the same way,Daylight,Dry,798,245197.0
11411,11411,200714,4,Savignyplatz,2019,10,23,6,3,1,5,2,1,1,0,0,0,1,0.0,Charlottenburg-Wilmersdorf,Accident with minor injuries,Collision with a moving/standing/parked vehicle,Accident involving parked vehicles,Dark,Dry,1727,343592.0
11412,11412,200715,4,Richard-Wagner-Straße,2019,10,16,2,3,2,6,1,0,1,0,0,0,0,1.0,Charlottenburg-Wilmersdorf,Accident with minor injuries,Collision with the vehicle in front/waiting vehicle,Collision involving vehicles going in the same way,Twilight,Wet/moist/slippery,1727,343592.0
11413,11413,200716,4,Park Ruhwald,2019,10,10,5,3,5,2,0,0,1,0,0,0,0,0.0,Charlottenburg-Wilmersdorf,Accident with minor injuries,Collision with a turning/crossing vehicle,Turning accident,Daylight,Dry,1727,343592.0
11414,11414,200717,12,Teichstraße,2019,10,18,1,3,1,5,2,0,1,0,0,0,0,0.0,Reinickendorf,Accident with minor injuries,Collision with a moving/standing/parked vehicle,Accident involving parked vehicles,Dark,Dry,867,266408.0
11415,11415,200718,4,Reichsstraße,2019,10,13,4,3,5,3,0,0,1,0,1,0,0,0.0,Charlottenburg-Wilmersdorf,Accident with minor injuries,Collision with a turning/crossing vehicle,Turning/Crossing accident,Daylight,Dry,1727,343592.0
11416,11416,200719,1,Emdener Straße,2019,11,20,6,2,6,4,2,0,1,1,0,0,0,1.0,Mitte,Accident with serious injuries,Collision between vehicle and pedestrian,Pedestrian crossing accident,Dark,Wet/moist/slippery,2215,385748.0
11417,11417,200720,2,Mehringplatz,2019,10,13,7,2,1,5,0,1,1,0,0,0,0,0.0,Friedrichshain-Kreuzberg,Accident with serious injuries,Collision with a moving/standing/parked vehicle,Accident involving parked vehicles,Daylight,Dry,1381,290386.0
11418,11418,200721,2,Viktoriapark,2019,10,7,3,3,0,7,1,0,0,0,1,0,0,1.0,Friedrichshain-Kreuzberg,Accident with minor injuries,Others,Others,Twilight,Wet/moist/slippery,1381,290386.0
11419,11419,200722,8,Gewerbegebiet Köllnische Heide,2019,10,10,6,3,2,6,0,0,1,0,0,1,0,0.0,Neukölln,Accident with minor injuries,Collision with the vehicle in front/waiting vehicle,Collision involving vehicles going in the same way,Daylight,Dry,934,329917.0
11420,11420,200723,10,Kaulsdorf Süd,2019,10,18,5,3,5,3,2,1,0,0,0,0,1,1.0,Marzahn-Hellersdorf,Accident with minor injuries,Collision with a turning/crossing vehicle,Turning/Crossing accident,Dark,Wet/moist/slippery,586,269967.0
11421,11421,200724,1,Schillerpark,2019,10,12,6,3,0,2,0,1,1,0,0,0,0,0.0,Mitte,Accident with minor injuries,Others,Turning accident,Daylight,Dry,2215,385748.0
11422,11422,200725,4,Eichkamp,2019,10,7,2,3,2,6,0,1,1,0,0,0,0,0.0,Charlottenburg-Wilmersdorf,Accident with minor injuries,Collision with the vehicle in front/waiting vehicle,Collision involving vehicles going in the same way,Daylight,Dry,1727,343592.0
11423,11423,200726,10,Springpfuhl,2019,10,18,5,3,6,4,2,0,1,1,0,0,0,0.0,Marzahn-Hellersdorf,Accident with minor injuries,Collision between vehicle and pedestrian,Pedestrian crossing accident,Dark,Dry,586,269967.0
11424,11424,200727,8,Frauenviertel,2019,11,21,7,3,6,2,2,0,1,1,0,0,0,1.0,Neukölln,Accident with minor injuries,Collision between vehicle and pedestrian,Turning accident,Dark,Wet/moist/slippery,934,329917.0
11425,11425,200728,1,Oranienburger Straße,2019,10,16,7,3,6,4,0,1,0,1,0,0,0,0.0,Mitte,Accident with minor injuries,Collision between vehicle and pedestrian,Pedestrian crossing accident,Daylight,Dry,2215,385748.0
11426,11426,200729,1,Westliche Müllerstraße,2019,10,18,2,2,0,1,2,0,0,0,1,0,0,1.0,Mitte,Accident with serious injuries,Others,Driving accident,Dark,Wet/moist/slippery,2215,385748.0
11427,11427,200730,8,Graefekiez,2019,10,19,5,3,6,4,2,0,1,1,0,0,0,0.0,Neukölln,Accident with minor injuries,Collision between vehicle and pedestrian,Pedestrian crossing accident,Dark,Dry,934,329917.0
11428,11428,200731,11,Herzbergstraße,2019,11,8,7,2,3,6,0,0,0,0,1,0,1,1.0,Lichtenberg,Accident with serious injuries,Collision with a vehicle traveling laterally in the same direction,Collision involving vehicles going in the same way,Daylight,Wet/moist/slippery,679,294201.0
11429,11429,200732,3,Buch,2019,10,17,7,3,2,4,2,0,1,1,0,0,0,0.0,Pankow,Accident with minor injuries,Collision with the vehicle in front/waiting vehicle,Pedestrian crossing accident,Dark,Dry,1219,409335.0
11430,11430,200733,1,Soldiner Straße,2019,10,10,4,3,2,2,0,0,1,0,0,0,0,0.0,Mitte,Accident with minor injuries,Collision with the vehicle in front/waiting vehicle,Turning accident,Daylight,Dry,2215,385748.0
11431,11431,200734,12,Wittenau Nord,2019,10,8,4,2,5,2,0,0,1,0,0,0,0,0.0,Reinickendorf,Accident with serious injuries,Collision with a turning/crossing vehicle,Turning accident,Daylight,Dry,867,266408.0
11432,11432,200735,1,Wilhelmstraße,2019,11,17,6,2,5,3,2,1,1,0,0,0,0,1.0,Mitte,Accident with serious injuries,Collision with a turning/crossing vehicle,Turning/Crossing accident,Dark,Wet/moist/slippery,2215,385748.0
11433,11433,200736,2,Mehringplatz,2019,10,18,6,3,1,5,2,1,1,0,0,0,0,0.0,Friedrichshain-Kreuzberg,Accident with minor injuries,Collision with a moving/standing/parked vehicle,Accident involving parked vehicles,Dark,Dry,1381,290386.0
11434,11434,200737,9,Dammvorstadt,2019,10,11,3,2,6,4,0,0,0,1,0,1,0,0.0,Treptow-Köpenick,Accident with serious injuries,Collision between vehicle and pedestrian,Pedestrian crossing accident,Daylight,Dry,892,273689.0
11435,11435,200738,1,Reinickendorfer Straße,2019,10,15,5,3,6,7,0,0,1,1,0,0,0,0.0,Mitte,Accident with minor injuries,Collision between vehicle and pedestrian,Others,Daylight,Dry,2215,385748.0
11436,11436,200739,3,Niederschönhausen,2019,10,12,6,3,2,6,0,0,1,0,0,0,0,0.0,Pankow,Accident with minor injuries,Collision with the vehicle in front/waiting vehicle,Collision involving vehicles going in the same way,Daylight,Dry,1219,409335.0
11437,11437,200740,11,Weitlingstraße,2019,10,8,2,3,6,4,0,0,1,1,0,0,0,0.0,Lichtenberg,Accident with minor injuries,Collision between vehicle and pedestrian,Pedestrian crossing accident,Daylight,Dry,679,294201.0
11438,11438,200741,8,Rollberg,2019,10,10,5,2,5,5,0,0,1,0,1,0,0,0.0,Neukölln,Accident with serious injuries,Collision with a turning/crossing vehicle,Accident involving parked vehicles,Daylight,Dry,934,329917.0
11439,11439,200742,3,Blankenfelde,2019,11,16,7,2,5,3,2,0,1,0,0,0,1,1.0,Pankow,Accident with serious injuries,Collision with a turning/crossing vehicle,Turning/Crossing accident,Dark,Wet/moist/slippery,1219,409335.0
11440,11440,200743,9,Oberschöneweide Ost,2019,10,15,7,3,0,6,0,0,0,0,1,0,1,0.0,Treptow-Köpenick,Accident with minor injuries,Others,Collision involving vehicles going in the same way,Daylight,Dry,892,273689.0
11441,11441,200744,7,Rathaus Tempelhof,2019,10,16,3,3,3,6,2,0,1,0,1,0,0,0.0,Tempelhof-Schöneberg,Accident with minor injuries,Collision with a vehicle traveling laterally in the same direction,Collision involving vehicles going in the same way,Dark,Dry,1241,350984.0
11442,11442,200745,1,Leipziger Straße,2019,11,12,6,3,2,2,0,0,1,0,0,0,0,0.0,Mitte,Accident with minor injuries,Collision with the vehicle in front/waiting vehicle,Turning accident,Daylight,Dry,2215,385748.0
11443,11443,200746,2,Askanischer Platz,2019,10,15,6,2,5,2,0,0,1,0,1,0,0,0.0,Friedrichshain-Kreuzberg,Accident with serious injuries,Collision with a turning/crossing vehicle,Turning accident,Daylight,Dry,1381,290386.0
11444,11444,200747,2,Urbanstraße,2019,10,18,2,3,2,6,2,0,1,0,0,0,0,1.0,Friedrichshain-Kreuzberg,Accident with minor injuries,Collision with the vehicle in front/waiting vehicle,Collision involving vehicles going in the same way,Dark,Wet/moist/slippery,1381,290386.0
11445,11445,200748,4,Bismarckallee,2019,10,7,4,3,1,6,0,0,1,0,0,0,1,0.0,Charlottenburg-Wilmersdorf,Accident with minor injuries,Collision with a moving/standing/parked vehicle,Collision involving vehicles going in the same way,Daylight,Dry,1727,343592.0
11446,11446,200749,9,Oberschöneweide West,2019,10,19,3,3,5,3,2,1,1,0,0,0,0,0.0,Treptow-Köpenick,Accident with minor injuries,Collision with a turning/crossing vehicle,Turning/Crossing accident,Dark,Dry,892,273689.0
11447,11447,200750,2,Mehringplatz,2019,11,14,6,3,5,3,0,1,1,0,0,0,0,0.0,Friedrichshain-Kreuzberg,Accident with minor injuries,Collision with a turning/crossing vehicle,Turning/Crossing accident,Daylight,Dry,1381,290386.0
11448,11448,200751,8,Weiße Siedlung,2019,10,16,6,3,5,2,0,1,1,0,0,0,0,0.0,Neukölln,Accident with minor injuries,Collision with a turning/crossing vehicle,Turning accident,Daylight,Dry,934,329917.0
11449,11449,200752,6,Oberhofer Platz,2019,10,13,2,3,0,2,0,1,1,0,0,0,0,1.0,Steglitz-Zehlendorf,Accident with minor injuries,Others,Turning accident,Daylight,Wet/moist/slippery,851,310071.0
11450,11450,200753,8,Donaustraße,2019,10,13,5,3,1,5,0,1,1,0,0,0,1,0.0,Neukölln,Accident with minor injuries,Collision with a moving/standing/parked vehicle,Accident involving parked vehicles,Daylight,Dry,934,329917.0
11451,11451,200754,1,Lüneburger Straße,2019,10,12,6,3,2,2,0,0,1,0,0,0,0,0.0,Mitte,Accident with minor injuries,Collision with the vehicle in front/waiting vehicle,Turning accident,Daylight,Dry,2215,385748.0
11452,11452,200755,4,Forst Grunewald,2019,10,20,2,1,0,7,2,0,1,0,0,0,0,1.0,Charlottenburg-Wilmersdorf,Accident with fatalities,Others,Others,Dark,Wet/moist/slippery,1727,343592.0
11453,11453,200756,8,Körnerpark,2019,10,14,5,1,6,7,0,0,0,1,0,1,0,0.0,Neukölln,Accident with fatalities,Collision between vehicle and pedestrian,Others,Daylight,Dry,934,329917.0
11454,11454,200757,5,Adamstraße,2019,11,14,7,3,1,5,0,0,1,0,0,0,0,1.0,Spandau,Accident with minor injuries,Collision with a moving/standing/parked vehicle,Accident involving parked vehicles,Daylight,Wet/moist/slippery,798,245197.0
11455,11455,200758,1,Gesundbrunnen,2019,10,21,7,3,1,5,2,0,1,0,0,0,1,0.0,Mitte,Accident with minor injuries,Collision with a moving/standing/parked vehicle,Accident involving parked vehicles,Dark,Dry,2215,385748.0
11456,11456,200759,2,Graefekiez,2019,10,12,3,3,5,2,0,1,1,0,0,0,0,0.0,Friedrichshain-Kreuzberg,Accident with minor injuries,Collision with a turning/crossing vehicle,Turning accident,Daylight,Dry,1381,290386.0
11457,11457,200760,11,Sewanstraße,2019,11,10,6,3,6,2,0,0,1,1,0,0,0,0.0,Lichtenberg,Accident with minor injuries,Collision between vehicle and pedestrian,Turning accident,Daylight,Dry,679,294201.0
11458,11458,200761,2,Lausitzer Platz,2019,10,14,6,3,1,5,0,0,1,0,0,0,0,0.0,Friedrichshain-Kreuzberg,Accident with minor injuries,Collision with a moving/standing/parked vehicle,Accident involving parked vehicles,Daylight,Dry,1381,290386.0
11459,11459,200762,8,Weiße Siedlung,2019,10,17,2,3,2,6,2,0,1,0,0,0,0,1.0,Neukölln,Accident with minor injuries,Collision with the vehicle in front/waiting vehicle,Collision involving vehicles going in the same way,Dark,Wet/moist/slippery,934,329917.0
11460,11460,200763,12,Breitkopfbecken,2019,10,7,5,3,2,6,0,0,1,0,0,0,0,0.0,Reinickendorf,Accident with minor injuries,Collision with the vehicle in front/waiting vehicle,Collision involving vehicles going in the same way,Daylight,Dry,867,266408.0
11461,11461,200764,2,Wrangelkiez,2019,10,4,1,3,1,5,2,0,1,0,0,0,0,0.0,Friedrichshain-Kreuzberg,Accident with minor injuries,Collision with a moving/standing/parked vehicle,Accident involving parked vehicles,Dark,Dry,1381,290386.0
11462,11462,200765,1,Unter den Linden Nord,2019,10,14,4,3,3,6,0,0,1,0,0,0,0,0.0,Mitte,Accident with minor injuries,Collision with a vehicle traveling laterally in the same direction,Collision involving vehicles going in the same way,Daylight,Dry,2215,385748.0
11463,11463,200766,2,Rathaus Yorckstraße,2019,10,12,5,3,0,5,0,1,1,0,0,0,0,0.0,Friedrichshain-Kreuzberg,Accident with minor injuries,Others,Accident involving parked vehicles,Daylight,Dry,1381,290386.0
11464,11464,200767,1,Heine-Viertel West,2019,10,11,6,3,0,5,0,1,1,0,0,0,0,0.0,Mitte,Accident with minor injuries,Others,Accident involving parked vehicles,Daylight,Dry,2215,385748.0
11465,11465,200768,9,Johannisthal West,2019,10,13,1,3,5,3,0,1,1,0,0,0,0,0.0,Treptow-Köpenick,Accident with minor injuries,Collision with a turning/crossing vehicle,Turning/Crossing accident,Daylight,Dry,892,273689.0
11466,11466,200769,1,Stülerstraße,2019,10,17,4,3,5,2,2,1,1,0,0,0,0,0.0,Mitte,Accident with minor injuries,Collision with a turning/crossing vehicle,Turning accident,Dark,Dry,2215,385748.0
11467,11467,200770,4,Schaperstraße,2019,11,19,6,3,5,2,2,1,1,0,0,0,0,1.0,Charlottenburg-Wilmersdorf,Accident with minor injuries,Collision with a turning/crossing vehicle,Turning accident,Dark,Wet/moist/slippery,1727,343592.0
11468,11468,200771,4,Nikolsburger Platz,2019,10,19,7,3,6,4,2,0,0,1,0,0,1,0.0,Charlottenburg-Wilmersdorf,Accident with minor injuries,Collision between vehicle and pedestrian,Pedestrian crossing accident,Dark,Dry,1727,343592.0
11469,11469,200772,5,Borkumer Straße,2019,10,10,3,3,5,3,0,0,1,0,1,0,0,0.0,Spandau,Accident with minor injuries,Collision with a turning/crossing vehicle,Turning/Crossing accident,Daylight,Dry,798,245197.0
11470,11470,200773,12,Schäfersee,2019,11,8,6,3,0,6,0,0,1,0,0,0,1,0.0,Reinickendorf,Accident with minor injuries,Others,Collision involving vehicles going in the same way,Daylight,Dry,867,266408.0
11471,11471,200774,3,Greifswalder Straße,2019,10,13,6,3,5,3,0,0,1,0,0,0,1,0.0,Pankow,Accident with minor injuries,Collision with a turning/crossing vehicle,Turning/Crossing accident,Daylight,Dry,1219,409335.0
11472,11472,200775,10,Havemannstraße,2019,10,16,2,2,6,4,0,0,1,1,0,0,0,0.0,Marzahn-Hellersdorf,Accident with serious injuries,Collision between vehicle and pedestrian,Pedestrian crossing accident,Daylight,Dry,586,269967.0
11473,11473,200776,8,Buckow West,2019,10,10,5,3,0,1,0,1,0,0,0,0,0,0.0,Neukölln,Accident with minor injuries,Others,Driving accident,Daylight,Dry,934,329917.0
11474,11474,200777,12,Reinickes Hof,2019,10,14,7,3,5,3,0,0,1,0,0,0,0,0.0,Reinickendorf,Accident with minor injuries,Collision with a turning/crossing vehicle,Turning/Crossing accident,Daylight,Dry,867,266408.0
11475,11475,200778,11,Herzbergstraße,2019,10,11,4,3,1,5,0,0,1,0,0,0,0,0.0,Lichtenberg,Accident with minor injuries,Collision with a moving/standing/parked vehicle,Accident involving parked vehicles,Daylight,Dry,679,294201.0
11476,11476,200779,4,Kaiserin-Augusta-Allee,2019,10,17,4,2,4,7,2,1,0,0,0,0,1,0.0,Charlottenburg-Wilmersdorf,Accident with serious injuries,Collision with oncoming vehicle,Others,Dark,Dry,1727,343592.0
11477,11477,200780,9,Kietzer Feld/Nachtheide,2019,11,18,6,2,5,2,2,0,1,0,1,0,0,0.0,Treptow-Köpenick,Accident with serious injuries,Collision with a turning/crossing vehicle,Turning accident,Dark,Dry,892,273689.0
11478,11478,200781,8,Parchimer Allee,2019,10,12,7,3,5,3,0,0,1,0,0,0,0,0.0,Neukölln,Accident with minor injuries,Collision with a turning/crossing vehicle,Turning/Crossing accident,Daylight,Dry,934,329917.0
11479,11479,200782,3,Pankow Süd,2019,10,17,3,2,0,7,2,1,0,0,0,0,0,0.0,Pankow,Accident with serious injuries,Others,Others,Dark,Dry,1219,409335.0
11480,11480,200783,4,Preußenpark,2019,11,18,6,3,5,3,2,1,1,0,0,0,0,1.0,Charlottenburg-Wilmersdorf,Accident with minor injuries,Collision with a turning/crossing vehicle,Turning/Crossing accident,Dark,Wet/moist/slippery,1727,343592.0
11481,11481,200784,2,Traveplatz,2019,10,1,7,3,5,3,2,1,1,0,0,0,0,0.0,Friedrichshain-Kreuzberg,Accident with minor injuries,Collision with a turning/crossing vehicle,Turning/Crossing accident,Dark,Dry,1381,290386.0
11482,11482,200785,5,Zitadellenweg,2019,10,6,3,3,5,2,1,1,1,0,0,0,0,0.0,Spandau,Accident with minor injuries,Collision with a turning/crossing vehicle,Turning accident,Twilight,Dry,798,245197.0
11483,11483,200786,3,Gustav-Adolf-Straße,2019,10,9,5,3,0,3,0,0,1,0,1,0,0,0.0,Pankow,Accident with minor injuries,Others,Turning/Crossing accident,Daylight,Dry,1219,409335.0
11484,11484,200787,4,Nikolsburger Platz,2019,10,13,6,3,5,2,0,0,1,0,1,0,0,0.0,Charlottenburg-Wilmersdorf,Accident with minor injuries,Collision with a turning/crossing vehicle,Turning accident,Daylight,Dry,1727,343592.0
11485,11485,200788,7,Fritz-Werner-Straße,2019,10,11,2,2,5,3,0,0,1,0,1,0,0,0.0,Tempelhof-Schöneberg,Accident with serious injuries,Collision with a turning/crossing vehicle,Turning/Crossing accident,Daylight,Dry,1241,350984.0
11486,11486,200789,7,Schöneberger Insel,2019,10,19,5,3,6,4,2,1,0,1,0,0,0,0.0,Tempelhof-Schöneberg,Accident with minor injuries,Collision between vehicle and pedestrian,Pedestrian crossing accident,Dark,Dry,1241,350984.0
11487,11487,200790,8,Waßmannsdorfer Chaussee,2019,11,8,7,3,5,3,0,0,1,0,1,0,0,1.0,Neukölln,Accident with minor injuries,Collision with a turning/crossing vehicle,Turning/Crossing accident,Daylight,Wet/moist/slippery,934,329917.0
11488,11488,200791,2,Samariterviertel,2019,10,17,7,3,5,2,2,1,1,0,0,0,0,0.0,Friedrichshain-Kreuzberg,Accident with minor injuries,Collision with a turning/crossing vehicle,Turning accident,Dark,Dry,1381,290386.0
11489,11489,200792,1,Unter den Linden Nord,2019,10,8,4,3,2,6,0,1,1,0,0,0,0,0.0,Mitte,Accident with minor injuries,Collision with the vehicle in front/waiting vehicle,Collision involving vehicles going in the same way,Daylight,Dry,2215,385748.0
11490,11490,200793,4,Hildegardstraße,2019,10,18,4,1,5,5,2,0,1,0,1,0,0,0.0,Charlottenburg-Wilmersdorf,Accident with fatalities,Collision with a turning/crossing vehicle,Accident involving parked vehicles,Dark,Dry,1727,343592.0
11491,11491,200794,7,Friedenau,2019,11,16,6,3,5,3,2,1,1,0,0,0,0,0.0,Tempelhof-Schöneberg,Accident with minor injuries,Collision with a turning/crossing vehicle,Turning/Crossing accident,Dark,Dry,1241,350984.0
11492,11492,200795,10,Marzahner Chaussee,2019,10,17,6,3,0,3,1,0,1,0,0,0,1,0.0,Marzahn-Hellersdorf,Accident with minor injuries,Others,Turning/Crossing accident,Twilight,Dry,586,269967.0
11493,11493,200796,12,Lübars,2019,10,14,3,3,6,2,0,0,1,1,0,0,0,0.0,Reinickendorf,Accident with minor injuries,Collision between vehicle and pedestrian,Turning accident,Daylight,Dry,867,266408.0
11494,11494,200797,1,Oranienburger Straße,2019,10,15,5,3,3,6,0,1,1,0,0,0,0,0.0,Mitte,Accident with minor injuries,Collision with a vehicle traveling laterally in the same direction,Collision involving vehicles going in the same way,Daylight,Dry,2215,385748.0
11495,11495,200798,4,Park Ruhwald,2019,10,11,6,3,5,7,0,0,1,0,0,0,0,0.0,Charlottenburg-Wilmersdorf,Accident with minor injuries,Collision with a turning/crossing vehicle,Others,Daylight,Dry,1727,343592.0
11496,11496,200799,6,Berlepschstraße,2019,10,8,2,3,5,3,0,1,1,0,0,0,0,0.0,Steglitz-Zehlendorf,Accident with minor injuries,Collision with a turning/crossing vehicle,Turning/Crossing accident,Daylight,Dry,851,310071.0
11497,11497,200800,4,Schlangenbader Straße,2019,10,9,5,3,6,2,0,0,0,1,1,0,0,0.0,Charlottenburg-Wilmersdorf,Accident with minor injuries,Collision between vehicle and pedestrian,Turning accident,Daylight,Dry,1727,343592.0
11498,11498,200801,4,Halensee,2019,10,17,5,3,1,5,1,1,1,0,0,0,0,0.0,Charlottenburg-Wilmersdorf,Accident with minor injuries,Collision with a moving/standing/parked vehicle,Accident involving parked vehicles,Twilight,Dry,1727,343592.0
11499,11499,200802,12,Scharnweberstraße,2019,10,9,6,3,6,2,0,0,1,1,0,0,0,0.0,Reinickendorf,Accident with minor injuries,Collision between vehicle and pedestrian,Turning accident,Daylight,Dry,867,266408.0
11500,11500,200803,11,Victoriastadt,2019,10,9,2,3,5,2,0,1,1,0,0,0,0,0.0,Lichtenberg,Accident with minor injuries,Collision with a turning/crossing vehicle,Turning accident,Daylight,Dry,679,294201.0
11501,11501,200804,6,Teltower Damm,2019,10,16,5,2,6,4,2,0,1,1,0,0,0,1.0,Steglitz-Zehlendorf,Accident with serious injuries,Collision between vehicle and pedestrian,Pedestrian crossing accident,Dark,Wet/moist/slippery,851,310071.0
11502,11502,200805,6,Lankwitz Kirche,2019,11,22,7,3,5,3,2,1,1,0,0,0,0,1.0,Steglitz-Zehlendorf,Accident with minor injuries,Collision with a turning/crossing vehicle,Turning/Crossing accident,Dark,Wet/moist/slippery,851,310071.0
11503,11503,200806,5,Gütersloher Weg,2019,10,16,7,3,2,6,0,1,1,0,0,0,0,0.0,Spandau,Accident with minor injuries,Collision with the vehicle in front/waiting vehicle,Collision involving vehicles going in the same way,Daylight,Dry,798,245197.0
11504,11504,200807,3,Bucher Forst,2019,10,5,4,3,6,6,2,0,1,1,0,0,0,0.0,Pankow,Accident with minor injuries,Collision between vehicle and pedestrian,Collision involving vehicles going in the same way,Dark,Dry,1219,409335.0
11505,11505,200808,8,Schulenburgpark,2019,10,17,3,3,6,4,2,0,0,1,1,0,0,0.0,Neukölln,Accident with minor injuries,Collision between vehicle and pedestrian,Pedestrian crossing accident,Dark,Dry,934,329917.0
11506,11506,200809,12,Schäfersee,2019,11,14,6,3,6,4,0,0,1,1,0,0,0,0.0,Reinickendorf,Accident with minor injuries,Collision between vehicle and pedestrian,Pedestrian crossing accident,Daylight,Dry,867,266408.0
11507,11507,200810,4,Königin-Elisabeth-Straße,2019,10,16,6,3,5,2,0,1,0,0,0,0,1,0.0,Charlottenburg-Wilmersdorf,Accident with minor injuries,Collision with a turning/crossing vehicle,Turning accident,Daylight,Dry,1727,343592.0
11508,11508,200811,12,Breitkopfbecken,2019,10,17,2,2,2,6,2,0,1,0,0,0,0,0.0,Reinickendorf,Accident with serious injuries,Collision with the vehicle in front/waiting vehicle,Collision involving vehicles going in the same way,Dark,Dry,867,266408.0
11509,11509,200812,1,Elberfelder Straße,2019,10,13,5,3,0,1,0,0,0,0,1,0,0,0.0,Mitte,Accident with minor injuries,Others,Driving accident,Daylight,Dry,2215,385748.0
11510,11510,200813,6,Gemeindepark Lankwitz,2019,10,8,6,3,2,6,0,0,1,0,0,0,0,0.0,Steglitz-Zehlendorf,Accident with minor injuries,Collision with the vehicle in front/waiting vehicle,Collision involving vehicles going in the same way,Daylight,Dry,851,310071.0
11511,11511,200814,12,Alt-Tegel,2019,10,17,1,3,2,6,2,0,1,0,0,0,0,0.0,Reinickendorf,Accident with minor injuries,Collision with the vehicle in front/waiting vehicle,Collision involving vehicles going in the same way,Dark,Dry,867,266408.0
11512,11512,200815,4,Binger Straße,2019,10,19,4,3,6,2,2,0,1,1,0,0,0,0.0,Charlottenburg-Wilmersdorf,Accident with minor injuries,Collision between vehicle and pedestrian,Turning accident,Dark,Dry,1727,343592.0
11513,11513,200816,12,Wittenau Süd,2019,11,17,6,3,5,3,1,0,1,0,0,0,0,1.0,Reinickendorf,Accident with minor injuries,Collision with a turning/crossing vehicle,Turning/Crossing accident,Twilight,Wet/moist/slippery,867,266408.0