,Unnamed: 0,object id,district,street,year,month,hour of day,weekday,category,accident type,accident type 2,light situation,bike involved,car involved,pedestrian involved,motor bike involved,big track involved,other vehicle involved,road condition,district name,category name,accident detail,accident type detail,light condition,road condition detail,accident count by district,est. population
11514,11514,200817,4,Ludwigkirchplatz,2019,10,14,7,3,0,7,0,0,0,0,0,0,1,0.0,Charlottenburg-Wilmersdorf,Accident with minor injuries,Others,Others,Daylight,Dry,1727,343592.0
11515,11515,200818,10,Gut Hellersdorf,2019,10,11,3,3,9,7,0,0,0,0,0,0,1,0.0,Marzahn-Hellersdorf,Accident with minor injuries,Departure from the roadway to the left,Others,Daylight,Dry,586,269967.0
11516,11516,200819,2,Stralauer Kiez,2019,11,10,6,3,2,2,0,0,1,0,0,0,0,0.0,Friedrichshain-Kreuzberg,Accident with minor injuries,Collision with the vehicle in front/waiting vehicle,Turning accident,Daylight,Dry,1381,290386.0
11517,11517,200820,2,Andreasviertel,2019,10,22,6,2,5,3,2,0,1,0,0,0,1,0.0,Friedrichshain-Kreuzberg,Accident with serious injuries,Collision with a turning/crossing vehicle,Turning/Crossing accident,Dark,Dry,1381,290386.0
11518,11518,200821,7,Nahariyastraße,2019,11,15,7,3,6,2,0,0,0,1,0,0,1,1.0,Tempelhof-Schöneberg,Accident with minor injuries,Collision between vehicle and pedestrian,Turning accident,Daylight,Wet/moist/slippery,1241,350984.0
11519,11519,200822,9,Köpenick Nord,2019,10,14,7,3,5,3,0,0,1,0,0,0,0,0.0,Treptow-Köpenick,Accident with minor injuries,Collision with a turning/crossing vehicle,Turning/Crossing accident,Daylight,Dry,892,273689.0
11520,11520,200823,7,Marienhöhe,2019,10,14,3,3,2,6,0,0,1,0,0,0,0,0.0,Tempelhof-Schöneberg,Accident with minor injuries,Collision with the vehicle in front/waiting vehicle,Collision involving vehicles going in the same way,Daylight,Dry,1241,350984.0
11521,11521,200824,8,Buschkrugallee Nord,2019,11,10,6,2,2,6,0,0,1,0,1,0,0,0.0,Neukölln,Accident with serious injuries,Collision with the vehicle in front/waiting vehicle,Collision involving vehicles going in the same way,Daylight,Dry,934,329917.0
11522,11522,200825,11,Fennpfuhl Ost,2019,10,15,6,3,0,2,0,0,1,0,0,0,1,0.0,Lichtenberg,Accident with minor injuries,Others,Turning accident,Daylight,Dry,679,294201.0
11523,11523,200826,4,Königin-Elisabeth-Straße,2019,10,18,2,3,5,3,2,0,1,0,0,0,0,1.0,Charlottenburg-Wilmersdorf,Accident with minor injuries,Collision with a turning/crossing vehicle,Turning/Crossing accident,Dark,Wet/moist/slippery,1727,343592.0
11524,11524,200827,2,Boxhagener Platz,2019,10,12,5,3,2,6,0,0,1,0,0,0,0,0.0,Friedrichshain-Kreuzberg,Accident with minor injuries,Collision with the vehicle in front/waiting vehicle,Collision involving vehicles going in the same way,Daylight,Dry,1381,290386.0
11525,11525,200828,2,Stralauer Kiez,2019,10,2,1,3,5,3,2,0,1,0,0,0,0,0.0,Friedrichshain-Kreuzberg,Accident with minor injuries,Collision with a turning/crossing vehicle,Turning/Crossing accident,Dark,Dry,1381,290386.0
11526,11526,200829,7,Grazer Platz,2019,10,16,4,3,5,2,0,0,1,0,1,0,0,0.0,Tempelhof-Schöneberg,Accident with minor injuries,Collision with a turning/crossing vehicle,Turning accident,Daylight,Dry,1241,350984.0
11527,11527,200830,12,Dannenwalder Weg,2019,11,18,6,3,6,2,2,0,1,1,0,0,0,1.0,Reinickendorf,Accident with minor injuries,Collision between vehicle and pedestrian,Turning accident,Dark,Wet/moist/slippery,867,266408.0
11528,11528,200831,4,Reichsstraße,2019,10,11,7,3,5,3,0,0,1,0,0,0,0,0.0,Charlottenburg-Wilmersdorf,Accident with minor injuries,Collision with a turning/crossing vehicle,Turning/Crossing accident,Daylight,Dry,1727,343592.0
11529,11529,200832,9,Adlershof West,2019,10,10,3,3,1,5,0,1,1,0,0,0,1,0.0,Treptow-Köpenick,Accident with minor injuries,Collision with a moving/standing/parked vehicle,Accident involving parked vehicles,Daylight,Dry,892,273689.0
11530,11530,200833,2,Wrangelkiez,2019,11,1,6,2,5,5,2,0,1,0,0,0,0,0.0,Friedrichshain-Kreuzberg,Accident with serious injuries,Collision with a turning/crossing vehicle,Accident involving parked vehicles,Dark,Dry,1381,290386.0
11531,11531,200834,2,Wrangelkiez,2019,10,19,6,3,5,7,2,1,1,0,0,0,0,0.0,Friedrichshain-Kreuzberg,Accident with minor injuries,Collision with a turning/crossing vehicle,Others,Dark,Dry,1381,290386.0
11532,11532,200835,1,Oranienburger Straße,2019,10,23,2,2,4,6,2,1,1,0,0,0,0,1.0,Mitte,Accident with serious injuries,Collision with oncoming vehicle,Collision involving vehicles going in the same way,Dark,Wet/moist/slippery,2215,385748.0
11533,11533,200836,8,Gropiusstadt Süd,2019,10,22,5,3,1,5,2,0,1,0,0,0,0,0.0,Neukölln,Accident with minor injuries,Collision with a moving/standing/parked vehicle,Accident involving parked vehicles,Dark,Dry,934,329917.0
11534,11534,200837,6,Lichterfelde West,2019,10,17,2,3,5,3,2,0,1,0,0,0,0,1.0,Steglitz-Zehlendorf,Accident with minor injuries,Collision with a turning/crossing vehicle,Turning/Crossing accident,Dark,Wet/moist/slippery,851,310071.0
11535,11535,200838,3,Humannplatz,2019,10,4,5,3,5,2,2,0,1,0,1,0,0,0.0,Pankow,Accident with minor injuries,Collision with a turning/crossing vehicle,Turning accident,Dark,Dry,1219,409335.0
11536,11536,200839,4,Eisenzahnstraße,2019,10,19,1,3,6,2,2,0,1,1,0,0,0,0.0,Charlottenburg-Wilmersdorf,Accident with minor injuries,Collision between vehicle and pedestrian,Turning accident,Dark,Dry,1727,343592.0
11537,11537,200840,12,Breitkopfbecken,2019,10,13,4,3,2,6,0,0,1,0,0,0,0,0.0,Reinickendorf,Accident with minor injuries,Collision with the vehicle in front/waiting vehicle,Collision involving vehicles going in the same way,Daylight,Dry,867,266408.0
11538,11538,200841,9,Dammvorstadt,2019,11,21,6,2,0,1,2,1,0,0,0,0,0,1.0,Treptow-Köpenick,Accident with serious injuries,Others,Driving accident,Dark,Wet/moist/slippery,892,273689.0
11539,11539,200842,6,Königsberger Straße,2019,10,13,7,3,0,1,0,1,0,0,0,0,0,0.0,Steglitz-Zehlendorf,Accident with minor injuries,Others,Driving accident,Daylight,Dry,851,310071.0
11540,11540,200843,3,Kollwitzplatz,2019,10,8,3,3,5,2,0,1,1,0,0,0,0,0.0,Pankow,Accident with minor injuries,Collision with a turning/crossing vehicle,Turning accident,Daylight,Dry,1219,409335.0
11541,11541,200844,1,Unter den Linden Nord,2019,10,17,5,3,5,3,2,1,1,0,0,0,0,0.0,Mitte,Accident with minor injuries,Collision with a turning/crossing vehicle,Turning/Crossing accident,Dark,Dry,2215,385748.0
11542,11542,200845,5,Borkumer Straße,2019,10,10,2,3,5,2,0,1,1,0,0,0,0,0.0,Spandau,Accident with minor injuries,Collision with a turning/crossing vehicle,Turning accident,Daylight,Dry,798,245197.0
11543,11543,200846,5,Magistratsweg,2019,10,18,5,3,6,4,2,0,1,1,0,0,0,0.0,Spandau,Accident with minor injuries,Collision between vehicle and pedestrian,Pedestrian crossing accident,Dark,Dry,798,245197.0
11544,11544,200847,1,Westliche Müllerstraße,2019,11,0,7,3,2,6,2,0,1,0,0,0,0,1.0,Mitte,Accident with minor injuries,Collision with the vehicle in front/waiting vehicle,Collision involving vehicles going in the same way,Dark,Wet/moist/slippery,2215,385748.0
11545,11545,200848,4,Schaperstraße,2019,10,17,7,3,5,3,1,1,1,0,0,0,0,0.0,Charlottenburg-Wilmersdorf,Accident with minor injuries,Collision with a turning/crossing vehicle,Turning/Crossing accident,Twilight,Dry,1727,343592.0
11546,11546,200849,4,Kaiserin-Augusta-Allee,2019,10,8,4,3,2,6,0,0,1,0,0,0,1,0.0,Charlottenburg-Wilmersdorf,Accident with minor injuries,Collision with the vehicle in front/waiting vehicle,Collision involving vehicles going in the same way,Daylight,Dry,1727,343592.0
11547,11547,200850,12,Waldidyll/Flughafensee,2019,10,19,3,3,5,2,2,1,1,0,0,0,0,0.0,Reinickendorf,Accident with minor injuries,Collision with a turning/crossing vehicle,Turning accident,Dark,Dry,867,266408.0
11548,11548,200851,12,Teichstraße,2019,11,16,6,3,1,5,0,0,1,0,0,0,0,0.0,Reinickendorf,Accident with minor injuries,Collision with a moving/standing/parked vehicle,Accident involving parked vehicles,Daylight,Dry,867,266408.0
11549,11549,200852,9,Köpenick Nord,2019,10,14,6,3,0,6,0,1,0,0,0,0,0,0.0,Treptow-Köpenick,Accident with minor injuries,Others,Collision involving vehicles going in the same way,Daylight,Dry,892,273689.0
11550,11550,200853,6,Lichterfelde Süd,2019,11,9,7,3,2,2,0,0,1,0,0,0,0,1.0,Steglitz-Zehlendorf,Accident with minor injuries,Collision with the vehicle in front/waiting vehicle,Turning accident,Daylight,Wet/moist/slippery,851,310071.0
11551,11551,200854,5,Staakener Straße,2019,10,17,7,3,0,7,1,1,1,0,0,0,0,0.0,Spandau,Accident with minor injuries,Others,Others,Twilight,Dry,798,245197.0
11552,11552,200855,6,Bismarckstraße,2019,10,10,4,3,5,3,0,0,1,0,0,0,0,0.0,Steglitz-Zehlendorf,Accident with minor injuries,Collision with a turning/crossing vehicle,Turning/Crossing accident,Daylight,Dry,851,310071.0
11553,11553,200856,1,Lüneburger Straße,2019,10,13,4,2,2,6,0,0,0,0,1,1,0,0.0,Mitte,Accident with serious injuries,Collision with the vehicle in front/waiting vehicle,Collision involving vehicles going in the same way,Daylight,Dry,2215,385748.0
11554,11554,200857,2,Andreasviertel,2019,11,21,6,3,5,3,2,1,1,0,0,0,0,1.0,Friedrichshain-Kreuzberg,Accident with minor injuries,Collision with a turning/crossing vehicle,Turning/Crossing accident,Dark,Wet/moist/slippery,1381,290386.0
11555,11555,200858,1,Unter den Linden Nord,2019,10,19,6,3,5,2,2,1,1,0,0,0,0,0.0,Mitte,Accident with minor injuries,Collision with a turning/crossing vehicle,Turning accident,Dark,Dry,2215,385748.0
11556,11556,200859,7,Manteuffelstraße,2019,10,12,3,2,5,3,0,1,0,0,1,0,0,0.0,Tempelhof-Schöneberg,Accident with serious injuries,Collision with a turning/crossing vehicle,Turning/Crossing accident,Daylight,Dry,1241,350984.0
11557,11557,200860,11,Fennpfuhl Ost,2019,10,15,5,3,0,2,1,0,1,0,0,0,1,0.0,Lichtenberg,Accident with minor injuries,Others,Turning accident,Twilight,Dry,679,294201.0
11558,11558,200861,4,Kaiserin-Augusta-Allee,2019,10,8,6,3,6,4,0,0,1,1,0,0,0,0.0,Charlottenburg-Wilmersdorf,Accident with minor injuries,Collision between vehicle and pedestrian,Pedestrian crossing accident,Daylight,Dry,1727,343592.0
11559,11559,200862,1,Humboldthain Nordwest,2019,10,8,2,3,5,3,0,1,1,0,0,0,0,0.0,Mitte,Accident with minor injuries,Collision with a turning/crossing vehicle,Turning/Crossing accident,Daylight,Dry,2215,385748.0
11560,11560,200863,1,Oranienburger Straße,2019,10,14,5,2,5,3,0,1,1,0,0,0,0,0.0,Mitte,Accident with serious injuries,Collision with a turning/crossing vehicle,Turning/Crossing accident,Daylight,Dry,2215,385748.0
11561,11561,200864,1,Sparrplatz,2019,11,17,7,3,2,2,2,0,1,0,0,0,0,1.0,Mitte,Accident with minor injuries,Collision with the vehicle in front/waiting vehicle,Turning accident,Dark,Wet/moist/slippery,2215,385748.0
11562,11562,200865,1,Rehberge,2019,10,15,7,3,2,6,0,0,1,0,0,0,0,0.0,Mitte,Accident with minor injuries,Collision with the vehicle in front/waiting vehicle,Collision involving vehicles going in the same way,Daylight,Dry,2215,385748.0
11563,11563,200866,11,Weiße Taube,2019,10,16,3,3,5,2,1,1,0,0,0,0,1,0.0,Lichtenberg,Accident with minor injuries,Collision with a turning/crossing vehicle,Turning accident,Twilight,Dry,679,294201.0
11564,11564,200867,4,Preußenpark,2019,11,13,6,3,5,3,0,1,1,0,0,0,0,0.0,Charlottenburg-Wilmersdorf,Accident with minor injuries,Collision with a turning/crossing vehicle,Turning/Crossing accident,Daylight,Dry,1727,343592.0
11565,11565,200868,8,Gropiusstadt Nord,2019,10,15,6,2,5,3,0,0,1,0,1,0,0,0.0,Neukölln,Accident with serious injuries,Collision with a turning/crossing vehicle,Turning/Crossing accident,Daylight,Dry,934,329917.0
11566,11566,200869,1,Unter den Linden Süd,2019,10,18,2,3,1,5,2,1,1,0,0,0,0,1.0,Mitte,Accident with minor injuries,Collision with a moving/standing/parked vehicle,Accident involving parked vehicles,Dark,Wet/moist/slippery,2215,385748.0
11567,11567,200870,9,Oberschöneweide West,2019,10,8,5,3,5,2,0,1,1,0,0,0,0,0.0,Treptow-Köpenick,Accident with minor injuries,Collision with a turning/crossing vehicle,Turning accident,Daylight,Dry,892,273689.0
11568,11568,200871,4,Hagenplatz,2019,10,8,6,3,5,2,0,1,1,0,0,0,0,0.0,Charlottenburg-Wilmersdorf,Accident with minor injuries,Collision with a turning/crossing vehicle,Turning accident,Daylight,Dry,1727,343592.0
11569,11569,200872,11,Victoriastadt,2019,10,13,1,3,2,6,0,1,1,0,0,0,0,0.0,Lichtenberg,Accident with minor injuries,Collision with the vehicle in front/waiting vehicle,Collision involving vehicles going in the same way,Daylight,Dry,679,294201.0
11570,11570,200873,3,Alt-Karow,2019,10,6,2,3,5,2,0,1,1,0,0,0,0,0.0,Pankow,Accident with minor injuries,Collision with a turning/crossing vehicle,Turning accident,Daylight,Dry,1219,409335.0
11571,11571,200874,3,Buch,2019,10,10,5,3,0,1,0,0,1,0,0,0,0,0.0,Pankow,Accident with minor injuries,Others,Driving accident,Daylight,Dry,1219,409335.0
11572,11572,200875,7,Neu-Tempelhof,2019,10,7,6,3,6,2,0,0,1,1,0,0,0,0.0,Tempelhof-Schöneberg,Accident with minor injuries,Collision between vehicle and pedestrian,Turning accident,Daylight,Dry,1241,350984.0
11573,11573,200876,5,Borkumer Straße,2019,10,5,2,3,2,6,1,0,1,0,0,0,0,0.0,Spandau,Accident with minor injuries,Collision with the vehicle in front/waiting vehicle,Collision involving vehicles going in the same way,Twilight,Dry,798,245197.0
11574,11574,200877,2,Mehringplatz,2019,10,19,5,3,1,5,2,1,0,0,0,0,1,0.0,Friedrichshain-Kreuzberg,Accident with minor injuries,Collision with a moving/standing/parked vehicle,Accident involving parked vehicles,Dark,Dry,1381,290386.0
11575,11575,200878,7,Schöneberger Insel,2019,11,15,7,3,6,4,0,0,1,1,0,0,0,1.0,Tempelhof-Schöneberg,Accident with minor injuries,Collision between vehicle and pedestrian,Pedestrian crossing accident,Daylight,Wet/moist/slippery,1241,350984.0
11576,11576,200879,7,Wittenbergplatz/Viktoria-Luise-Platz,2019,10,14,7,3,0,5,0,1,0,0,1,0,0,0.0,Tempelhof-Schöneberg,Accident with minor injuries,Others,Accident involving parked vehicles,Daylight,Dry,1241,350984.0
11577,11577,200880,3,Buchholz,2019,10,13,3,3,2,6,0,0,1,0,0,0,0,0.0,Pankow,Accident with minor injuries,Collision with the vehicle in front/waiting vehicle,Collision involving vehicles going in the same way,Daylight,Dry,1219,409335.0
11578,11578,200881,6,Fichtenberg,2019,11,10,6,3,2,6,0,0,1,0,0,0,0,0.0,Steglitz-Zehlendorf,Accident with minor injuries,Collision with the vehicle in front/waiting vehicle,Collision involving vehicles going in the same way,Daylight,Dry,851,310071.0
11579,11579,200882,5,Carl-Schurz-Straße,2019,10,15,6,2,0,2,0,0,1,0,0,0,1,0.0,Spandau,Accident with serious injuries,Others,Turning accident,Daylight,Dry,798,245197.0
11580,11580,200883,3,Teutoburger Platz,2019,10,17,2,3,5,3,2,0,1,0,0,0,0,1.0,Pankow,Accident with minor injuries,Collision with a turning/crossing vehicle,Turning/Crossing accident,Dark,Wet/moist/slippery,1219,409335.0
11581,11581,200884,6,Feuerbachstraße,2019,10,7,5,3,2,6,0,0,1,0,0,0,0,1.0,Steglitz-Zehlendorf,Accident with minor injuries,Collision with the vehicle in front/waiting vehicle,Collision involving vehicles going in the same way,Daylight,Wet/moist/slippery,851,310071.0
11582,11582,200885,2,Mehringplatz,2019,10,1,1,3,5,2,2,0,1,0,0,0,0,0.0,Friedrichshain-Kreuzberg,Accident with minor injuries,Collision with a turning/crossing vehicle,Turning accident,Dark,Dry,1381,290386.0
11583,11583,200886,9,Adlershof West,2019,10,15,4,3,5,2,0,0,1,0,0,0,0,0.0,Treptow-Köpenick,Accident with minor injuries,Collision with a turning/crossing vehicle,Turning accident,Daylight,Dry,892,273689.0
11584,11584,200887,7,Barbarossaplatz,2019,11,18,6,3,2,2,2,1,1,0,0,0,0,1.0,Tempelhof-Schöneberg,Accident with minor injuries,Collision with the vehicle in front/waiting vehicle,Turning accident,Dark,Wet/moist/slippery,1241,350984.0
11585,11585,200888,4,Bismarckallee,2019,10,0,7,2,1,5,2,1,1,0,0,0,0,0.0,Charlottenburg-Wilmersdorf,Accident with serious injuries,Collision with a moving/standing/parked vehicle,Accident involving parked vehicles,Dark,Dry,1727,343592.0
11586,11586,200889,4,Droysenstraße,2019,10,20,4,3,5,3,1,0,1,0,0,0,0,0.0,Charlottenburg-Wilmersdorf,Accident with minor injuries,Collision with a turning/crossing vehicle,Turning/Crossing accident,Twilight,Dry,1727,343592.0
11587,11587,200890,1,Humboldthain Nordwest,2019,11,20,6,3,5,3,2,0,1,0,0,0,0,1.0,Mitte,Accident with minor injuries,Collision with a turning/crossing vehicle,Turning/Crossing accident,Dark,Wet/moist/slippery,2215,385748.0
11588,11588,200891,7,Marienhöhe,2019,10,20,7,3,1,7,2,0,1,0,0,0,0,0.0,Tempelhof-Schöneberg,Accident with minor injuries,Collision with a moving/standing/parked vehicle,Others,Dark,Dry,1241,350984.0
11589,11589,200892,8,Buckow Mitte,2019,10,16,3,3,0,3,0,0,0,0,1,0,1,1.0,Neukölln,Accident with minor injuries,Others,Turning/Crossing accident,Daylight,Wet/moist/slippery,934,329917.0
11590,11590,200893,7,Kaiser-Wilhelm-Platz,2019,11,9,6,3,2,2,0,0,1,0,0,0,0,0.0,Tempelhof-Schöneberg,Accident with minor injuries,Collision with the vehicle in front/waiting vehicle,Turning accident,Daylight,Dry,1241,350984.0
11591,11591,200894,12,Scharnweberstraße,2019,10,14,6,3,5,7,0,0,1,0,1,0,0,0.0,Reinickendorf,Accident with minor injuries,Collision with a turning/crossing vehicle,Others,Daylight,Dry,867,266408.0
11592,11592,200895,8,Schillerpromenade,2019,10,16,2,3,3,6,0,0,1,0,1,0,0,0.0,Neukölln,Accident with minor injuries,Collision with a vehicle traveling laterally in the same direction,Collision involving vehicles going in the same way,Daylight,Dry,934,329917.0
11593,11593,200896,9,Baumschulenstraße,2019,10,10,5,3,3,6,0,0,1,0,0,0,0,0.0,Treptow-Köpenick,Accident with minor injuries,Collision with a vehicle traveling laterally in the same direction,Collision involving vehicles going in the same way,Daylight,Dry,892,273689.0
11594,11594,200897,8,Handwerker-Siedlung,2019,10,12,7,3,5,3,0,1,1,0,0,0,0,0.0,Neukölln,Accident with minor injuries,Collision with a turning/crossing vehicle,Turning/Crossing accident,Daylight,Dry,934,329917.0
11595,11595,200898,1,Oranienburger Straße,2019,10,12,4,3,6,4,0,0,1,1,0,0,0,0.0,Mitte,Accident with minor injuries,Collision between vehicle and pedestrian,Pedestrian crossing accident,Daylight,Dry,2215,385748.0
11596,11596,200899,9,Grünau,2019,10,17,4,2,0,6,2,0,0,0,1,0,1,0.0,Treptow-Köpenick,Accident with serious injuries,Others,Collision involving vehicles going in the same way,Dark,Dry,892,273689.0
11597,11597,200900,2,Wassertorplatz,2019,11,23,6,3,2,6,2,0,1,0,0,0,0,1.0,Friedrichshain-Kreuzberg,Accident with minor injuries,Collision with the vehicle in front/waiting vehicle,Collision involving vehicles going in the same way,Dark,Wet/moist/slippery,1381,290386.0
11598,11598,200901,10,Adele-Sandrock-Straße,2019,10,12,7,3,0,5,0,0,1,0,1,0,0,0.0,Marzahn-Hellersdorf,Accident with minor injuries,Others,Accident involving parked vehicles,Daylight,Dry,586,269967.0
11599,11599,200902,6,Krumme Lanke,2019,10,8,3,3,5,3,0,1,1,0,0,0,0,1.0,Steglitz-Zehlendorf,Accident with minor injuries,Collision with a turning/crossing vehicle,Turning/Crossing accident,Daylight,Wet/moist/slippery,851,310071.0
11600,11600,200903,4,Halensee,2019,10,17,5,3,6,4,2,0,1,1,0,0,0,0.0,Charlottenburg-Wilmersdorf,Accident with minor injuries,Collision between vehicle and pedestrian,Pedestrian crossing accident,Dark,Dry,1727,343592.0
11601,11601,200904,3,Karow Nord,2019,10,7,6,3,7,7,1,0,0,0,1,0,0,0.0,Pankow,Accident with minor injuries,Collision with a road obstacle,Others,Twilight,Dry,1219,409335.0
11602,11602,200905,10,Biesdorf Süd,2019,10,9,2,3,5,2,0,0,1,0,1,0,0,0.0,Marzahn-Hellersdorf,Accident with minor injuries,Collision with a turning/crossing vehicle,Turning accident,Daylight,Dry,586,269967.0
11603,11603,200906,1,Leipziger Straße,2019,10,9,3,3,5,2,0,1,0,0,0,0,0,0.0,Mitte,Accident with minor injuries,Collision with a turning/crossing vehicle,Turning accident,Daylight,Dry,2215,385748.0
11604,11604,200907,4,Savignyplatz,2019,10,9,5,3,1,5,0,1,1,0,0,0,0,0.0,Charlottenburg-Wilmersdorf,Accident with minor injuries,Collision with a moving/standing/parked vehicle,Accident involving parked vehicles,Daylight,Dry,1727,343592.0
11605,11605,200908,10,Mahlsdorf Süd,2019,10,16,6,3,0,1,0,1,0,0,0,0,0,0.0,Marzahn-Hellersdorf,Accident with minor injuries,Others,Driving accident,Daylight,Dry,586,269967.0
11606,11606,200909,8,Gewerbegebiet Köllnische Heide,2019,10,11,2,3,3,6,0,0,1,0,0,0,0,0.0,Neukölln,Accident with minor injuries,Collision with a vehicle traveling laterally in the same direction,Collision involving vehicles going in the same way,Daylight,Dry,934,329917.0
11607,11607,200910,10,Helle Mitte,2019,10,19,5,3,6,4,2,0,1,1,0,0,0,0.0,Marzahn-Hellersdorf,Accident with minor injuries,Collision between vehicle and pedestrian,Pedestrian crossing accident,Dark,Dry,586,269967.0
11608,11608,200911,3,Erich-Weinert-Straße,2019,11,8,7,3,5,2,1,1,1,0,0,0,0,1.0,Pankow,Accident with minor injuries,Collision with a turning/crossing vehicle,Turning accident,Twilight,Wet/moist/slippery,1219,409335.0
11609,11609,200912,3,Weißer See,2019,10,17,7,3,1,5,0,1,1,0,0,0,0,0.0,Pankow,Accident with minor injuries,Collision with a moving/standing/parked vehicle,Accident involving parked vehicles,Daylight,Dry,1219,409335.0
11610,11610,200913,9,Späthsfelde,2019,10,10,4,3,4,7,0,0,1,0,0,0,1,0.0,Treptow-Köpenick,Accident with minor injuries,Collision with oncoming vehicle,Others,Daylight,Dry,892,273689.0
11611,11611,200914,7,Grazer Platz,2019,10,8,4,3,6,2,0,0,1,1,0,0,0,0.0,Tempelhof-Schöneberg,Accident with minor injuries,Collision between vehicle and pedestrian,Turning accident,Daylight,Dry,1241,350984.0
11612,11612,200915,11,Malchower Weg,2019,11,22,6,2,5,3,2,0,1,0,1,0,0,1.0,Lichtenberg,Accident with serious injuries,Collision with a turning/crossing vehicle,Turning/Crossing accident,Dark,Wet/moist/slippery,679,294201.0
11613,11613,200916,10,Adele-Sandrock-Straße,2019,10,18,6,3,2,6,1,0,1,0,0,0,0,0.0,Marzahn-Hellersdorf,Accident with minor injuries,Collision with the vehicle in front/waiting vehicle,Collision involving vehicles going in the same way,Twilight,Dry,586,269967.0
11614,11614,200917,6,Goerzwerke,2019,10,8,3,2,5,3,0,0,1,0,0,0,1,0.0,Steglitz-Zehlendorf,Accident with serious injuries,Collision with a turning/crossing vehicle,Turning/Crossing accident,Daylight,Dry,851,310071.0
11615,11615,200918,6,Lankwitz Süd,2019,10,15,5,3,5,3,0,0,1,0,0,0,0,0.0,Steglitz-Zehlendorf,Accident with minor injuries,Collision with a turning/crossing vehicle,Turning/Crossing accident,Daylight,Dry,851,310071.0
11616,11616,200919,7,Volkspark (Rudolf-Wilde-Park),2019,10,7,6,3,2,6,0,0,1,0,0,0,0,0.0,Tempelhof-Schöneberg,Accident with minor injuries,Collision with the vehicle in front/waiting vehicle,Collision involving vehicles going in the same way,Daylight,Dry,1241,350984.0
11617,11617,200920,12,Dannenwalder Weg,2019,10,8,2,3,2,6,0,0,1,0,0,0,0,0.0,Reinickendorf,Accident with minor injuries,Collision with the vehicle in front/waiting vehicle,Collision involving vehicles going in the same way,Daylight,Dry,867,266408.0
11618,11618,200921,10,Alt-Marzahn,2019,10,1,5,2,2,3,2,0,1,0,0,0,0,0.0,Marzahn-Hellersdorf,Accident with serious injuries,Collision with the vehicle in front/waiting vehicle,Turning/Crossing accident,Dark,Dry,586,269967.0
11619,11619,200922,1,Lüneburger Straße,2019,11,16,7,3,5,3,0,0,1,0,0,0,1,1.0,Mitte,Accident with minor injuries,Collision with a turning/crossing vehicle,Turning/Crossing accident,Daylight,Wet/moist/slippery,2215,385748.0
11620,11620,200923,1,Elberfelder Straße,2019,10,15,7,2,6,2,0,0,1,1,0,0,0,0.0,Mitte,Accident with serious injuries,Collision between vehicle and pedestrian,Turning accident,Daylight,Dry,2215,385748.0
11621,11621,200924,10,Gut Hellersdorf,2019,10,14,3,3,6,6,0,1,0,1,0,0,0,0.0,Marzahn-Hellersdorf,Accident with minor injuries,Collision between vehicle and pedestrian,Collision involving vehicles going in the same way,Daylight,Dry,586,269967.0
11622,11622,200925,8,Schillerpromenade,2019,10,19,5,2,5,5,2,0,1,0,1,0,0,0.0,Neukölln,Accident with serious injuries,Collision with a turning/crossing vehicle,Accident involving parked vehicles,Dark,Dry,934,329917.0
11623,11623,200926,4,Savignyplatz,2019,11,20,7,3,2,6,2,0,1,0,0,0,0,1.0,Charlottenburg-Wilmersdorf,Accident with minor injuries,Collision with the vehicle in front/waiting vehicle,Collision involving vehicles going in the same way,Dark,Wet/moist/slippery,1727,343592.0
11624,11624,200927,7,Nollendorfplatz,2019,10,16,7,3,6,7,0,1,0,1,0,0,0,0.0,Tempelhof-Schöneberg,Accident with minor injuries,Collision between vehicle and pedestrian,Others,Daylight,Dry,1241,350984.0
11625,11625,200928,3,Märchenland,2019,10,7,4,3,2,6,0,0,1,0,0,0,0,1.0,Pankow,Accident with minor injuries,Collision with the vehicle in front/waiting vehicle,Collision involving vehicles going in the same way,Daylight,Wet/moist/slippery,1219,409335.0
11626,11626,200929,11,Weitlingstraße,2019,10,18,3,3,0,1,2,0,0,0,1,0,0,0.0,Lichtenberg,Accident with minor injuries,Others,Driving accident,Dark,Dry,679,294201.0
11627,11627,200930,1,Großer Tiergarten,2019,10,9,6,3,5,7,0,0,1,0,1,0,0,0.0,Mitte,Accident with minor injuries,Collision with a turning/crossing vehicle,Others,Daylight,Dry,2215,385748.0
11628,11628,200931,7,Manteuffelstraße,2019,11,15,6,3,5,3,0,1,1,0,0,0,0,0.0,Tempelhof-Schöneberg,Accident with minor injuries,Collision with a turning/crossing vehicle,Turning/Crossing accident,Daylight,Dry,1241,350984.0
11629,11629,200932,9,Kölner Viertel,2019,10,16,6,3,6,4,0,0,0,1,0,0,1,0.0,Treptow-Köpenick,Accident with minor injuries,Collision between vehicle and pedestrian,Pedestrian crossing accident,Daylight,Dry,892,273689.0
11630,11630,200933,4,Park Ruhwald,2019,10,20,2,3,5,3,2,0,1,0,0,0,0,1.0,Charlottenburg-Wilmersdorf,Accident with minor injuries,Collision with a turning/crossing vehicle,Turning/Crossing accident,Dark,Wet/moist/slippery,1727,343592.0