,Unnamed: 0,object id,district,street,year,month,hour of day,weekday,category,accident type,accident type 2,light situation,bike involved,car involved,pedestrian involved,motor bike involved,big track involved,other vehicle involved,road condition,district name,category name,accident detail,accident type detail,light condition,road condition detail,accident count by district,est. population
11631,11631,200934,6,Hindenburgdamm,2019,10,13,5,3,5,3,0,1,1,0,0,0,0,0.0,Steglitz-Zehlendorf,Accident with minor injuries,Collision with a turning/crossing vehicle,Turning/Crossing accident,Daylight,Dry,851,310071.0
11632,11632,200935,5,Jägerallee,2019,10,3,6,3,9,1,2,0,1,0,0,0,0,1.0,Spandau,Accident with minor injuries,Departure from the roadway to the left,Driving accident,Dark,Wet/moist/slippery,798,245197.0
11633,11633,200936,7,Nollendorfplatz,2019,10,18,1,3,2,2,2,0,1,0,0,0,0,0.0,Tempelhof-Schöneberg,Accident with minor injuries,Collision with the vehicle in front/waiting vehicle,Turning accident,Dark,Dry,1241,350984.0
11634,11634,200937,9,Kietzer Feld/Nachtheide,2019,10,6,4,3,5,3,2,1,1,0,0,0,0,0.0,Treptow-Köpenick,Accident with minor injuries,Collision with a turning/crossing vehicle,Turning/Crossing accident,Dark,Dry,892,273689.0
11635,11635,200938,2,Friedenstraße,2019,10,9,6,3,2,6,0,1,1,0,0,0,0,0.0,Friedrichshain-Kreuzberg,Accident with minor injuries,Collision with the vehicle in front/waiting vehicle,Collision involving vehicles going in the same way,Daylight,Dry,1381,290386.0
11636,11636,200939,2,Boxhagener Platz,2019,11,12,7,3,5,3,0,0,1,0,0,0,0,1.0,Friedrichshain-Kreuzberg,Accident with minor injuries,Collision with a turning/crossing vehicle,Turning/Crossing accident,Daylight,Wet/moist/slippery,1381,290386.0
11637,11637,200940,4,Amtsgerichtsplatz,2019,10,21,7,3,0,1,2,0,0,0,0,0,1,0.0,Charlottenburg-Wilmersdorf,Accident with minor injuries,Others,Driving accident,Dark,Dry,1727,343592.0
11638,11638,200941,1,Unter den Linden Nord,2019,10,11,3,3,5,3,0,1,0,0,1,0,0,0.0,Mitte,Accident with minor injuries,Collision with a turning/crossing vehicle,Turning/Crossing accident,Daylight,Dry,2215,385748.0
11639,11639,200942,2,Andreasviertel,2019,11,10,6,3,2,2,0,1,1,0,0,0,0,0.0,Friedrichshain-Kreuzberg,Accident with minor injuries,Collision with the vehicle in front/waiting vehicle,Turning accident,Daylight,Dry,1381,290386.0
11640,11640,200943,2,Lausitzer Platz,2019,10,14,6,3,2,7,0,1,1,0,0,0,0,0.0,Friedrichshain-Kreuzberg,Accident with minor injuries,Collision with the vehicle in front/waiting vehicle,Others,Daylight,Dry,1381,290386.0
11641,11641,200944,7,Rathausstraße,2019,10,17,2,3,0,5,2,1,1,0,0,0,0,1.0,Tempelhof-Schöneberg,Accident with minor injuries,Others,Accident involving parked vehicles,Dark,Wet/moist/slippery,1241,350984.0
11642,11642,200945,3,Greifswalder Straße,2019,10,7,5,3,2,6,0,0,1,0,0,0,0,0.0,Pankow,Accident with minor injuries,Collision with the vehicle in front/waiting vehicle,Collision involving vehicles going in the same way,Daylight,Dry,1219,409335.0
11643,11643,200946,5,Germersheimer Platz,2019,10,15,6,3,2,6,0,0,1,0,0,0,0,0.0,Spandau,Accident with minor injuries,Collision with the vehicle in front/waiting vehicle,Collision involving vehicles going in the same way,Daylight,Dry,798,245197.0
11644,11644,200947,12,Waldidyll/Flughafensee,2019,11,11,6,3,2,6,0,0,0,0,0,0,1,0.0,Reinickendorf,Accident with minor injuries,Collision with the vehicle in front/waiting vehicle,Collision involving vehicles going in the same way,Daylight,Dry,867,266408.0
11645,11645,200948,4,George-Grosz-Platz,2019,10,15,6,3,5,3,0,1,1,0,0,0,0,0.0,Charlottenburg-Wilmersdorf,Accident with minor injuries,Collision with a turning/crossing vehicle,Turning/Crossing accident,Daylight,Dry,1727,343592.0
11646,11646,200949,2,Askanischer Platz,2019,10,18,2,3,2,6,2,0,1,0,0,0,0,1.0,Friedrichshain-Kreuzberg,Accident with minor injuries,Collision with the vehicle in front/waiting vehicle,Collision involving vehicles going in the same way,Dark,Wet/moist/slippery,1381,290386.0
11647,11647,200950,3,Gustav-Adolf-Straße,2019,10,7,5,3,5,3,0,1,1,0,0,0,0,0.0,Pankow,Accident with minor injuries,Collision with a turning/crossing vehicle,Turning/Crossing accident,Daylight,Dry,1219,409335.0
11648,11648,200951,4,Jungfernheide,2019,10,0,6,3,5,2,2,0,1,0,0,0,0,0.0,Charlottenburg-Wilmersdorf,Accident with minor injuries,Collision with a turning/crossing vehicle,Turning accident,Dark,Dry,1727,343592.0
11649,11649,200952,1,Invalidenstraße,2019,10,11,1,3,0,1,0,0,0,0,1,0,0,1.0,Mitte,Accident with minor injuries,Others,Driving accident,Daylight,Wet/moist/slippery,2215,385748.0
11650,11650,200953,4,Breitscheidplatz,2019,10,16,4,3,5,7,1,0,1,0,0,0,0,0.0,Charlottenburg-Wilmersdorf,Accident with minor injuries,Collision with a turning/crossing vehicle,Others,Twilight,Dry,1727,343592.0
11651,11651,200954,10,Helle Mitte,2019,10,17,5,2,1,4,1,1,1,1,0,0,0,0.0,Marzahn-Hellersdorf,Accident with serious injuries,Collision with a moving/standing/parked vehicle,Pedestrian crossing accident,Twilight,Dry,586,269967.0
11652,11652,200955,1,Leopoldplatz,2019,11,19,6,3,2,6,2,0,1,0,0,0,0,1.0,Mitte,Accident with minor injuries,Collision with the vehicle in front/waiting vehicle,Collision involving vehicles going in the same way,Dark,Wet/moist/slippery,2215,385748.0
11653,11653,200956,4,Brabanter Platz,2019,10,12,7,3,5,7,0,0,1,0,0,0,0,0.0,Charlottenburg-Wilmersdorf,Accident with minor injuries,Collision with a turning/crossing vehicle,Others,Daylight,Dry,1727,343592.0
11654,11654,200957,4,Reichsstraße,2019,10,10,3,3,5,2,0,1,1,0,0,0,0,1.0,Charlottenburg-Wilmersdorf,Accident with minor injuries,Collision with a turning/crossing vehicle,Turning accident,Daylight,Wet/moist/slippery,1727,343592.0
11655,11655,200958,10,Kaulsdorf Nord,2019,10,21,5,3,5,3,2,0,1,0,0,0,0,0.0,Marzahn-Hellersdorf,Accident with minor injuries,Collision with a turning/crossing vehicle,Turning/Crossing accident,Dark,Dry,586,269967.0
11656,11656,200959,3,Eldenaer Straße,2019,11,7,6,3,5,2,1,1,1,0,0,0,0,0.0,Pankow,Accident with minor injuries,Collision with a turning/crossing vehicle,Turning accident,Twilight,Dry,1219,409335.0
11657,11657,200960,1,Unter den Linden Süd,2019,10,21,6,3,8,1,2,0,0,0,0,0,1,0.0,Mitte,Accident with minor injuries,Departure from the roadway to the right,Driving accident,Dark,Dry,2215,385748.0
11658,11658,200961,4,Hindemithplatz,2019,10,15,2,3,5,5,0,0,1,0,0,0,1,0.0,Charlottenburg-Wilmersdorf,Accident with minor injuries,Collision with a turning/crossing vehicle,Accident involving parked vehicles,Daylight,Dry,1727,343592.0
11659,11659,200962,2,Mehringplatz,2019,10,7,5,3,5,2,0,1,1,0,0,0,0,0.0,Friedrichshain-Kreuzberg,Accident with minor injuries,Collision with a turning/crossing vehicle,Turning accident,Daylight,Dry,1381,290386.0
11660,11660,200963,9,Adlershof West,2019,10,18,5,3,5,2,0,1,1,0,0,0,0,0.0,Treptow-Köpenick,Accident with minor injuries,Collision with a turning/crossing vehicle,Turning accident,Daylight,Dry,892,273689.0
11661,11661,200964,8,Silbersteinstraße,2019,10,17,7,3,0,6,1,0,1,0,1,0,0,0.0,Neukölln,Accident with minor injuries,Others,Collision involving vehicles going in the same way,Twilight,Dry,934,329917.0
11662,11662,200965,1,Soldiner Straße,2019,10,11,4,3,5,3,0,1,1,0,0,0,0,0.0,Mitte,Accident with minor injuries,Collision with a turning/crossing vehicle,Turning/Crossing accident,Daylight,Dry,2215,385748.0
11663,11663,200966,10,Oberfeldstraße,2019,10,18,5,2,5,2,2,1,1,0,0,0,0,1.0,Marzahn-Hellersdorf,Accident with serious injuries,Collision with a turning/crossing vehicle,Turning accident,Dark,Wet/moist/slippery,586,269967.0
11664,11664,200967,5,Germersheimer Platz,2019,10,13,4,2,5,2,0,1,1,0,0,0,0,0.0,Spandau,Accident with serious injuries,Collision with a turning/crossing vehicle,Turning accident,Daylight,Dry,798,245197.0
11665,11665,200968,1,Unter den Linden Süd,2019,10,16,5,3,1,5,0,1,1,0,0,0,0,0.0,Mitte,Accident with minor injuries,Collision with a moving/standing/parked vehicle,Accident involving parked vehicles,Daylight,Dry,2215,385748.0
11666,11666,200969,3,Pankow Zentrum,2019,10,16,5,2,3,5,0,1,1,0,0,0,0,0.0,Pankow,Accident with serious injuries,Collision with a vehicle traveling laterally in the same direction,Accident involving parked vehicles,Daylight,Dry,1219,409335.0
11667,11667,200970,2,Friedenstraße,2019,10,20,1,3,5,3,2,0,1,0,0,0,0,0.0,Friedrichshain-Kreuzberg,Accident with minor injuries,Collision with a turning/crossing vehicle,Turning/Crossing accident,Dark,Dry,1381,290386.0
11668,11668,200971,12,Hermsdorf,2019,10,14,4,3,2,6,0,0,1,0,0,0,0,0.0,Reinickendorf,Accident with minor injuries,Collision with the vehicle in front/waiting vehicle,Collision involving vehicles going in the same way,Daylight,Dry,867,266408.0
11669,11669,200972,12,Heiligensee,2019,10,16,5,3,2,6,0,0,1,0,0,0,1,0.0,Reinickendorf,Accident with minor injuries,Collision with the vehicle in front/waiting vehicle,Collision involving vehicles going in the same way,Daylight,Dry,867,266408.0
11670,11670,200973,9,Dammvorstadt,2019,10,15,5,3,3,6,0,0,0,0,0,0,1,0.0,Treptow-Köpenick,Accident with minor injuries,Collision with a vehicle traveling laterally in the same direction,Collision involving vehicles going in the same way,Daylight,Dry,892,273689.0
11671,11671,200974,4,Park Ruhwald,2019,11,17,6,3,3,6,2,0,1,0,0,0,0,1.0,Charlottenburg-Wilmersdorf,Accident with minor injuries,Collision with a vehicle traveling laterally in the same direction,Collision involving vehicles going in the same way,Dark,Wet/moist/slippery,1727,343592.0
11672,11672,200975,8,Handwerker-Siedlung,2019,10,13,7,3,2,2,0,0,1,0,1,0,0,0.0,Neukölln,Accident with minor injuries,Collision with the vehicle in front/waiting vehicle,Turning accident,Daylight,Dry,934,329917.0
11673,11673,200976,8,Blumenviertel,2019,10,7,3,3,5,3,0,1,1,0,0,0,0,1.0,Neukölln,Accident with minor injuries,Collision with a turning/crossing vehicle,Turning/Crossing accident,Daylight,Wet/moist/slippery,934,329917.0
11674,11674,200977,9,Kölner Viertel,2019,10,15,5,3,5,3,0,0,1,0,0,0,0,0.0,Treptow-Köpenick,Accident with minor injuries,Collision with a turning/crossing vehicle,Turning/Crossing accident,Daylight,Dry,892,273689.0
11675,11675,200978,7,Ceciliengärten,2019,10,7,5,3,5,2,0,1,1,1,0,0,0,0.0,Tempelhof-Schöneberg,Accident with minor injuries,Collision with a turning/crossing vehicle,Turning accident,Daylight,Dry,1241,350984.0
11676,11676,200979,8,Glasower Straße,2019,10,13,6,3,5,3,0,0,1,0,1,0,0,0.0,Neukölln,Accident with minor injuries,Collision with a turning/crossing vehicle,Turning/Crossing accident,Daylight,Dry,934,329917.0
11677,11677,200980,3,Heinersdorf,2019,10,10,2,3,6,4,0,1,0,1,0,0,0,0.0,Pankow,Accident with minor injuries,Collision between vehicle and pedestrian,Pedestrian crossing accident,Daylight,Dry,1219,409335.0
11678,11678,200981,6,Stadtpark,2019,10,18,5,3,1,5,2,1,1,0,0,0,0,0.0,Steglitz-Zehlendorf,Accident with minor injuries,Collision with a moving/standing/parked vehicle,Accident involving parked vehicles,Dark,Dry,851,310071.0
11679,11679,200982,4,Brabanter Platz,2019,11,5,7,3,0,1,2,0,1,0,0,0,0,1.0,Charlottenburg-Wilmersdorf,Accident with minor injuries,Others,Driving accident,Dark,Wet/moist/slippery,1727,343592.0
11680,11680,200983,3,Niederschönhausen,2019,10,17,7,3,5,7,0,0,1,0,0,0,1,0.0,Pankow,Accident with minor injuries,Collision with a turning/crossing vehicle,Others,Daylight,Dry,1219,409335.0
11681,11681,200984,11,Weitlingstraße,2019,10,8,4,3,2,6,0,1,1,0,0,0,0,0.0,Lichtenberg,Accident with minor injuries,Collision with the vehicle in front/waiting vehicle,Collision involving vehicles going in the same way,Daylight,Dry,679,294201.0
11682,11682,200985,8,Donaustraße,2019,10,22,3,3,5,7,2,0,1,0,0,0,0,0.0,Neukölln,Accident with minor injuries,Collision with a turning/crossing vehicle,Others,Dark,Dry,934,329917.0
11683,11683,200986,4,Savignyplatz,2019,11,16,6,3,5,3,1,0,1,0,0,0,0,0.0,Charlottenburg-Wilmersdorf,Accident with minor injuries,Collision with a turning/crossing vehicle,Turning/Crossing accident,Twilight,Dry,1727,343592.0
11684,11684,200987,11,Mühlengrund,2019,10,17,6,3,2,6,0,0,1,0,0,0,0,0.0,Lichtenberg,Accident with minor injuries,Collision with the vehicle in front/waiting vehicle,Collision involving vehicles going in the same way,Daylight,Dry,679,294201.0
11685,11685,200988,7,Schöneberger Insel,2019,10,17,3,3,0,7,1,0,0,1,0,0,1,0.0,Tempelhof-Schöneberg,Accident with minor injuries,Others,Others,Twilight,Dry,1241,350984.0
11686,11686,200989,1,Alexanderplatzviertel,2019,10,14,5,3,5,5,0,1,1,0,0,0,0,0.0,Mitte,Accident with minor injuries,Collision with a turning/crossing vehicle,Accident involving parked vehicles,Daylight,Dry,2215,385748.0
11687,11687,200990,8,Handwerker-Siedlung,2019,10,11,6,3,6,4,0,0,1,1,0,0,0,0.0,Neukölln,Accident with minor injuries,Collision between vehicle and pedestrian,Pedestrian crossing accident,Daylight,Dry,934,329917.0
11688,11688,200991,4,Wilhelmsaue,2019,11,16,7,3,6,4,0,0,1,1,0,0,0,0.0,Charlottenburg-Wilmersdorf,Accident with minor injuries,Collision between vehicle and pedestrian,Pedestrian crossing accident,Daylight,Dry,1727,343592.0
11689,11689,200992,8,Glasower Straße,2019,11,20,6,3,8,1,2,0,1,0,0,0,0,1.0,Neukölln,Accident with minor injuries,Departure from the roadway to the right,Driving accident,Dark,Wet/moist/slippery,934,329917.0
11690,11690,200993,6,Zehlendorf Eiche,2019,10,12,7,3,0,2,0,1,1,0,0,0,0,0.0,Steglitz-Zehlendorf,Accident with minor injuries,Others,Turning accident,Daylight,Dry,851,310071.0
11691,11691,200994,8,Glasower Straße,2019,11,22,7,3,5,3,2,0,1,0,0,0,0,1.0,Neukölln,Accident with minor injuries,Collision with a turning/crossing vehicle,Turning/Crossing accident,Dark,Wet/moist/slippery,934,329917.0
11692,11692,200995,10,Rotes Viertel,2019,10,13,3,2,6,2,0,0,1,1,0,0,0,0.0,Marzahn-Hellersdorf,Accident with serious injuries,Collision between vehicle and pedestrian,Turning accident,Daylight,Dry,586,269967.0
11693,11693,200996,4,Brabanter Platz,2019,11,22,7,3,5,2,2,0,1,0,0,0,0,1.0,Charlottenburg-Wilmersdorf,Accident with minor injuries,Collision with a turning/crossing vehicle,Turning accident,Dark,Wet/moist/slippery,1727,343592.0
11694,11694,200997,11,Karlshorst West,2019,10,16,5,3,2,6,2,0,1,0,0,0,0,0.0,Lichtenberg,Accident with minor injuries,Collision with the vehicle in front/waiting vehicle,Collision involving vehicles going in the same way,Dark,Dry,679,294201.0
11695,11695,200998,3,Alt-Karow,2019,10,10,6,3,5,3,0,0,1,0,0,0,1,0.0,Pankow,Accident with minor injuries,Collision with a turning/crossing vehicle,Turning/Crossing accident,Daylight,Dry,1219,409335.0
11696,11696,200999,8,Parchimer Allee,2019,11,12,7,3,3,6,0,0,1,0,0,0,1,1.0,Neukölln,Accident with minor injuries,Collision with a vehicle traveling laterally in the same direction,Collision involving vehicles going in the same way,Daylight,Wet/moist/slippery,934,329917.0
11697,11697,201000,11,Sewanstraße,2019,11,12,7,3,5,3,0,1,1,0,0,0,0,0.0,Lichtenberg,Accident with minor injuries,Collision with a turning/crossing vehicle,Turning/Crossing accident,Daylight,Dry,679,294201.0
11698,11698,201001,2,Boxhagener Platz,2019,10,8,2,3,5,3,0,0,1,0,1,0,0,0.0,Friedrichshain-Kreuzberg,Accident with minor injuries,Collision with a turning/crossing vehicle,Turning/Crossing accident,Daylight,Dry,1381,290386.0
11699,11699,201002,7,Marienfelde Nordost,2019,10,16,5,2,5,3,0,1,1,0,0,0,0,0.0,Tempelhof-Schöneberg,Accident with serious injuries,Collision with a turning/crossing vehicle,Turning/Crossing accident,Daylight,Dry,1241,350984.0
11700,11700,201003,12,Teichstraße,2019,11,11,7,2,5,7,0,0,1,0,1,0,0,1.0,Reinickendorf,Accident with serious injuries,Collision with a turning/crossing vehicle,Others,Daylight,Wet/moist/slippery,867,266408.0
11701,11701,201004,9,Dammvorstadt,2019,11,11,7,2,3,2,0,0,1,0,0,0,1,0.0,Treptow-Köpenick,Accident with serious injuries,Collision with a vehicle traveling laterally in the same direction,Turning accident,Daylight,Dry,892,273689.0
11702,11702,201005,12,Borsigwalde,2019,11,17,7,3,6,4,2,0,1,1,0,0,0,1.0,Reinickendorf,Accident with minor injuries,Collision between vehicle and pedestrian,Pedestrian crossing accident,Dark,Wet/moist/slippery,867,266408.0
11703,11703,201006,4,George-Grosz-Platz,2019,10,16,7,3,1,5,0,1,1,0,0,0,0,0.0,Charlottenburg-Wilmersdorf,Accident with minor injuries,Collision with a moving/standing/parked vehicle,Accident involving parked vehicles,Daylight,Dry,1727,343592.0
11704,11704,201007,8,Alt-Rudow,2019,10,6,4,3,5,3,2,1,1,0,0,0,0,1.0,Neukölln,Accident with minor injuries,Collision with a turning/crossing vehicle,Turning/Crossing accident,Dark,Wet/moist/slippery,934,329917.0
11705,11705,201008,7,Dennewitzplatz,2019,11,11,7,3,0,2,0,0,1,0,1,0,0,1.0,Tempelhof-Schöneberg,Accident with minor injuries,Others,Turning accident,Daylight,Wet/moist/slippery,1241,350984.0
11706,11706,201009,12,Letteplatz,2019,10,17,3,3,0,3,2,0,1,0,1,0,1,0.0,Reinickendorf,Accident with minor injuries,Others,Turning/Crossing accident,Dark,Dry,867,266408.0
11707,11707,201010,3,Falkplatz,2019,11,11,7,3,0,2,0,1,1,0,0,0,0,1.0,Pankow,Accident with minor injuries,Others,Turning accident,Daylight,Wet/moist/slippery,1219,409335.0
11708,11708,201011,11,Herzbergstraße,2019,10,17,5,3,6,4,0,0,1,1,0,0,0,0.0,Lichtenberg,Accident with minor injuries,Collision between vehicle and pedestrian,Pedestrian crossing accident,Daylight,Dry,679,294201.0
11709,11709,201012,6,Augustaplatz,2019,11,14,6,3,1,5,0,1,1,0,0,0,0,0.0,Steglitz-Zehlendorf,Accident with minor injuries,Collision with a moving/standing/parked vehicle,Accident involving parked vehicles,Daylight,Dry,851,310071.0
11710,11710,201013,5,Hakenfelde Nord,2019,10,16,6,3,0,4,0,0,0,1,0,0,1,0.0,Spandau,Accident with minor injuries,Others,Pedestrian crossing accident,Daylight,Dry,798,245197.0
11711,11711,201014,10,Helle Mitte,2019,11,10,7,3,5,3,0,0,1,0,0,0,0,1.0,Marzahn-Hellersdorf,Accident with minor injuries,Collision with a turning/crossing vehicle,Turning/Crossing accident,Daylight,Wet/moist/slippery,586,269967.0
11712,11712,201015,3,Rosenthal,2019,10,19,2,3,5,3,2,1,1,0,0,0,0,0.0,Pankow,Accident with minor injuries,Collision with a turning/crossing vehicle,Turning/Crossing accident,Dark,Dry,1219,409335.0
11713,11713,201016,11,Rüdigerstraße,2019,10,8,5,3,1,5,0,1,1,0,0,0,0,0.0,Lichtenberg,Accident with minor injuries,Collision with a moving/standing/parked vehicle,Accident involving parked vehicles,Daylight,Dry,679,294201.0
11714,11714,201017,2,Lausitzer Platz,2019,10,10,6,3,1,5,0,0,1,0,0,0,0,0.0,Friedrichshain-Kreuzberg,Accident with minor injuries,Collision with a moving/standing/parked vehicle,Accident involving parked vehicles,Daylight,Dry,1381,290386.0
11715,11715,201018,12,Treuenbrietzener Straße,2019,11,10,7,3,5,3,0,0,1,0,0,0,0,1.0,Reinickendorf,Accident with minor injuries,Collision with a turning/crossing vehicle,Turning/Crossing accident,Daylight,Wet/moist/slippery,867,266408.0
11716,11716,201019,9,Adlershof West,2019,11,10,7,3,5,2,0,0,1,0,0,0,0,1.0,Treptow-Köpenick,Accident with minor injuries,Collision with a turning/crossing vehicle,Turning accident,Daylight,Wet/moist/slippery,892,273689.0
11717,11717,201020,6,Düppel,2019,10,16,1,3,0,3,0,1,1,0,0,0,0,1.0,Steglitz-Zehlendorf,Accident with minor injuries,Others,Turning/Crossing accident,Daylight,Wet/moist/slippery,851,310071.0
11718,11718,201021,6,Krumme Lanke,2019,10,18,4,3,5,2,2,0,1,0,0,0,0,1.0,Steglitz-Zehlendorf,Accident with minor injuries,Collision with a turning/crossing vehicle,Turning accident,Dark,Wet/moist/slippery,851,310071.0
11719,11719,201022,6,Dahlem,2019,11,10,7,3,0,3,0,0,0,0,1,0,1,1.0,Steglitz-Zehlendorf,Accident with minor injuries,Others,Turning/Crossing accident,Daylight,Wet/moist/slippery,851,310071.0
11720,11720,201023,1,Charitéviertel,2019,10,15,5,3,1,5,0,1,1,0,0,0,0,0.0,Mitte,Accident with minor injuries,Collision with a moving/standing/parked vehicle,Accident involving parked vehicles,Daylight,Dry,2215,385748.0
11721,11721,201024,1,Wilhelmstraße,2019,11,15,6,3,5,2,1,1,0,0,0,0,1,0.0,Mitte,Accident with minor injuries,Collision with a turning/crossing vehicle,Turning accident,Twilight,Dry,2215,385748.0
11722,11722,201025,4,Rüdesheimer Platz,2019,10,20,7,3,0,7,1,0,1,0,0,0,0,0.0,Charlottenburg-Wilmersdorf,Accident with minor injuries,Others,Others,Twilight,Dry,1727,343592.0
11723,11723,201026,2,Mehringplatz,2019,11,7,3,3,6,4,0,1,0,1,0,0,0,0.0,Friedrichshain-Kreuzberg,Accident with minor injuries,Collision between vehicle and pedestrian,Pedestrian crossing accident,Daylight,Dry,1381,290386.0
11724,11724,201027,7,Rathaus Tempelhof,2019,11,6,3,2,1,7,1,0,1,0,0,0,1,0.0,Tempelhof-Schöneberg,Accident with serious injuries,Collision with a moving/standing/parked vehicle,Others,Twilight,Dry,1241,350984.0
11725,11725,201028,6,Teltower Damm,2019,11,14,3,2,1,5,0,0,1,0,0,0,0,0.0,Steglitz-Zehlendorf,Accident with serious injuries,Collision with a moving/standing/parked vehicle,Accident involving parked vehicles,Daylight,Dry,851,310071.0
11726,11726,201029,12,Tegeler Forst,2019,11,13,3,3,3,6,0,1,1,0,0,0,0,0.0,Reinickendorf,Accident with minor injuries,Collision with a vehicle traveling laterally in the same direction,Collision involving vehicles going in the same way,Daylight,Dry,867,266408.0
11727,11727,201030,1,Körnerstraße,2019,11,13,3,3,0,2,0,1,1,0,0,0,0,0.0,Mitte,Accident with minor injuries,Others,Turning accident,Daylight,Dry,2215,385748.0
11728,11728,201031,1,Schillerpark,2019,11,11,3,3,5,7,0,0,1,0,0,0,0,0.0,Mitte,Accident with minor injuries,Collision with a turning/crossing vehicle,Others,Daylight,Dry,2215,385748.0
11729,11729,201032,1,Leipziger Straße,2019,11,9,3,3,5,2,0,1,1,0,0,0,0,0.0,Mitte,Accident with minor injuries,Collision with a turning/crossing vehicle,Turning accident,Daylight,Dry,2215,385748.0
11730,11730,201033,12,Teichstraße,2019,11,18,3,3,5,2,2,0,1,0,1,0,0,0.0,Reinickendorf,Accident with minor injuries,Collision with a turning/crossing vehicle,Turning accident,Dark,Dry,867,266408.0
11731,11731,201034,12,Waldidyll/Flughafensee,2019,11,18,3,3,2,6,2,0,1,0,0,0,1,0.0,Reinickendorf,Accident with minor injuries,Collision with the vehicle in front/waiting vehicle,Collision involving vehicles going in the same way,Dark,Dry,867,266408.0
11732,11732,201035,10,Kaulsdorf Süd,2019,11,18,3,3,5,2,2,1,1,0,0,0,0,0.0,Marzahn-Hellersdorf,Accident with minor injuries,Collision with a turning/crossing vehicle,Turning accident,Dark,Dry,586,269967.0
11733,11733,201036,9,Müggelheim,2019,11,17,3,3,6,2,2,0,1,1,0,0,0,0.0,Treptow-Köpenick,Accident with minor injuries,Collision between vehicle and pedestrian,Turning accident,Dark,Dry,892,273689.0
11734,11734,201037,4,Plötzensee,2019,11,17,3,3,0,6,2,0,1,0,0,0,1,0.0,Charlottenburg-Wilmersdorf,Accident with minor injuries,Others,Collision involving vehicles going in the same way,Dark,Dry,1727,343592.0
11735,11735,201038,7,John-Locke-Straße,2019,11,16,3,3,5,2,2,0,1,0,0,0,0,0.0,Tempelhof-Schöneberg,Accident with minor injuries,Collision with a turning/crossing vehicle,Turning accident,Dark,Dry,1241,350984.0
11736,11736,201039,1,Leipziger Straße,2019,11,16,3,3,5,3,2,1,1,0,0,0,0,0.0,Mitte,Accident with minor injuries,Collision with a turning/crossing vehicle,Turning/Crossing accident,Dark,Dry,2215,385748.0
11737,11737,201040,11,Hauptstraße,2019,11,15,3,3,2,6,0,0,1,0,0,0,0,0.0,Lichtenberg,Accident with minor injuries,Collision with the vehicle in front/waiting vehicle,Collision involving vehicles going in the same way,Daylight,Dry,679,294201.0
11738,11738,201041,1,Charitéviertel,2019,11,15,2,3,2,6,0,1,1,0,0,0,0,0.0,Mitte,Accident with minor injuries,Collision with the vehicle in front/waiting vehicle,Collision involving vehicles going in the same way,Daylight,Dry,2215,385748.0
11739,11739,201042,9,Köllnische Vorstadt,2019,11,15,2,3,0,6,0,1,0,1,0,0,0,0.0,Treptow-Köpenick,Accident with minor injuries,Others,Collision involving vehicles going in the same way,Daylight,Dry,892,273689.0
11740,11740,201043,3,Pankow Zentrum,2019,11,7,2,2,5,2,2,1,1,0,0,0,0,0.0,Pankow,Accident with serious injuries,Collision with a turning/crossing vehicle,Turning accident,Dark,Dry,1219,409335.0
11741,11741,201044,1,Großer Tiergarten,2019,11,6,2,2,6,2,1,0,1,1,0,0,0,0.0,Mitte,Accident with serious injuries,Collision between vehicle and pedestrian,Turning accident,Twilight,Dry,2215,385748.0
11742,11742,201045,8,Tempelhofer Weg,2019,11,6,2,3,5,3,1,1,0,0,0,0,1,1.0,Neukölln,Accident with minor injuries,Collision with a turning/crossing vehicle,Turning/Crossing accident,Twilight,Wet/moist/slippery,934,329917.0
11743,11743,201046,1,Emdener Straße,2019,11,12,2,2,3,6,0,1,1,0,0,0,0,0.0,Mitte,Accident with serious injuries,Collision with a vehicle traveling laterally in the same direction,Collision involving vehicles going in the same way,Daylight,Dry,2215,385748.0
11744,11744,201047,7,Marienfelde Süd,2019,11,12,2,3,0,3,0,1,0,0,0,0,1,0.0,Tempelhof-Schöneberg,Accident with minor injuries,Others,Turning/Crossing accident,Daylight,Dry,1241,350984.0
11745,11745,201048,1,Alexanderplatzviertel,2019,11,11,2,3,2,6,0,0,1,0,0,0,0,0.0,Mitte,Accident with minor injuries,Collision with the vehicle in front/waiting vehicle,Collision involving vehicles going in the same way,Daylight,Dry,2215,385748.0
11746,11746,201049,12,Frohnau,2019,11,11,2,3,5,2,0,0,1,0,0,0,1,0.0,Reinickendorf,Accident with minor injuries,Collision with a turning/crossing vehicle,Turning accident,Daylight,Dry,867,266408.0
11747,11747,201050,12,Heiligensee,2019,11,10,2,3,5,7,0,1,1,0,0,0,0,0.0,Reinickendorf,Accident with minor injuries,Collision with a turning/crossing vehicle,Others,Daylight,Dry,867,266408.0
11748,11748,201051,3,Kollwitzplatz,2019,11,10,2,3,5,2,0,1,0,0,0,1,0,0.0,Pankow,Accident with minor injuries,Collision with a turning/crossing vehicle,Turning accident,Daylight,Dry,1219,409335.0
11749,11749,201052,6,Thielallee,2019,11,9,2,2,5,2,0,1,0,0,0,1,0,0.0,Steglitz-Zehlendorf,Accident with serious injuries,Collision with a turning/crossing vehicle,Turning accident,Daylight,Dry,851,310071.0