,Unnamed: 0,object id,district,street,year,month,hour of day,weekday,category,accident type,accident type 2,light situation,bike involved,car involved,pedestrian involved,motor bike involved,big track involved,other vehicle involved,road condition,district name,category name,accident detail,accident type detail,light condition,road condition detail,accident count by district,est. population
11750,11750,201053,1,Großer Tiergarten,2019,11,19,2,3,2,6,2,0,1,0,1,0,0,0.0,Mitte,Accident with minor injuries,Collision with the vehicle in front/waiting vehicle,Collision involving vehicles going in the same way,Dark,Dry,2215,385748.0
11751,11751,201054,11,Fennpfuhl Ost,2019,11,9,2,3,5,2,0,0,1,0,0,1,0,0.0,Lichtenberg,Accident with minor injuries,Collision with a turning/crossing vehicle,Turning accident,Daylight,Dry,679,294201.0
11752,11752,201055,7,Bayerischer Platz,2019,11,18,2,3,2,3,2,0,1,0,0,0,0,0.0,Tempelhof-Schöneberg,Accident with minor injuries,Collision with the vehicle in front/waiting vehicle,Turning/Crossing accident,Dark,Dry,1241,350984.0
11753,11753,201056,2,Friedenstraße,2019,11,18,2,3,3,3,2,0,1,0,0,0,0,0.0,Friedrichshain-Kreuzberg,Accident with minor injuries,Collision with a vehicle traveling laterally in the same direction,Turning/Crossing accident,Dark,Dry,1381,290386.0
11754,11754,201057,3,Blankenburg,2019,11,17,2,3,5,3,2,1,1,0,0,0,0,0.0,Pankow,Accident with minor injuries,Collision with a turning/crossing vehicle,Turning/Crossing accident,Dark,Dry,1219,409335.0
11755,11755,201058,3,Weißer See,2019,11,17,2,3,3,6,2,0,1,0,0,0,1,0.0,Pankow,Accident with minor injuries,Collision with a vehicle traveling laterally in the same direction,Collision involving vehicles going in the same way,Dark,Dry,1219,409335.0
11756,11756,201059,3,Pankow Süd,2019,11,15,2,3,5,3,0,0,1,0,0,0,0,0.0,Pankow,Accident with minor injuries,Collision with a turning/crossing vehicle,Turning/Crossing accident,Daylight,Dry,1219,409335.0
11757,11757,201060,6,Mittelstraße,2019,11,15,2,3,0,6,1,0,1,0,0,0,1,0.0,Steglitz-Zehlendorf,Accident with minor injuries,Others,Collision involving vehicles going in the same way,Twilight,Dry,851,310071.0
11758,11758,201061,9,Späthsfelde,2019,11,15,2,3,5,3,0,0,1,0,0,0,0,0.0,Treptow-Köpenick,Accident with minor injuries,Collision with a turning/crossing vehicle,Turning/Crossing accident,Daylight,Dry,892,273689.0
11759,11759,201062,1,Westhafen,2019,11,15,2,3,5,2,0,1,1,0,0,0,0,0.0,Mitte,Accident with minor injuries,Collision with a turning/crossing vehicle,Turning accident,Daylight,Dry,2215,385748.0
11760,11760,201063,10,Buckower Ring,2019,11,15,2,3,5,3,0,1,1,0,0,0,0,0.0,Marzahn-Hellersdorf,Accident with minor injuries,Collision with a turning/crossing vehicle,Turning/Crossing accident,Daylight,Dry,586,269967.0
11761,11761,201064,3,Erich-Weinert-Straße,2019,11,15,2,3,5,2,0,1,1,0,0,0,0,0.0,Pankow,Accident with minor injuries,Collision with a turning/crossing vehicle,Turning accident,Daylight,Dry,1219,409335.0
11762,11762,201065,10,Alt-Mahlsdorf,2019,11,13,2,3,2,2,0,0,1,0,1,0,0,0.0,Marzahn-Hellersdorf,Accident with minor injuries,Collision with the vehicle in front/waiting vehicle,Turning accident,Daylight,Dry,586,269967.0
11763,11763,201066,9,Köllnische Vorstadt,2019,11,13,2,3,2,6,0,0,1,0,0,0,0,0.0,Treptow-Köpenick,Accident with minor injuries,Collision with the vehicle in front/waiting vehicle,Collision involving vehicles going in the same way,Daylight,Dry,892,273689.0
11764,11764,201067,5,Motardstraße,2019,11,12,2,3,5,3,0,0,1,0,0,0,0,0.0,Spandau,Accident with minor injuries,Collision with a turning/crossing vehicle,Turning/Crossing accident,Daylight,Dry,798,245197.0
11765,11765,201068,6,Südende,2019,11,21,1,3,5,3,2,0,1,0,0,0,0,1.0,Steglitz-Zehlendorf,Accident with minor injuries,Collision with a turning/crossing vehicle,Turning/Crossing accident,Dark,Wet/moist/slippery,851,310071.0
11766,11766,201069,1,Gesundbrunnen,2019,11,20,1,3,2,6,2,0,1,0,0,0,0,0.0,Mitte,Accident with minor injuries,Collision with the vehicle in front/waiting vehicle,Collision involving vehicles going in the same way,Dark,Dry,2215,385748.0
11767,11767,201070,7,Bayerischer Platz,2019,11,19,1,2,0,7,2,0,0,1,0,0,1,0.0,Tempelhof-Schöneberg,Accident with serious injuries,Others,Others,Dark,Dry,1241,350984.0
11768,11768,201071,6,Schütte-Lanz-Straße,2019,11,17,1,3,5,2,2,0,1,0,1,0,0,0.0,Steglitz-Zehlendorf,Accident with minor injuries,Collision with a turning/crossing vehicle,Turning accident,Dark,Dry,851,310071.0
11769,11769,201072,8,Handwerker-Siedlung,2019,11,17,1,3,6,2,2,0,1,1,0,0,0,1.0,Neukölln,Accident with minor injuries,Collision between vehicle and pedestrian,Turning accident,Dark,Wet/moist/slippery,934,329917.0
11770,11770,201073,5,Gütersloher Weg,2019,11,14,1,3,5,2,0,1,1,0,0,0,0,0.0,Spandau,Accident with minor injuries,Collision with a turning/crossing vehicle,Turning accident,Daylight,Dry,798,245197.0
11771,11771,201074,12,Wittenau Süd,2019,11,13,1,3,3,6,0,1,0,0,0,0,0,0.0,Reinickendorf,Accident with minor injuries,Collision with a vehicle traveling laterally in the same direction,Collision involving vehicles going in the same way,Daylight,Dry,867,266408.0
11772,11772,201075,1,Nördlicher Landwehrkanal,2019,11,14,1,3,2,6,0,0,1,0,1,0,0,0.0,Mitte,Accident with minor injuries,Collision with the vehicle in front/waiting vehicle,Collision involving vehicles going in the same way,Daylight,Dry,2215,385748.0
11773,11773,201076,3,Schönholz,2019,11,13,1,3,2,6,0,0,1,0,0,0,1,0.0,Pankow,Accident with minor injuries,Collision with the vehicle in front/waiting vehicle,Collision involving vehicles going in the same way,Daylight,Dry,1219,409335.0
11774,11774,201077,5,Amorbacher Weg,2019,11,13,1,2,0,2,0,0,1,0,0,0,1,0.0,Spandau,Accident with serious injuries,Others,Turning accident,Daylight,Dry,798,245197.0
11775,11775,201078,2,Wriezener Bahnhof/Entwicklungsgebiet,2019,11,11,1,2,6,4,0,0,1,1,0,0,0,0.0,Friedrichshain-Kreuzberg,Accident with serious injuries,Collision between vehicle and pedestrian,Pedestrian crossing accident,Daylight,Dry,1381,290386.0
11776,11776,201079,3,Komponistenviertel Weißensee,2019,11,11,1,3,5,3,0,0,1,0,0,0,0,0.0,Pankow,Accident with minor injuries,Collision with a turning/crossing vehicle,Turning/Crossing accident,Daylight,Dry,1219,409335.0
11777,11777,201080,11,Zingster Straße West,2019,11,10,1,2,0,1,0,0,0,0,1,0,0,1.0,Lichtenberg,Accident with serious injuries,Others,Driving accident,Daylight,Wet/moist/slippery,679,294201.0
11778,11778,201081,1,Emdener Straße,2019,11,7,1,3,2,6,0,0,1,0,0,0,0,0.0,Mitte,Accident with minor injuries,Collision with the vehicle in front/waiting vehicle,Collision involving vehicles going in the same way,Daylight,Dry,2215,385748.0
11779,11779,201082,7,Marienfelder Allee Nordwest,2019,11,5,1,3,6,7,2,0,1,1,1,0,0,1.0,Tempelhof-Schöneberg,Accident with minor injuries,Collision between vehicle and pedestrian,Others,Dark,Wet/moist/slippery,1241,350984.0
11780,11780,201083,3,Falkplatz,2019,11,0,1,3,0,5,2,0,0,0,1,0,1,1.0,Pankow,Accident with minor injuries,Others,Accident involving parked vehicles,Dark,Wet/moist/slippery,1219,409335.0
11781,11781,201084,11,Rüdigerstraße,2019,11,18,7,2,5,3,2,0,1,0,1,0,0,1.0,Lichtenberg,Accident with serious injuries,Collision with a turning/crossing vehicle,Turning/Crossing accident,Dark,Wet/moist/slippery,679,294201.0
11782,11782,201085,4,Rathaus Wilmersdorf,2019,11,15,7,3,5,3,0,0,1,1,0,0,0,0.0,Charlottenburg-Wilmersdorf,Accident with minor injuries,Collision with a turning/crossing vehicle,Turning/Crossing accident,Daylight,Dry,1727,343592.0
11783,11783,201086,1,Lützowstraße,2019,11,17,7,3,1,5,2,1,1,0,0,0,0,1.0,Mitte,Accident with minor injuries,Collision with a moving/standing/parked vehicle,Accident involving parked vehicles,Dark,Wet/moist/slippery,2215,385748.0
11784,11784,201087,5,Zitadellenweg,2019,11,17,7,3,2,7,2,0,1,0,0,0,0,1.0,Spandau,Accident with minor injuries,Collision with the vehicle in front/waiting vehicle,Others,Dark,Wet/moist/slippery,798,245197.0
11785,11785,201088,1,Soldiner Straße,2019,11,17,7,3,2,2,2,0,1,0,0,0,0,1.0,Mitte,Accident with minor injuries,Collision with the vehicle in front/waiting vehicle,Turning accident,Dark,Wet/moist/slippery,2215,385748.0
11786,11786,201089,8,Rixdorf,2019,11,16,7,3,5,2,2,1,1,0,0,0,0,1.0,Neukölln,Accident with minor injuries,Collision with a turning/crossing vehicle,Turning accident,Dark,Wet/moist/slippery,934,329917.0
11787,11787,201090,4,Jungfernheide,2019,11,15,7,2,5,2,0,0,1,0,0,0,0,1.0,Charlottenburg-Wilmersdorf,Accident with serious injuries,Collision with a turning/crossing vehicle,Turning accident,Daylight,Wet/moist/slippery,1727,343592.0
11788,11788,201091,11,Hauptstraße,2019,11,20,7,3,9,1,2,0,1,0,0,0,0,1.0,Lichtenberg,Accident with minor injuries,Departure from the roadway to the left,Driving accident,Dark,Wet/moist/slippery,679,294201.0
11789,11789,201092,9,Oberschöneweide West,2019,11,14,7,3,5,2,0,0,1,0,0,0,0,1.0,Treptow-Köpenick,Accident with minor injuries,Collision with a turning/crossing vehicle,Turning accident,Daylight,Wet/moist/slippery,892,273689.0
11790,11790,201093,8,Glasower Straße,2019,11,14,7,3,5,2,0,0,1,0,0,0,0,1.0,Neukölln,Accident with minor injuries,Collision with a turning/crossing vehicle,Turning accident,Daylight,Wet/moist/slippery,934,329917.0
11791,11791,201094,1,Arkonaplatz,2019,11,14,7,3,6,2,0,0,1,1,0,0,0,1.0,Mitte,Accident with minor injuries,Collision between vehicle and pedestrian,Turning accident,Daylight,Wet/moist/slippery,2215,385748.0
11792,11792,201095,6,Lichterfelde West,2019,11,14,7,3,5,3,0,0,1,0,0,0,0,1.0,Steglitz-Zehlendorf,Accident with minor injuries,Collision with a turning/crossing vehicle,Turning/Crossing accident,Daylight,Wet/moist/slippery,851,310071.0
11793,11793,201096,5,Eckschanze,2019,11,19,7,2,0,1,2,0,0,0,1,0,0,1.0,Spandau,Accident with serious injuries,Others,Driving accident,Dark,Wet/moist/slippery,798,245197.0
11794,11794,201097,1,Stülerstraße,2019,11,14,7,3,0,1,0,0,0,0,1,0,0,1.0,Mitte,Accident with minor injuries,Others,Driving accident,Daylight,Wet/moist/slippery,2215,385748.0
11795,11795,201098,8,Flughafenstraße,2019,11,14,7,3,6,2,0,0,1,1,0,0,0,1.0,Neukölln,Accident with minor injuries,Collision between vehicle and pedestrian,Turning accident,Daylight,Wet/moist/slippery,934,329917.0
11796,11796,201099,1,Reinickendorfer Straße,2019,11,14,7,3,2,6,0,0,1,0,0,0,1,1.0,Mitte,Accident with minor injuries,Collision with the vehicle in front/waiting vehicle,Collision involving vehicles going in the same way,Daylight,Wet/moist/slippery,2215,385748.0
11797,11797,201100,1,Alexanderplatzviertel,2019,11,18,7,2,1,5,2,0,1,0,0,0,0,0.0,Mitte,Accident with serious injuries,Collision with a moving/standing/parked vehicle,Accident involving parked vehicles,Dark,Dry,2215,385748.0
11798,11798,201101,12,Scharnweberstraße,2019,11,18,7,3,5,7,2,0,1,0,0,0,0,1.0,Reinickendorf,Accident with minor injuries,Collision with a turning/crossing vehicle,Others,Dark,Wet/moist/slippery,867,266408.0
11799,11799,201102,1,Oranienburger Straße,2019,11,13,7,3,5,3,0,1,1,0,0,0,0,1.0,Mitte,Accident with minor injuries,Collision with a turning/crossing vehicle,Turning/Crossing accident,Daylight,Wet/moist/slippery,2215,385748.0
11800,11800,201103,7,Ceciliengärten,2019,11,18,7,3,0,6,2,0,0,0,1,0,1,1.0,Tempelhof-Schöneberg,Accident with minor injuries,Others,Collision involving vehicles going in the same way,Dark,Wet/moist/slippery,1241,350984.0
11801,11801,201104,7,Marienhöhe,2019,11,13,7,3,4,7,0,0,1,0,0,0,0,1.0,Tempelhof-Schöneberg,Accident with minor injuries,Collision with oncoming vehicle,Others,Daylight,Wet/moist/slippery,1241,350984.0
11802,11802,201105,8,Reuterkiez,2019,11,12,7,3,3,6,0,0,1,0,1,0,0,1.0,Neukölln,Accident with minor injuries,Collision with a vehicle traveling laterally in the same direction,Collision involving vehicles going in the same way,Daylight,Wet/moist/slippery,934,329917.0
11803,11803,201106,9,Oberschöneweide Ost,2019,11,12,7,3,5,2,0,0,1,0,0,0,0,1.0,Treptow-Köpenick,Accident with minor injuries,Collision with a turning/crossing vehicle,Turning accident,Daylight,Wet/moist/slippery,892,273689.0
11804,11804,201107,8,Parchimer Allee,2019,11,11,7,3,2,6,0,0,1,0,0,0,0,1.0,Neukölln,Accident with minor injuries,Collision with the vehicle in front/waiting vehicle,Collision involving vehicles going in the same way,Daylight,Wet/moist/slippery,934,329917.0
11805,11805,201108,8,Silbersteinstraße,2019,11,11,7,3,2,6,0,0,1,0,0,0,0,1.0,Neukölln,Accident with minor injuries,Collision with the vehicle in front/waiting vehicle,Collision involving vehicles going in the same way,Daylight,Wet/moist/slippery,934,329917.0
11806,11806,201109,5,Gartenfelder Straße,2019,11,0,7,3,1,1,2,0,1,0,0,0,1,1.0,Spandau,Accident with minor injuries,Collision with a moving/standing/parked vehicle,Driving accident,Dark,Wet/moist/slippery,798,245197.0
11807,11807,201110,2,Wriezener Bahnhof/Entwicklungsgebiet,2019,11,0,7,3,0,1,2,1,0,0,0,0,0,1.0,Friedrichshain-Kreuzberg,Accident with minor injuries,Others,Driving accident,Dark,Wet/moist/slippery,1381,290386.0
11808,11808,201111,6,Lichterfelde West,2019,11,23,7,3,5,2,2,0,1,0,0,0,0,1.0,Steglitz-Zehlendorf,Accident with minor injuries,Collision with a turning/crossing vehicle,Turning accident,Dark,Wet/moist/slippery,851,310071.0
11809,11809,201112,1,Heine-Viertel Ost,2019,11,23,7,3,1,5,2,1,1,0,0,0,1,0.0,Mitte,Accident with minor injuries,Collision with a moving/standing/parked vehicle,Accident involving parked vehicles,Dark,Dry,2215,385748.0
11810,11810,201113,2,Stralauer Kiez,2019,11,22,7,3,5,2,2,1,1,0,0,0,0,1.0,Friedrichshain-Kreuzberg,Accident with minor injuries,Collision with a turning/crossing vehicle,Turning accident,Dark,Wet/moist/slippery,1381,290386.0
11811,11811,201114,12,Waldidyll/Flughafensee,2019,11,22,7,3,2,6,2,0,1,0,0,0,0,0.0,Reinickendorf,Accident with minor injuries,Collision with the vehicle in front/waiting vehicle,Collision involving vehicles going in the same way,Dark,Dry,867,266408.0
11812,11812,201115,1,Brunnenstraße,2019,11,21,7,2,6,2,2,0,1,1,0,0,0,0.0,Mitte,Accident with serious injuries,Collision between vehicle and pedestrian,Turning accident,Dark,Dry,2215,385748.0
11813,11813,201116,5,Adamstraße,2019,11,21,7,2,2,6,2,0,1,0,0,0,0,1.0,Spandau,Accident with serious injuries,Collision with the vehicle in front/waiting vehicle,Collision involving vehicles going in the same way,Dark,Wet/moist/slippery,798,245197.0
11814,11814,201117,2,Graefekiez,2019,11,21,7,3,2,6,2,0,1,0,0,0,0,1.0,Friedrichshain-Kreuzberg,Accident with minor injuries,Collision with the vehicle in front/waiting vehicle,Collision involving vehicles going in the same way,Dark,Wet/moist/slippery,1381,290386.0
11815,11815,201118,1,Lüneburger Straße,2019,11,18,7,3,0,1,2,1,0,0,0,0,0,1.0,Mitte,Accident with minor injuries,Others,Driving accident,Dark,Wet/moist/slippery,2215,385748.0
11816,11816,201119,1,Humboldthain Nordwest,2019,11,11,6,3,5,2,0,1,1,0,0,0,0,0.0,Mitte,Accident with minor injuries,Collision with a turning/crossing vehicle,Turning accident,Daylight,Dry,2215,385748.0
11817,11817,201120,10,Adele-Sandrock-Straße,2019,11,23,6,3,1,5,2,0,1,0,0,1,0,1.0,Marzahn-Hellersdorf,Accident with minor injuries,Collision with a moving/standing/parked vehicle,Accident involving parked vehicles,Dark,Wet/moist/slippery,586,269967.0
11818,11818,201121,4,George-Grosz-Platz,2019,11,23,6,3,5,3,2,0,1,0,0,0,0,1.0,Charlottenburg-Wilmersdorf,Accident with minor injuries,Collision with a turning/crossing vehicle,Turning/Crossing accident,Dark,Wet/moist/slippery,1727,343592.0
11819,11819,201122,2,Wassertorplatz,2019,11,22,6,3,2,6,2,0,1,0,0,0,0,1.0,Friedrichshain-Kreuzberg,Accident with minor injuries,Collision with the vehicle in front/waiting vehicle,Collision involving vehicles going in the same way,Dark,Wet/moist/slippery,1381,290386.0
11820,11820,201123,10,Mahlsdorf Süd,2019,11,22,6,2,4,6,2,0,1,0,0,0,0,1.0,Marzahn-Hellersdorf,Accident with serious injuries,Collision with oncoming vehicle,Collision involving vehicles going in the same way,Dark,Wet/moist/slippery,586,269967.0
11821,11821,201124,5,Döberitzer Weg,2019,11,21,6,3,5,2,2,0,1,0,0,0,0,1.0,Spandau,Accident with minor injuries,Collision with a turning/crossing vehicle,Turning accident,Dark,Wet/moist/slippery,798,245197.0
11822,11822,201125,9,Köpenicker Landstraße,2019,11,20,6,3,5,2,2,0,1,0,0,0,0,1.0,Treptow-Köpenick,Accident with minor injuries,Collision with a turning/crossing vehicle,Turning accident,Dark,Wet/moist/slippery,892,273689.0
11823,11823,201126,2,Graefekiez,2019,11,20,6,3,6,2,2,0,1,1,0,0,0,1.0,Friedrichshain-Kreuzberg,Accident with minor injuries,Collision between vehicle and pedestrian,Turning accident,Dark,Wet/moist/slippery,1381,290386.0
11824,11824,201127,1,Humboldthain Nordwest,2019,11,19,6,2,6,4,2,0,1,1,0,0,0,1.0,Mitte,Accident with serious injuries,Collision between vehicle and pedestrian,Pedestrian crossing accident,Dark,Wet/moist/slippery,2215,385748.0
11825,11825,201128,5,Borkumer Straße,2019,11,19,6,3,5,2,2,0,1,0,1,0,0,1.0,Spandau,Accident with minor injuries,Collision with a turning/crossing vehicle,Turning accident,Dark,Wet/moist/slippery,798,245197.0
11826,11826,201129,6,Südende,2019,11,18,6,3,5,3,2,0,1,0,0,0,0,1.0,Steglitz-Zehlendorf,Accident with minor injuries,Collision with a turning/crossing vehicle,Turning/Crossing accident,Dark,Wet/moist/slippery,851,310071.0
11827,11827,201130,12,Wittenau Süd,2019,11,18,6,3,5,3,2,0,1,0,1,0,0,0.0,Reinickendorf,Accident with minor injuries,Collision with a turning/crossing vehicle,Turning/Crossing accident,Dark,Dry,867,266408.0
11828,11828,201131,12,Scharnweberstraße,2019,11,18,6,2,6,7,1,0,1,1,0,0,0,0.0,Reinickendorf,Accident with serious injuries,Collision between vehicle and pedestrian,Others,Twilight,Dry,867,266408.0
11829,11829,201132,3,Pankow Süd,2019,11,10,6,3,5,2,0,0,1,0,1,0,0,0.0,Pankow,Accident with minor injuries,Collision with a turning/crossing vehicle,Turning accident,Daylight,Dry,1219,409335.0
11830,11830,201133,2,Urbanstraße,2019,11,9,6,3,3,6,0,0,1,0,0,0,0,0.0,Friedrichshain-Kreuzberg,Accident with minor injuries,Collision with a vehicle traveling laterally in the same direction,Collision involving vehicles going in the same way,Daylight,Dry,1381,290386.0
11831,11831,201134,11,Landsberger Allee,2019,11,14,6,2,6,4,0,0,0,1,0,1,0,0.0,Lichtenberg,Accident with serious injuries,Collision between vehicle and pedestrian,Pedestrian crossing accident,Daylight,Dry,679,294201.0
11832,11832,201135,5,Maulbeerallee,2019,11,9,6,3,5,5,0,0,1,0,0,0,0,0.0,Spandau,Accident with minor injuries,Collision with a turning/crossing vehicle,Accident involving parked vehicles,Daylight,Dry,798,245197.0
11833,11833,201136,3,Wilhelmsruh,2019,11,14,6,3,5,3,0,0,1,0,0,0,0,0.0,Pankow,Accident with minor injuries,Collision with a turning/crossing vehicle,Turning/Crossing accident,Daylight,Dry,1219,409335.0
11834,11834,201137,8,Schillerpromenade,2019,11,13,6,3,5,2,0,1,1,0,0,0,0,0.0,Neukölln,Accident with minor injuries,Collision with a turning/crossing vehicle,Turning accident,Daylight,Dry,934,329917.0
11835,11835,201138,12,Klixstraße,2019,11,8,6,3,1,5,0,0,1,0,0,0,0,0.0,Reinickendorf,Accident with minor injuries,Collision with a moving/standing/parked vehicle,Accident involving parked vehicles,Daylight,Dry,867,266408.0
11836,11836,201139,8,Rollberg,2019,11,11,6,3,1,7,0,0,1,0,0,0,0,0.0,Neukölln,Accident with minor injuries,Collision with a moving/standing/parked vehicle,Others,Daylight,Dry,934,329917.0
11837,11837,201140,4,Kaiserin-Augusta-Allee,2019,11,11,6,3,5,3,0,0,1,0,1,0,0,0.0,Charlottenburg-Wilmersdorf,Accident with minor injuries,Collision with a turning/crossing vehicle,Turning/Crossing accident,Daylight,Dry,1727,343592.0
11838,11838,201141,2,Graefekiez,2019,11,11,6,3,2,6,0,0,1,0,0,0,0,0.0,Friedrichshain-Kreuzberg,Accident with minor injuries,Collision with the vehicle in front/waiting vehicle,Collision involving vehicles going in the same way,Daylight,Dry,1381,290386.0
11839,11839,201142,2,Friedenstraße,2019,11,8,6,3,5,3,0,1,0,0,1,0,0,0.0,Friedrichshain-Kreuzberg,Accident with minor injuries,Collision with a turning/crossing vehicle,Turning/Crossing accident,Daylight,Dry,1381,290386.0
11840,11840,201143,7,Alt-Lichtenrade/Töpchiner Weg,2019,11,7,6,3,5,3,0,1,1,0,0,0,0,0.0,Tempelhof-Schöneberg,Accident with minor injuries,Collision with a turning/crossing vehicle,Turning/Crossing accident,Daylight,Dry,1241,350984.0
11841,11841,201144,7,Marienfelde Süd,2019,11,6,6,3,0,2,1,1,1,0,0,0,0,0.0,Tempelhof-Schöneberg,Accident with minor injuries,Others,Turning accident,Twilight,Dry,1241,350984.0
11842,11842,201145,5,Carl-Schurz-Straße,2019,11,6,6,3,9,1,2,0,1,0,0,0,0,0.0,Spandau,Accident with minor injuries,Departure from the roadway to the left,Driving accident,Dark,Dry,798,245197.0
11843,11843,201146,11,Fennpfuhl West,2019,11,17,6,2,6,4,2,0,1,1,0,0,0,0.0,Lichtenberg,Accident with serious injuries,Collision between vehicle and pedestrian,Pedestrian crossing accident,Dark,Dry,679,294201.0
11844,11844,201147,4,Amtsgerichtsplatz,2019,11,17,6,3,1,5,2,1,1,0,0,0,0,1.0,Charlottenburg-Wilmersdorf,Accident with minor injuries,Collision with a moving/standing/parked vehicle,Accident involving parked vehicles,Dark,Wet/moist/slippery,1727,343592.0
11845,11845,201148,4,Messegelände,2019,11,17,6,3,3,2,2,0,1,0,0,1,0,1.0,Charlottenburg-Wilmersdorf,Accident with minor injuries,Collision with a vehicle traveling laterally in the same direction,Turning accident,Dark,Wet/moist/slippery,1727,343592.0
11846,11846,201149,8,Donaustraße,2019,11,17,6,3,6,4,2,0,0,1,0,0,1,0.0,Neukölln,Accident with minor injuries,Collision between vehicle and pedestrian,Pedestrian crossing accident,Dark,Dry,934,329917.0
11847,11847,201150,12,Ziekowstraße/Freie Scholle,2019,11,16,6,3,5,2,1,1,1,0,0,0,0,1.0,Reinickendorf,Accident with minor injuries,Collision with a turning/crossing vehicle,Turning accident,Twilight,Wet/moist/slippery,867,266408.0
11848,11848,201151,8,Silbersteinstraße,2019,11,16,6,3,1,5,2,1,1,0,0,0,0,0.0,Neukölln,Accident with minor injuries,Collision with a moving/standing/parked vehicle,Accident involving parked vehicles,Dark,Dry,934,329917.0
11849,11849,201152,8,Zittauer Straße,2019,11,13,6,3,6,4,0,0,1,1,0,0,0,0.0,Neukölln,Accident with minor injuries,Collision between vehicle and pedestrian,Pedestrian crossing accident,Daylight,Dry,934,329917.0
11850,11850,201153,1,Soldiner Straße,2019,11,16,6,3,6,4,1,0,1,1,0,0,0,1.0,Mitte,Accident with minor injuries,Collision between vehicle and pedestrian,Pedestrian crossing accident,Twilight,Wet/moist/slippery,2215,385748.0
11851,11851,201154,5,Carl-Schurz-Straße,2019,11,15,6,3,2,7,1,1,1,0,0,0,0,1.0,Spandau,Accident with minor injuries,Collision with the vehicle in front/waiting vehicle,Others,Twilight,Wet/moist/slippery,798,245197.0
11852,11852,201155,5,Weinmeisterhornweg,2019,11,16,6,3,6,2,1,0,1,1,0,0,0,1.0,Spandau,Accident with minor injuries,Collision between vehicle and pedestrian,Turning accident,Twilight,Wet/moist/slippery,798,245197.0
11853,11853,201156,2,Lausitzer Platz,2019,11,9,6,3,3,5,0,1,1,0,0,0,0,0.0,Friedrichshain-Kreuzberg,Accident with minor injuries,Collision with a vehicle traveling laterally in the same direction,Accident involving parked vehicles,Daylight,Dry,1381,290386.0
11854,11854,201157,3,Niederschönhausen,2019,11,15,6,3,1,5,0,1,1,0,0,0,0,0.0,Pankow,Accident with minor injuries,Collision with a moving/standing/parked vehicle,Accident involving parked vehicles,Daylight,Dry,1219,409335.0
11855,11855,201158,4,Halensee,2019,11,15,6,3,5,2,1,0,1,0,0,0,0,0.0,Charlottenburg-Wilmersdorf,Accident with minor injuries,Collision with a turning/crossing vehicle,Turning accident,Twilight,Dry,1727,343592.0
11856,11856,201159,3,Falkplatz,2019,11,15,6,3,5,3,0,1,1,0,0,0,0,0.0,Pankow,Accident with minor injuries,Collision with a turning/crossing vehicle,Turning/Crossing accident,Daylight,Dry,1219,409335.0
11857,11857,201160,9,Rahnsdorf/Hessenwinkel,2019,11,15,6,3,5,3,0,1,1,0,0,0,0,0.0,Treptow-Köpenick,Accident with minor injuries,Collision with a turning/crossing vehicle,Turning/Crossing accident,Daylight,Dry,892,273689.0
11858,11858,201161,1,Elberfelder Straße,2019,11,15,6,3,2,6,0,1,1,0,0,0,0,2.0,Mitte,Accident with minor injuries,Collision with the vehicle in front/waiting vehicle,Collision involving vehicles going in the same way,Daylight,Snowy,2215,385748.0
11859,11859,201162,4,George-Grosz-Platz,2019,11,15,6,3,5,2,0,1,0,0,1,0,0,0.0,Charlottenburg-Wilmersdorf,Accident with minor injuries,Collision with a turning/crossing vehicle,Turning accident,Daylight,Dry,1727,343592.0
11860,11860,201163,2,Andreasviertel,2019,11,16,5,3,6,4,1,0,1,1,0,0,0,1.0,Friedrichshain-Kreuzberg,Accident with minor injuries,Collision between vehicle and pedestrian,Pedestrian crossing accident,Twilight,Wet/moist/slippery,1381,290386.0
11861,11861,201164,1,Nördlicher Landwehrkanal,2019,11,8,5,3,0,5,1,1,1,0,0,0,0,0.0,Mitte,Accident with minor injuries,Others,Accident involving parked vehicles,Twilight,Dry,2215,385748.0
11862,11862,201165,2,Wassertorplatz,2019,11,20,5,3,2,2,2,0,1,0,0,0,0,0.0,Friedrichshain-Kreuzberg,Accident with minor injuries,Collision with the vehicle in front/waiting vehicle,Turning accident,Dark,Dry,1381,290386.0
11863,11863,201166,10,Landsberger Tor,2019,11,20,5,3,9,1,2,0,1,0,0,0,0,0.0,Marzahn-Hellersdorf,Accident with minor injuries,Departure from the roadway to the left,Driving accident,Dark,Dry,586,269967.0
11864,11864,201167,12,Schorfheidestraße,2019,11,19,5,3,6,2,2,0,1,1,0,0,0,0.0,Reinickendorf,Accident with minor injuries,Collision between vehicle and pedestrian,Turning accident,Dark,Dry,867,266408.0
11865,11865,201168,8,Rollberg,2019,11,17,5,3,0,6,2,0,1,0,0,0,1,0.0,Neukölln,Accident with minor injuries,Others,Collision involving vehicles going in the same way,Dark,Dry,934,329917.0