,Unnamed: 0,object id,district,street,year,month,hour of day,weekday,category,accident type,accident type 2,light situation,bike involved,car involved,pedestrian involved,motor bike involved,big track involved,other vehicle involved,road condition,district name,category name,accident detail,accident type detail,light condition,road condition detail,accident count by district,est. population
11866,11866,201169,11,Gewerbegebiet Bitterfelder Straße,2019,11,17,5,3,2,6,2,0,1,0,0,0,0,0.0,Lichtenberg,Accident with minor injuries,Collision with the vehicle in front/waiting vehicle,Collision involving vehicles going in the same way,Dark,Dry,679,294201.0
11867,11867,201170,1,Humboldthain Nordwest,2019,11,17,5,3,6,2,2,0,1,1,0,0,0,0.0,Mitte,Accident with minor injuries,Collision between vehicle and pedestrian,Turning accident,Dark,Dry,2215,385748.0
11868,11868,201171,6,Schloßstraße,2019,11,17,5,3,3,2,1,1,1,0,0,0,0,0.0,Steglitz-Zehlendorf,Accident with minor injuries,Collision with a vehicle traveling laterally in the same direction,Turning accident,Twilight,Dry,851,310071.0
11869,11869,201172,11,Karlshorst Süd,2019,11,16,5,3,0,2,2,0,1,0,0,0,1,0.0,Lichtenberg,Accident with minor injuries,Others,Turning accident,Dark,Dry,679,294201.0
11870,11870,201173,2,Oranienplatz,2019,11,18,5,3,3,5,2,1,1,0,0,0,0,0.0,Friedrichshain-Kreuzberg,Accident with minor injuries,Collision with a vehicle traveling laterally in the same direction,Accident involving parked vehicles,Dark,Dry,1381,290386.0
11871,11871,201174,1,Unter den Linden Süd,2019,11,15,5,3,2,2,0,1,1,0,0,0,0,0.0,Mitte,Accident with minor injuries,Collision with the vehicle in front/waiting vehicle,Turning accident,Daylight,Dry,2215,385748.0
11872,11872,201175,1,Sparrplatz,2019,11,15,5,3,2,2,0,0,1,0,0,0,0,0.0,Mitte,Accident with minor injuries,Collision with the vehicle in front/waiting vehicle,Turning accident,Daylight,Dry,2215,385748.0
11873,11873,201176,9,Oberschöneweide West,2019,11,14,5,3,2,6,0,0,1,0,0,0,0,0.0,Treptow-Köpenick,Accident with minor injuries,Collision with the vehicle in front/waiting vehicle,Collision involving vehicles going in the same way,Daylight,Dry,892,273689.0
11874,11874,201177,7,Nollendorfplatz,2019,11,17,5,3,5,2,2,0,1,0,1,0,0,0.0,Tempelhof-Schöneberg,Accident with minor injuries,Collision with a turning/crossing vehicle,Turning accident,Dark,Dry,1241,350984.0
11875,11875,201178,9,Grünau,2019,11,17,5,3,5,2,2,0,1,0,0,0,1,0.0,Treptow-Köpenick,Accident with minor injuries,Collision with a turning/crossing vehicle,Turning accident,Dark,Dry,892,273689.0
11876,11876,201179,3,Niederschönhausen,2019,11,13,5,2,5,3,0,0,1,0,0,0,0,2.0,Pankow,Accident with serious injuries,Collision with a turning/crossing vehicle,Turning/Crossing accident,Daylight,Snowy,1219,409335.0
11877,11877,201180,6,Krumme Lanke,2019,11,17,5,2,1,5,2,1,1,0,0,0,0,1.0,Steglitz-Zehlendorf,Accident with serious injuries,Collision with a moving/standing/parked vehicle,Accident involving parked vehicles,Dark,Wet/moist/slippery,851,310071.0
11878,11878,201181,12,Ziekowstraße/Freie Scholle,2019,11,12,5,3,2,6,0,0,1,0,0,0,0,0.0,Reinickendorf,Accident with minor injuries,Collision with the vehicle in front/waiting vehicle,Collision involving vehicles going in the same way,Daylight,Dry,867,266408.0
11879,11879,201182,2,Friedenstraße,2019,11,12,5,3,4,6,0,1,0,0,0,0,1,0.0,Friedrichshain-Kreuzberg,Accident with minor injuries,Collision with oncoming vehicle,Collision involving vehicles going in the same way,Daylight,Dry,1381,290386.0
11880,11880,201183,4,Kaiserin-Augusta-Allee,2019,11,8,5,3,6,7,0,0,0,1,0,0,1,0.0,Charlottenburg-Wilmersdorf,Accident with minor injuries,Collision between vehicle and pedestrian,Others,Daylight,Dry,1727,343592.0
11881,11881,201184,11,Herzbergstraße,2019,11,8,5,3,0,2,0,1,1,0,0,0,0,0.0,Lichtenberg,Accident with minor injuries,Others,Turning accident,Daylight,Dry,679,294201.0
11882,11882,201185,1,Großer Tiergarten,2019,11,8,5,3,1,5,0,1,1,0,0,0,1,1.0,Mitte,Accident with minor injuries,Collision with a moving/standing/parked vehicle,Accident involving parked vehicles,Daylight,Wet/moist/slippery,2215,385748.0
11883,11883,201186,4,Rüdesheimer Platz,2019,11,7,5,3,5,3,0,1,1,0,0,0,0,0.0,Charlottenburg-Wilmersdorf,Accident with minor injuries,Collision with a turning/crossing vehicle,Turning/Crossing accident,Daylight,Dry,1727,343592.0
11884,11884,201187,3,Schönholz,2019,11,7,5,3,2,1,0,0,1,0,0,0,0,1.0,Pankow,Accident with minor injuries,Collision with the vehicle in front/waiting vehicle,Driving accident,Daylight,Wet/moist/slippery,1219,409335.0
11885,11885,201188,7,Manteuffelstraße,2019,11,7,5,3,5,2,0,1,1,0,0,0,0,0.0,Tempelhof-Schöneberg,Accident with minor injuries,Collision with a turning/crossing vehicle,Turning accident,Daylight,Dry,1241,350984.0
11886,11886,201189,5,Gütersloher Weg,2019,11,5,5,3,6,4,2,0,0,1,0,0,1,1.0,Spandau,Accident with minor injuries,Collision between vehicle and pedestrian,Pedestrian crossing accident,Dark,Wet/moist/slippery,798,245197.0
11887,11887,201190,6,Berlepschstraße,2019,11,14,4,3,6,4,0,0,1,1,0,0,0,0.0,Steglitz-Zehlendorf,Accident with minor injuries,Collision between vehicle and pedestrian,Pedestrian crossing accident,Daylight,Dry,851,310071.0
11888,11888,201191,1,Leipziger Straße,2019,11,8,4,3,5,3,0,1,1,0,0,0,0,1.0,Mitte,Accident with minor injuries,Collision with a turning/crossing vehicle,Turning/Crossing accident,Daylight,Wet/moist/slippery,2215,385748.0
11889,11889,201192,7,Rathausstraße,2019,11,8,4,2,0,5,0,0,1,0,0,0,1,1.0,Tempelhof-Schöneberg,Accident with serious injuries,Others,Accident involving parked vehicles,Daylight,Wet/moist/slippery,1241,350984.0
11890,11890,201193,1,Hansaviertel,2019,11,9,4,3,5,2,0,1,1,0,0,0,0,1.0,Mitte,Accident with minor injuries,Collision with a turning/crossing vehicle,Turning accident,Daylight,Wet/moist/slippery,2215,385748.0
11891,11891,201194,11,Orankesee,2019,11,8,4,3,6,4,0,0,1,1,0,0,0,1.0,Lichtenberg,Accident with minor injuries,Collision between vehicle and pedestrian,Pedestrian crossing accident,Daylight,Wet/moist/slippery,679,294201.0
11892,11892,201195,8,Schillerpromenade,2019,11,8,4,3,3,6,0,0,1,0,0,1,0,1.0,Neukölln,Accident with minor injuries,Collision with a vehicle traveling laterally in the same direction,Collision involving vehicles going in the same way,Daylight,Wet/moist/slippery,934,329917.0
11893,11893,201196,10,Hellersdorfer Promenade,2019,11,8,4,3,5,2,0,0,1,0,0,0,0,,Marzahn-Hellersdorf,Accident with minor injuries,Collision with a turning/crossing vehicle,Turning accident,Daylight,,586,269967.0
11894,11894,201197,10,Oberfeldstraße,2019,11,7,4,3,6,2,1,0,1,1,0,0,0,1.0,Marzahn-Hellersdorf,Accident with minor injuries,Collision between vehicle and pedestrian,Turning accident,Twilight,Wet/moist/slippery,586,269967.0
11895,11895,201198,3,Weißer See,2019,11,6,4,3,0,3,0,0,1,0,1,0,0,1.0,Pankow,Accident with minor injuries,Others,Turning/Crossing accident,Daylight,Wet/moist/slippery,1219,409335.0
11896,11896,201199,11,Hauptstraße,2019,11,6,4,3,5,2,2,1,1,0,0,0,0,1.0,Lichtenberg,Accident with minor injuries,Collision with a turning/crossing vehicle,Turning accident,Dark,Wet/moist/slippery,679,294201.0
11897,11897,201200,4,Brabanter Platz,2019,11,1,4,3,5,2,2,0,1,0,0,0,1,1.0,Charlottenburg-Wilmersdorf,Accident with minor injuries,Collision with a turning/crossing vehicle,Turning accident,Dark,Wet/moist/slippery,1727,343592.0
11898,11898,201201,6,Königsberger Straße,2019,11,23,4,3,8,1,2,0,1,0,0,0,0,0.0,Steglitz-Zehlendorf,Accident with minor injuries,Departure from the roadway to the right,Driving accident,Dark,Dry,851,310071.0
11899,11899,201202,7,Hundsteinweg,2019,11,18,4,3,0,2,2,0,1,0,1,0,0,1.0,Tempelhof-Schöneberg,Accident with minor injuries,Others,Turning accident,Dark,Wet/moist/slippery,1241,350984.0
11900,11900,201203,4,Amtsgerichtsplatz,2019,11,20,4,3,0,5,2,0,1,0,1,0,0,1.0,Charlottenburg-Wilmersdorf,Accident with minor injuries,Others,Accident involving parked vehicles,Dark,Wet/moist/slippery,1727,343592.0
11901,11901,201204,1,Humboldthain Süd,2019,11,6,4,3,0,5,2,0,1,0,0,0,1,1.0,Mitte,Accident with minor injuries,Others,Accident involving parked vehicles,Dark,Wet/moist/slippery,2215,385748.0
11902,11902,201205,9,Köllnische Vorstadt,2019,11,17,4,3,5,2,2,1,1,0,0,0,0,1.0,Treptow-Köpenick,Accident with minor injuries,Collision with a turning/crossing vehicle,Turning accident,Dark,Wet/moist/slippery,892,273689.0
11903,11903,201206,2,Oranienplatz,2019,11,16,4,3,0,5,1,1,1,0,0,0,0,1.0,Friedrichshain-Kreuzberg,Accident with minor injuries,Others,Accident involving parked vehicles,Twilight,Wet/moist/slippery,1381,290386.0
11904,11904,201207,1,Stephankiez,2019,11,18,4,3,6,7,2,0,0,1,0,0,1,1.0,Mitte,Accident with minor injuries,Collision between vehicle and pedestrian,Others,Dark,Wet/moist/slippery,2215,385748.0
11905,11905,201208,3,Rennbahnstraße,2019,11,16,4,2,6,2,2,0,1,1,0,0,0,1.0,Pankow,Accident with serious injuries,Collision between vehicle and pedestrian,Turning accident,Dark,Wet/moist/slippery,1219,409335.0
11906,11906,201209,3,Pankow Süd,2019,11,16,4,2,5,3,2,0,1,0,0,0,0,1.0,Pankow,Accident with serious injuries,Collision with a turning/crossing vehicle,Turning/Crossing accident,Dark,Wet/moist/slippery,1219,409335.0
11907,11907,201210,1,Humboldthain Süd,2019,11,15,4,2,5,3,1,1,1,0,0,0,0,1.0,Mitte,Accident with serious injuries,Collision with a turning/crossing vehicle,Turning/Crossing accident,Twilight,Wet/moist/slippery,2215,385748.0
11908,11908,201211,11,Sewanstraße,2019,11,15,4,3,5,3,0,1,1,0,0,0,0,1.0,Lichtenberg,Accident with minor injuries,Collision with a turning/crossing vehicle,Turning/Crossing accident,Daylight,Wet/moist/slippery,679,294201.0
11909,11909,201212,1,Heine-Viertel West,2019,11,19,4,3,5,2,2,0,1,0,0,0,1,1.0,Mitte,Accident with minor injuries,Collision with a turning/crossing vehicle,Turning accident,Dark,Wet/moist/slippery,2215,385748.0
11910,11910,201213,1,Leopoldplatz,2019,11,15,4,3,2,6,0,0,1,0,0,0,0,1.0,Mitte,Accident with minor injuries,Collision with the vehicle in front/waiting vehicle,Collision involving vehicles going in the same way,Daylight,Wet/moist/slippery,2215,385748.0
11911,11911,201214,12,Scharnweberstraße,2019,11,15,4,3,5,3,0,0,1,0,0,0,0,1.0,Reinickendorf,Accident with minor injuries,Collision with a turning/crossing vehicle,Turning/Crossing accident,Daylight,Wet/moist/slippery,867,266408.0
11912,11912,201215,11,Victoriastadt,2019,11,14,4,3,5,3,0,1,1,0,0,0,0,1.0,Lichtenberg,Accident with minor injuries,Collision with a turning/crossing vehicle,Turning/Crossing accident,Daylight,Wet/moist/slippery,679,294201.0
11913,11913,201216,2,Boxhagener Platz,2019,11,14,4,2,6,4,0,0,1,1,0,0,0,1.0,Friedrichshain-Kreuzberg,Accident with serious injuries,Collision between vehicle and pedestrian,Pedestrian crossing accident,Daylight,Wet/moist/slippery,1381,290386.0
11914,11914,201217,9,Adlershof Ost,2019,11,13,4,3,3,6,0,1,0,0,0,0,1,1.0,Treptow-Köpenick,Accident with minor injuries,Collision with a vehicle traveling laterally in the same direction,Collision involving vehicles going in the same way,Daylight,Wet/moist/slippery,892,273689.0
11915,11915,201218,7,Neu-Tempelhof,2019,11,13,4,3,1,5,0,1,1,0,0,0,0,1.0,Tempelhof-Schöneberg,Accident with minor injuries,Collision with a moving/standing/parked vehicle,Accident involving parked vehicles,Daylight,Wet/moist/slippery,1241,350984.0
11916,11916,201219,3,Wilhelmsruh,2019,11,13,4,3,5,3,0,0,1,0,0,0,0,1.0,Pankow,Accident with minor injuries,Collision with a turning/crossing vehicle,Turning/Crossing accident,Daylight,Wet/moist/slippery,1219,409335.0
11917,11917,201220,11,Karlshorst West,2019,11,11,4,3,5,3,0,0,1,0,1,0,0,1.0,Lichtenberg,Accident with minor injuries,Collision with a turning/crossing vehicle,Turning/Crossing accident,Daylight,Wet/moist/slippery,679,294201.0
11918,11918,201221,8,Hertzbergplatz,2019,11,11,4,3,5,3,0,1,1,0,0,0,0,1.0,Neukölln,Accident with minor injuries,Collision with a turning/crossing vehicle,Turning/Crossing accident,Daylight,Wet/moist/slippery,934,329917.0
11919,11919,201222,6,Botanischer Garten,2019,11,10,4,3,2,6,0,0,1,0,1,0,0,1.0,Steglitz-Zehlendorf,Accident with minor injuries,Collision with the vehicle in front/waiting vehicle,Collision involving vehicles going in the same way,Daylight,Wet/moist/slippery,851,310071.0
11920,11920,201223,10,Kaulsdorf Süd,2019,11,9,4,2,5,3,0,0,1,0,0,0,0,1.0,Marzahn-Hellersdorf,Accident with serious injuries,Collision with a turning/crossing vehicle,Turning/Crossing accident,Daylight,Wet/moist/slippery,586,269967.0
11921,11921,201224,1,Karl-Marx-Allee,2019,11,8,4,3,5,2,0,1,1,0,0,0,0,1.0,Mitte,Accident with minor injuries,Collision with a turning/crossing vehicle,Turning accident,Daylight,Wet/moist/slippery,2215,385748.0
11922,11922,201225,1,Charitéviertel,2019,11,16,4,3,0,1,2,0,0,0,1,0,0,1.0,Mitte,Accident with minor injuries,Others,Driving accident,Dark,Wet/moist/slippery,2215,385748.0
11923,11923,201226,6,Bismarckstraße,2019,11,9,3,3,6,7,0,0,1,1,0,0,0,0.0,Steglitz-Zehlendorf,Accident with minor injuries,Collision between vehicle and pedestrian,Others,Daylight,Dry,851,310071.0
11924,11924,201227,2,Traveplatz,2019,11,17,3,3,0,7,2,0,0,0,1,0,0,1.0,Friedrichshain-Kreuzberg,Accident with minor injuries,Others,Others,Dark,Wet/moist/slippery,1381,290386.0
11925,11925,201228,1,Emdener Straße,2019,11,21,3,3,1,5,2,1,1,0,0,0,0,0.0,Mitte,Accident with minor injuries,Collision with a moving/standing/parked vehicle,Accident involving parked vehicles,Dark,Dry,2215,385748.0
11926,11926,201229,7,Grazer Platz,2019,11,20,3,3,1,6,2,0,1,0,0,0,0,0.0,Tempelhof-Schöneberg,Accident with minor injuries,Collision with a moving/standing/parked vehicle,Collision involving vehicles going in the same way,Dark,Dry,1241,350984.0
11927,11927,201230,1,Nördlicher Landwehrkanal,2019,11,18,3,3,5,2,2,0,1,0,1,0,0,1.0,Mitte,Accident with minor injuries,Collision with a turning/crossing vehicle,Turning accident,Dark,Wet/moist/slippery,2215,385748.0
11928,11928,201231,2,Oranienplatz,2019,11,19,3,2,6,4,2,0,1,1,0,0,0,1.0,Friedrichshain-Kreuzberg,Accident with serious injuries,Collision between vehicle and pedestrian,Pedestrian crossing accident,Dark,Wet/moist/slippery,1381,290386.0
11929,11929,201232,11,Fennpfuhl Ost,2019,11,19,3,3,2,6,2,0,1,0,0,0,0,1.0,Lichtenberg,Accident with minor injuries,Collision with the vehicle in front/waiting vehicle,Collision involving vehicles going in the same way,Dark,Wet/moist/slippery,679,294201.0
11930,11930,201233,7,Manteuffelstraße,2019,11,22,3,3,5,2,2,0,1,0,1,0,0,0.0,Tempelhof-Schöneberg,Accident with minor injuries,Collision with a turning/crossing vehicle,Turning accident,Dark,Dry,1241,350984.0
11931,11931,201234,12,Letteplatz,2019,11,21,3,3,6,2,2,0,1,1,0,0,0,1.0,Reinickendorf,Accident with minor injuries,Collision between vehicle and pedestrian,Turning accident,Dark,Wet/moist/slippery,867,266408.0
11932,11932,201235,8,Rixdorf,2019,11,0,3,3,6,2,2,0,1,1,0,0,0,0.0,Neukölln,Accident with minor injuries,Collision between vehicle and pedestrian,Turning accident,Dark,Dry,934,329917.0
11933,11933,201236,1,Leipziger Straße,2019,11,11,3,3,6,7,0,0,1,1,0,0,0,1.0,Mitte,Accident with minor injuries,Collision between vehicle and pedestrian,Others,Daylight,Wet/moist/slippery,2215,385748.0
11934,11934,201237,6,Komponistenviertel Lankwitz,2019,11,10,3,3,2,2,0,0,1,0,0,0,1,0.0,Steglitz-Zehlendorf,Accident with minor injuries,Collision with the vehicle in front/waiting vehicle,Turning accident,Daylight,Dry,851,310071.0
11935,11935,201238,3,Bucher Forst,2019,11,10,3,3,0,3,0,0,1,0,1,0,0,1.0,Pankow,Accident with minor injuries,Others,Turning/Crossing accident,Daylight,Wet/moist/slippery,1219,409335.0
11936,11936,201239,8,Reuterkiez,2019,11,10,3,3,1,5,0,1,1,0,0,0,0,0.0,Neukölln,Accident with minor injuries,Collision with a moving/standing/parked vehicle,Accident involving parked vehicles,Daylight,Dry,934,329917.0
11937,11937,201240,1,Großer Tiergarten,2019,11,9,3,3,6,4,0,1,0,1,0,0,0,1.0,Mitte,Accident with minor injuries,Collision between vehicle and pedestrian,Pedestrian crossing accident,Daylight,Wet/moist/slippery,2215,385748.0
11938,11938,201241,3,Alt-Karow,2019,11,9,3,2,0,2,0,0,1,0,0,0,1,0.0,Pankow,Accident with serious injuries,Others,Turning accident,Daylight,Dry,1219,409335.0
11939,11939,201242,3,Weißenseer Spitze,2019,11,9,3,3,0,1,0,0,0,0,1,0,0,0.0,Pankow,Accident with minor injuries,Others,Driving accident,Daylight,Dry,1219,409335.0
11940,11940,201243,8,Gropiusstadt Ost,2019,11,8,3,3,5,3,0,0,1,0,0,0,0,1.0,Neukölln,Accident with minor injuries,Collision with a turning/crossing vehicle,Turning/Crossing accident,Daylight,Wet/moist/slippery,934,329917.0
11941,11941,201244,3,Weißenseer Spitze,2019,11,8,3,2,0,3,0,1,1,0,0,0,0,1.0,Pankow,Accident with serious injuries,Others,Turning/Crossing accident,Daylight,Wet/moist/slippery,1219,409335.0
11942,11942,201245,6,Stadtpark,2019,11,8,3,2,6,4,0,0,1,1,0,0,0,1.0,Steglitz-Zehlendorf,Accident with serious injuries,Collision between vehicle and pedestrian,Pedestrian crossing accident,Daylight,Wet/moist/slippery,851,310071.0
11943,11943,201246,7,Kaiser-Wilhelm-Platz,2019,11,7,3,3,6,4,0,0,1,1,0,0,0,0.0,Tempelhof-Schöneberg,Accident with minor injuries,Collision between vehicle and pedestrian,Pedestrian crossing accident,Daylight,Dry,1241,350984.0
11944,11944,201247,1,Reinickendorfer Straße,2019,11,8,3,3,0,4,0,0,0,1,1,0,0,1.0,Mitte,Accident with minor injuries,Others,Pedestrian crossing accident,Daylight,Wet/moist/slippery,2215,385748.0
11945,11945,201248,2,Viktoriapark,2019,11,7,3,3,1,5,0,0,1,0,0,0,0,0.0,Friedrichshain-Kreuzberg,Accident with minor injuries,Collision with a moving/standing/parked vehicle,Accident involving parked vehicles,Daylight,Dry,1381,290386.0
11946,11946,201249,11,Mühlengrund,2019,11,7,3,3,5,2,0,1,0,0,0,0,1,0.0,Lichtenberg,Accident with minor injuries,Collision with a turning/crossing vehicle,Turning accident,Daylight,Dry,679,294201.0
11947,11947,201250,11,Fennpfuhl West,2019,11,7,3,3,0,1,0,1,0,0,0,0,0,1.0,Lichtenberg,Accident with minor injuries,Others,Driving accident,Daylight,Wet/moist/slippery,679,294201.0
11948,11948,201251,11,Fennpfuhl West,2019,11,6,3,3,5,2,1,1,0,0,0,0,0,0.0,Lichtenberg,Accident with minor injuries,Collision with a turning/crossing vehicle,Turning accident,Twilight,Dry,679,294201.0
11949,11949,201252,3,Pankow Zentrum,2019,11,2,3,3,8,1,2,0,1,0,0,0,0,1.0,Pankow,Accident with minor injuries,Departure from the roadway to the right,Driving accident,Dark,Wet/moist/slippery,1219,409335.0
11950,11950,201253,4,Plötzensee,2019,11,18,3,3,0,1,2,1,0,0,0,0,0,0.0,Charlottenburg-Wilmersdorf,Accident with minor injuries,Others,Driving accident,Dark,Dry,1727,343592.0
11951,11951,201254,3,Pankow Zentrum,2019,11,17,3,3,0,1,1,0,0,0,1,0,0,1.0,Pankow,Accident with minor injuries,Others,Driving accident,Twilight,Wet/moist/slippery,1219,409335.0
11952,11952,201255,7,Schöneberger Insel,2019,11,17,3,3,0,1,2,0,0,0,1,0,0,1.0,Tempelhof-Schöneberg,Accident with minor injuries,Others,Driving accident,Dark,Wet/moist/slippery,1241,350984.0
11953,11953,201256,12,Waldidyll/Flughafensee,2019,11,16,3,3,5,3,2,1,1,0,0,0,0,1.0,Reinickendorf,Accident with minor injuries,Collision with a turning/crossing vehicle,Turning/Crossing accident,Dark,Wet/moist/slippery,867,266408.0
11954,11954,201257,7,Schöneberger Insel,2019,11,16,3,3,3,6,0,0,1,0,1,0,0,1.0,Tempelhof-Schöneberg,Accident with minor injuries,Collision with a vehicle traveling laterally in the same direction,Collision involving vehicles going in the same way,Daylight,Wet/moist/slippery,1241,350984.0
11955,11955,201258,11,Rüdigerstraße,2019,11,17,3,3,5,7,2,0,1,0,1,0,0,1.0,Lichtenberg,Accident with minor injuries,Collision with a turning/crossing vehicle,Others,Dark,Wet/moist/slippery,679,294201.0
11956,11956,201259,1,Oranienburger Straße,2019,11,15,3,3,0,4,1,1,0,1,0,0,0,1.0,Mitte,Accident with minor injuries,Others,Pedestrian crossing accident,Twilight,Wet/moist/slippery,2215,385748.0
11957,11957,201260,2,Friedenstraße,2019,11,15,3,3,5,2,1,1,1,0,0,0,0,1.0,Friedrichshain-Kreuzberg,Accident with minor injuries,Collision with a turning/crossing vehicle,Turning accident,Twilight,Wet/moist/slippery,1381,290386.0
11958,11958,201261,4,Kissinger Straße,2019,11,15,3,3,5,2,0,1,1,0,0,0,0,1.0,Charlottenburg-Wilmersdorf,Accident with minor injuries,Collision with a turning/crossing vehicle,Turning accident,Daylight,Wet/moist/slippery,1727,343592.0
11959,11959,201262,7,Rathausstraße,2019,11,15,3,3,1,5,0,0,1,0,0,0,0,0.0,Tempelhof-Schöneberg,Accident with minor injuries,Collision with a moving/standing/parked vehicle,Accident involving parked vehicles,Daylight,Dry,1241,350984.0
11960,11960,201263,2,Oranienplatz,2019,11,14,3,3,5,3,0,1,1,0,0,0,0,1.0,Friedrichshain-Kreuzberg,Accident with minor injuries,Collision with a turning/crossing vehicle,Turning/Crossing accident,Daylight,Wet/moist/slippery,1381,290386.0
11961,11961,201264,2,Viktoriapark,2019,11,14,3,2,5,2,0,1,1,0,0,0,0,1.0,Friedrichshain-Kreuzberg,Accident with serious injuries,Collision with a turning/crossing vehicle,Turning accident,Daylight,Wet/moist/slippery,1381,290386.0
11962,11962,201265,9,Johannisthal West,2019,11,16,3,3,2,6,2,0,1,0,0,0,0,0.0,Treptow-Köpenick,Accident with minor injuries,Collision with the vehicle in front/waiting vehicle,Collision involving vehicles going in the same way,Dark,Dry,892,273689.0
11963,11963,201266,1,Unter den Linden Süd,2019,11,13,3,3,5,2,0,1,1,0,0,0,0,1.0,Mitte,Accident with minor injuries,Collision with a turning/crossing vehicle,Turning accident,Daylight,Wet/moist/slippery,2215,385748.0
11964,11964,201267,1,Brunnenstraße,2019,11,12,3,3,5,3,0,0,1,0,1,0,0,0.0,Mitte,Accident with minor injuries,Collision with a turning/crossing vehicle,Turning/Crossing accident,Daylight,Dry,2215,385748.0
11965,11965,201268,6,Dahlem,2019,11,12,3,3,5,3,0,1,1,0,0,0,0,0.0,Steglitz-Zehlendorf,Accident with minor injuries,Collision with a turning/crossing vehicle,Turning/Crossing accident,Daylight,Dry,851,310071.0
11966,11966,201269,7,Nollendorfplatz,2019,11,12,3,3,0,1,0,0,0,0,1,0,0,1.0,Tempelhof-Schöneberg,Accident with minor injuries,Others,Driving accident,Daylight,Wet/moist/slippery,1241,350984.0
11967,11967,201270,3,Pankow Zentrum,2019,11,12,3,3,5,3,0,1,0,0,0,0,0,0.0,Pankow,Accident with minor injuries,Collision with a turning/crossing vehicle,Turning/Crossing accident,Daylight,Dry,1219,409335.0
11968,11968,201271,1,Emdener Straße,2019,11,11,3,3,3,6,0,1,1,0,0,0,0,1.0,Mitte,Accident with minor injuries,Collision with a vehicle traveling laterally in the same direction,Collision involving vehicles going in the same way,Daylight,Wet/moist/slippery,2215,385748.0
11969,11969,201272,4,Kissinger Straße,2019,11,5,3,3,1,5,2,1,1,0,0,0,0,0.0,Charlottenburg-Wilmersdorf,Accident with minor injuries,Collision with a moving/standing/parked vehicle,Accident involving parked vehicles,Dark,Dry,1727,343592.0
11970,11970,201273,1,Stephankiez,2019,11,22,2,3,0,1,2,0,0,0,1,0,0,1.0,Mitte,Accident with minor injuries,Others,Driving accident,Dark,Wet/moist/slippery,2215,385748.0
11971,11971,201274,1,Heine-Viertel West,2019,11,21,2,3,2,2,2,0,1,0,1,0,0,1.0,Mitte,Accident with minor injuries,Collision with the vehicle in front/waiting vehicle,Turning accident,Dark,Wet/moist/slippery,2215,385748.0
11972,11972,201275,1,Hansaviertel,2019,11,20,2,3,2,6,2,0,1,0,0,0,1,1.0,Mitte,Accident with minor injuries,Collision with the vehicle in front/waiting vehicle,Collision involving vehicles going in the same way,Dark,Wet/moist/slippery,2215,385748.0
11973,11973,201276,1,Westliche Müllerstraße,2019,11,18,2,3,7,7,1,1,0,0,0,0,0,1.0,Mitte,Accident with minor injuries,Collision with a road obstacle,Others,Twilight,Wet/moist/slippery,2215,385748.0
11974,11974,201277,4,Savignyplatz,2019,11,19,2,3,6,4,2,0,1,1,0,0,0,1.0,Charlottenburg-Wilmersdorf,Accident with minor injuries,Collision between vehicle and pedestrian,Pedestrian crossing accident,Dark,Wet/moist/slippery,1727,343592.0
11975,11975,201278,1,Sparrplatz,2019,11,17,2,3,1,5,2,0,1,0,0,0,1,1.0,Mitte,Accident with minor injuries,Collision with a moving/standing/parked vehicle,Accident involving parked vehicles,Dark,Wet/moist/slippery,2215,385748.0
11976,11976,201279,7,Eisenacher Straße,2019,11,13,2,3,2,6,0,0,1,0,0,0,0,1.0,Tempelhof-Schöneberg,Accident with minor injuries,Collision with the vehicle in front/waiting vehicle,Collision involving vehicles going in the same way,Daylight,Wet/moist/slippery,1241,350984.0
11977,11977,201280,7,Nollendorfplatz,2019,11,14,2,3,6,4,0,0,1,1,0,0,0,0.0,Tempelhof-Schöneberg,Accident with minor injuries,Collision between vehicle and pedestrian,Pedestrian crossing accident,Daylight,Dry,1241,350984.0
11978,11978,201281,12,Waidmannslust,2019,11,14,2,3,5,7,0,0,1,0,0,0,0,1.0,Reinickendorf,Accident with minor injuries,Collision with a turning/crossing vehicle,Others,Daylight,Wet/moist/slippery,867,266408.0
11979,11979,201282,12,Teichstraße,2019,11,18,2,3,5,2,1,1,1,0,0,0,0,1.0,Reinickendorf,Accident with minor injuries,Collision with a turning/crossing vehicle,Turning accident,Twilight,Wet/moist/slippery,867,266408.0
11980,11980,201283,9,Dammvorstadt,2019,11,14,2,3,5,7,0,0,1,0,0,0,1,0.0,Treptow-Köpenick,Accident with minor injuries,Collision with a turning/crossing vehicle,Others,Daylight,Dry,892,273689.0
11981,11981,201284,3,Weißer See,2019,11,14,2,3,6,4,0,0,1,1,0,0,0,1.0,Pankow,Accident with minor injuries,Collision between vehicle and pedestrian,Pedestrian crossing accident,Daylight,Wet/moist/slippery,1219,409335.0
11982,11982,201285,12,Schorfheidestraße,2019,11,18,2,3,5,3,1,0,1,0,0,0,0,1.0,Reinickendorf,Accident with minor injuries,Collision with a turning/crossing vehicle,Turning/Crossing accident,Twilight,Wet/moist/slippery,867,266408.0
11983,11983,201286,4,Schaperstraße,2019,11,18,2,3,5,2,2,0,1,0,1,0,0,1.0,Charlottenburg-Wilmersdorf,Accident with minor injuries,Collision with a turning/crossing vehicle,Turning accident,Dark,Wet/moist/slippery,1727,343592.0