,Unnamed: 0,object id,district,street,year,month,hour of day,weekday,category,accident type,accident type 2,light situation,bike involved,car involved,pedestrian involved,motor bike involved,big track involved,other vehicle involved,road condition,district name,category name,accident detail,accident type detail,light condition,road condition detail,accident count by district,est. population
11984,11984,201287,7,Eisenacher Straße,2019,11,14,2,3,6,4,0,0,1,1,0,0,0,0.0,Tempelhof-Schöneberg,Accident with minor injuries,Collision between vehicle and pedestrian,Pedestrian crossing accident,Daylight,Dry,1241,350984.0
11985,11985,201288,6,Augustaplatz,2019,11,18,2,3,5,2,2,1,1,0,0,0,0,1.0,Steglitz-Zehlendorf,Accident with minor injuries,Collision with a turning/crossing vehicle,Turning accident,Dark,Wet/moist/slippery,851,310071.0
11986,11986,201289,5,Zitadellenweg,2019,11,18,2,3,2,6,2,0,1,0,0,0,0,1.0,Spandau,Accident with minor injuries,Collision with the vehicle in front/waiting vehicle,Collision involving vehicles going in the same way,Dark,Wet/moist/slippery,798,245197.0
11987,11987,201290,2,Viktoriapark,2019,11,13,2,3,2,6,1,0,1,0,0,0,0,1.0,Friedrichshain-Kreuzberg,Accident with minor injuries,Collision with the vehicle in front/waiting vehicle,Collision involving vehicles going in the same way,Twilight,Wet/moist/slippery,1381,290386.0
11988,11988,201291,9,Am Treptower Park Süd,2019,11,17,2,3,6,2,2,0,1,1,0,0,0,1.0,Treptow-Köpenick,Accident with minor injuries,Collision between vehicle and pedestrian,Turning accident,Dark,Wet/moist/slippery,892,273689.0
11989,11989,201292,1,Leopoldplatz,2019,11,13,2,3,0,3,0,0,1,0,1,0,0,1.0,Mitte,Accident with minor injuries,Others,Turning/Crossing accident,Daylight,Wet/moist/slippery,2215,385748.0
11990,11990,201293,7,Marienfelde Nordost,2019,11,13,2,3,1,5,0,0,1,0,0,0,0,0.0,Tempelhof-Schöneberg,Accident with minor injuries,Collision with a moving/standing/parked vehicle,Accident involving parked vehicles,Daylight,Dry,1241,350984.0
11991,11991,201294,3,Alt-Karow,2019,11,13,2,3,5,3,0,0,1,0,0,0,1,1.0,Pankow,Accident with minor injuries,Collision with a turning/crossing vehicle,Turning/Crossing accident,Daylight,Wet/moist/slippery,1219,409335.0
11992,11992,201295,4,Eisenzahnstraße,2019,11,13,2,3,5,3,0,0,1,0,0,0,0,1.0,Charlottenburg-Wilmersdorf,Accident with minor injuries,Collision with a turning/crossing vehicle,Turning/Crossing accident,Daylight,Wet/moist/slippery,1727,343592.0
11993,11993,201296,6,Gemeindepark Lankwitz,2019,11,12,2,2,5,3,0,1,1,0,0,0,0,1.0,Steglitz-Zehlendorf,Accident with serious injuries,Collision with a turning/crossing vehicle,Turning/Crossing accident,Daylight,Wet/moist/slippery,851,310071.0
11994,11994,201297,10,Mahlsdorf Nord,2019,11,12,2,3,0,3,0,0,1,0,0,0,0,1.0,Marzahn-Hellersdorf,Accident with minor injuries,Others,Turning/Crossing accident,Daylight,Wet/moist/slippery,586,269967.0
11995,11995,201298,1,Leopoldplatz,2019,11,16,2,3,6,4,2,0,1,1,0,0,0,1.0,Mitte,Accident with minor injuries,Collision between vehicle and pedestrian,Pedestrian crossing accident,Dark,Wet/moist/slippery,2215,385748.0
11996,11996,201299,4,Reichsstraße,2019,11,15,4,2,6,7,0,0,1,1,0,0,0,0.0,Charlottenburg-Wilmersdorf,Accident with serious injuries,Collision between vehicle and pedestrian,Others,Daylight,Dry,1727,343592.0
11997,11997,201300,1,Elberfelder Straße,2019,11,15,4,2,5,2,0,1,1,0,0,0,0,0.0,Mitte,Accident with serious injuries,Collision with a turning/crossing vehicle,Turning accident,Daylight,Dry,2215,385748.0
11998,11998,201301,12,Teichstraße,2019,11,16,2,3,1,5,1,1,0,0,0,0,1,0.0,Reinickendorf,Accident with minor injuries,Collision with a moving/standing/parked vehicle,Accident involving parked vehicles,Twilight,Dry,867,266408.0
11999,11999,201302,8,Weiße Siedlung,2019,11,10,2,2,5,2,0,1,0,0,0,1,0,1.0,Neukölln,Accident with serious injuries,Collision with a turning/crossing vehicle,Turning accident,Daylight,Wet/moist/slippery,934,329917.0
12000,12000,201303,6,Botanischer Garten,2019,11,15,2,3,5,2,0,0,0,0,1,1,0,0.0,Steglitz-Zehlendorf,Accident with minor injuries,Collision with a turning/crossing vehicle,Turning accident,Daylight,Dry,851,310071.0
12001,12001,201304,8,Körnerpark,2019,11,15,4,3,6,4,0,0,1,1,0,0,0,0.0,Neukölln,Accident with minor injuries,Collision between vehicle and pedestrian,Pedestrian crossing accident,Daylight,Dry,934,329917.0
12002,12002,201305,5,Motardstraße,2019,11,10,2,3,4,6,0,0,1,0,0,0,0,1.0,Spandau,Accident with minor injuries,Collision with oncoming vehicle,Collision involving vehicles going in the same way,Daylight,Wet/moist/slippery,798,245197.0
12003,12003,201306,4,Lietzensee,2019,11,10,4,3,2,6,0,1,1,0,0,0,0,0.0,Charlottenburg-Wilmersdorf,Accident with minor injuries,Collision with the vehicle in front/waiting vehicle,Collision involving vehicles going in the same way,Daylight,Dry,1727,343592.0
12004,12004,201307,9,Spindlersfeld,2019,11,9,2,3,3,6,0,0,1,0,0,0,0,1.0,Treptow-Köpenick,Accident with minor injuries,Collision with a vehicle traveling laterally in the same direction,Collision involving vehicles going in the same way,Daylight,Wet/moist/slippery,892,273689.0
12005,12005,201308,1,Emdener Straße,2019,11,6,2,3,6,2,1,0,1,1,0,0,0,0.0,Mitte,Accident with minor injuries,Collision between vehicle and pedestrian,Turning accident,Twilight,Dry,2215,385748.0
12006,12006,201309,8,Gewerbegebiet Köllnische Heide,2019,11,8,4,3,0,3,0,0,1,0,0,0,1,0.0,Neukölln,Accident with minor injuries,Others,Turning/Crossing accident,Daylight,Dry,934,329917.0
12007,12007,201310,8,Zittauer Straße,2019,11,8,2,3,5,3,0,1,1,0,0,0,0,1.0,Neukölln,Accident with minor injuries,Collision with a turning/crossing vehicle,Turning/Crossing accident,Daylight,Wet/moist/slippery,934,329917.0
12008,12008,201311,6,Dahlem,2019,11,7,2,3,5,2,0,1,1,0,0,0,0,1.0,Steglitz-Zehlendorf,Accident with minor injuries,Collision with a turning/crossing vehicle,Turning accident,Daylight,Wet/moist/slippery,851,310071.0
12009,12009,201312,9,Späthsfelde,2019,11,7,2,3,2,6,0,0,1,0,0,0,0,1.0,Treptow-Köpenick,Accident with minor injuries,Collision with the vehicle in front/waiting vehicle,Collision involving vehicles going in the same way,Daylight,Wet/moist/slippery,892,273689.0
12010,12010,201313,12,Letteplatz,2019,11,8,4,3,5,2,0,0,1,0,0,0,0,0.0,Reinickendorf,Accident with minor injuries,Collision with a turning/crossing vehicle,Turning accident,Daylight,Dry,867,266408.0
12011,12011,201314,11,Sewanstraße,2019,11,6,2,3,5,2,1,0,1,0,1,0,0,1.0,Lichtenberg,Accident with minor injuries,Collision with a turning/crossing vehicle,Turning accident,Twilight,Wet/moist/slippery,679,294201.0
12012,12012,201315,1,Humboldthain Nordwest,2019,11,7,2,3,0,6,1,1,1,0,0,0,0,1.0,Mitte,Accident with minor injuries,Others,Collision involving vehicles going in the same way,Twilight,Wet/moist/slippery,2215,385748.0
12013,12013,201316,11,Karlshorst West,2019,11,7,4,3,5,3,0,1,1,0,0,0,0,0.0,Lichtenberg,Accident with minor injuries,Collision with a turning/crossing vehicle,Turning/Crossing accident,Daylight,Dry,679,294201.0
12014,12014,201317,5,Tiefwerder,2019,11,7,2,3,5,2,0,0,1,0,0,0,1,1.0,Spandau,Accident with minor injuries,Collision with a turning/crossing vehicle,Turning accident,Daylight,Wet/moist/slippery,798,245197.0
12015,12015,201318,10,Kaulsdorf Nord I,2019,11,6,4,2,5,2,2,0,1,0,1,0,0,0.0,Marzahn-Hellersdorf,Accident with serious injuries,Collision with a turning/crossing vehicle,Turning accident,Dark,Dry,586,269967.0
12016,12016,201319,7,Lindenhofsiedlung,2019,11,6,2,3,6,2,1,0,1,1,0,0,0,1.0,Tempelhof-Schöneberg,Accident with minor injuries,Collision between vehicle and pedestrian,Turning accident,Twilight,Wet/moist/slippery,1241,350984.0
12017,12017,201320,11,Victoriastadt,2019,11,6,2,3,6,4,2,0,0,1,1,0,0,1.0,Lichtenberg,Accident with minor injuries,Collision between vehicle and pedestrian,Pedestrian crossing accident,Dark,Wet/moist/slippery,679,294201.0
12018,12018,201321,1,Großer Tiergarten,2019,11,8,4,3,2,3,0,1,0,0,0,0,0,0.0,Mitte,Accident with minor injuries,Collision with the vehicle in front/waiting vehicle,Turning/Crossing accident,Daylight,Dry,2215,385748.0
12019,12019,201322,3,Volkspark Prenzlauer Berg,2019,11,16,4,3,5,2,2,1,0,0,0,0,1,0.0,Pankow,Accident with minor injuries,Collision with a turning/crossing vehicle,Turning accident,Dark,Dry,1219,409335.0
12020,12020,201323,12,Ziekowstraße/Freie Scholle,2019,11,13,1,3,0,7,0,0,0,0,1,0,0,1.0,Reinickendorf,Accident with minor injuries,Others,Others,Daylight,Wet/moist/slippery,867,266408.0
12021,12021,201324,12,Treuenbrietzener Straße,2019,11,5,1,2,1,5,2,0,1,0,0,0,0,1.0,Reinickendorf,Accident with serious injuries,Collision with a moving/standing/parked vehicle,Accident involving parked vehicles,Dark,Wet/moist/slippery,867,266408.0
12022,12022,201325,9,Johannisthal Ost,2019,11,11,3,3,5,7,0,0,0,0,0,0,1,0.0,Treptow-Köpenick,Accident with minor injuries,Collision with a turning/crossing vehicle,Others,Daylight,Dry,892,273689.0
12023,12023,201326,1,Elberfelder Straße,2019,11,10,3,3,2,2,0,0,1,0,0,0,0,0.0,Mitte,Accident with minor injuries,Collision with the vehicle in front/waiting vehicle,Turning accident,Daylight,Dry,2215,385748.0
12024,12024,201327,2,Boxhagener Platz,2019,11,3,1,3,0,1,2,1,0,1,0,0,0,1.0,Friedrichshain-Kreuzberg,Accident with minor injuries,Others,Driving accident,Dark,Wet/moist/slippery,1381,290386.0
12025,12025,201328,3,Herthaplatz,2019,11,1,1,3,2,6,2,0,1,0,1,0,0,1.0,Pankow,Accident with minor injuries,Collision with the vehicle in front/waiting vehicle,Collision involving vehicles going in the same way,Dark,Wet/moist/slippery,1219,409335.0
12026,12026,201329,8,Parchimer Allee,2019,11,17,1,3,2,7,2,0,1,0,0,0,0,1.0,Neukölln,Accident with minor injuries,Collision with the vehicle in front/waiting vehicle,Others,Dark,Wet/moist/slippery,934,329917.0
12027,12027,201330,2,Traveplatz,2019,11,10,3,3,5,2,0,1,0,0,0,0,1,0.0,Friedrichshain-Kreuzberg,Accident with minor injuries,Collision with a turning/crossing vehicle,Turning accident,Daylight,Dry,1381,290386.0
12028,12028,201331,9,Altstadt Kietz,2019,11,17,1,3,0,1,2,1,0,0,0,0,0,1.0,Treptow-Köpenick,Accident with minor injuries,Others,Driving accident,Dark,Wet/moist/slippery,892,273689.0
12029,12029,201332,1,Humboldthain Süd,2019,11,8,3,3,5,2,0,1,1,0,0,0,0,0.0,Mitte,Accident with minor injuries,Collision with a turning/crossing vehicle,Turning accident,Daylight,Dry,2215,385748.0
12030,12030,201333,1,Gesundbrunnen,2019,11,15,1,3,5,3,0,1,1,0,0,0,0,1.0,Mitte,Accident with minor injuries,Collision with a turning/crossing vehicle,Turning/Crossing accident,Daylight,Wet/moist/slippery,2215,385748.0
12031,12031,201334,1,Reinickendorfer Straße,2019,11,15,1,3,2,6,0,0,1,0,0,0,0,0.0,Mitte,Accident with minor injuries,Collision with the vehicle in front/waiting vehicle,Collision involving vehicles going in the same way,Daylight,Dry,2215,385748.0
12032,12032,201335,11,Karlshorst Nord,2019,11,8,3,3,5,3,0,0,1,0,0,0,1,0.0,Lichtenberg,Accident with minor injuries,Collision with a turning/crossing vehicle,Turning/Crossing accident,Daylight,Dry,679,294201.0
12033,12033,201336,3,Schönholz,2019,11,15,1,3,5,3,0,1,1,0,0,0,0,1.0,Pankow,Accident with minor injuries,Collision with a turning/crossing vehicle,Turning/Crossing accident,Daylight,Wet/moist/slippery,1219,409335.0
12034,12034,201337,5,Motardstraße,2019,11,14,1,3,0,7,0,0,0,0,1,0,0,1.0,Spandau,Accident with minor injuries,Others,Others,Daylight,Wet/moist/slippery,798,245197.0
12035,12035,201338,1,Soldiner Straße,2019,11,15,1,3,5,3,0,0,1,0,0,0,0,0.0,Mitte,Accident with minor injuries,Collision with a turning/crossing vehicle,Turning/Crossing accident,Daylight,Dry,2215,385748.0
12036,12036,201339,5,Freiheit,2019,11,8,3,3,5,7,0,0,1,0,0,0,0,0.0,Spandau,Accident with minor injuries,Collision with a turning/crossing vehicle,Others,Daylight,Dry,798,245197.0
12037,12037,201340,2,Friedenstraße,2019,11,8,3,3,2,6,0,0,1,0,0,0,0,0.0,Friedrichshain-Kreuzberg,Accident with minor injuries,Collision with the vehicle in front/waiting vehicle,Collision involving vehicles going in the same way,Daylight,Dry,1381,290386.0
12038,12038,201341,3,Rennbahnstraße,2019,11,14,1,3,0,1,0,1,0,0,0,0,0,1.0,Pankow,Accident with minor injuries,Others,Driving accident,Daylight,Wet/moist/slippery,1219,409335.0
12039,12039,201342,2,Boxhagener Platz,2019,11,6,1,3,1,5,2,0,1,0,0,0,0,1.0,Friedrichshain-Kreuzberg,Accident with minor injuries,Collision with a moving/standing/parked vehicle,Accident involving parked vehicles,Dark,Wet/moist/slippery,1381,290386.0
12040,12040,201343,1,Charitéviertel,2019,11,8,3,2,5,2,0,1,1,0,0,0,0,0.0,Mitte,Accident with serious injuries,Collision with a turning/crossing vehicle,Turning accident,Daylight,Dry,2215,385748.0
12041,12041,201344,6,Zehlendorf Eiche,2019,11,21,1,3,2,7,2,0,1,0,0,0,0,1.0,Steglitz-Zehlendorf,Accident with minor injuries,Collision with the vehicle in front/waiting vehicle,Others,Dark,Wet/moist/slippery,851,310071.0
12042,12042,201345,4,Droysenstraße,2019,11,19,5,3,6,2,2,0,1,1,0,0,0,1.0,Charlottenburg-Wilmersdorf,Accident with minor injuries,Collision between vehicle and pedestrian,Turning accident,Dark,Wet/moist/slippery,1727,343592.0
12043,12043,201346,5,Maulbeerallee,2019,11,18,5,3,5,3,2,0,0,0,1,0,0,1.0,Spandau,Accident with minor injuries,Collision with a turning/crossing vehicle,Turning/Crossing accident,Dark,Wet/moist/slippery,798,245197.0
12044,12044,201347,12,Scharnweberstraße,2019,11,18,5,3,6,4,2,0,1,1,0,0,0,1.0,Reinickendorf,Accident with minor injuries,Collision between vehicle and pedestrian,Pedestrian crossing accident,Dark,Wet/moist/slippery,867,266408.0
12045,12045,201348,9,Späthsfelde,2019,11,7,5,3,2,6,0,0,1,0,0,1,0,0.0,Treptow-Köpenick,Accident with minor injuries,Collision with the vehicle in front/waiting vehicle,Collision involving vehicles going in the same way,Daylight,Dry,892,273689.0
12046,12046,201349,8,Buckow Mitte,2019,11,6,5,3,6,4,1,0,1,1,0,0,0,0.0,Neukölln,Accident with minor injuries,Collision between vehicle and pedestrian,Pedestrian crossing accident,Twilight,Dry,934,329917.0
12047,12047,201350,3,Arnimplatz,2019,11,5,5,3,6,4,2,0,1,1,0,0,0,1.0,Pankow,Accident with minor injuries,Collision between vehicle and pedestrian,Pedestrian crossing accident,Dark,Wet/moist/slippery,1219,409335.0
12048,12048,201351,5,Carl-Schurz-Straße,2019,11,7,5,3,5,2,0,0,1,0,0,0,1,0.0,Spandau,Accident with minor injuries,Collision with a turning/crossing vehicle,Turning accident,Daylight,Dry,798,245197.0
12049,12049,201352,3,Buchholz,2019,11,8,4,3,0,2,0,1,1,0,0,0,0,1.0,Pankow,Accident with minor injuries,Others,Turning accident,Daylight,Wet/moist/slippery,1219,409335.0
12050,12050,201353,2,Andreasviertel,2019,11,21,4,3,5,3,2,0,1,0,0,0,0,1.0,Friedrichshain-Kreuzberg,Accident with minor injuries,Collision with a turning/crossing vehicle,Turning/Crossing accident,Dark,Wet/moist/slippery,1381,290386.0
12051,12051,201354,11,Mühlengrund,2019,11,19,4,3,6,4,2,0,1,1,0,0,0,0.0,Lichtenberg,Accident with minor injuries,Collision between vehicle and pedestrian,Pedestrian crossing accident,Dark,Dry,679,294201.0
12052,12052,201355,3,Alt-Karow,2019,11,19,4,3,5,3,2,0,1,0,0,0,0,1.0,Pankow,Accident with minor injuries,Collision with a turning/crossing vehicle,Turning/Crossing accident,Dark,Wet/moist/slippery,1219,409335.0
12053,12053,201356,2,Graefekiez,2019,11,17,4,3,4,7,2,1,0,0,0,0,0,1.0,Friedrichshain-Kreuzberg,Accident with minor injuries,Collision with oncoming vehicle,Others,Dark,Wet/moist/slippery,1381,290386.0
12054,12054,201357,1,Humboldthain Süd,2019,11,17,4,3,5,3,2,1,1,0,0,0,0,1.0,Mitte,Accident with minor injuries,Collision with a turning/crossing vehicle,Turning/Crossing accident,Dark,Wet/moist/slippery,2215,385748.0
12055,12055,201358,10,Kaulsdorf Nord,2019,11,17,4,3,5,3,2,0,1,0,0,1,0,1.0,Marzahn-Hellersdorf,Accident with minor injuries,Collision with a turning/crossing vehicle,Turning/Crossing accident,Dark,Wet/moist/slippery,586,269967.0
12056,12056,201359,10,Springpfuhl,2019,11,17,4,3,5,2,2,1,1,0,0,0,0,1.0,Marzahn-Hellersdorf,Accident with minor injuries,Collision with a turning/crossing vehicle,Turning accident,Dark,Wet/moist/slippery,586,269967.0
12057,12057,201360,5,Gartenfelder Straße,2019,11,16,4,3,5,3,2,0,1,0,0,0,0,0.0,Spandau,Accident with minor injuries,Collision with a turning/crossing vehicle,Turning/Crossing accident,Dark,Dry,798,245197.0
12058,12058,201361,9,Baumschulenstraße,2019,11,22,4,3,0,1,2,0,0,0,0,0,1,0.0,Treptow-Köpenick,Accident with minor injuries,Others,Driving accident,Dark,Dry,892,273689.0
12059,12059,201362,8,Silbersteinstraße,2019,11,22,4,3,0,7,2,0,1,0,1,0,0,0.0,Neukölln,Accident with minor injuries,Others,Others,Dark,Dry,934,329917.0
12060,12060,201363,2,Viktoriapark,2019,11,19,4,3,0,2,2,0,1,0,1,0,0,1.0,Friedrichshain-Kreuzberg,Accident with minor injuries,Others,Turning accident,Dark,Wet/moist/slippery,1381,290386.0
12061,12061,201364,4,Eisenzahnstraße,2019,11,21,4,3,5,3,2,0,1,0,0,0,0,0.0,Charlottenburg-Wilmersdorf,Accident with minor injuries,Collision with a turning/crossing vehicle,Turning/Crossing accident,Dark,Dry,1727,343592.0
12062,12062,201365,9,Adlershof West,2019,11,12,4,3,5,3,0,0,1,0,0,0,0,1.0,Treptow-Köpenick,Accident with minor injuries,Collision with a turning/crossing vehicle,Turning/Crossing accident,Daylight,Wet/moist/slippery,892,273689.0
12063,12063,201366,7,Marienfelde Süd,2019,11,11,4,3,9,1,0,0,1,0,0,0,0,1.0,Tempelhof-Schöneberg,Accident with minor injuries,Departure from the roadway to the left,Driving accident,Daylight,Wet/moist/slippery,1241,350984.0
12064,12064,201367,8,Rixdorf,2019,11,10,4,3,2,6,0,1,1,0,0,0,0,1.0,Neukölln,Accident with minor injuries,Collision with the vehicle in front/waiting vehicle,Collision involving vehicles going in the same way,Daylight,Wet/moist/slippery,934,329917.0
12065,12065,201368,1,Unter den Linden Nord,2019,11,10,4,2,2,6,0,1,1,0,0,0,0,1.0,Mitte,Accident with serious injuries,Collision with the vehicle in front/waiting vehicle,Collision involving vehicles going in the same way,Daylight,Wet/moist/slippery,2215,385748.0
12066,12066,201369,2,Boxhagener Platz,2019,11,10,4,3,5,7,0,1,1,0,0,0,0,1.0,Friedrichshain-Kreuzberg,Accident with minor injuries,Collision with a turning/crossing vehicle,Others,Daylight,Wet/moist/slippery,1381,290386.0
12067,12067,201370,8,Reuterkiez,2019,11,10,4,3,0,6,0,0,1,0,1,0,0,1.0,Neukölln,Accident with minor injuries,Others,Collision involving vehicles going in the same way,Daylight,Wet/moist/slippery,934,329917.0
12068,12068,201371,7,Hundsteinweg,2019,11,9,4,3,4,7,0,1,0,0,0,0,0,0.0,Tempelhof-Schöneberg,Accident with minor injuries,Collision with oncoming vehicle,Others,Daylight,Dry,1241,350984.0
12069,12069,201372,11,Große-Leege-Straße,2019,11,9,4,3,6,4,0,0,1,1,0,0,0,1.0,Lichtenberg,Accident with minor injuries,Collision between vehicle and pedestrian,Pedestrian crossing accident,Daylight,Wet/moist/slippery,679,294201.0
12070,12070,201373,5,Hakenfelde Nord,2019,11,8,4,3,0,1,0,0,0,0,1,0,0,1.0,Spandau,Accident with minor injuries,Others,Driving accident,Daylight,Wet/moist/slippery,798,245197.0
12071,12071,201374,4,Königin-Elisabeth-Straße,2019,11,8,4,2,6,4,0,0,0,1,1,0,0,1.0,Charlottenburg-Wilmersdorf,Accident with serious injuries,Collision between vehicle and pedestrian,Pedestrian crossing accident,Daylight,Wet/moist/slippery,1727,343592.0
12072,12072,201375,4,Preußenpark,2019,11,8,4,2,6,2,0,0,0,1,0,1,0,1.0,Charlottenburg-Wilmersdorf,Accident with serious injuries,Collision between vehicle and pedestrian,Turning accident,Daylight,Wet/moist/slippery,1727,343592.0
12073,12073,201376,4,Karl-August-Platz,2019,11,8,4,3,2,6,0,0,1,0,0,0,0,1.0,Charlottenburg-Wilmersdorf,Accident with minor injuries,Collision with the vehicle in front/waiting vehicle,Collision involving vehicles going in the same way,Daylight,Wet/moist/slippery,1727,343592.0
12074,12074,201377,4,Spreestadt,2019,11,6,4,3,6,4,1,0,1,1,0,0,0,1.0,Charlottenburg-Wilmersdorf,Accident with minor injuries,Collision between vehicle and pedestrian,Pedestrian crossing accident,Twilight,Wet/moist/slippery,1727,343592.0
12075,12075,201378,6,Lichterfelde West,2019,11,7,4,2,5,2,0,1,1,0,0,0,0,1.0,Steglitz-Zehlendorf,Accident with serious injuries,Collision with a turning/crossing vehicle,Turning accident,Daylight,Wet/moist/slippery,851,310071.0
12076,12076,201379,7,Marienfelde Süd,2019,11,7,4,3,3,6,2,0,1,0,0,1,0,1.0,Tempelhof-Schöneberg,Accident with minor injuries,Collision with a vehicle traveling laterally in the same direction,Collision involving vehicles going in the same way,Dark,Wet/moist/slippery,1241,350984.0
12077,12077,201380,4,Tegeler Weg,2019,11,7,4,3,5,2,0,0,1,0,0,0,1,1.0,Charlottenburg-Wilmersdorf,Accident with minor injuries,Collision with a turning/crossing vehicle,Turning accident,Daylight,Wet/moist/slippery,1727,343592.0
12078,12078,201381,9,Späthsfelde,2019,11,16,4,2,5,3,2,1,1,0,0,0,0,0.0,Treptow-Köpenick,Accident with serious injuries,Collision with a turning/crossing vehicle,Turning/Crossing accident,Dark,Dry,892,273689.0
12079,12079,201382,4,Breitscheidplatz,2019,11,15,4,3,6,4,1,1,0,1,0,0,0,0.0,Charlottenburg-Wilmersdorf,Accident with minor injuries,Collision between vehicle and pedestrian,Pedestrian crossing accident,Twilight,Dry,1727,343592.0
12080,12080,201383,12,Alt-Tegel,2019,11,14,4,3,0,1,0,0,1,0,1,0,0,1.0,Reinickendorf,Accident with minor injuries,Others,Driving accident,Daylight,Wet/moist/slippery,867,266408.0
12081,12081,201384,11,Große-Leege-Straße,2019,11,14,4,3,6,4,0,0,0,1,0,0,1,1.0,Lichtenberg,Accident with minor injuries,Collision between vehicle and pedestrian,Pedestrian crossing accident,Daylight,Wet/moist/slippery,679,294201.0
12082,12082,201385,8,Buckow Mitte,2019,11,13,4,3,4,6,0,0,1,0,0,0,0,1.0,Neukölln,Accident with minor injuries,Collision with oncoming vehicle,Collision involving vehicles going in the same way,Daylight,Wet/moist/slippery,934,329917.0
12083,12083,201386,5,Maulbeerallee,2019,11,7,4,3,5,2,0,0,1,0,1,0,0,1.0,Spandau,Accident with minor injuries,Collision with a turning/crossing vehicle,Turning accident,Daylight,Wet/moist/slippery,798,245197.0
12084,12084,201387,4,Breitscheidplatz,2019,11,7,4,3,0,3,1,1,1,0,0,0,0,1.0,Charlottenburg-Wilmersdorf,Accident with minor injuries,Others,Turning/Crossing accident,Twilight,Wet/moist/slippery,1727,343592.0
12085,12085,201388,4,Schloßgarten,2019,11,6,4,3,6,2,2,0,1,1,0,0,0,1.0,Charlottenburg-Wilmersdorf,Accident with minor injuries,Collision between vehicle and pedestrian,Turning accident,Dark,Wet/moist/slippery,1727,343592.0
12086,12086,201389,1,Oranienburger Straße,2019,11,9,4,3,3,6,0,1,1,0,0,0,0,1.0,Mitte,Accident with minor injuries,Collision with a vehicle traveling laterally in the same direction,Collision involving vehicles going in the same way,Daylight,Wet/moist/slippery,2215,385748.0
12087,12087,201390,5,Gartenfelder Straße,2019,11,6,4,3,7,7,2,1,0,0,0,0,0,1.0,Spandau,Accident with minor injuries,Collision with a road obstacle,Others,Dark,Wet/moist/slippery,798,245197.0
12088,12088,201391,1,Humboldthain Nordwest,2019,11,5,4,2,5,2,2,1,1,0,0,0,0,1.0,Mitte,Accident with serious injuries,Collision with a turning/crossing vehicle,Turning accident,Dark,Wet/moist/slippery,2215,385748.0
12089,12089,201392,1,Arkonaplatz,2019,11,4,4,3,0,1,2,0,0,0,0,0,1,1.0,Mitte,Accident with minor injuries,Others,Driving accident,Dark,Wet/moist/slippery,2215,385748.0
12090,12090,201393,3,Kollwitzplatz,2019,11,13,3,3,6,4,0,0,1,1,0,0,0,1.0,Pankow,Accident with minor injuries,Collision between vehicle and pedestrian,Pedestrian crossing accident,Daylight,Wet/moist/slippery,1219,409335.0
12091,12091,201394,1,Gesundbrunnen,2019,11,22,3,3,5,2,2,0,1,0,0,0,1,1.0,Mitte,Accident with minor injuries,Collision with a turning/crossing vehicle,Turning accident,Dark,Wet/moist/slippery,2215,385748.0
12092,12092,201395,1,Oranienburger Straße,2019,11,22,3,2,6,4,2,0,0,1,1,0,0,1.0,Mitte,Accident with serious injuries,Collision between vehicle and pedestrian,Pedestrian crossing accident,Dark,Wet/moist/slippery,2215,385748.0
12093,12093,201396,4,Tegeler Weg,2019,11,23,3,3,2,6,2,0,1,0,0,0,0,1.0,Charlottenburg-Wilmersdorf,Accident with minor injuries,Collision with the vehicle in front/waiting vehicle,Collision involving vehicles going in the same way,Dark,Wet/moist/slippery,1727,343592.0
12094,12094,201397,11,Dorf Falkenberg,2019,11,21,3,3,5,3,2,1,1,0,0,0,0,1.0,Lichtenberg,Accident with minor injuries,Collision with a turning/crossing vehicle,Turning/Crossing accident,Dark,Wet/moist/slippery,679,294201.0
12095,12095,201398,7,Germaniagarten,2019,11,19,3,3,1,5,2,0,1,0,0,0,1,0.0,Tempelhof-Schöneberg,Accident with minor injuries,Collision with a moving/standing/parked vehicle,Accident involving parked vehicles,Dark,Dry,1241,350984.0
12096,12096,201399,1,Unter den Linden Nord,2019,11,19,3,3,6,7,2,0,1,1,0,0,0,1.0,Mitte,Accident with minor injuries,Collision between vehicle and pedestrian,Others,Dark,Wet/moist/slippery,2215,385748.0
12097,12097,201400,5,Gütersloher Weg,2019,11,19,3,3,6,2,2,0,1,1,0,0,0,1.0,Spandau,Accident with minor injuries,Collision between vehicle and pedestrian,Turning accident,Dark,Wet/moist/slippery,798,245197.0
12098,12098,201401,7,Kaiser-Wilhelm-Platz,2019,11,20,3,2,6,2,2,0,1,1,0,0,0,1.0,Tempelhof-Schöneberg,Accident with serious injuries,Collision between vehicle and pedestrian,Turning accident,Dark,Wet/moist/slippery,1241,350984.0
12099,12099,201402,3,Arnimplatz,2019,11,18,3,3,6,4,2,0,1,1,0,0,0,1.0,Pankow,Accident with minor injuries,Collision between vehicle and pedestrian,Pedestrian crossing accident,Dark,Wet/moist/slippery,1219,409335.0
12100,12100,201403,10,Wuhletalstraße,2019,11,17,3,3,2,6,2,0,1,0,0,0,0,0.0,Marzahn-Hellersdorf,Accident with minor injuries,Collision with the vehicle in front/waiting vehicle,Collision involving vehicles going in the same way,Dark,Dry,586,269967.0