,Unnamed: 0,object id,district,street,year,month,hour of day,weekday,category,accident type,accident type 2,light situation,bike involved,car involved,pedestrian involved,motor bike involved,big track involved,other vehicle involved,road condition,district name,category name,accident detail,accident type detail,light condition,road condition detail,accident count by district,est. population
12101,12101,201404,7,Manteuffelstraße,2019,11,17,3,3,6,2,2,0,1,1,0,0,0,0.0,Tempelhof-Schöneberg,Accident with minor injuries,Collision between vehicle and pedestrian,Turning accident,Dark,Dry,1241,350984.0
12102,12102,201405,8,Parchimer Allee,2019,11,17,3,2,6,4,1,0,1,1,0,0,0,0.0,Neukölln,Accident with serious injuries,Collision between vehicle and pedestrian,Pedestrian crossing accident,Twilight,Dry,934,329917.0
12103,12103,201406,8,Tempelhofer Weg,2019,11,16,3,3,2,6,2,0,1,0,0,1,0,0.0,Neukölln,Accident with minor injuries,Collision with the vehicle in front/waiting vehicle,Collision involving vehicles going in the same way,Dark,Dry,934,329917.0
12104,12104,201407,11,Rosenfelder Ring,2019,11,16,3,3,5,2,2,1,1,0,0,0,0,0.0,Lichtenberg,Accident with minor injuries,Collision with a turning/crossing vehicle,Turning accident,Dark,Dry,679,294201.0
12105,12105,201408,4,Park Ruhwald,2019,11,15,3,3,5,2,0,0,1,0,0,0,1,0.0,Charlottenburg-Wilmersdorf,Accident with minor injuries,Collision with a turning/crossing vehicle,Turning accident,Daylight,Dry,1727,343592.0
12106,12106,201409,4,Ernst-Reuter-Platz,2019,11,14,3,3,5,3,0,1,1,0,0,0,0,0.0,Charlottenburg-Wilmersdorf,Accident with minor injuries,Collision with a turning/crossing vehicle,Turning/Crossing accident,Daylight,Dry,1727,343592.0
12107,12107,201410,5,Carl-Schurz-Straße,2019,11,15,3,2,0,4,1,0,0,1,1,0,0,0.0,Spandau,Accident with serious injuries,Others,Pedestrian crossing accident,Twilight,Dry,798,245197.0
12108,12108,201411,7,Nahariyastraße,2019,11,19,3,2,1,7,2,0,1,0,0,0,0,0.0,Tempelhof-Schöneberg,Accident with serious injuries,Collision with a moving/standing/parked vehicle,Others,Dark,Dry,1241,350984.0
12109,12109,201412,7,Kaiser-Wilhelm-Platz,2019,11,14,3,3,5,7,0,0,1,0,0,0,0,0.0,Tempelhof-Schöneberg,Accident with minor injuries,Collision with a turning/crossing vehicle,Others,Daylight,Dry,1241,350984.0
12110,12110,201413,9,Allende I,2019,11,14,3,3,2,6,0,0,1,0,0,0,0,0.0,Treptow-Köpenick,Accident with minor injuries,Collision with the vehicle in front/waiting vehicle,Collision involving vehicles going in the same way,Daylight,Dry,892,273689.0
12111,12111,201414,4,Plötzensee,2019,11,14,3,3,5,2,0,0,1,0,0,0,0,0.0,Charlottenburg-Wilmersdorf,Accident with minor injuries,Collision with a turning/crossing vehicle,Turning accident,Daylight,Dry,1727,343592.0
12112,12112,201415,4,Jungfernheide,2019,11,15,3,3,2,6,0,0,1,0,0,0,0,0.0,Charlottenburg-Wilmersdorf,Accident with minor injuries,Collision with the vehicle in front/waiting vehicle,Collision involving vehicles going in the same way,Daylight,Dry,1727,343592.0
12113,12113,201416,1,Humboldthain Nordwest,2019,11,11,3,3,1,5,0,0,1,0,0,0,0,0.0,Mitte,Accident with minor injuries,Collision with a moving/standing/parked vehicle,Accident involving parked vehicles,Daylight,Dry,2215,385748.0
12114,12114,201417,11,Herzbergstraße,2019,11,11,3,3,2,6,0,0,1,0,0,0,0,0.0,Lichtenberg,Accident with minor injuries,Collision with the vehicle in front/waiting vehicle,Collision involving vehicles going in the same way,Daylight,Dry,679,294201.0
12115,12115,201418,7,Manteuffelstraße,2019,11,9,3,3,1,5,0,1,1,0,0,0,0,0.0,Tempelhof-Schöneberg,Accident with minor injuries,Collision with a moving/standing/parked vehicle,Accident involving parked vehicles,Daylight,Dry,1241,350984.0
12116,12116,201419,9,Köllnische Vorstadt,2019,11,10,3,2,6,7,0,0,1,1,0,0,0,0.0,Treptow-Köpenick,Accident with serious injuries,Collision between vehicle and pedestrian,Others,Daylight,Dry,892,273689.0
12117,12117,201420,2,Hausburgviertel,2019,11,6,3,3,5,2,2,1,1,0,0,0,0,0.0,Friedrichshain-Kreuzberg,Accident with minor injuries,Collision with a turning/crossing vehicle,Turning accident,Dark,Dry,1381,290386.0
12118,12118,201421,8,Gewerbegebiet Köllnische Heide,2019,11,9,3,3,5,3,0,0,1,0,0,0,1,0.0,Neukölln,Accident with minor injuries,Collision with a turning/crossing vehicle,Turning/Crossing accident,Daylight,Dry,934,329917.0
12119,12119,201422,8,Rixdorf,2019,11,9,3,3,0,7,0,0,1,0,0,0,0,0.0,Neukölln,Accident with minor injuries,Others,Others,Daylight,Dry,934,329917.0
12120,12120,201423,4,Preußenpark,2019,11,8,3,3,5,2,0,1,1,0,0,0,0,0.0,Charlottenburg-Wilmersdorf,Accident with minor injuries,Collision with a turning/crossing vehicle,Turning accident,Daylight,Dry,1727,343592.0
12121,12121,201424,1,Arkonaplatz,2019,11,8,3,3,5,3,0,1,1,0,0,0,0,0.0,Mitte,Accident with minor injuries,Collision with a turning/crossing vehicle,Turning/Crossing accident,Daylight,Dry,2215,385748.0
12122,12122,201425,7,Rathaus Tempelhof,2019,11,8,3,3,5,3,0,0,1,0,0,0,0,0.0,Tempelhof-Schöneberg,Accident with minor injuries,Collision with a turning/crossing vehicle,Turning/Crossing accident,Daylight,Dry,1241,350984.0
12123,12123,201426,9,Johannisthal West,2019,11,7,3,3,2,2,0,1,1,0,0,0,0,1.0,Treptow-Köpenick,Accident with minor injuries,Collision with the vehicle in front/waiting vehicle,Turning accident,Daylight,Wet/moist/slippery,892,273689.0
12124,12124,201427,2,Wrangelkiez,2019,11,7,3,3,8,1,1,1,0,0,0,0,0,1.0,Friedrichshain-Kreuzberg,Accident with minor injuries,Departure from the roadway to the right,Driving accident,Twilight,Wet/moist/slippery,1381,290386.0
12125,12125,201428,3,Heinersdorf,2019,11,7,3,2,6,2,0,0,0,1,0,1,0,0.0,Pankow,Accident with serious injuries,Collision between vehicle and pedestrian,Turning accident,Daylight,Dry,1219,409335.0
12126,12126,201429,5,Carl-Schurz-Straße,2019,11,8,2,3,5,2,0,1,1,0,0,0,0,0.0,Spandau,Accident with minor injuries,Collision with a turning/crossing vehicle,Turning accident,Daylight,Dry,798,245197.0
12127,12127,201430,8,Handwerker-Siedlung,2019,11,17,2,3,6,2,2,0,1,1,0,0,0,1.0,Neukölln,Accident with minor injuries,Collision between vehicle and pedestrian,Turning accident,Dark,Wet/moist/slippery,934,329917.0
12128,12128,201431,9,Bohnsdorf,2019,11,18,2,3,5,2,2,1,0,0,0,1,0,1.0,Treptow-Köpenick,Accident with minor injuries,Collision with a turning/crossing vehicle,Turning accident,Dark,Wet/moist/slippery,892,273689.0
12129,12129,201432,4,Babelsberger Straße,2019,11,18,2,3,2,7,2,0,1,0,0,0,0,1.0,Charlottenburg-Wilmersdorf,Accident with minor injuries,Collision with the vehicle in front/waiting vehicle,Others,Dark,Wet/moist/slippery,1727,343592.0
12130,12130,201433,1,Lüneburger Straße,2019,11,17,2,3,0,1,2,1,0,0,0,0,0,1.0,Mitte,Accident with minor injuries,Others,Driving accident,Dark,Wet/moist/slippery,2215,385748.0
12131,12131,201434,6,Dahlem,2019,11,16,2,3,5,3,2,0,1,0,0,0,0,1.0,Steglitz-Zehlendorf,Accident with minor injuries,Collision with a turning/crossing vehicle,Turning/Crossing accident,Dark,Wet/moist/slippery,851,310071.0
12132,12132,201435,3,Arnimplatz,2019,11,17,2,3,5,2,2,1,1,0,0,0,0,1.0,Pankow,Accident with minor injuries,Collision with a turning/crossing vehicle,Turning accident,Dark,Wet/moist/slippery,1219,409335.0
12133,12133,201436,2,Boxhagener Platz,2019,11,18,2,3,0,7,2,1,0,0,0,0,0,0.0,Friedrichshain-Kreuzberg,Accident with minor injuries,Others,Others,Dark,Dry,1381,290386.0
12134,12134,201437,1,Charitéviertel,2019,11,16,2,3,6,2,1,0,1,1,0,0,0,1.0,Mitte,Accident with minor injuries,Collision between vehicle and pedestrian,Turning accident,Twilight,Wet/moist/slippery,2215,385748.0
12135,12135,201438,12,Letteplatz,2019,11,16,2,3,6,6,2,0,1,1,0,0,0,1.0,Reinickendorf,Accident with minor injuries,Collision between vehicle and pedestrian,Collision involving vehicles going in the same way,Dark,Wet/moist/slippery,867,266408.0
12136,12136,201439,11,Fennpfuhl West,2019,11,16,2,3,0,3,2,0,1,0,0,0,1,1.0,Lichtenberg,Accident with minor injuries,Others,Turning/Crossing accident,Dark,Wet/moist/slippery,679,294201.0
12137,12137,201440,4,Schaperstraße,2019,11,17,2,3,5,3,2,0,1,0,0,0,0,1.0,Charlottenburg-Wilmersdorf,Accident with minor injuries,Collision with a turning/crossing vehicle,Turning/Crossing accident,Dark,Wet/moist/slippery,1727,343592.0
12138,12138,201441,9,Dorf Altglienicke,2019,11,17,2,2,6,4,2,0,1,1,0,0,0,1.0,Treptow-Köpenick,Accident with serious injuries,Collision between vehicle and pedestrian,Pedestrian crossing accident,Dark,Wet/moist/slippery,892,273689.0
12139,12139,201442,10,Springpfuhl,2019,11,15,2,3,5,2,0,1,1,0,0,0,0,1.0,Marzahn-Hellersdorf,Accident with minor injuries,Collision with a turning/crossing vehicle,Turning accident,Daylight,Wet/moist/slippery,586,269967.0
12140,12140,201443,1,Unter den Linden Nord,2019,11,17,2,3,6,4,2,1,0,1,0,0,0,1.0,Mitte,Accident with minor injuries,Collision between vehicle and pedestrian,Pedestrian crossing accident,Dark,Wet/moist/slippery,2215,385748.0
12141,12141,201444,2,Andreasviertel,2019,11,15,2,3,5,3,0,1,0,0,0,0,1,1.0,Friedrichshain-Kreuzberg,Accident with minor injuries,Collision with a turning/crossing vehicle,Turning/Crossing accident,Daylight,Wet/moist/slippery,1381,290386.0
12142,12142,201445,3,Niederschönhausen,2019,11,13,2,2,5,3,1,1,1,0,0,0,0,1.0,Pankow,Accident with serious injuries,Collision with a turning/crossing vehicle,Turning/Crossing accident,Twilight,Wet/moist/slippery,1219,409335.0
12143,12143,201446,7,Neu-Tempelhof,2019,11,17,2,2,6,2,2,0,1,1,0,0,0,1.0,Tempelhof-Schöneberg,Accident with serious injuries,Collision between vehicle and pedestrian,Turning accident,Dark,Wet/moist/slippery,1241,350984.0
12144,12144,201447,12,Ziekowstraße/Freie Scholle,2019,11,13,2,3,5,3,0,0,1,0,0,0,0,1.0,Reinickendorf,Accident with minor injuries,Collision with a turning/crossing vehicle,Turning/Crossing accident,Daylight,Wet/moist/slippery,867,266408.0
12145,12145,201448,4,Brabanter Platz,2019,11,13,2,3,2,3,0,1,1,0,0,0,0,1.0,Charlottenburg-Wilmersdorf,Accident with minor injuries,Collision with the vehicle in front/waiting vehicle,Turning/Crossing accident,Daylight,Wet/moist/slippery,1727,343592.0
12146,12146,201449,5,Tiefwerder,2019,11,17,2,3,2,6,2,0,1,0,0,0,1,1.0,Spandau,Accident with minor injuries,Collision with the vehicle in front/waiting vehicle,Collision involving vehicles going in the same way,Dark,Wet/moist/slippery,798,245197.0
12147,12147,201450,12,Lübarser Straße,2019,11,17,2,3,6,2,2,0,0,1,0,0,1,1.0,Reinickendorf,Accident with minor injuries,Collision between vehicle and pedestrian,Turning accident,Dark,Wet/moist/slippery,867,266408.0
12148,12148,201451,12,Klixstraße,2019,11,12,2,2,5,2,0,1,0,0,0,1,0,0.0,Reinickendorf,Accident with serious injuries,Collision with a turning/crossing vehicle,Turning accident,Daylight,Dry,867,266408.0
12149,12149,201452,10,Mahlsdorf Nord,2019,11,19,2,3,1,5,2,0,1,0,1,0,0,1.0,Marzahn-Hellersdorf,Accident with minor injuries,Collision with a moving/standing/parked vehicle,Accident involving parked vehicles,Dark,Wet/moist/slippery,586,269967.0
12150,12150,201453,1,Elberfelder Straße,2019,11,12,2,2,5,2,0,0,1,0,1,0,0,1.0,Mitte,Accident with serious injuries,Collision with a turning/crossing vehicle,Turning accident,Daylight,Wet/moist/slippery,2215,385748.0
12151,12151,201454,1,Oranienburger Straße,2019,11,19,2,3,2,6,2,0,1,0,1,0,0,1.0,Mitte,Accident with minor injuries,Collision with the vehicle in front/waiting vehicle,Collision involving vehicles going in the same way,Dark,Wet/moist/slippery,2215,385748.0
12152,12152,201455,4,Jungfernheide,2019,11,10,2,3,5,2,0,0,1,0,0,0,1,1.0,Charlottenburg-Wilmersdorf,Accident with minor injuries,Collision with a turning/crossing vehicle,Turning accident,Daylight,Wet/moist/slippery,1727,343592.0
12153,12153,201456,5,Döberitzer Weg,2019,11,9,2,2,5,2,0,0,1,0,0,0,0,0.0,Spandau,Accident with serious injuries,Collision with a turning/crossing vehicle,Turning accident,Daylight,Dry,798,245197.0
12154,12154,201457,6,Mittelstraße,2019,11,9,2,3,2,2,0,0,1,0,0,0,0,1.0,Steglitz-Zehlendorf,Accident with minor injuries,Collision with the vehicle in front/waiting vehicle,Turning accident,Daylight,Wet/moist/slippery,851,310071.0
12155,12155,201458,3,Pankow Zentrum,2019,11,9,2,3,6,4,0,0,1,1,0,0,0,0.0,Pankow,Accident with minor injuries,Collision between vehicle and pedestrian,Pedestrian crossing accident,Daylight,Dry,1219,409335.0
12156,12156,201459,9,Schnellerstraße,2019,11,8,2,2,6,4,0,0,1,1,0,0,0,1.0,Treptow-Köpenick,Accident with serious injuries,Collision between vehicle and pedestrian,Pedestrian crossing accident,Daylight,Wet/moist/slippery,892,273689.0
12157,12157,201460,9,Dammvorstadt,2019,11,8,2,3,5,2,0,1,1,0,0,0,0,1.0,Treptow-Köpenick,Accident with minor injuries,Collision with a turning/crossing vehicle,Turning accident,Daylight,Wet/moist/slippery,892,273689.0
12158,12158,201461,1,Emdener Straße,2019,11,8,2,3,5,2,0,1,0,0,0,0,1,0.0,Mitte,Accident with minor injuries,Collision with a turning/crossing vehicle,Turning accident,Daylight,Dry,2215,385748.0
12159,12159,201462,1,Charitéviertel,2019,11,8,2,3,0,1,0,1,0,0,0,0,0,1.0,Mitte,Accident with minor injuries,Others,Driving accident,Daylight,Wet/moist/slippery,2215,385748.0
12160,12160,201463,7,Rathausstraße,2019,11,7,2,3,2,6,0,0,1,0,1,0,0,1.0,Tempelhof-Schöneberg,Accident with minor injuries,Collision with the vehicle in front/waiting vehicle,Collision involving vehicles going in the same way,Daylight,Wet/moist/slippery,1241,350984.0
12161,12161,201464,8,Reuterkiez,2019,11,7,2,3,1,5,0,1,1,0,0,0,1,1.0,Neukölln,Accident with minor injuries,Collision with a moving/standing/parked vehicle,Accident involving parked vehicles,Daylight,Wet/moist/slippery,934,329917.0
12162,12162,201465,6,Königsberger Straße,2019,11,7,2,3,6,4,0,0,1,1,0,0,0,1.0,Steglitz-Zehlendorf,Accident with minor injuries,Collision between vehicle and pedestrian,Pedestrian crossing accident,Daylight,Wet/moist/slippery,851,310071.0
12163,12163,201466,12,Waldidyll/Flughafensee,2019,11,6,2,2,5,2,2,0,1,0,0,0,1,1.0,Reinickendorf,Accident with serious injuries,Collision with a turning/crossing vehicle,Turning accident,Dark,Wet/moist/slippery,867,266408.0
12164,12164,201467,2,Wriezener Bahnhof/Entwicklungsgebiet,2019,11,16,1,2,6,4,2,0,1,1,0,0,0,1.0,Friedrichshain-Kreuzberg,Accident with serious injuries,Collision between vehicle and pedestrian,Pedestrian crossing accident,Dark,Wet/moist/slippery,1381,290386.0
12165,12165,201468,12,Schäfersee,2019,11,15,1,3,0,3,0,0,1,0,1,0,0,1.0,Reinickendorf,Accident with minor injuries,Others,Turning/Crossing accident,Daylight,Wet/moist/slippery,867,266408.0
12166,12166,201469,3,Komponistenviertel Weißensee,2019,11,15,1,3,5,3,0,1,1,0,0,0,0,1.0,Pankow,Accident with minor injuries,Collision with a turning/crossing vehicle,Turning/Crossing accident,Daylight,Wet/moist/slippery,1219,409335.0
12167,12167,201470,9,Köllnische Vorstadt,2019,11,14,1,3,1,7,0,1,0,0,0,0,1,1.0,Treptow-Köpenick,Accident with minor injuries,Collision with a moving/standing/parked vehicle,Others,Daylight,Wet/moist/slippery,892,273689.0
12168,12168,201471,9,Rahnsdorf/Hessenwinkel,2019,11,13,1,3,0,7,0,0,0,0,1,0,0,1.0,Treptow-Köpenick,Accident with minor injuries,Others,Others,Daylight,Wet/moist/slippery,892,273689.0
12169,12169,201472,2,Askanischer Platz,2019,11,10,1,3,5,3,0,0,1,0,0,0,0,1.0,Friedrichshain-Kreuzberg,Accident with minor injuries,Collision with a turning/crossing vehicle,Turning/Crossing accident,Daylight,Wet/moist/slippery,1381,290386.0
12170,12170,201473,6,Teltower Damm,2019,11,9,1,3,5,3,0,0,1,0,0,0,0,1.0,Steglitz-Zehlendorf,Accident with minor injuries,Collision with a turning/crossing vehicle,Turning/Crossing accident,Daylight,Wet/moist/slippery,851,310071.0
12171,12171,201474,12,Hermsdorf,2019,11,8,1,3,5,3,0,0,1,0,1,0,0,1.0,Reinickendorf,Accident with minor injuries,Collision with a turning/crossing vehicle,Turning/Crossing accident,Daylight,Wet/moist/slippery,867,266408.0
12172,12172,201475,8,Silbersteinstraße,2019,11,17,1,2,6,4,2,0,1,1,0,0,0,1.0,Neukölln,Accident with serious injuries,Collision between vehicle and pedestrian,Pedestrian crossing accident,Dark,Wet/moist/slippery,934,329917.0
12173,12173,201476,2,Viktoriapark,2019,11,2,1,3,1,5,2,1,1,0,0,0,0,0.0,Friedrichshain-Kreuzberg,Accident with minor injuries,Collision with a moving/standing/parked vehicle,Accident involving parked vehicles,Dark,Dry,1381,290386.0
12174,12174,201477,1,Gesundbrunnen,2019,11,23,1,3,5,3,2,0,1,0,0,0,0,1.0,Mitte,Accident with minor injuries,Collision with a turning/crossing vehicle,Turning/Crossing accident,Dark,Wet/moist/slippery,2215,385748.0
12175,12175,201478,12,Wittenau Süd,2019,11,6,1,3,8,1,2,0,1,0,0,0,0,1.0,Reinickendorf,Accident with minor injuries,Departure from the roadway to the right,Driving accident,Dark,Wet/moist/slippery,867,266408.0
12176,12176,201479,11,Victoriastadt,2019,11,21,1,3,4,1,2,0,1,0,0,0,0,1.0,Lichtenberg,Accident with minor injuries,Collision with oncoming vehicle,Driving accident,Dark,Wet/moist/slippery,679,294201.0
12177,12177,201480,3,Erich-Weinert-Straße,2019,11,20,1,3,5,2,2,1,1,0,0,0,0,1.0,Pankow,Accident with minor injuries,Collision with a turning/crossing vehicle,Turning accident,Dark,Wet/moist/slippery,1219,409335.0
12178,12178,201481,8,Buckow West,2019,11,20,1,2,6,3,2,0,1,1,0,0,0,1.0,Neukölln,Accident with serious injuries,Collision between vehicle and pedestrian,Turning/Crossing accident,Dark,Wet/moist/slippery,934,329917.0
12179,12179,201482,8,Schillerpromenade,2019,11,17,1,3,6,4,2,0,1,1,0,0,0,1.0,Neukölln,Accident with minor injuries,Collision between vehicle and pedestrian,Pedestrian crossing accident,Dark,Wet/moist/slippery,934,329917.0
12180,12180,201483,9,Baumschulenstraße,2019,11,17,1,2,5,2,2,0,1,0,0,0,0,1.0,Treptow-Köpenick,Accident with serious injuries,Collision with a turning/crossing vehicle,Turning accident,Dark,Wet/moist/slippery,892,273689.0
12181,12181,201484,7,Kaiser-Wilhelm-Platz,2019,11,15,1,3,1,7,1,0,1,0,0,0,1,1.0,Tempelhof-Schöneberg,Accident with minor injuries,Collision with a moving/standing/parked vehicle,Others,Twilight,Wet/moist/slippery,1241,350984.0
12182,12182,201485,12,Lübars,2019,11,7,1,3,9,1,2,0,1,0,0,0,0,1.0,Reinickendorf,Accident with minor injuries,Departure from the roadway to the left,Driving accident,Dark,Wet/moist/slippery,867,266408.0
12183,12183,201486,2,Mehringplatz,2019,11,5,7,3,5,3,2,0,1,0,0,0,0,1.0,Friedrichshain-Kreuzberg,Accident with minor injuries,Collision with a turning/crossing vehicle,Turning/Crossing accident,Dark,Wet/moist/slippery,1381,290386.0
12184,12184,201487,10,Alte Hellersdorfer Straße,2019,11,14,7,3,5,2,0,0,1,0,0,0,0,0.0,Marzahn-Hellersdorf,Accident with minor injuries,Collision with a turning/crossing vehicle,Turning accident,Daylight,Dry,586,269967.0
12185,12185,201488,8,Schillerpromenade,2019,11,22,7,3,2,6,2,0,1,0,0,0,0,0.0,Neukölln,Accident with minor injuries,Collision with the vehicle in front/waiting vehicle,Collision involving vehicles going in the same way,Dark,Dry,934,329917.0
12186,12186,201489,6,Schweizer Viertel,2019,11,19,7,3,6,2,2,0,1,1,0,0,0,0.0,Steglitz-Zehlendorf,Accident with minor injuries,Collision between vehicle and pedestrian,Turning accident,Dark,Dry,851,310071.0
12187,12187,201490,2,Moritzplatz,2019,11,18,7,3,2,6,2,0,1,0,0,0,0,0.0,Friedrichshain-Kreuzberg,Accident with minor injuries,Collision with the vehicle in front/waiting vehicle,Collision involving vehicles going in the same way,Dark,Dry,1381,290386.0
12188,12188,201491,1,Humboldthain Nordwest,2019,11,18,7,3,2,6,2,0,1,0,0,0,0,0.0,Mitte,Accident with minor injuries,Collision with the vehicle in front/waiting vehicle,Collision involving vehicles going in the same way,Dark,Dry,2215,385748.0
12189,12189,201492,1,Westliche Müllerstraße,2019,11,14,7,3,5,2,0,0,1,0,0,0,0,1.0,Mitte,Accident with minor injuries,Collision with a turning/crossing vehicle,Turning accident,Daylight,Wet/moist/slippery,2215,385748.0
12190,12190,201493,1,Charitéviertel,2019,11,0,7,2,1,5,2,0,1,0,0,0,1,0.0,Mitte,Accident with serious injuries,Collision with a moving/standing/parked vehicle,Accident involving parked vehicles,Dark,Dry,2215,385748.0
12191,12191,201494,5,Magistratsweg,2019,11,9,7,3,5,2,0,0,1,0,0,0,0,1.0,Spandau,Accident with minor injuries,Collision with a turning/crossing vehicle,Turning accident,Daylight,Wet/moist/slippery,798,245197.0
12192,12192,201495,10,Marzahner Chaussee,2019,11,7,7,3,0,1,2,0,0,0,1,0,0,1.0,Marzahn-Hellersdorf,Accident with minor injuries,Others,Driving accident,Dark,Wet/moist/slippery,586,269967.0
12193,12193,201496,6,Königsberger Straße,2019,11,6,7,3,5,3,2,1,1,0,0,0,0,1.0,Steglitz-Zehlendorf,Accident with minor injuries,Collision with a turning/crossing vehicle,Turning/Crossing accident,Dark,Wet/moist/slippery,851,310071.0
12194,12194,201497,7,Grazer Platz,2019,11,20,7,3,2,6,2,0,1,0,0,0,0,0.0,Tempelhof-Schöneberg,Accident with minor injuries,Collision with the vehicle in front/waiting vehicle,Collision involving vehicles going in the same way,Dark,Dry,1241,350984.0
12195,12195,201498,6,Thielallee,2019,11,5,7,2,9,1,2,0,1,1,0,0,0,0.0,Steglitz-Zehlendorf,Accident with serious injuries,Departure from the roadway to the left,Driving accident,Dark,Dry,851,310071.0
12196,12196,201499,2,Viktoriapark,2019,11,20,7,3,5,2,2,0,1,0,0,0,0,0.0,Friedrichshain-Kreuzberg,Accident with minor injuries,Collision with a turning/crossing vehicle,Turning accident,Dark,Dry,1381,290386.0
12197,12197,201500,3,Pankow Zentrum,2019,11,19,7,3,0,3,2,0,1,0,1,0,0,0.0,Pankow,Accident with minor injuries,Others,Turning/Crossing accident,Dark,Dry,1219,409335.0
12198,12198,201501,2,Wriezener Bahnhof/Entwicklungsgebiet,2019,11,18,7,3,2,6,2,0,1,0,0,0,0,0.0,Friedrichshain-Kreuzberg,Accident with minor injuries,Collision with the vehicle in front/waiting vehicle,Collision involving vehicles going in the same way,Dark,Dry,1381,290386.0
12199,12199,201502,9,Köpenicker Landstraße,2019,11,13,7,3,5,2,0,0,1,0,0,0,0,0.0,Treptow-Köpenick,Accident with minor injuries,Collision with a turning/crossing vehicle,Turning accident,Daylight,Dry,892,273689.0
12200,12200,201503,4,Babelsberger Straße,2019,11,13,7,3,5,7,0,0,1,0,0,0,0,0.0,Charlottenburg-Wilmersdorf,Accident with minor injuries,Collision with a turning/crossing vehicle,Others,Daylight,Dry,1727,343592.0
12201,12201,201504,4,Kissinger Straße,2019,11,12,7,3,6,7,0,0,1,1,0,0,0,0.0,Charlottenburg-Wilmersdorf,Accident with minor injuries,Collision between vehicle and pedestrian,Others,Daylight,Dry,1727,343592.0
12202,12202,201505,1,Alexanderplatzviertel,2019,11,2,7,3,0,2,2,0,1,0,0,0,0,0.0,Mitte,Accident with minor injuries,Others,Turning accident,Dark,Dry,2215,385748.0
12203,12203,201506,11,Fennpfuhl Ost,2019,11,12,7,3,2,6,0,0,1,0,0,0,0,1.0,Lichtenberg,Accident with minor injuries,Collision with the vehicle in front/waiting vehicle,Collision involving vehicles going in the same way,Daylight,Wet/moist/slippery,679,294201.0
12204,12204,201507,1,Westliche Müllerstraße,2019,11,10,7,2,0,5,0,0,1,0,1,0,0,1.0,Mitte,Accident with serious injuries,Others,Accident involving parked vehicles,Daylight,Wet/moist/slippery,2215,385748.0
12205,12205,201508,1,Emdener Straße,2019,11,11,6,3,6,4,0,0,1,1,0,0,0,0.0,Mitte,Accident with minor injuries,Collision between vehicle and pedestrian,Pedestrian crossing accident,Daylight,Dry,2215,385748.0
12206,12206,201509,2,Graefekiez,2019,11,22,6,3,0,3,2,1,1,0,0,0,0,0.0,Friedrichshain-Kreuzberg,Accident with minor injuries,Others,Turning/Crossing accident,Dark,Dry,1381,290386.0
12207,12207,201510,11,Landsberger Allee,2019,11,7,6,3,6,4,2,0,1,1,0,0,0,1.0,Lichtenberg,Accident with minor injuries,Collision between vehicle and pedestrian,Pedestrian crossing accident,Dark,Wet/moist/slippery,679,294201.0
12208,12208,201511,7,Friedenau,2019,11,19,6,3,5,2,2,1,1,0,0,0,0,0.0,Tempelhof-Schöneberg,Accident with minor injuries,Collision with a turning/crossing vehicle,Turning accident,Dark,Dry,1241,350984.0
12209,12209,201512,4,Schaperstraße,2019,11,17,6,3,0,5,2,1,1,0,0,0,0,0.0,Charlottenburg-Wilmersdorf,Accident with minor injuries,Others,Accident involving parked vehicles,Dark,Dry,1727,343592.0
12210,12210,201513,12,Scharnweberstraße,2019,11,17,6,3,2,6,2,0,1,0,0,0,0,0.0,Reinickendorf,Accident with minor injuries,Collision with the vehicle in front/waiting vehicle,Collision involving vehicles going in the same way,Dark,Dry,867,266408.0
12211,12211,201514,1,Wilhelmstraße,2019,11,13,1,3,5,3,0,0,1,0,1,0,0,0.0,Mitte,Accident with minor injuries,Collision with a turning/crossing vehicle,Turning/Crossing accident,Daylight,Dry,2215,385748.0
12212,12212,201515,11,Tierpark,2019,11,12,1,3,5,3,0,1,1,0,0,0,0,0.0,Lichtenberg,Accident with minor injuries,Collision with a turning/crossing vehicle,Turning/Crossing accident,Daylight,Dry,679,294201.0
12213,12213,201516,7,Neu-Tempelhof,2019,11,17,6,3,3,6,2,0,1,0,0,1,0,0.0,Tempelhof-Schöneberg,Accident with minor injuries,Collision with a vehicle traveling laterally in the same direction,Collision involving vehicles going in the same way,Dark,Dry,1241,350984.0
12214,12214,201517,4,Königin-Elisabeth-Straße,2019,11,12,1,3,3,6,0,0,1,0,0,0,1,0.0,Charlottenburg-Wilmersdorf,Accident with minor injuries,Collision with a vehicle traveling laterally in the same direction,Collision involving vehicles going in the same way,Daylight,Dry,1727,343592.0
12215,12215,201518,4,Park Ruhwald,2019,11,16,6,3,2,6,0,0,1,0,0,0,1,0.0,Charlottenburg-Wilmersdorf,Accident with minor injuries,Collision with the vehicle in front/waiting vehicle,Collision involving vehicles going in the same way,Daylight,Dry,1727,343592.0
12216,12216,201519,7,Kaiser-Wilhelm-Platz,2019,11,11,1,3,0,5,0,1,1,0,0,0,0,0.0,Tempelhof-Schöneberg,Accident with minor injuries,Others,Accident involving parked vehicles,Daylight,Dry,1241,350984.0
12217,12217,201520,3,Alt-Karow,2019,11,10,1,3,5,3,0,0,1,0,0,0,0,0.0,Pankow,Accident with minor injuries,Collision with a turning/crossing vehicle,Turning/Crossing accident,Daylight,Dry,1219,409335.0