,Unnamed: 0,object id,district,street,year,month,hour of day,weekday,category,accident type,accident type 2,light situation,bike involved,car involved,pedestrian involved,motor bike involved,big track involved,other vehicle involved,road condition,district name,category name,accident detail,accident type detail,light condition,road condition detail,accident count by district,est. population
12218,12218,201521,1,Humboldthain Süd,2019,11,16,6,3,0,1,0,1,0,0,0,0,0,1.0,Mitte,Accident with minor injuries,Others,Driving accident,Daylight,Wet/moist/slippery,2215,385748.0
12219,12219,201522,4,Jungfernheide,2019,11,1,1,3,1,1,2,0,1,0,0,0,0,0.0,Charlottenburg-Wilmersdorf,Accident with minor injuries,Collision with a moving/standing/parked vehicle,Driving accident,Dark,Dry,1727,343592.0
12220,12220,201523,4,Breite Straße,2019,11,16,1,3,6,2,2,0,1,1,0,0,0,0.0,Charlottenburg-Wilmersdorf,Accident with minor injuries,Collision between vehicle and pedestrian,Turning accident,Dark,Dry,1727,343592.0
12221,12221,201524,9,Köllnische Vorstadt,2019,11,2,1,3,0,1,2,1,0,0,0,0,0,1.0,Treptow-Köpenick,Accident with minor injuries,Others,Driving accident,Dark,Wet/moist/slippery,892,273689.0
12222,12222,201525,2,Andreasviertel,2019,11,14,6,3,5,3,0,1,1,0,0,0,0,0.0,Friedrichshain-Kreuzberg,Accident with minor injuries,Collision with a turning/crossing vehicle,Turning/Crossing accident,Daylight,Dry,1381,290386.0
12223,12223,201526,3,Gustav-Adolf-Straße,2019,11,14,6,3,5,3,0,1,1,0,0,0,0,0.0,Pankow,Accident with minor injuries,Collision with a turning/crossing vehicle,Turning/Crossing accident,Daylight,Dry,1219,409335.0
12224,12224,201527,7,Rathausstraße,2019,11,19,1,2,6,4,2,0,1,1,0,0,0,0.0,Tempelhof-Schöneberg,Accident with serious injuries,Collision between vehicle and pedestrian,Pedestrian crossing accident,Dark,Dry,1241,350984.0
12225,12225,201528,1,Thomasiusstraße,2019,11,17,1,3,0,1,2,0,0,0,0,0,1,0.0,Mitte,Accident with minor injuries,Others,Driving accident,Dark,Dry,2215,385748.0
12226,12226,201529,10,Oberfeldstraße,2019,11,15,6,2,5,3,0,1,1,0,0,0,0,0.0,Marzahn-Hellersdorf,Accident with serious injuries,Collision with a turning/crossing vehicle,Turning/Crossing accident,Daylight,Dry,586,269967.0
12227,12227,201530,11,Herzbergstraße,2019,11,17,7,3,2,6,2,0,1,0,0,0,0,0.0,Lichtenberg,Accident with minor injuries,Collision with the vehicle in front/waiting vehicle,Collision involving vehicles going in the same way,Dark,Dry,679,294201.0
12228,12228,201531,1,Charitéviertel,2019,11,17,7,2,0,1,2,1,0,0,0,0,0,0.0,Mitte,Accident with serious injuries,Others,Driving accident,Dark,Dry,2215,385748.0
12229,12229,201532,7,Marienfelde Süd,2019,11,15,6,3,5,3,1,0,1,0,0,0,0,0.0,Tempelhof-Schöneberg,Accident with minor injuries,Collision with a turning/crossing vehicle,Turning/Crossing accident,Twilight,Dry,1241,350984.0
12230,12230,201533,4,Lietzensee,2019,11,14,6,3,5,3,0,0,1,0,0,0,0,0.0,Charlottenburg-Wilmersdorf,Accident with minor injuries,Collision with a turning/crossing vehicle,Turning/Crossing accident,Daylight,Dry,1727,343592.0
12231,12231,201534,1,Westliche Müllerstraße,2019,11,15,7,3,6,4,0,0,1,1,0,0,0,0.0,Mitte,Accident with minor injuries,Collision between vehicle and pedestrian,Pedestrian crossing accident,Daylight,Dry,2215,385748.0
12232,12232,201535,11,Fennpfuhl Ost,2019,11,13,7,3,2,6,0,0,1,0,0,0,0,0.0,Lichtenberg,Accident with minor injuries,Collision with the vehicle in front/waiting vehicle,Collision involving vehicles going in the same way,Daylight,Dry,679,294201.0
12233,12233,201536,3,Humannplatz,2019,11,14,6,3,2,6,0,0,1,0,0,0,0,0.0,Pankow,Accident with minor injuries,Collision with the vehicle in front/waiting vehicle,Collision involving vehicles going in the same way,Daylight,Dry,1219,409335.0
12234,12234,201537,2,Wriezener Bahnhof/Entwicklungsgebiet,2019,11,14,6,3,2,2,0,0,0,0,1,0,1,0.0,Friedrichshain-Kreuzberg,Accident with minor injuries,Collision with the vehicle in front/waiting vehicle,Turning accident,Daylight,Dry,1381,290386.0
12235,12235,201538,3,Komponistenviertel Weißensee,2019,11,12,7,3,0,5,0,0,1,0,0,0,0,0.0,Pankow,Accident with minor injuries,Others,Accident involving parked vehicles,Daylight,Dry,1219,409335.0
12236,12236,201539,7,Marienfelde Süd,2019,11,12,7,3,3,6,0,1,1,0,0,0,0,0.0,Tempelhof-Schöneberg,Accident with minor injuries,Collision with a vehicle traveling laterally in the same direction,Collision involving vehicles going in the same way,Daylight,Dry,1241,350984.0
12237,12237,201540,11,Rüdigerstraße,2019,11,22,7,3,0,2,2,1,1,0,0,0,0,0.0,Lichtenberg,Accident with minor injuries,Others,Turning accident,Dark,Dry,679,294201.0
12238,12238,201541,7,Neu-Tempelhof,2019,11,12,6,3,6,7,0,0,1,1,0,0,0,0.0,Tempelhof-Schöneberg,Accident with minor injuries,Collision between vehicle and pedestrian,Others,Daylight,Dry,1241,350984.0
12239,12239,201542,10,Landsberger Tor,2019,11,20,7,2,6,4,2,0,1,1,0,0,0,0.0,Marzahn-Hellersdorf,Accident with serious injuries,Collision between vehicle and pedestrian,Pedestrian crossing accident,Dark,Dry,586,269967.0
12240,12240,201543,4,Alt-Lietzow,2019,11,14,6,3,0,7,0,1,1,0,0,0,0,0.0,Charlottenburg-Wilmersdorf,Accident with minor injuries,Others,Others,Daylight,Dry,1727,343592.0
12241,12241,201544,1,Soldiner Straße,2019,11,19,7,3,0,5,2,0,1,0,0,0,0,0.0,Mitte,Accident with minor injuries,Others,Accident involving parked vehicles,Dark,Dry,2215,385748.0
12242,12242,201545,6,Königsberger Straße,2019,11,20,7,2,4,6,2,0,1,0,0,0,0,0.0,Steglitz-Zehlendorf,Accident with serious injuries,Collision with oncoming vehicle,Collision involving vehicles going in the same way,Dark,Dry,851,310071.0
12243,12243,201546,1,Beusselkiez,2019,11,13,6,2,0,6,0,0,1,0,1,0,0,0.0,Mitte,Accident with serious injuries,Others,Collision involving vehicles going in the same way,Daylight,Dry,2215,385748.0
12244,12244,201547,10,Gut Hellersdorf,2019,11,19,7,3,0,1,2,0,0,0,1,0,0,0.0,Marzahn-Hellersdorf,Accident with minor injuries,Others,Driving accident,Dark,Dry,586,269967.0
12245,12245,201548,12,Wittenau Süd,2019,11,10,7,3,2,6,0,0,1,0,0,0,0,0.0,Reinickendorf,Accident with minor injuries,Collision with the vehicle in front/waiting vehicle,Collision involving vehicles going in the same way,Daylight,Dry,867,266408.0
12246,12246,201549,4,Schloßgarten,2019,11,10,7,3,5,2,0,0,1,0,0,0,0,0.0,Charlottenburg-Wilmersdorf,Accident with minor injuries,Collision with a turning/crossing vehicle,Turning accident,Daylight,Dry,1727,343592.0
12247,12247,201550,11,Malchower Weg,2019,11,13,6,3,6,7,0,0,1,1,0,0,0,0.0,Lichtenberg,Accident with minor injuries,Collision between vehicle and pedestrian,Others,Daylight,Dry,679,294201.0
12248,12248,201551,1,Alexanderplatzviertel,2019,11,13,6,2,0,2,0,1,1,0,0,0,0,0.0,Mitte,Accident with serious injuries,Others,Turning accident,Daylight,Dry,2215,385748.0
12249,12249,201552,8,Flughafenstraße,2019,11,7,7,3,0,1,2,1,0,0,0,0,0,0.0,Neukölln,Accident with minor injuries,Others,Driving accident,Dark,Dry,934,329917.0
12250,12250,201553,11,Hauptstraße,2019,11,2,7,3,9,1,2,0,1,0,0,0,0,1.0,Lichtenberg,Accident with minor injuries,Departure from the roadway to the left,Driving accident,Dark,Wet/moist/slippery,679,294201.0
12251,12251,201554,1,Soldiner Straße,2019,11,12,6,3,0,2,0,1,1,0,0,0,0,0.0,Mitte,Accident with minor injuries,Others,Turning accident,Daylight,Dry,2215,385748.0
12252,12252,201555,4,Breite Straße,2019,11,12,6,3,1,5,0,1,1,0,0,0,0,0.0,Charlottenburg-Wilmersdorf,Accident with minor injuries,Collision with a moving/standing/parked vehicle,Accident involving parked vehicles,Daylight,Dry,1727,343592.0
12253,12253,201556,12,Dannenwalder Weg,2019,11,9,6,3,5,3,0,1,1,0,0,0,0,1.0,Reinickendorf,Accident with minor injuries,Collision with a turning/crossing vehicle,Turning/Crossing accident,Daylight,Wet/moist/slippery,867,266408.0
12254,12254,201557,8,Parchimer Allee,2019,11,17,6,3,6,2,2,0,1,1,0,0,0,0.0,Neukölln,Accident with minor injuries,Collision between vehicle and pedestrian,Turning accident,Dark,Dry,934,329917.0
12255,12255,201558,1,Humboldthain Nordwest,2019,11,12,6,3,3,6,0,0,1,0,1,0,0,0.0,Mitte,Accident with minor injuries,Collision with a vehicle traveling laterally in the same direction,Collision involving vehicles going in the same way,Daylight,Dry,2215,385748.0
12256,12256,201559,12,Alt-Tegel,2019,11,21,6,3,5,3,2,0,1,0,0,0,0,0.0,Reinickendorf,Accident with minor injuries,Collision with a turning/crossing vehicle,Turning/Crossing accident,Dark,Dry,867,266408.0
12257,12257,201560,1,Gesundbrunnen,2019,11,20,6,3,6,7,2,0,1,1,0,0,0,0.0,Mitte,Accident with minor injuries,Collision between vehicle and pedestrian,Others,Dark,Dry,2215,385748.0
12258,12258,201561,1,Heine-Viertel West,2019,11,10,6,3,5,5,0,1,0,0,0,0,1,0.0,Mitte,Accident with minor injuries,Collision with a turning/crossing vehicle,Accident involving parked vehicles,Daylight,Dry,2215,385748.0
12259,12259,201562,5,Freiheit,2019,11,10,6,3,5,7,0,0,1,0,1,0,0,0.0,Spandau,Accident with minor injuries,Collision with a turning/crossing vehicle,Others,Daylight,Dry,798,245197.0
12260,12260,201563,8,Buschkrugallee Nord,2019,11,19,6,3,5,2,2,0,1,0,0,0,0,0.0,Neukölln,Accident with minor injuries,Collision with a turning/crossing vehicle,Turning accident,Dark,Dry,934,329917.0
12261,12261,201564,2,Chamissokiez,2019,11,23,6,3,0,7,2,1,0,0,0,0,0,0.0,Friedrichshain-Kreuzberg,Accident with minor injuries,Others,Others,Dark,Dry,1381,290386.0
12262,12262,201565,6,Thielallee,2019,11,19,6,2,1,7,2,0,1,0,0,0,0,1.0,Steglitz-Zehlendorf,Accident with serious injuries,Collision with a moving/standing/parked vehicle,Others,Dark,Wet/moist/slippery,851,310071.0
12263,12263,201566,3,Teutoburger Platz,2019,11,9,6,3,1,5,0,1,1,0,0,0,0,0.0,Pankow,Accident with minor injuries,Collision with a moving/standing/parked vehicle,Accident involving parked vehicles,Daylight,Dry,1219,409335.0
12264,12264,201567,4,Flinsberger Platz,2019,11,19,6,3,3,5,2,0,1,0,1,0,0,1.0,Charlottenburg-Wilmersdorf,Accident with minor injuries,Collision with a vehicle traveling laterally in the same direction,Accident involving parked vehicles,Dark,Wet/moist/slippery,1727,343592.0
12265,12265,201568,5,Staakener Straße,2019,11,10,6,2,0,7,0,0,1,0,0,0,1,0.0,Spandau,Accident with serious injuries,Others,Others,Daylight,Dry,798,245197.0
12266,12266,201569,1,Unter den Linden Nord,2019,11,18,6,3,5,2,2,1,1,0,0,0,0,0.0,Mitte,Accident with minor injuries,Collision with a turning/crossing vehicle,Turning accident,Dark,Dry,2215,385748.0
12267,12267,201570,2,Andreasviertel,2019,11,18,6,3,1,5,2,1,1,0,0,0,1,1.0,Friedrichshain-Kreuzberg,Accident with minor injuries,Collision with a moving/standing/parked vehicle,Accident involving parked vehicles,Dark,Wet/moist/slippery,1381,290386.0
12268,12268,201571,9,Baumschulenstraße,2019,11,8,6,3,2,6,0,0,1,0,0,0,0,0.0,Treptow-Köpenick,Accident with minor injuries,Collision with the vehicle in front/waiting vehicle,Collision involving vehicles going in the same way,Daylight,Dry,892,273689.0
12269,12269,201572,1,Lüneburger Straße,2019,11,8,6,3,5,2,0,0,1,0,0,0,0,0.0,Mitte,Accident with minor injuries,Collision with a turning/crossing vehicle,Turning accident,Daylight,Dry,2215,385748.0
12270,12270,201573,3,Komponistenviertel Weißensee,2019,11,18,6,3,0,5,2,0,1,0,0,0,0,0.0,Pankow,Accident with minor injuries,Others,Accident involving parked vehicles,Dark,Dry,1219,409335.0
12271,12271,201574,11,Fennpfuhl West,2019,11,6,6,3,0,6,1,0,1,0,1,0,0,0.0,Lichtenberg,Accident with minor injuries,Others,Collision involving vehicles going in the same way,Twilight,Dry,679,294201.0
12272,12272,201575,3,Falkplatz,2019,11,17,6,3,2,6,2,0,1,0,0,0,0,0.0,Pankow,Accident with minor injuries,Collision with the vehicle in front/waiting vehicle,Collision involving vehicles going in the same way,Dark,Dry,1219,409335.0
12273,12273,201576,3,Arnimplatz,2019,11,17,6,3,1,5,2,1,1,0,0,0,0,0.0,Pankow,Accident with minor injuries,Collision with a moving/standing/parked vehicle,Accident involving parked vehicles,Dark,Dry,1219,409335.0
12274,12274,201577,3,Behaimstraße,2019,11,8,6,3,6,7,0,1,0,1,0,0,0,0.0,Pankow,Accident with minor injuries,Collision between vehicle and pedestrian,Others,Daylight,Dry,1219,409335.0
12275,12275,201578,5,Freiheit,2019,11,6,6,2,6,4,2,0,1,1,0,0,0,0.0,Spandau,Accident with serious injuries,Collision between vehicle and pedestrian,Pedestrian crossing accident,Dark,Dry,798,245197.0
12276,12276,201579,8,Blumenviertel,2019,11,17,6,3,2,6,2,0,1,0,0,0,0,1.0,Neukölln,Accident with minor injuries,Collision with the vehicle in front/waiting vehicle,Collision involving vehicles going in the same way,Dark,Wet/moist/slippery,934,329917.0
12277,12277,201580,5,Borkumer Straße,2019,11,17,6,2,0,1,2,1,0,0,0,0,0,0.0,Spandau,Accident with serious injuries,Others,Driving accident,Dark,Dry,798,245197.0
12278,12278,201581,1,Westhafen,2019,11,8,6,3,3,6,0,0,1,0,0,1,0,0.0,Mitte,Accident with minor injuries,Collision with a vehicle traveling laterally in the same direction,Collision involving vehicles going in the same way,Daylight,Dry,2215,385748.0
12279,12279,201582,5,Pillnitzer Weg,2019,11,5,6,2,6,4,2,0,0,1,0,0,1,0.0,Spandau,Accident with serious injuries,Collision between vehicle and pedestrian,Pedestrian crossing accident,Dark,Dry,798,245197.0
12280,12280,201583,9,Johannisthal Ost,2019,11,17,6,3,0,7,2,1,0,0,0,0,0,0.0,Treptow-Köpenick,Accident with minor injuries,Others,Others,Dark,Dry,892,273689.0
12281,12281,201584,9,Adlershof Ost,2019,11,17,6,3,6,7,2,0,1,1,0,0,0,0.0,Treptow-Köpenick,Accident with minor injuries,Collision between vehicle and pedestrian,Others,Dark,Dry,892,273689.0
12282,12282,201585,10,Gut Hellersdorf,2019,11,7,6,2,5,3,1,1,1,0,0,0,0,0.0,Marzahn-Hellersdorf,Accident with serious injuries,Collision with a turning/crossing vehicle,Turning/Crossing accident,Twilight,Dry,586,269967.0
12283,12283,201586,10,Oberfeldstraße,2019,11,17,6,3,0,5,2,0,1,0,0,0,0,0.0,Marzahn-Hellersdorf,Accident with minor injuries,Others,Accident involving parked vehicles,Dark,Dry,586,269967.0
12284,12284,201587,7,Marienfelde Süd,2019,11,16,5,3,6,2,1,0,0,1,0,0,1,0.0,Tempelhof-Schöneberg,Accident with minor injuries,Collision between vehicle and pedestrian,Turning accident,Twilight,Dry,1241,350984.0
12285,12285,201588,6,Schütte-Lanz-Straße,2019,11,11,6,3,5,3,0,0,1,0,0,0,0,1.0,Steglitz-Zehlendorf,Accident with minor injuries,Collision with a turning/crossing vehicle,Turning/Crossing accident,Daylight,Wet/moist/slippery,851,310071.0
12286,12286,201589,9,Dorf Altglienicke,2019,11,10,6,3,8,7,0,0,1,0,0,0,0,1.0,Treptow-Köpenick,Accident with minor injuries,Departure from the roadway to the right,Others,Daylight,Wet/moist/slippery,892,273689.0
12287,12287,201590,4,Breitscheidplatz,2019,11,19,5,3,6,7,2,0,0,1,0,0,1,0.0,Charlottenburg-Wilmersdorf,Accident with minor injuries,Collision between vehicle and pedestrian,Others,Dark,Dry,1727,343592.0
12288,12288,201591,12,Letteplatz,2019,11,7,5,3,3,6,2,0,1,0,0,0,0,0.0,Reinickendorf,Accident with minor injuries,Collision with a vehicle traveling laterally in the same direction,Collision involving vehicles going in the same way,Dark,Dry,867,266408.0
12289,12289,201592,2,Reichenberger Straße,2019,11,16,6,3,1,5,1,1,1,0,0,0,0,0.0,Friedrichshain-Kreuzberg,Accident with minor injuries,Collision with a moving/standing/parked vehicle,Accident involving parked vehicles,Twilight,Dry,1381,290386.0
12290,12290,201593,10,Alt-Mahlsdorf,2019,11,15,6,3,1,5,1,0,1,0,0,0,0,0.0,Marzahn-Hellersdorf,Accident with minor injuries,Collision with a moving/standing/parked vehicle,Accident involving parked vehicles,Twilight,Dry,586,269967.0
12291,12291,201594,12,Frohnau,2019,11,7,5,3,5,3,0,1,1,0,0,0,0,0.0,Reinickendorf,Accident with minor injuries,Collision with a turning/crossing vehicle,Turning/Crossing accident,Daylight,Dry,867,266408.0
12292,12292,201595,6,Oberhofer Platz,2019,11,9,5,3,6,2,0,0,1,1,0,0,0,0.0,Steglitz-Zehlendorf,Accident with minor injuries,Collision between vehicle and pedestrian,Turning accident,Daylight,Dry,851,310071.0
12293,12293,201596,4,Alt-Lietzow,2019,11,15,6,3,5,2,0,0,1,0,0,0,1,0.0,Charlottenburg-Wilmersdorf,Accident with minor injuries,Collision with a turning/crossing vehicle,Turning accident,Daylight,Dry,1727,343592.0
12294,12294,201597,7,Neu-Tempelhof,2019,11,13,6,3,0,6,0,1,1,0,0,0,0,0.0,Tempelhof-Schöneberg,Accident with minor injuries,Others,Collision involving vehicles going in the same way,Daylight,Dry,1241,350984.0
12295,12295,201598,4,Tegeler Weg,2019,11,1,5,3,5,2,2,0,1,0,0,1,0,0.0,Charlottenburg-Wilmersdorf,Accident with minor injuries,Collision with a turning/crossing vehicle,Turning accident,Dark,Dry,1727,343592.0
12296,12296,201599,9,Köllnische Vorstadt,2019,11,19,5,3,4,6,2,0,1,0,0,0,0,0.0,Treptow-Köpenick,Accident with minor injuries,Collision with oncoming vehicle,Collision involving vehicles going in the same way,Dark,Dry,892,273689.0
12297,12297,201600,11,Mühlengrund,2019,11,13,6,3,6,4,0,0,1,1,0,0,0,0.0,Lichtenberg,Accident with minor injuries,Collision between vehicle and pedestrian,Pedestrian crossing accident,Daylight,Dry,679,294201.0
12298,12298,201601,2,Samariterviertel,2019,11,9,6,3,5,2,0,1,1,0,0,0,0,1.0,Friedrichshain-Kreuzberg,Accident with minor injuries,Collision with a turning/crossing vehicle,Turning accident,Daylight,Wet/moist/slippery,1381,290386.0
12299,12299,201602,11,Hauptstraße,2019,11,9,6,3,5,2,0,0,1,0,0,0,0,0.0,Lichtenberg,Accident with minor injuries,Collision with a turning/crossing vehicle,Turning accident,Daylight,Dry,679,294201.0
12300,12300,201603,10,Adele-Sandrock-Straße,2019,11,19,5,2,1,5,2,0,1,0,0,0,1,0.0,Marzahn-Hellersdorf,Accident with serious injuries,Collision with a moving/standing/parked vehicle,Accident involving parked vehicles,Dark,Dry,586,269967.0
12301,12301,201604,11,Mühlengrund,2019,11,18,5,2,6,4,2,0,0,1,0,0,1,0.0,Lichtenberg,Accident with serious injuries,Collision between vehicle and pedestrian,Pedestrian crossing accident,Dark,Dry,679,294201.0
12302,12302,201605,3,Humannplatz,2019,11,9,6,3,5,3,0,0,1,0,0,0,0,0.0,Pankow,Accident with minor injuries,Collision with a turning/crossing vehicle,Turning/Crossing accident,Daylight,Dry,1219,409335.0
12303,12303,201606,10,Mahlsdorf Nord,2019,11,13,6,3,5,3,0,0,1,0,0,0,0,0.0,Marzahn-Hellersdorf,Accident with minor injuries,Collision with a turning/crossing vehicle,Turning/Crossing accident,Daylight,Dry,586,269967.0
12304,12304,201607,1,Reinickendorfer Straße,2019,11,17,5,3,2,6,2,0,1,0,0,0,0,0.0,Mitte,Accident with minor injuries,Collision with the vehicle in front/waiting vehicle,Collision involving vehicles going in the same way,Dark,Dry,2215,385748.0
12305,12305,201608,10,Gut Hellersdorf,2019,11,15,5,3,5,3,0,1,1,0,0,0,0,0.0,Marzahn-Hellersdorf,Accident with minor injuries,Collision with a turning/crossing vehicle,Turning/Crossing accident,Daylight,Dry,586,269967.0
12306,12306,201609,1,Humboldthain Nordwest,2019,11,8,6,3,2,6,0,0,1,0,1,0,0,1.0,Mitte,Accident with minor injuries,Collision with the vehicle in front/waiting vehicle,Collision involving vehicles going in the same way,Daylight,Wet/moist/slippery,2215,385748.0
12307,12307,201610,2,Stralauer Halbinsel,2019,11,7,6,3,0,6,1,0,1,0,1,0,0,1.0,Friedrichshain-Kreuzberg,Accident with minor injuries,Others,Collision involving vehicles going in the same way,Twilight,Wet/moist/slippery,1381,290386.0
12308,12308,201611,7,Manteuffelstraße,2019,11,15,5,3,5,2,0,1,1,0,0,0,0,0.0,Tempelhof-Schöneberg,Accident with minor injuries,Collision with a turning/crossing vehicle,Turning accident,Daylight,Dry,1241,350984.0
12309,12309,201612,3,Humannplatz,2019,11,12,6,3,5,3,0,0,1,0,0,0,0,0.0,Pankow,Accident with minor injuries,Collision with a turning/crossing vehicle,Turning/Crossing accident,Daylight,Dry,1219,409335.0
12310,12310,201613,8,Alt-Rudow,2019,11,12,5,2,5,2,0,1,1,0,0,0,0,0.0,Neukölln,Accident with serious injuries,Collision with a turning/crossing vehicle,Turning accident,Daylight,Dry,934,329917.0
12311,12311,201614,1,Reinickendorfer Straße,2019,11,6,6,3,2,6,2,0,1,0,0,0,0,1.0,Mitte,Accident with minor injuries,Collision with the vehicle in front/waiting vehicle,Collision involving vehicles going in the same way,Dark,Wet/moist/slippery,2215,385748.0
12312,12312,201615,10,Helle Mitte,2019,11,7,6,2,6,2,2,0,1,1,0,0,0,1.0,Marzahn-Hellersdorf,Accident with serious injuries,Collision between vehicle and pedestrian,Turning accident,Dark,Wet/moist/slippery,586,269967.0
12313,12313,201616,7,Kettinger Straße/Schillerstraße,2019,11,12,5,2,1,7,0,0,1,0,0,0,0,0.0,Tempelhof-Schöneberg,Accident with serious injuries,Collision with a moving/standing/parked vehicle,Others,Daylight,Dry,1241,350984.0
12314,12314,201617,4,Hindemithplatz,2019,11,12,5,3,2,6,0,0,1,0,0,0,0,0.0,Charlottenburg-Wilmersdorf,Accident with minor injuries,Collision with the vehicle in front/waiting vehicle,Collision involving vehicles going in the same way,Daylight,Dry,1727,343592.0
12315,12315,201618,1,Westhafen,2019,11,5,6,3,5,2,2,1,0,0,0,1,0,1.0,Mitte,Accident with minor injuries,Collision with a turning/crossing vehicle,Turning accident,Dark,Wet/moist/slippery,2215,385748.0
12316,12316,201619,8,Rixdorf,2019,11,5,6,3,6,2,2,0,1,1,0,0,0,1.0,Neukölln,Accident with minor injuries,Collision between vehicle and pedestrian,Turning accident,Dark,Wet/moist/slippery,934,329917.0
12317,12317,201620,10,Marzahner Promenade,2019,11,11,5,3,3,6,0,0,1,0,0,0,1,0.0,Marzahn-Hellersdorf,Accident with minor injuries,Collision with a vehicle traveling laterally in the same direction,Collision involving vehicles going in the same way,Daylight,Dry,586,269967.0
12318,12318,201621,1,Karl-Marx-Allee,2019,11,10,5,3,5,7,0,1,1,0,0,0,0,0.0,Mitte,Accident with minor injuries,Collision with a turning/crossing vehicle,Others,Daylight,Dry,2215,385748.0
12319,12319,201622,9,Kietzer Feld/Nachtheide,2019,11,12,6,2,4,6,0,0,1,0,0,0,0,1.0,Treptow-Köpenick,Accident with serious injuries,Collision with oncoming vehicle,Collision involving vehicles going in the same way,Daylight,Wet/moist/slippery,892,273689.0
12320,12320,201623,9,Altstadt Kietz,2019,11,11,6,3,2,6,0,0,1,0,0,0,0,1.0,Treptow-Köpenick,Accident with minor injuries,Collision with the vehicle in front/waiting vehicle,Collision involving vehicles going in the same way,Daylight,Wet/moist/slippery,892,273689.0
12321,12321,201624,6,Augustaplatz,2019,11,15,5,3,2,6,0,0,1,0,1,0,0,0.0,Steglitz-Zehlendorf,Accident with minor injuries,Collision with the vehicle in front/waiting vehicle,Collision involving vehicles going in the same way,Daylight,Dry,851,310071.0
12322,12322,201625,5,Staakener Straße,2019,11,11,6,3,1,5,0,1,0,0,0,0,1,1.0,Spandau,Accident with minor injuries,Collision with a moving/standing/parked vehicle,Accident involving parked vehicles,Daylight,Wet/moist/slippery,798,245197.0
12323,12323,201626,1,Stephankiez,2019,11,14,5,3,5,2,0,1,1,0,0,0,0,0.0,Mitte,Accident with minor injuries,Collision with a turning/crossing vehicle,Turning accident,Daylight,Dry,2215,385748.0
12324,12324,201627,11,Rüdigerstraße,2019,11,13,5,3,5,2,0,1,1,0,0,0,0,0.0,Lichtenberg,Accident with minor injuries,Collision with a turning/crossing vehicle,Turning accident,Daylight,Dry,679,294201.0
12325,12325,201628,1,Heine-Viertel West,2019,11,11,6,3,3,5,0,1,1,0,0,0,0,0.0,Mitte,Accident with minor injuries,Collision with a vehicle traveling laterally in the same direction,Accident involving parked vehicles,Daylight,Dry,2215,385748.0
12326,12326,201629,11,Zingster Straße Ost,2019,11,13,5,3,6,4,0,0,1,1,0,0,0,0.0,Lichtenberg,Accident with minor injuries,Collision between vehicle and pedestrian,Pedestrian crossing accident,Daylight,Dry,679,294201.0
12327,12327,201630,7,Grazer Platz,2019,11,19,6,3,0,7,2,0,0,0,0,0,1,1.0,Tempelhof-Schöneberg,Accident with minor injuries,Others,Others,Dark,Wet/moist/slippery,1241,350984.0
12328,12328,201631,1,Humboldthain Nordwest,2019,11,22,5,3,5,2,2,0,1,0,1,0,0,0.0,Mitte,Accident with minor injuries,Collision with a turning/crossing vehicle,Turning accident,Dark,Dry,2215,385748.0
12329,12329,201632,11,Herzbergstraße,2019,11,19,5,3,3,6,2,1,0,0,0,0,1,0.0,Lichtenberg,Accident with minor injuries,Collision with a vehicle traveling laterally in the same direction,Collision involving vehicles going in the same way,Dark,Dry,679,294201.0
12330,12330,201633,8,Rixdorf,2019,11,14,5,3,5,2,0,1,1,0,0,0,0,0.0,Neukölln,Accident with minor injuries,Collision with a turning/crossing vehicle,Turning accident,Daylight,Dry,934,329917.0
12331,12331,201634,5,Motardstraße,2019,11,17,5,3,2,6,2,0,1,0,0,0,0,1.0,Spandau,Accident with minor injuries,Collision with the vehicle in front/waiting vehicle,Collision involving vehicles going in the same way,Dark,Wet/moist/slippery,798,245197.0
12332,12332,201635,12,Heiligensee,2019,11,10,5,3,5,3,0,0,1,0,0,0,0,0.0,Reinickendorf,Accident with minor injuries,Collision with a turning/crossing vehicle,Turning/Crossing accident,Daylight,Dry,867,266408.0
12333,12333,201636,12,Ziekowstraße/Freie Scholle,2019,11,17,5,2,6,2,2,0,1,1,0,0,0,1.0,Reinickendorf,Accident with serious injuries,Collision between vehicle and pedestrian,Turning accident,Dark,Wet/moist/slippery,867,266408.0
12334,12334,201637,4,Plötzensee,2019,11,17,5,2,5,2,2,0,1,0,1,0,0,1.0,Charlottenburg-Wilmersdorf,Accident with serious injuries,Collision with a turning/crossing vehicle,Turning accident,Dark,Wet/moist/slippery,1727,343592.0
12335,12335,201638,10,Marzahner Chaussee,2019,11,17,5,3,2,6,2,0,1,0,0,0,0,1.0,Marzahn-Hellersdorf,Accident with minor injuries,Collision with the vehicle in front/waiting vehicle,Collision involving vehicles going in the same way,Dark,Wet/moist/slippery,586,269967.0
12336,12336,201639,10,Alt-Marzahn,2019,11,17,5,3,6,2,2,0,1,1,0,0,0,1.0,Marzahn-Hellersdorf,Accident with minor injuries,Collision between vehicle and pedestrian,Turning accident,Dark,Wet/moist/slippery,586,269967.0