,Unnamed: 0,object id,district,street,year,month,hour of day,weekday,category,accident type,accident type 2,light situation,bike involved,car involved,pedestrian involved,motor bike involved,big track involved,other vehicle involved,road condition,district name,category name,accident detail,accident type detail,light condition,road condition detail,accident count by district,est. population
12337,12337,201640,7,Bayerischer Platz,2019,11,16,5,3,2,6,2,0,1,0,0,0,0,1.0,Tempelhof-Schöneberg,Accident with minor injuries,Collision with the vehicle in front/waiting vehicle,Collision involving vehicles going in the same way,Dark,Wet/moist/slippery,1241,350984.0
12338,12338,201641,11,Tierpark,2019,11,19,5,3,6,3,2,0,1,1,0,0,0,0.0,Lichtenberg,Accident with minor injuries,Collision between vehicle and pedestrian,Turning/Crossing accident,Dark,Dry,679,294201.0
12339,12339,201642,8,Reuterkiez,2019,11,9,5,3,5,3,0,0,1,0,1,0,0,0.0,Neukölln,Accident with minor injuries,Collision with a turning/crossing vehicle,Turning/Crossing accident,Daylight,Dry,934,329917.0
12340,12340,201643,3,Alt-Karow,2019,11,16,5,3,1,5,2,1,1,0,0,0,1,1.0,Pankow,Accident with minor injuries,Collision with a moving/standing/parked vehicle,Accident involving parked vehicles,Dark,Wet/moist/slippery,1219,409335.0
12341,12341,201644,1,Alexanderplatzviertel,2019,11,17,5,3,6,4,2,0,1,1,0,0,0,1.0,Mitte,Accident with minor injuries,Collision between vehicle and pedestrian,Pedestrian crossing accident,Dark,Wet/moist/slippery,2215,385748.0
12342,12342,201645,4,Karl-August-Platz,2019,11,16,5,3,6,2,2,0,1,1,0,0,0,1.0,Charlottenburg-Wilmersdorf,Accident with minor injuries,Collision between vehicle and pedestrian,Turning accident,Dark,Wet/moist/slippery,1727,343592.0
12343,12343,201646,9,Grünau,2019,11,8,5,3,5,3,0,0,1,0,1,0,0,0.0,Treptow-Köpenick,Accident with minor injuries,Collision with a turning/crossing vehicle,Turning/Crossing accident,Daylight,Dry,892,273689.0
12344,12344,201647,7,Wittenbergplatz/Viktoria-Luise-Platz,2019,11,16,5,2,6,4,2,0,1,1,0,0,0,1.0,Tempelhof-Schöneberg,Accident with serious injuries,Collision between vehicle and pedestrian,Pedestrian crossing accident,Dark,Wet/moist/slippery,1241,350984.0
12345,12345,201648,7,Hundsteinweg,2019,11,9,5,2,1,7,0,0,1,0,0,0,1,0.0,Tempelhof-Schöneberg,Accident with serious injuries,Collision with a moving/standing/parked vehicle,Others,Daylight,Dry,1241,350984.0
12346,12346,201649,1,Humboldthain Süd,2019,11,16,5,3,5,2,2,1,1,0,0,0,0,1.0,Mitte,Accident with minor injuries,Collision with a turning/crossing vehicle,Turning accident,Dark,Wet/moist/slippery,2215,385748.0
12347,12347,201650,1,Unter den Linden Süd,2019,11,16,5,3,5,2,1,0,1,0,0,0,1,1.0,Mitte,Accident with minor injuries,Collision with a turning/crossing vehicle,Turning accident,Twilight,Wet/moist/slippery,2215,385748.0
12348,12348,201651,2,Moritzplatz,2019,11,6,5,3,5,5,2,1,0,0,0,0,1,0.0,Friedrichshain-Kreuzberg,Accident with minor injuries,Collision with a turning/crossing vehicle,Accident involving parked vehicles,Dark,Dry,1381,290386.0
12349,12349,201652,12,Hausotterplatz,2019,11,15,5,3,6,4,1,0,1,1,0,0,0,1.0,Reinickendorf,Accident with minor injuries,Collision between vehicle and pedestrian,Pedestrian crossing accident,Twilight,Wet/moist/slippery,867,266408.0
12350,12350,201653,12,Waidmannslust,2019,11,15,5,3,6,4,0,0,1,1,0,0,0,1.0,Reinickendorf,Accident with minor injuries,Collision between vehicle and pedestrian,Pedestrian crossing accident,Daylight,Wet/moist/slippery,867,266408.0
12351,12351,201654,3,Anton-Saefkow-Park,2019,11,15,5,3,5,2,1,1,0,0,0,0,1,0.0,Pankow,Accident with minor injuries,Collision with a turning/crossing vehicle,Turning accident,Twilight,Dry,1219,409335.0
12352,12352,201655,9,Johannisthal Ost,2019,11,9,5,3,6,2,0,0,1,1,0,0,0,0.0,Treptow-Köpenick,Accident with minor injuries,Collision between vehicle and pedestrian,Turning accident,Daylight,Dry,892,273689.0
12353,12353,201656,6,Dahlem,2019,11,15,5,3,6,4,1,0,0,1,0,0,1,1.0,Steglitz-Zehlendorf,Accident with minor injuries,Collision between vehicle and pedestrian,Pedestrian crossing accident,Twilight,Wet/moist/slippery,851,310071.0
12354,12354,201657,9,Bölschestraße,2019,11,14,5,3,0,1,0,1,0,0,0,0,0,1.0,Treptow-Köpenick,Accident with minor injuries,Others,Driving accident,Daylight,Wet/moist/slippery,892,273689.0
12355,12355,201658,12,Hermsdorf,2019,11,9,5,3,5,3,0,1,1,0,0,0,0,0.0,Reinickendorf,Accident with minor injuries,Collision with a turning/crossing vehicle,Turning/Crossing accident,Daylight,Dry,867,266408.0
12356,12356,201659,6,Stadtpark,2019,11,14,5,2,0,7,0,0,1,0,0,0,0,1.0,Steglitz-Zehlendorf,Accident with serious injuries,Others,Others,Daylight,Wet/moist/slippery,851,310071.0
12357,12357,201660,1,Oranienburger Straße,2019,11,1,5,3,0,1,2,0,0,0,0,0,1,0.0,Mitte,Accident with minor injuries,Others,Driving accident,Dark,Dry,2215,385748.0
12358,12358,201661,1,Stephankiez,2019,11,12,5,3,6,4,0,0,1,1,0,0,0,1.0,Mitte,Accident with minor injuries,Collision between vehicle and pedestrian,Pedestrian crossing accident,Daylight,Wet/moist/slippery,2215,385748.0
12359,12359,201662,6,Augustaplatz,2019,11,12,5,2,6,2,0,0,1,1,0,0,0,0.0,Steglitz-Zehlendorf,Accident with serious injuries,Collision between vehicle and pedestrian,Turning accident,Daylight,Dry,851,310071.0
12360,12360,201663,1,Lausitzer Platz,2019,11,0,5,3,0,1,2,1,0,0,0,0,0,1.0,Mitte,Accident with minor injuries,Others,Driving accident,Dark,Wet/moist/slippery,2215,385748.0
12361,12361,201664,2,Mehringplatz,2019,11,20,4,3,6,4,2,0,1,1,0,0,0,0.0,Friedrichshain-Kreuzberg,Accident with minor injuries,Collision between vehicle and pedestrian,Pedestrian crossing accident,Dark,Dry,1381,290386.0
12362,12362,201665,1,Alexanderplatzviertel,2019,11,12,5,2,3,6,0,1,0,0,0,0,1,0.0,Mitte,Accident with serious injuries,Collision with a vehicle traveling laterally in the same direction,Collision involving vehicles going in the same way,Daylight,Dry,2215,385748.0
12363,12363,201666,3,Herthaplatz,2019,11,12,5,3,5,3,0,0,1,0,0,0,1,0.0,Pankow,Accident with minor injuries,Collision with a turning/crossing vehicle,Turning/Crossing accident,Daylight,Dry,1219,409335.0
12364,12364,201667,9,Dammvorstadt,2019,11,17,4,3,0,5,2,0,1,1,0,0,1,1.0,Treptow-Köpenick,Accident with minor injuries,Others,Accident involving parked vehicles,Dark,Wet/moist/slippery,892,273689.0
12365,12365,201668,8,Hasenheide,2019,11,7,4,3,5,3,1,1,0,0,0,0,1,0.0,Neukölln,Accident with minor injuries,Collision with a turning/crossing vehicle,Turning/Crossing accident,Twilight,Dry,934,329917.0
12366,12366,201669,4,Karl-August-Platz,2019,11,10,5,3,6,4,0,0,1,1,0,0,0,0.0,Charlottenburg-Wilmersdorf,Accident with minor injuries,Collision between vehicle and pedestrian,Pedestrian crossing accident,Daylight,Dry,1727,343592.0
12367,12367,201670,12,Rollbergesiedlung,2019,11,11,5,3,1,5,0,0,1,0,0,0,0,1.0,Reinickendorf,Accident with minor injuries,Collision with a moving/standing/parked vehicle,Accident involving parked vehicles,Daylight,Wet/moist/slippery,867,266408.0
12368,12368,201671,4,Ernst-Reuter-Platz,2019,11,9,5,3,5,2,0,1,1,0,0,0,0,0.0,Charlottenburg-Wilmersdorf,Accident with minor injuries,Collision with a turning/crossing vehicle,Turning accident,Daylight,Dry,1727,343592.0
12369,12369,201672,2,Lausitzer Platz,2019,11,20,4,3,6,4,2,0,1,1,0,0,0,0.0,Friedrichshain-Kreuzberg,Accident with minor injuries,Collision between vehicle and pedestrian,Pedestrian crossing accident,Dark,Dry,1381,290386.0
12370,12370,201673,2,Oranienplatz,2019,11,9,5,3,5,3,0,1,1,0,0,0,0,0.0,Friedrichshain-Kreuzberg,Accident with minor injuries,Collision with a turning/crossing vehicle,Turning/Crossing accident,Daylight,Dry,1381,290386.0
12371,12371,201674,9,Adlershof West,2019,11,19,4,3,5,3,2,1,1,0,0,0,0,0.0,Treptow-Köpenick,Accident with minor injuries,Collision with a turning/crossing vehicle,Turning/Crossing accident,Dark,Dry,892,273689.0
12372,12372,201675,6,Mittelstraße,2019,11,8,5,3,2,2,0,1,1,0,0,0,0,0.0,Steglitz-Zehlendorf,Accident with minor injuries,Collision with the vehicle in front/waiting vehicle,Turning accident,Daylight,Dry,851,310071.0
12373,12373,201676,2,Mehringplatz,2019,11,22,5,3,5,3,2,1,1,0,0,0,0,1.0,Friedrichshain-Kreuzberg,Accident with minor injuries,Collision with a turning/crossing vehicle,Turning/Crossing accident,Dark,Wet/moist/slippery,1381,290386.0
12374,12374,201677,4,Hildegardstraße,2019,11,18,4,3,5,2,2,1,1,0,0,0,0,0.0,Charlottenburg-Wilmersdorf,Accident with minor injuries,Collision with a turning/crossing vehicle,Turning accident,Dark,Dry,1727,343592.0
12375,12375,201678,10,Mahlsdorf Nord,2019,11,20,5,3,5,2,2,0,1,0,0,0,0,1.0,Marzahn-Hellersdorf,Accident with minor injuries,Collision with a turning/crossing vehicle,Turning accident,Dark,Wet/moist/slippery,586,269967.0
12376,12376,201679,2,Stralauer Halbinsel,2019,11,18,5,3,2,6,2,0,1,0,0,0,0,1.0,Friedrichshain-Kreuzberg,Accident with minor injuries,Collision with the vehicle in front/waiting vehicle,Collision involving vehicles going in the same way,Dark,Wet/moist/slippery,1381,290386.0
12377,12377,201680,1,Brunnenstraße,2019,11,20,5,3,6,2,2,0,1,1,0,0,0,1.0,Mitte,Accident with minor injuries,Collision between vehicle and pedestrian,Turning accident,Dark,Wet/moist/slippery,2215,385748.0
12378,12378,201681,2,Moritzplatz,2019,11,18,4,3,5,2,2,1,1,0,0,0,0,0.0,Friedrichshain-Kreuzberg,Accident with minor injuries,Collision with a turning/crossing vehicle,Turning accident,Dark,Dry,1381,290386.0
12379,12379,201682,12,Breitkopfbecken,2019,11,18,4,2,6,4,2,0,1,1,0,0,0,0.0,Reinickendorf,Accident with serious injuries,Collision between vehicle and pedestrian,Pedestrian crossing accident,Dark,Dry,867,266408.0
12380,12380,201683,1,Leopoldplatz,2019,11,19,5,2,1,1,2,0,1,0,0,1,0,1.0,Mitte,Accident with serious injuries,Collision with a moving/standing/parked vehicle,Driving accident,Dark,Wet/moist/slippery,2215,385748.0
12381,12381,201684,12,Frohnau,2019,11,19,5,2,1,5,2,1,1,0,0,0,0,1.0,Reinickendorf,Accident with serious injuries,Collision with a moving/standing/parked vehicle,Accident involving parked vehicles,Dark,Wet/moist/slippery,867,266408.0
12382,12382,201685,2,Reichenberger Straße,2019,11,14,4,3,5,3,0,0,1,0,0,0,0,0.0,Friedrichshain-Kreuzberg,Accident with minor injuries,Collision with a turning/crossing vehicle,Turning/Crossing accident,Daylight,Dry,1381,290386.0
12383,12383,201686,4,Park Ruhwald,2019,12,22,4,3,4,1,2,0,1,0,0,1,0,0.0,Charlottenburg-Wilmersdorf,Accident with minor injuries,Collision with oncoming vehicle,Driving accident,Dark,Dry,1727,343592.0
12384,12384,201687,2,Oranienplatz,2019,12,22,4,3,5,2,2,0,1,0,1,0,0,0.0,Friedrichshain-Kreuzberg,Accident with minor injuries,Collision with a turning/crossing vehicle,Turning accident,Dark,Dry,1381,290386.0
12385,12385,201688,8,Blumenviertel,2019,12,21,4,3,1,1,2,0,1,0,0,0,0,0.0,Neukölln,Accident with minor injuries,Collision with a moving/standing/parked vehicle,Driving accident,Dark,Dry,934,329917.0
12386,12386,201689,2,Traveplatz,2019,12,12,4,2,1,1,0,1,1,0,0,0,0,1.0,Friedrichshain-Kreuzberg,Accident with serious injuries,Collision with a moving/standing/parked vehicle,Driving accident,Daylight,Wet/moist/slippery,1381,290386.0
12387,12387,201690,1,Emdener Straße,2019,12,11,4,3,2,6,0,0,1,0,0,0,0,0.0,Mitte,Accident with minor injuries,Collision with the vehicle in front/waiting vehicle,Collision involving vehicles going in the same way,Daylight,Dry,2215,385748.0
12388,12388,201691,8,Hertzbergplatz,2019,12,9,4,3,1,5,0,1,1,0,0,0,1,0.0,Neukölln,Accident with minor injuries,Collision with a moving/standing/parked vehicle,Accident involving parked vehicles,Daylight,Dry,934,329917.0
12389,12389,201692,4,Schaperstraße,2019,12,9,4,3,2,2,0,1,1,0,0,0,0,1.0,Charlottenburg-Wilmersdorf,Accident with minor injuries,Collision with the vehicle in front/waiting vehicle,Turning accident,Daylight,Wet/moist/slippery,1727,343592.0
12390,12390,201693,11,Gewerbegebiet Bitterfelder Straße,2019,12,9,4,3,5,2,0,1,1,0,0,0,0,0.0,Lichtenberg,Accident with minor injuries,Collision with a turning/crossing vehicle,Turning accident,Daylight,Dry,679,294201.0
12391,12391,201694,4,Messelpark,2019,12,9,4,3,5,3,0,1,1,0,0,0,0,1.0,Charlottenburg-Wilmersdorf,Accident with minor injuries,Collision with a turning/crossing vehicle,Turning/Crossing accident,Daylight,Wet/moist/slippery,1727,343592.0
12392,12392,201695,2,Wriezener Bahnhof/Entwicklungsgebiet,2019,12,9,4,2,6,4,0,0,1,1,0,0,0,0.0,Friedrichshain-Kreuzberg,Accident with serious injuries,Collision between vehicle and pedestrian,Pedestrian crossing accident,Daylight,Dry,1381,290386.0
12393,12393,201696,1,Unter den Linden Süd,2019,12,9,4,3,1,5,0,1,1,0,0,0,1,0.0,Mitte,Accident with minor injuries,Collision with a moving/standing/parked vehicle,Accident involving parked vehicles,Daylight,Dry,2215,385748.0
12394,12394,201697,9,Oberschöneweide Ost,2019,12,8,4,3,5,3,0,0,1,0,0,0,0,1.0,Treptow-Köpenick,Accident with minor injuries,Collision with a turning/crossing vehicle,Turning/Crossing accident,Daylight,Wet/moist/slippery,892,273689.0
12395,12395,201698,5,Eiswerder,2019,12,8,4,3,3,6,0,0,1,0,1,0,0,1.0,Spandau,Accident with minor injuries,Collision with a vehicle traveling laterally in the same direction,Collision involving vehicles going in the same way,Daylight,Wet/moist/slippery,798,245197.0
12396,12396,201699,3,Pankow Zentrum,2019,12,5,4,3,0,3,2,0,0,0,1,0,0,1.0,Pankow,Accident with minor injuries,Others,Turning/Crossing accident,Dark,Wet/moist/slippery,1219,409335.0
12397,12397,201700,6,Fischerhüttenstraße,2019,12,16,4,3,0,2,2,0,1,1,0,0,0,0.0,Steglitz-Zehlendorf,Accident with minor injuries,Others,Turning accident,Dark,Dry,851,310071.0
12398,12398,201701,1,Schillerpark,2019,12,16,4,3,1,5,2,1,1,0,0,0,1,1.0,Mitte,Accident with minor injuries,Collision with a moving/standing/parked vehicle,Accident involving parked vehicles,Dark,Wet/moist/slippery,2215,385748.0
12399,12399,201702,6,Augustaplatz,2019,12,14,4,3,5,2,0,0,1,0,0,0,0,0.0,Steglitz-Zehlendorf,Accident with minor injuries,Collision with a turning/crossing vehicle,Turning accident,Daylight,Dry,851,310071.0
12400,12400,201703,9,Späthsfelde,2019,12,14,4,3,5,3,0,1,1,0,0,0,0,0.0,Treptow-Köpenick,Accident with minor injuries,Collision with a turning/crossing vehicle,Turning/Crossing accident,Daylight,Dry,892,273689.0
12401,12401,201704,10,Springpfuhl,2019,12,15,3,3,4,6,1,1,1,0,0,0,0,1.0,Marzahn-Hellersdorf,Accident with minor injuries,Collision with oncoming vehicle,Collision involving vehicles going in the same way,Twilight,Wet/moist/slippery,586,269967.0
12402,12402,201705,5,Carl-Schurz-Straße,2019,12,11,3,2,6,4,0,0,1,1,0,0,0,1.0,Spandau,Accident with serious injuries,Collision between vehicle and pedestrian,Pedestrian crossing accident,Daylight,Wet/moist/slippery,798,245197.0
12403,12403,201706,6,Zehlendorf Mitte,2019,12,9,3,3,0,2,0,1,1,0,0,0,0,1.0,Steglitz-Zehlendorf,Accident with minor injuries,Others,Turning accident,Daylight,Wet/moist/slippery,851,310071.0
12404,12404,201707,11,Malchower Weg,2019,12,9,3,2,6,4,0,0,1,1,0,0,0,1.0,Lichtenberg,Accident with serious injuries,Collision between vehicle and pedestrian,Pedestrian crossing accident,Daylight,Wet/moist/slippery,679,294201.0
12405,12405,201708,2,Richard-Sorge-Viertel,2019,12,10,3,3,2,6,0,0,1,0,0,0,1,1.0,Friedrichshain-Kreuzberg,Accident with minor injuries,Collision with the vehicle in front/waiting vehicle,Collision involving vehicles going in the same way,Daylight,Wet/moist/slippery,1381,290386.0
12406,12406,201709,4,Reichsstraße,2019,12,9,3,3,5,3,0,0,1,0,0,0,0,1.0,Charlottenburg-Wilmersdorf,Accident with minor injuries,Collision with a turning/crossing vehicle,Turning/Crossing accident,Daylight,Wet/moist/slippery,1727,343592.0
12407,12407,201710,7,Manteuffelstraße,2019,12,9,3,2,5,3,0,0,1,0,0,0,0,2.0,Tempelhof-Schöneberg,Accident with serious injuries,Collision with a turning/crossing vehicle,Turning/Crossing accident,Daylight,Snowy,1241,350984.0
12408,12408,201711,8,Donaustraße,2019,12,8,3,3,3,6,0,1,1,0,0,0,0,0.0,Neukölln,Accident with minor injuries,Collision with a vehicle traveling laterally in the same direction,Collision involving vehicles going in the same way,Daylight,Dry,934,329917.0
12409,12409,201712,8,Mohriner Allee Nord,2019,12,8,3,3,2,6,0,0,1,0,0,0,0,0.0,Neukölln,Accident with minor injuries,Collision with the vehicle in front/waiting vehicle,Collision involving vehicles going in the same way,Daylight,Dry,934,329917.0
12410,12410,201713,11,Frankfurter Allee Süd,2019,12,7,3,3,0,1,0,1,0,0,0,0,0,2.0,Lichtenberg,Accident with minor injuries,Others,Driving accident,Daylight,Snowy,679,294201.0
12411,12411,201714,6,Zehlendorf Mitte,2019,12,8,3,3,6,2,0,0,1,1,0,0,0,0.0,Steglitz-Zehlendorf,Accident with minor injuries,Collision between vehicle and pedestrian,Turning accident,Daylight,Dry,851,310071.0
12412,12412,201715,2,Viktoriapark,2019,12,7,3,3,0,2,0,1,0,0,0,0,1,2.0,Friedrichshain-Kreuzberg,Accident with minor injuries,Others,Turning accident,Daylight,Snowy,1381,290386.0
12413,12413,201716,9,Adlershof West,2019,12,7,3,3,5,2,1,0,1,0,1,0,0,1.0,Treptow-Köpenick,Accident with minor injuries,Collision with a turning/crossing vehicle,Turning accident,Twilight,Wet/moist/slippery,892,273689.0
12414,12414,201717,5,Zitadellenweg,2019,12,5,3,3,1,5,2,0,1,0,0,0,0,2.0,Spandau,Accident with minor injuries,Collision with a moving/standing/parked vehicle,Accident involving parked vehicles,Dark,Snowy,798,245197.0
12415,12415,201718,12,Ziekowstraße/Freie Scholle,2019,12,5,3,3,5,2,2,0,1,0,0,0,0,2.0,Reinickendorf,Accident with minor injuries,Collision with a turning/crossing vehicle,Turning accident,Dark,Snowy,867,266408.0
12416,12416,201719,1,Invalidenstraße,2019,12,21,3,3,6,2,2,0,1,1,0,0,0,1.0,Mitte,Accident with minor injuries,Collision between vehicle and pedestrian,Turning accident,Dark,Wet/moist/slippery,2215,385748.0
12417,12417,201720,12,Borsigwalde,2019,12,20,3,3,5,2,2,0,1,0,0,0,0,0.0,Reinickendorf,Accident with minor injuries,Collision with a turning/crossing vehicle,Turning accident,Dark,Dry,867,266408.0
12418,12418,201721,3,Komponistenviertel Weißensee,2019,12,20,3,3,0,1,2,0,0,0,1,0,0,2.0,Pankow,Accident with minor injuries,Others,Driving accident,Dark,Snowy,1219,409335.0
12419,12419,201722,9,Johannisthal Ost,2019,12,20,3,3,5,2,2,1,1,0,0,0,0,1.0,Treptow-Köpenick,Accident with minor injuries,Collision with a turning/crossing vehicle,Turning accident,Dark,Wet/moist/slippery,892,273689.0
12420,12420,201723,9,Altstadt Kietz,2019,12,17,3,3,1,1,2,0,1,0,1,0,0,1.0,Treptow-Köpenick,Accident with minor injuries,Collision with a moving/standing/parked vehicle,Driving accident,Dark,Wet/moist/slippery,892,273689.0
12421,12421,201724,3,Greifswalder Straße,2019,12,17,3,3,5,2,2,1,1,0,0,0,0,1.0,Pankow,Accident with minor injuries,Collision with a turning/crossing vehicle,Turning accident,Dark,Wet/moist/slippery,1219,409335.0
12422,12422,201725,3,Rennbahnstraße,2019,12,17,3,3,2,6,2,0,1,0,0,0,0,1.0,Pankow,Accident with minor injuries,Collision with the vehicle in front/waiting vehicle,Collision involving vehicles going in the same way,Dark,Wet/moist/slippery,1219,409335.0
12423,12423,201726,10,Mahlsdorf Nord,2019,12,18,3,3,2,2,2,0,1,0,0,0,0,1.0,Marzahn-Hellersdorf,Accident with minor injuries,Collision with the vehicle in front/waiting vehicle,Turning accident,Dark,Wet/moist/slippery,586,269967.0
12424,12424,201727,1,Oranienburger Straße,2019,12,18,3,3,1,5,2,1,1,0,0,0,0,1.0,Mitte,Accident with minor injuries,Collision with a moving/standing/parked vehicle,Accident involving parked vehicles,Dark,Wet/moist/slippery,2215,385748.0
12425,12425,201728,1,Karl-Marx-Allee,2019,12,16,3,3,2,2,2,0,1,0,0,0,0,1.0,Mitte,Accident with minor injuries,Collision with the vehicle in front/waiting vehicle,Turning accident,Dark,Wet/moist/slippery,2215,385748.0
12426,12426,201729,11,Karlshorst Nord,2019,12,7,3,3,0,6,1,1,1,0,0,0,0,2.0,Lichtenberg,Accident with minor injuries,Others,Collision involving vehicles going in the same way,Twilight,Snowy,679,294201.0
12427,12427,201730,7,Marienhöhe,2019,12,17,3,3,6,2,2,0,1,1,0,0,0,1.0,Tempelhof-Schöneberg,Accident with minor injuries,Collision between vehicle and pedestrian,Turning accident,Dark,Wet/moist/slippery,1241,350984.0
12428,12428,201731,12,Letteplatz,2019,12,17,3,3,1,5,2,0,1,0,1,0,0,1.0,Reinickendorf,Accident with minor injuries,Collision with a moving/standing/parked vehicle,Accident involving parked vehicles,Dark,Wet/moist/slippery,867,266408.0
12429,12429,201732,3,Komponistenviertel Weißensee,2019,12,16,3,2,6,4,2,0,1,1,0,0,0,1.0,Pankow,Accident with serious injuries,Collision between vehicle and pedestrian,Pedestrian crossing accident,Dark,Wet/moist/slippery,1219,409335.0
12430,12430,201733,3,Erich-Weinert-Straße,2019,12,17,3,3,2,6,2,0,1,0,0,0,0,1.0,Pankow,Accident with minor injuries,Collision with the vehicle in front/waiting vehicle,Collision involving vehicles going in the same way,Dark,Wet/moist/slippery,1219,409335.0
12431,12431,201734,3,Humannplatz,2019,12,16,3,3,5,3,2,0,1,0,0,0,0,1.0,Pankow,Accident with minor injuries,Collision with a turning/crossing vehicle,Turning/Crossing accident,Dark,Wet/moist/slippery,1219,409335.0
12432,12432,201735,1,Huttenkiez,2019,12,16,3,3,5,2,2,0,1,0,0,0,0,1.0,Mitte,Accident with minor injuries,Collision with a turning/crossing vehicle,Turning accident,Dark,Wet/moist/slippery,2215,385748.0
12433,12433,201736,3,Arnimplatz,2019,12,15,3,3,5,3,0,1,1,0,0,0,0,1.0,Pankow,Accident with minor injuries,Collision with a turning/crossing vehicle,Turning/Crossing accident,Daylight,Wet/moist/slippery,1219,409335.0
12434,12434,201737,7,Marienfelde Nordost,2019,12,15,3,2,1,5,0,0,1,0,0,0,0,1.0,Tempelhof-Schöneberg,Accident with serious injuries,Collision with a moving/standing/parked vehicle,Accident involving parked vehicles,Daylight,Wet/moist/slippery,1241,350984.0
12435,12435,201738,1,Unter den Linden Süd,2019,12,15,3,3,5,3,0,1,1,0,0,0,0,1.0,Mitte,Accident with minor injuries,Collision with a turning/crossing vehicle,Turning/Crossing accident,Daylight,Wet/moist/slippery,2215,385748.0
12436,12436,201739,4,Eisenzahnstraße,2019,12,15,3,3,2,6,0,0,1,0,0,0,0,0.0,Charlottenburg-Wilmersdorf,Accident with minor injuries,Collision with the vehicle in front/waiting vehicle,Collision involving vehicles going in the same way,Daylight,Dry,1727,343592.0
12437,12437,201740,4,Halensee,2019,12,14,3,3,5,2,0,1,1,0,0,0,0,0.0,Charlottenburg-Wilmersdorf,Accident with minor injuries,Collision with a turning/crossing vehicle,Turning accident,Daylight,Dry,1727,343592.0
12438,12438,201741,11,Landsberger Allee,2019,12,7,3,3,6,2,2,0,1,1,0,0,0,1.0,Lichtenberg,Accident with minor injuries,Collision between vehicle and pedestrian,Turning accident,Dark,Wet/moist/slippery,679,294201.0
12439,12439,201742,2,Urbanstraße,2019,12,13,3,3,1,5,0,1,1,0,0,0,0,1.0,Friedrichshain-Kreuzberg,Accident with minor injuries,Collision with a moving/standing/parked vehicle,Accident involving parked vehicles,Daylight,Wet/moist/slippery,1381,290386.0
12440,12440,201743,9,Dammvorstadt,2019,12,12,3,3,6,6,0,0,1,1,0,0,0,1.0,Treptow-Köpenick,Accident with minor injuries,Collision between vehicle and pedestrian,Collision involving vehicles going in the same way,Daylight,Wet/moist/slippery,892,273689.0
12441,12441,201744,9,Dammvorstadt,2019,12,11,3,2,5,2,0,1,1,0,0,0,0,0.0,Treptow-Köpenick,Accident with serious injuries,Collision with a turning/crossing vehicle,Turning accident,Daylight,Dry,892,273689.0
12442,12442,201745,2,Viktoriapark,2019,12,20,2,2,5,2,2,0,1,0,0,0,0,1.0,Friedrichshain-Kreuzberg,Accident with serious injuries,Collision with a turning/crossing vehicle,Turning accident,Dark,Wet/moist/slippery,1381,290386.0
12443,12443,201746,1,Lüneburger Straße,2019,12,21,2,2,3,6,2,1,0,0,0,0,0,1.0,Mitte,Accident with serious injuries,Collision with a vehicle traveling laterally in the same direction,Collision involving vehicles going in the same way,Dark,Wet/moist/slippery,2215,385748.0
12444,12444,201747,12,Hermsdorf,2019,12,16,2,3,1,5,2,1,0,0,0,0,1,0.0,Reinickendorf,Accident with minor injuries,Collision with a moving/standing/parked vehicle,Accident involving parked vehicles,Dark,Dry,867,266408.0
12445,12445,201748,4,Halensee,2019,12,17,2,3,6,2,2,0,1,1,0,0,0,1.0,Charlottenburg-Wilmersdorf,Accident with minor injuries,Collision between vehicle and pedestrian,Turning accident,Dark,Wet/moist/slippery,1727,343592.0
12446,12446,201749,4,Jungfernheide,2019,12,17,2,3,2,6,2,0,1,0,0,0,0,1.0,Charlottenburg-Wilmersdorf,Accident with minor injuries,Collision with the vehicle in front/waiting vehicle,Collision involving vehicles going in the same way,Dark,Wet/moist/slippery,1727,343592.0
12447,12447,201750,7,Lindenhofsiedlung,2019,12,17,2,3,6,2,2,0,1,1,0,0,0,1.0,Tempelhof-Schöneberg,Accident with minor injuries,Collision between vehicle and pedestrian,Turning accident,Dark,Wet/moist/slippery,1241,350984.0
12448,12448,201751,2,Friedenstraße,2019,12,17,2,3,5,3,2,0,1,0,0,0,1,1.0,Friedrichshain-Kreuzberg,Accident with minor injuries,Collision with a turning/crossing vehicle,Turning/Crossing accident,Dark,Wet/moist/slippery,1381,290386.0
12449,12449,201752,7,Marienfelde Süd,2019,12,17,2,2,6,4,2,0,1,1,0,0,0,1.0,Tempelhof-Schöneberg,Accident with serious injuries,Collision between vehicle and pedestrian,Pedestrian crossing accident,Dark,Wet/moist/slippery,1241,350984.0
12450,12450,201753,1,Charitéviertel,2019,12,16,2,3,2,6,2,1,1,0,0,0,0,1.0,Mitte,Accident with minor injuries,Collision with the vehicle in front/waiting vehicle,Collision involving vehicles going in the same way,Dark,Wet/moist/slippery,2215,385748.0
12451,12451,201754,8,Schulenburgpark,2019,12,16,2,3,1,5,2,1,1,0,0,0,0,1.0,Neukölln,Accident with minor injuries,Collision with a moving/standing/parked vehicle,Accident involving parked vehicles,Dark,Wet/moist/slippery,934,329917.0
12452,12452,201755,12,Mellerbogen,2019,12,16,2,3,5,3,2,0,1,0,0,0,0,1.0,Reinickendorf,Accident with minor injuries,Collision with a turning/crossing vehicle,Turning/Crossing accident,Dark,Wet/moist/slippery,867,266408.0