,Unnamed: 0,object id,district,street,year,month,hour of day,weekday,category,accident type,accident type 2,light situation,bike involved,car involved,pedestrian involved,motor bike involved,big track involved,other vehicle involved,road condition,district name,category name,accident detail,accident type detail,light condition,road condition detail,accident count by district,est. population
12453,12453,201756,2,Friedenstraße,2019,12,16,2,3,5,2,2,0,1,0,0,0,1,1.0,Friedrichshain-Kreuzberg,Accident with minor injuries,Collision with a turning/crossing vehicle,Turning accident,Dark,Wet/moist/slippery,1381,290386.0
12454,12454,201757,6,Königsberger Straße,2019,12,16,2,3,5,2,2,1,1,0,0,0,0,1.0,Steglitz-Zehlendorf,Accident with minor injuries,Collision with a turning/crossing vehicle,Turning accident,Dark,Wet/moist/slippery,851,310071.0
12455,12455,201758,4,Kaiserin-Augusta-Allee,2019,12,16,2,3,2,6,2,0,1,0,0,0,0,1.0,Charlottenburg-Wilmersdorf,Accident with minor injuries,Collision with the vehicle in front/waiting vehicle,Collision involving vehicles going in the same way,Dark,Wet/moist/slippery,1727,343592.0
12456,12456,201759,2,Boxhagener Platz,2019,12,15,2,3,0,7,1,1,0,0,0,0,0,1.0,Friedrichshain-Kreuzberg,Accident with minor injuries,Others,Others,Twilight,Wet/moist/slippery,1381,290386.0
12457,12457,201760,2,Mehringplatz,2019,12,16,2,2,6,4,2,0,1,1,0,0,0,1.0,Friedrichshain-Kreuzberg,Accident with serious injuries,Collision between vehicle and pedestrian,Pedestrian crossing accident,Dark,Wet/moist/slippery,1381,290386.0
12458,12458,201761,2,Samariterviertel,2019,12,22,2,3,8,1,2,0,1,0,0,0,0,0.0,Friedrichshain-Kreuzberg,Accident with minor injuries,Departure from the roadway to the right,Driving accident,Dark,Dry,1381,290386.0
12459,12459,201762,8,Reuterkiez,2019,12,14,2,3,5,3,0,1,1,0,0,0,0,1.0,Neukölln,Accident with minor injuries,Collision with a turning/crossing vehicle,Turning/Crossing accident,Daylight,Wet/moist/slippery,934,329917.0
12460,12460,201763,6,Lankwitz Kirche,2019,12,14,2,3,2,6,0,0,1,0,0,1,0,0.0,Steglitz-Zehlendorf,Accident with minor injuries,Collision with the vehicle in front/waiting vehicle,Collision involving vehicles going in the same way,Daylight,Dry,851,310071.0
12461,12461,201764,2,Wassertorplatz,2019,12,21,2,2,3,6,2,1,1,0,0,0,0,1.0,Friedrichshain-Kreuzberg,Accident with serious injuries,Collision with a vehicle traveling laterally in the same direction,Collision involving vehicles going in the same way,Dark,Wet/moist/slippery,1381,290386.0
12462,12462,201765,3,Volkspark Prenzlauer Berg,2019,12,19,2,3,5,7,2,0,1,0,0,0,1,1.0,Pankow,Accident with minor injuries,Collision with a turning/crossing vehicle,Others,Dark,Wet/moist/slippery,1219,409335.0
12463,12463,201766,7,Rathaus Tempelhof,2019,12,13,2,3,2,6,0,0,1,0,0,1,0,0.0,Tempelhof-Schöneberg,Accident with minor injuries,Collision with the vehicle in front/waiting vehicle,Collision involving vehicles going in the same way,Daylight,Dry,1241,350984.0
12464,12464,201767,6,Dahlem,2019,12,19,2,3,6,2,2,0,1,1,0,0,0,1.0,Steglitz-Zehlendorf,Accident with minor injuries,Collision between vehicle and pedestrian,Turning accident,Dark,Wet/moist/slippery,851,310071.0
12465,12465,201768,1,Gesundbrunnen,2019,12,13,2,3,2,6,0,0,1,0,0,1,0,1.0,Mitte,Accident with minor injuries,Collision with the vehicle in front/waiting vehicle,Collision involving vehicles going in the same way,Daylight,Wet/moist/slippery,2215,385748.0
12466,12466,201769,12,Wittenau Süd,2019,12,12,2,3,0,5,0,0,1,0,0,0,1,1.0,Reinickendorf,Accident with minor injuries,Others,Accident involving parked vehicles,Daylight,Wet/moist/slippery,867,266408.0
12467,12467,201770,3,Erich-Weinert-Straße,2019,12,18,2,2,6,2,2,0,1,1,0,0,0,1.0,Pankow,Accident with serious injuries,Collision between vehicle and pedestrian,Turning accident,Dark,Wet/moist/slippery,1219,409335.0
12468,12468,201771,3,Wilhelmsruh,2019,12,16,2,3,6,4,2,0,1,1,0,0,0,1.0,Pankow,Accident with minor injuries,Collision between vehicle and pedestrian,Pedestrian crossing accident,Dark,Wet/moist/slippery,1219,409335.0
12469,12469,201772,9,Köpenicker Landstraße,2019,12,11,2,3,5,2,0,0,1,0,0,0,0,0.0,Treptow-Köpenick,Accident with minor injuries,Collision with a turning/crossing vehicle,Turning accident,Daylight,Dry,892,273689.0
12470,12470,201773,7,Marienfelde Süd,2019,12,17,2,3,1,5,2,0,1,0,0,0,0,1.0,Tempelhof-Schöneberg,Accident with minor injuries,Collision with a moving/standing/parked vehicle,Accident involving parked vehicles,Dark,Wet/moist/slippery,1241,350984.0
12471,12471,201774,6,Schütte-Lanz-Straße,2019,12,11,2,3,0,3,0,0,0,0,0,0,1,0.0,Steglitz-Zehlendorf,Accident with minor injuries,Others,Turning/Crossing accident,Daylight,Dry,851,310071.0
12472,12472,201775,4,Spreestadt,2019,12,9,2,3,5,2,0,0,1,0,1,0,0,1.0,Charlottenburg-Wilmersdorf,Accident with minor injuries,Collision with a turning/crossing vehicle,Turning accident,Daylight,Wet/moist/slippery,1727,343592.0
12473,12473,201776,4,Halensee,2019,12,5,2,3,5,7,2,0,1,0,0,1,0,0.0,Charlottenburg-Wilmersdorf,Accident with minor injuries,Collision with a turning/crossing vehicle,Others,Dark,Dry,1727,343592.0
12474,12474,201777,3,Bucher Forst,2019,12,5,2,3,5,3,2,1,1,0,0,0,0,0.0,Pankow,Accident with minor injuries,Collision with a turning/crossing vehicle,Turning/Crossing accident,Dark,Dry,1219,409335.0
12475,12475,201778,8,Weiße Siedlung,2019,12,4,2,3,4,6,2,0,1,0,0,0,0,1.0,Neukölln,Accident with minor injuries,Collision with oncoming vehicle,Collision involving vehicles going in the same way,Dark,Wet/moist/slippery,934,329917.0
12476,12476,201779,2,Boxhagener Platz,2019,12,2,2,3,6,4,2,0,1,1,0,0,0,0.0,Friedrichshain-Kreuzberg,Accident with minor injuries,Collision between vehicle and pedestrian,Pedestrian crossing accident,Dark,Dry,1381,290386.0
12477,12477,201780,3,Pankow Zentrum,2019,12,17,2,3,5,7,2,1,1,0,0,0,0,1.0,Pankow,Accident with minor injuries,Collision with a turning/crossing vehicle,Others,Dark,Wet/moist/slippery,1219,409335.0
12478,12478,201781,11,Karlshorst Süd,2019,12,7,2,3,5,2,0,1,1,0,0,0,0,0.0,Lichtenberg,Accident with minor injuries,Collision with a turning/crossing vehicle,Turning accident,Daylight,Dry,679,294201.0
12479,12479,201782,7,Manteuffelstraße,2019,12,22,1,3,5,3,2,0,1,0,0,0,0,0.0,Tempelhof-Schöneberg,Accident with minor injuries,Collision with a turning/crossing vehicle,Turning/Crossing accident,Dark,Dry,1241,350984.0
12480,12480,201783,1,Rehberge,2019,12,21,1,3,1,6,2,0,1,0,0,0,1,0.0,Mitte,Accident with minor injuries,Collision with a moving/standing/parked vehicle,Collision involving vehicles going in the same way,Dark,Dry,2215,385748.0
12481,12481,201784,3,Arnimplatz,2019,12,19,1,2,6,4,2,0,0,1,0,0,1,0.0,Pankow,Accident with serious injuries,Collision between vehicle and pedestrian,Pedestrian crossing accident,Dark,Dry,1219,409335.0
12482,12482,201785,5,Adamstraße,2019,12,18,1,3,5,2,2,0,1,0,1,0,0,0.0,Spandau,Accident with minor injuries,Collision with a turning/crossing vehicle,Turning accident,Dark,Dry,798,245197.0
12483,12483,201786,11,Rüdigerstraße,2019,12,14,1,3,0,4,0,1,0,1,0,0,0,0.0,Lichtenberg,Accident with minor injuries,Others,Pedestrian crossing accident,Daylight,Dry,679,294201.0
12484,12484,201787,8,Körnerpark,2019,12,13,1,3,5,3,0,0,1,0,0,0,0,0.0,Neukölln,Accident with minor injuries,Collision with a turning/crossing vehicle,Turning/Crossing accident,Daylight,Dry,934,329917.0
12485,12485,201788,3,Rennbahnstraße,2019,12,10,1,3,2,6,0,0,1,0,0,0,0,0.0,Pankow,Accident with minor injuries,Collision with the vehicle in front/waiting vehicle,Collision involving vehicles going in the same way,Daylight,Dry,1219,409335.0
12486,12486,201789,8,Vogelviertel Süd,2019,12,4,1,2,5,3,2,0,1,0,0,0,0,0.0,Neukölln,Accident with serious injuries,Collision with a turning/crossing vehicle,Turning/Crossing accident,Dark,Dry,934,329917.0
12487,12487,201790,2,Friedenstraße,2019,12,1,1,2,6,7,2,0,1,1,0,0,0,0.0,Friedrichshain-Kreuzberg,Accident with serious injuries,Collision between vehicle and pedestrian,Others,Dark,Dry,1381,290386.0
12488,12488,201791,1,Alexanderplatzviertel,2019,12,1,1,3,5,3,2,0,1,0,0,0,1,0.0,Mitte,Accident with minor injuries,Collision with a turning/crossing vehicle,Turning/Crossing accident,Dark,Dry,2215,385748.0
12489,12489,201792,2,Urbanstraße,2019,11,15,7,3,0,6,0,0,1,0,1,0,0,0.0,Friedrichshain-Kreuzberg,Accident with minor injuries,Others,Collision involving vehicles going in the same way,Daylight,Dry,1381,290386.0
12490,12490,201793,1,Lüneburger Straße,2019,11,12,7,3,5,3,0,1,1,0,0,0,0,0.0,Mitte,Accident with minor injuries,Collision with a turning/crossing vehicle,Turning/Crossing accident,Daylight,Dry,2215,385748.0
12491,12491,201794,12,Ziekowstraße/Freie Scholle,2019,11,0,7,3,2,6,2,0,1,0,0,0,0,0.0,Reinickendorf,Accident with minor injuries,Collision with the vehicle in front/waiting vehicle,Collision involving vehicles going in the same way,Dark,Dry,867,266408.0
12492,12492,201795,5,Carl-Schurz-Straße,2019,11,9,7,3,6,2,0,0,1,1,0,0,0,0.0,Spandau,Accident with minor injuries,Collision between vehicle and pedestrian,Turning accident,Daylight,Dry,798,245197.0
12493,12493,201796,1,Alexanderplatzviertel,2019,11,3,7,3,2,6,2,0,1,0,0,0,0,0.0,Mitte,Accident with minor injuries,Collision with the vehicle in front/waiting vehicle,Collision involving vehicles going in the same way,Dark,Dry,2215,385748.0
12494,12494,201797,1,Charitéviertel,2019,11,23,7,3,1,5,2,1,0,0,0,0,1,0.0,Mitte,Accident with minor injuries,Collision with a moving/standing/parked vehicle,Accident involving parked vehicles,Dark,Dry,2215,385748.0
12495,12495,201798,2,Samariterviertel,2019,11,19,7,3,5,3,2,0,1,0,1,0,0,0.0,Friedrichshain-Kreuzberg,Accident with minor injuries,Collision with a turning/crossing vehicle,Turning/Crossing accident,Dark,Dry,1381,290386.0
12496,12496,201799,3,Buchholz,2019,11,18,7,3,5,2,2,1,1,0,0,0,0,0.0,Pankow,Accident with minor injuries,Collision with a turning/crossing vehicle,Turning accident,Dark,Dry,1219,409335.0
12497,12497,201800,8,Flughafenstraße,2019,11,18,7,3,5,2,2,0,1,0,0,0,0,0.0,Neukölln,Accident with minor injuries,Collision with a turning/crossing vehicle,Turning accident,Dark,Dry,934,329917.0
12498,12498,201801,5,Gartenfelder Straße,2019,11,16,7,3,5,2,1,0,1,0,0,0,0,0.0,Spandau,Accident with minor injuries,Collision with a turning/crossing vehicle,Turning accident,Twilight,Dry,798,245197.0
12499,12499,201802,12,Alt-Tegel,2019,11,16,7,3,2,6,1,0,1,0,0,0,0,0.0,Reinickendorf,Accident with minor injuries,Collision with the vehicle in front/waiting vehicle,Collision involving vehicles going in the same way,Twilight,Dry,867,266408.0
12500,12500,201803,3,Erich-Weinert-Straße,2019,11,18,7,3,2,6,2,0,1,0,0,0,0,0.0,Pankow,Accident with minor injuries,Collision with the vehicle in front/waiting vehicle,Collision involving vehicles going in the same way,Dark,Dry,1219,409335.0
12501,12501,201804,5,Carl-Schurz-Straße,2019,11,14,7,2,6,4,0,0,1,1,0,0,0,0.0,Spandau,Accident with serious injuries,Collision between vehicle and pedestrian,Pedestrian crossing accident,Daylight,Dry,798,245197.0
12502,12502,201805,11,Hohenschönhausener Straße,2019,11,12,7,2,5,2,0,0,1,0,0,0,1,0.0,Lichtenberg,Accident with serious injuries,Collision with a turning/crossing vehicle,Turning accident,Daylight,Dry,679,294201.0
12503,12503,201806,7,Rathausstraße,2019,11,14,7,3,2,6,0,0,1,0,0,0,0,0.0,Tempelhof-Schöneberg,Accident with minor injuries,Collision with the vehicle in front/waiting vehicle,Collision involving vehicles going in the same way,Daylight,Dry,1241,350984.0
12504,12504,201807,2,Lausitzer Platz,2019,11,7,7,3,0,7,0,1,0,0,0,0,0,0.0,Friedrichshain-Kreuzberg,Accident with minor injuries,Others,Others,Daylight,Dry,1381,290386.0
12505,12505,201808,2,Stralauer Kiez,2019,11,4,7,3,0,1,2,0,0,0,0,0,1,0.0,Friedrichshain-Kreuzberg,Accident with minor injuries,Others,Driving accident,Dark,Dry,1381,290386.0
12506,12506,201809,2,Stralauer Kiez,2019,11,19,7,3,6,2,2,0,1,1,0,0,0,1.0,Friedrichshain-Kreuzberg,Accident with minor injuries,Collision between vehicle and pedestrian,Turning accident,Dark,Wet/moist/slippery,1381,290386.0
12507,12507,201810,2,Wassertorplatz,2019,11,17,6,3,5,2,2,0,1,0,0,0,0,0.0,Friedrichshain-Kreuzberg,Accident with minor injuries,Collision with a turning/crossing vehicle,Turning accident,Dark,Dry,1381,290386.0
12508,12508,201811,8,Gropiusstadt Nord,2019,11,19,6,3,5,7,2,0,1,0,0,0,0,1.0,Neukölln,Accident with minor injuries,Collision with a turning/crossing vehicle,Others,Dark,Wet/moist/slippery,934,329917.0
12509,12509,201812,5,Carl-Schurz-Straße,2019,11,18,6,3,5,2,2,1,1,0,0,0,0,0.0,Spandau,Accident with minor injuries,Collision with a turning/crossing vehicle,Turning accident,Dark,Dry,798,245197.0
12510,12510,201813,5,Carl-Schurz-Straße,2019,11,18,6,3,6,4,2,0,1,1,0,0,0,0.0,Spandau,Accident with minor injuries,Collision between vehicle and pedestrian,Pedestrian crossing accident,Dark,Dry,798,245197.0
12511,12511,201814,8,Silbersteinstraße,2019,11,18,6,3,0,6,2,0,0,0,1,0,1,0.0,Neukölln,Accident with minor injuries,Others,Collision involving vehicles going in the same way,Dark,Dry,934,329917.0
12512,12512,201815,2,Wassertorplatz,2019,11,17,6,3,3,2,1,1,1,0,0,0,0,0.0,Friedrichshain-Kreuzberg,Accident with minor injuries,Collision with a vehicle traveling laterally in the same direction,Turning accident,Twilight,Dry,1381,290386.0
12513,12513,201816,2,Graefekiez,2019,11,16,6,3,5,2,2,1,1,0,0,0,0,0.0,Friedrichshain-Kreuzberg,Accident with minor injuries,Collision with a turning/crossing vehicle,Turning accident,Dark,Dry,1381,290386.0
12514,12514,201817,1,Gesundbrunnen,2019,11,15,6,3,1,5,0,0,1,0,0,1,0,0.0,Mitte,Accident with minor injuries,Collision with a moving/standing/parked vehicle,Accident involving parked vehicles,Daylight,Dry,2215,385748.0
12515,12515,201818,8,Bouchéstraße,2019,11,14,6,3,5,3,0,0,1,0,0,0,0,1.0,Neukölln,Accident with minor injuries,Collision with a turning/crossing vehicle,Turning/Crossing accident,Daylight,Wet/moist/slippery,934,329917.0
12516,12516,201819,9,Schmöckwitz/Rauchfangswerder,2019,11,12,6,3,0,6,0,0,1,0,1,0,0,1.0,Treptow-Köpenick,Accident with minor injuries,Others,Collision involving vehicles going in the same way,Daylight,Wet/moist/slippery,892,273689.0
12517,12517,201820,6,Zehlendorf Mitte,2019,11,12,6,3,5,7,0,0,1,0,0,0,1,0.0,Steglitz-Zehlendorf,Accident with minor injuries,Collision with a turning/crossing vehicle,Others,Daylight,Dry,851,310071.0
12518,12518,201821,1,Humboldthain Süd,2019,11,12,6,3,5,2,0,0,1,0,0,0,0,0.0,Mitte,Accident with minor injuries,Collision with a turning/crossing vehicle,Turning accident,Daylight,Dry,2215,385748.0
12519,12519,201822,6,Bismarckstraße,2019,11,11,6,3,6,4,0,0,1,1,0,0,0,0.0,Steglitz-Zehlendorf,Accident with minor injuries,Collision between vehicle and pedestrian,Pedestrian crossing accident,Daylight,Dry,851,310071.0
12520,12520,201823,12,Ziekowstraße/Freie Scholle,2019,11,11,6,3,5,2,0,0,1,0,0,0,0,0.0,Reinickendorf,Accident with minor injuries,Collision with a turning/crossing vehicle,Turning accident,Daylight,Dry,867,266408.0
12521,12521,201824,7,Marienfelder Allee Nordwest,2019,11,11,6,2,1,5,0,0,1,0,0,0,0,0.0,Tempelhof-Schöneberg,Accident with serious injuries,Collision with a moving/standing/parked vehicle,Accident involving parked vehicles,Daylight,Dry,1241,350984.0
12522,12522,201825,2,Mehringplatz,2019,11,9,6,3,6,4,0,0,0,1,0,0,1,0.0,Friedrichshain-Kreuzberg,Accident with minor injuries,Collision between vehicle and pedestrian,Pedestrian crossing accident,Daylight,Dry,1381,290386.0
12523,12523,201826,5,Gartenfelder Straße,2019,11,9,6,3,2,6,0,0,1,0,0,1,0,0.0,Spandau,Accident with minor injuries,Collision with the vehicle in front/waiting vehicle,Collision involving vehicles going in the same way,Daylight,Dry,798,245197.0
12524,12524,201827,7,Ceciliengärten,2019,11,9,6,3,5,3,0,1,1,0,0,0,0,0.0,Tempelhof-Schöneberg,Accident with minor injuries,Collision with a turning/crossing vehicle,Turning/Crossing accident,Daylight,Dry,1241,350984.0
12525,12525,201828,2,Mehringplatz,2019,11,16,6,2,0,7,2,1,0,0,0,0,0,0.0,Friedrichshain-Kreuzberg,Accident with serious injuries,Others,Others,Dark,Dry,1381,290386.0
12526,12526,201829,1,Soldiner Straße,2019,11,9,6,3,2,6,0,0,1,0,0,0,0,0.0,Mitte,Accident with minor injuries,Collision with the vehicle in front/waiting vehicle,Collision involving vehicles going in the same way,Daylight,Dry,2215,385748.0
12527,12527,201830,7,Nollendorfplatz,2019,11,9,6,3,6,4,0,1,0,1,0,0,0,1.0,Tempelhof-Schöneberg,Accident with minor injuries,Collision between vehicle and pedestrian,Pedestrian crossing accident,Daylight,Wet/moist/slippery,1241,350984.0
12528,12528,201831,2,Friedenstraße,2019,11,8,6,3,5,2,0,1,0,0,0,0,1,0.0,Friedrichshain-Kreuzberg,Accident with minor injuries,Collision with a turning/crossing vehicle,Turning accident,Daylight,Dry,1381,290386.0
12529,12529,201832,2,Chamissokiez,2019,11,8,6,3,6,4,0,1,0,1,0,0,0,1.0,Friedrichshain-Kreuzberg,Accident with minor injuries,Collision between vehicle and pedestrian,Pedestrian crossing accident,Daylight,Wet/moist/slippery,1381,290386.0
12530,12530,201833,10,Havemannstraße,2019,11,7,6,3,6,4,2,0,1,1,0,0,0,1.0,Marzahn-Hellersdorf,Accident with minor injuries,Collision between vehicle and pedestrian,Pedestrian crossing accident,Dark,Wet/moist/slippery,586,269967.0
12531,12531,201834,5,Zitadellenweg,2019,11,19,5,3,2,6,2,0,1,0,0,0,0,1.0,Spandau,Accident with minor injuries,Collision with the vehicle in front/waiting vehicle,Collision involving vehicles going in the same way,Dark,Wet/moist/slippery,798,245197.0
12532,12532,201835,9,Köpenick Nord,2019,11,19,5,2,1,5,2,0,1,0,0,0,1,1.0,Treptow-Köpenick,Accident with serious injuries,Collision with a moving/standing/parked vehicle,Accident involving parked vehicles,Dark,Wet/moist/slippery,892,273689.0
12533,12533,201836,4,Hindemithplatz,2019,11,19,5,3,2,6,2,0,1,0,0,0,0,1.0,Charlottenburg-Wilmersdorf,Accident with minor injuries,Collision with the vehicle in front/waiting vehicle,Collision involving vehicles going in the same way,Dark,Wet/moist/slippery,1727,343592.0
12534,12534,201837,4,Alt-Lietzow,2019,11,18,5,3,3,6,2,0,1,0,1,0,0,1.0,Charlottenburg-Wilmersdorf,Accident with minor injuries,Collision with a vehicle traveling laterally in the same direction,Collision involving vehicles going in the same way,Dark,Wet/moist/slippery,1727,343592.0
12535,12535,201838,8,Reuterkiez,2019,11,18,5,3,2,3,2,0,1,0,0,0,0,1.0,Neukölln,Accident with minor injuries,Collision with the vehicle in front/waiting vehicle,Turning/Crossing accident,Dark,Wet/moist/slippery,934,329917.0
12536,12536,201839,1,Sparrplatz,2019,11,18,5,2,6,2,2,0,1,1,0,0,0,1.0,Mitte,Accident with serious injuries,Collision between vehicle and pedestrian,Turning accident,Dark,Wet/moist/slippery,2215,385748.0
12537,12537,201840,3,Arnimplatz,2019,11,19,5,2,6,2,2,0,0,1,0,0,1,0.0,Pankow,Accident with serious injuries,Collision between vehicle and pedestrian,Turning accident,Dark,Dry,1219,409335.0
12538,12538,201841,7,Fritz-Werner-Straße,2019,11,18,5,3,5,2,2,0,1,0,0,0,0,1.0,Tempelhof-Schöneberg,Accident with minor injuries,Collision with a turning/crossing vehicle,Turning accident,Dark,Wet/moist/slippery,1241,350984.0
12539,12539,201842,11,Victoriastadt,2019,11,17,5,3,0,6,2,0,1,0,1,0,0,1.0,Lichtenberg,Accident with minor injuries,Others,Collision involving vehicles going in the same way,Dark,Wet/moist/slippery,679,294201.0
12540,12540,201843,1,Sparrplatz,2019,11,17,5,3,2,6,2,0,1,0,0,0,0,1.0,Mitte,Accident with minor injuries,Collision with the vehicle in front/waiting vehicle,Collision involving vehicles going in the same way,Dark,Wet/moist/slippery,2215,385748.0
12541,12541,201844,11,Orankesee,2019,11,17,5,3,5,2,2,0,1,0,0,0,0,1.0,Lichtenberg,Accident with minor injuries,Collision with a turning/crossing vehicle,Turning accident,Dark,Wet/moist/slippery,679,294201.0
12542,12542,201845,6,Schweizer Viertel,2019,11,17,5,3,6,2,2,0,1,1,0,0,0,1.0,Steglitz-Zehlendorf,Accident with minor injuries,Collision between vehicle and pedestrian,Turning accident,Dark,Wet/moist/slippery,851,310071.0
12543,12543,201846,11,Herzbergstraße,2019,11,17,5,2,6,4,2,1,0,1,0,0,0,1.0,Lichtenberg,Accident with serious injuries,Collision between vehicle and pedestrian,Pedestrian crossing accident,Dark,Wet/moist/slippery,679,294201.0
12544,12544,201847,12,Hermsdorf,2019,11,17,5,3,1,5,2,0,1,0,0,0,0,0.0,Reinickendorf,Accident with minor injuries,Collision with a moving/standing/parked vehicle,Accident involving parked vehicles,Dark,Dry,867,266408.0
12545,12545,201848,1,Invalidenstraße,2019,11,17,5,3,5,3,2,1,1,0,0,0,0,1.0,Mitte,Accident with minor injuries,Collision with a turning/crossing vehicle,Turning/Crossing accident,Dark,Wet/moist/slippery,2215,385748.0
12546,12546,201849,5,Carl-Schurz-Straße,2019,11,17,5,3,6,4,2,0,1,1,0,0,0,1.0,Spandau,Accident with minor injuries,Collision between vehicle and pedestrian,Pedestrian crossing accident,Dark,Wet/moist/slippery,798,245197.0
12547,12547,201850,10,Mahlsdorf Süd,2019,11,16,5,3,5,3,2,1,1,0,0,0,0,1.0,Marzahn-Hellersdorf,Accident with minor injuries,Collision with a turning/crossing vehicle,Turning/Crossing accident,Dark,Wet/moist/slippery,586,269967.0
12548,12548,201851,10,Kaulsdorf Nord I,2019,11,16,5,3,6,7,2,0,0,1,0,0,1,0.0,Marzahn-Hellersdorf,Accident with minor injuries,Collision between vehicle and pedestrian,Others,Dark,Dry,586,269967.0
12549,12549,201852,9,Altstadt Kietz,2019,11,16,5,3,6,4,2,0,1,1,0,0,0,1.0,Treptow-Köpenick,Accident with minor injuries,Collision between vehicle and pedestrian,Pedestrian crossing accident,Dark,Wet/moist/slippery,892,273689.0
12550,12550,201853,1,Alexanderplatzviertel,2019,11,15,5,3,5,2,0,1,1,0,0,0,0,0.0,Mitte,Accident with minor injuries,Collision with a turning/crossing vehicle,Turning accident,Daylight,Dry,2215,385748.0
12551,12551,201854,10,Wuhletalstraße,2019,11,14,5,3,6,4,0,0,1,1,0,0,0,0.0,Marzahn-Hellersdorf,Accident with minor injuries,Collision between vehicle and pedestrian,Pedestrian crossing accident,Daylight,Dry,586,269967.0
12552,12552,201855,4,Rathaus Wilmersdorf,2019,11,21,5,3,5,2,2,1,1,0,0,0,0,1.0,Charlottenburg-Wilmersdorf,Accident with minor injuries,Collision with a turning/crossing vehicle,Turning accident,Dark,Wet/moist/slippery,1727,343592.0
12553,12553,201856,9,Adlershof West,2019,11,12,5,3,1,5,0,0,1,0,0,0,0,0.0,Treptow-Köpenick,Accident with minor injuries,Collision with a moving/standing/parked vehicle,Accident involving parked vehicles,Daylight,Dry,892,273689.0
12554,12554,201857,12,Teichstraße,2019,11,13,5,3,2,6,0,0,1,0,0,0,0,1.0,Reinickendorf,Accident with minor injuries,Collision with the vehicle in front/waiting vehicle,Collision involving vehicles going in the same way,Daylight,Wet/moist/slippery,867,266408.0
12555,12555,201858,3,Kollwitzplatz,2019,11,13,5,3,7,7,0,1,0,0,0,0,0,0.0,Pankow,Accident with minor injuries,Collision with a road obstacle,Others,Daylight,Dry,1219,409335.0
12556,12556,201859,11,Weitlingstraße,2019,11,12,5,3,5,2,0,0,1,0,0,0,0,0.0,Lichtenberg,Accident with minor injuries,Collision with a turning/crossing vehicle,Turning accident,Daylight,Dry,679,294201.0
12557,12557,201860,5,Darbystraße,2019,11,12,5,3,2,3,0,0,1,0,1,0,0,0.0,Spandau,Accident with minor injuries,Collision with the vehicle in front/waiting vehicle,Turning/Crossing accident,Daylight,Dry,798,245197.0
12558,12558,201861,4,Eisenzahnstraße,2019,11,20,5,3,5,7,2,0,1,0,1,0,0,1.0,Charlottenburg-Wilmersdorf,Accident with minor injuries,Collision with a turning/crossing vehicle,Others,Dark,Wet/moist/slippery,1727,343592.0
12559,12559,201862,9,Oberschöneweide West,2019,11,12,5,3,5,7,0,0,1,0,0,1,0,0.0,Treptow-Köpenick,Accident with minor injuries,Collision with a turning/crossing vehicle,Others,Daylight,Dry,892,273689.0
12560,12560,201863,9,Köpenicker Landstraße,2019,11,20,5,3,5,3,2,1,1,0,0,0,0,1.0,Treptow-Köpenick,Accident with minor injuries,Collision with a turning/crossing vehicle,Turning/Crossing accident,Dark,Wet/moist/slippery,892,273689.0
12561,12561,201864,2,Lausitzer Platz,2019,11,11,5,3,5,7,0,1,1,0,0,0,0,0.0,Friedrichshain-Kreuzberg,Accident with minor injuries,Collision with a turning/crossing vehicle,Others,Daylight,Dry,1381,290386.0
12562,12562,201865,12,Scharnweberstraße,2019,11,10,5,3,5,2,0,1,1,0,0,0,0,0.0,Reinickendorf,Accident with minor injuries,Collision with a turning/crossing vehicle,Turning accident,Daylight,Dry,867,266408.0
12563,12563,201866,11,Mühlengrund,2019,11,10,5,3,6,2,0,0,0,1,0,1,0,0.0,Lichtenberg,Accident with minor injuries,Collision between vehicle and pedestrian,Turning accident,Daylight,Dry,679,294201.0
12564,12564,201867,3,Buchholz,2019,11,10,5,3,1,5,0,1,0,0,0,0,1,0.0,Pankow,Accident with minor injuries,Collision with a moving/standing/parked vehicle,Accident involving parked vehicles,Daylight,Dry,1219,409335.0
12565,12565,201868,10,Hellersdorfer Promenade,2019,11,8,5,3,5,3,0,1,1,0,0,0,0,0.0,Marzahn-Hellersdorf,Accident with minor injuries,Collision with a turning/crossing vehicle,Turning/Crossing accident,Daylight,Dry,586,269967.0
12566,12566,201869,5,Alt-Gatow,2019,11,8,5,3,2,6,0,0,1,0,0,0,0,0.0,Spandau,Accident with minor injuries,Collision with the vehicle in front/waiting vehicle,Collision involving vehicles going in the same way,Daylight,Dry,798,245197.0
12567,12567,201870,2,Lausitzer Platz,2019,11,7,5,3,6,4,0,1,1,1,0,0,0,1.0,Friedrichshain-Kreuzberg,Accident with minor injuries,Collision between vehicle and pedestrian,Pedestrian crossing accident,Daylight,Wet/moist/slippery,1381,290386.0
12568,12568,201871,5,Gartenfelder Straße,2019,11,5,5,3,5,2,2,1,1,0,0,0,0,1.0,Spandau,Accident with minor injuries,Collision with a turning/crossing vehicle,Turning accident,Dark,Wet/moist/slippery,798,245197.0
12569,12569,201872,7,Nollendorfplatz,2019,11,18,4,3,2,7,2,1,1,0,0,0,0,1.0,Tempelhof-Schöneberg,Accident with minor injuries,Collision with the vehicle in front/waiting vehicle,Others,Dark,Wet/moist/slippery,1241,350984.0