,Unnamed: 0,object id,district,street,year,month,hour of day,weekday,category,accident type,accident type 2,light situation,bike involved,car involved,pedestrian involved,motor bike involved,big track involved,other vehicle involved,road condition,district name,category name,accident detail,accident type detail,light condition,road condition detail,accident count by district,est. population
12570,12570,201873,7,Rathaus Tempelhof,2019,11,17,4,3,6,6,2,1,0,1,0,0,0,0.0,Tempelhof-Schöneberg,Accident with minor injuries,Collision between vehicle and pedestrian,Collision involving vehicles going in the same way,Dark,Dry,1241,350984.0
12571,12571,201874,3,Erich-Weinert-Straße,2019,11,19,4,3,5,3,2,0,1,0,0,0,0,1.0,Pankow,Accident with minor injuries,Collision with a turning/crossing vehicle,Turning/Crossing accident,Dark,Wet/moist/slippery,1219,409335.0
12572,12572,201875,8,Glasower Straße,2019,11,20,4,3,1,5,2,1,1,0,0,0,0,0.0,Neukölln,Accident with minor injuries,Collision with a moving/standing/parked vehicle,Accident involving parked vehicles,Dark,Dry,934,329917.0
12573,12573,201876,8,Buckow Mitte,2019,11,16,4,3,6,2,1,0,1,1,0,0,0,1.0,Neukölln,Accident with minor injuries,Collision between vehicle and pedestrian,Turning accident,Twilight,Wet/moist/slippery,934,329917.0
12574,12574,201877,1,Soldiner Straße,2019,11,19,4,2,1,5,2,0,1,0,0,0,1,1.0,Mitte,Accident with serious injuries,Collision with a moving/standing/parked vehicle,Accident involving parked vehicles,Dark,Wet/moist/slippery,2215,385748.0
12575,12575,201878,8,Rixdorf,2019,11,19,4,3,6,4,2,0,1,1,0,0,0,1.0,Neukölln,Accident with minor injuries,Collision between vehicle and pedestrian,Pedestrian crossing accident,Dark,Wet/moist/slippery,934,329917.0
12576,12576,201879,9,Späthsfelde,2019,11,19,4,3,2,6,2,0,1,0,0,0,0,1.0,Treptow-Köpenick,Accident with minor injuries,Collision with the vehicle in front/waiting vehicle,Collision involving vehicles going in the same way,Dark,Wet/moist/slippery,892,273689.0
12577,12577,201880,6,Komponistenviertel Lankwitz,2019,11,18,4,3,6,2,2,0,1,1,0,0,0,1.0,Steglitz-Zehlendorf,Accident with minor injuries,Collision between vehicle and pedestrian,Turning accident,Dark,Wet/moist/slippery,851,310071.0
12578,12578,201881,3,Erich-Weinert-Straße,2019,12,8,6,3,5,3,0,1,1,0,0,0,0,1.0,Pankow,Accident with minor injuries,Collision with a turning/crossing vehicle,Turning/Crossing accident,Daylight,Wet/moist/slippery,1219,409335.0
12579,12579,201882,4,Plötzensee,2019,11,18,4,3,5,2,2,0,1,0,0,0,0,1.0,Charlottenburg-Wilmersdorf,Accident with minor injuries,Collision with a turning/crossing vehicle,Turning accident,Dark,Wet/moist/slippery,1727,343592.0
12580,12580,201883,8,Tempelhofer Weg,2019,11,18,4,3,8,1,2,0,1,0,0,0,0,1.0,Neukölln,Accident with minor injuries,Departure from the roadway to the right,Driving accident,Dark,Wet/moist/slippery,934,329917.0
12581,12581,201884,6,Berlepschstraße,2019,12,8,6,3,5,7,0,0,0,0,1,0,1,0.0,Steglitz-Zehlendorf,Accident with minor injuries,Collision with a turning/crossing vehicle,Others,Daylight,Dry,851,310071.0
12582,12582,201885,3,Erich-Weinert-Straße,2019,11,17,4,3,2,6,2,0,1,0,0,0,0,1.0,Pankow,Accident with minor injuries,Collision with the vehicle in front/waiting vehicle,Collision involving vehicles going in the same way,Dark,Wet/moist/slippery,1219,409335.0
12583,12583,201886,7,Alt-Lichtenrade/Töpchiner Weg,2019,12,5,6,3,5,3,2,0,1,0,0,0,0,0.0,Tempelhof-Schöneberg,Accident with minor injuries,Collision with a turning/crossing vehicle,Turning/Crossing accident,Dark,Dry,1241,350984.0
12584,12584,201887,4,Eisenzahnstraße,2019,11,17,4,3,5,2,2,1,1,0,0,0,0,1.0,Charlottenburg-Wilmersdorf,Accident with minor injuries,Collision with a turning/crossing vehicle,Turning accident,Dark,Wet/moist/slippery,1727,343592.0
12585,12585,201888,12,Wittenau Süd,2019,11,17,4,3,6,4,2,0,1,1,0,0,0,1.0,Reinickendorf,Accident with minor injuries,Collision between vehicle and pedestrian,Pedestrian crossing accident,Dark,Wet/moist/slippery,867,266408.0
12586,12586,201889,4,Halensee,2019,12,6,6,3,2,6,0,0,1,0,0,0,0,1.0,Charlottenburg-Wilmersdorf,Accident with minor injuries,Collision with the vehicle in front/waiting vehicle,Collision involving vehicles going in the same way,Daylight,Wet/moist/slippery,1727,343592.0
12587,12587,201890,7,Eisenacher Straße,2019,11,17,4,3,5,7,2,0,1,0,1,0,0,1.0,Tempelhof-Schöneberg,Accident with minor injuries,Collision with a turning/crossing vehicle,Others,Dark,Wet/moist/slippery,1241,350984.0
12588,12588,201891,7,Grazer Platz,2019,11,17,4,3,5,3,2,0,1,0,0,0,0,1.0,Tempelhof-Schöneberg,Accident with minor injuries,Collision with a turning/crossing vehicle,Turning/Crossing accident,Dark,Wet/moist/slippery,1241,350984.0
12589,12589,201892,6,Mittelstraße,2019,11,17,4,3,5,3,2,1,1,0,0,0,0,1.0,Steglitz-Zehlendorf,Accident with minor injuries,Collision with a turning/crossing vehicle,Turning/Crossing accident,Dark,Wet/moist/slippery,851,310071.0
12590,12590,201893,12,Alt-Tegel,2019,12,6,6,3,5,2,2,0,1,0,0,0,1,2.0,Reinickendorf,Accident with minor injuries,Collision with a turning/crossing vehicle,Turning accident,Dark,Snowy,867,266408.0
12591,12591,201894,3,Pankow Zentrum,2019,12,6,6,2,5,3,2,1,1,0,0,0,0,0.0,Pankow,Accident with serious injuries,Collision with a turning/crossing vehicle,Turning/Crossing accident,Dark,Dry,1219,409335.0
12592,12592,201895,2,Lausitzer Platz,2019,11,17,4,3,5,2,2,1,1,0,0,0,0,1.0,Friedrichshain-Kreuzberg,Accident with minor injuries,Collision with a turning/crossing vehicle,Turning accident,Dark,Wet/moist/slippery,1381,290386.0
12593,12593,201896,1,Großer Tiergarten,2019,11,17,4,3,5,2,2,0,1,0,1,0,0,1.0,Mitte,Accident with minor injuries,Collision with a turning/crossing vehicle,Turning accident,Dark,Wet/moist/slippery,2215,385748.0
12594,12594,201897,7,Kaiser-Wilhelm-Platz,2019,12,7,6,3,5,3,1,1,1,0,0,0,0,0.0,Tempelhof-Schöneberg,Accident with minor injuries,Collision with a turning/crossing vehicle,Turning/Crossing accident,Twilight,Dry,1241,350984.0
12595,12595,201898,1,Sparrplatz,2019,11,17,4,3,6,2,2,0,1,1,0,0,0,1.0,Mitte,Accident with minor injuries,Collision between vehicle and pedestrian,Turning accident,Dark,Wet/moist/slippery,2215,385748.0
12596,12596,201899,1,Elberfelder Straße,2019,11,20,4,3,5,2,2,1,1,0,0,0,0,0.0,Mitte,Accident with minor injuries,Collision with a turning/crossing vehicle,Turning accident,Dark,Dry,2215,385748.0
12597,12597,201900,5,Hakenfelde Nord,2019,12,7,6,3,5,3,1,1,1,0,0,0,0,1.0,Spandau,Accident with minor injuries,Collision with a turning/crossing vehicle,Turning/Crossing accident,Twilight,Wet/moist/slippery,798,245197.0
12598,12598,201901,8,Rixdorf,2019,12,0,6,2,6,2,2,0,1,1,0,0,0,0.0,Neukölln,Accident with serious injuries,Collision between vehicle and pedestrian,Turning accident,Dark,Dry,934,329917.0
12599,12599,201902,1,Invalidenstraße,2019,11,22,4,3,0,7,2,0,0,0,0,0,1,1.0,Mitte,Accident with minor injuries,Others,Others,Dark,Wet/moist/slippery,2215,385748.0
12600,12600,201903,3,Lietzengraben,2019,11,13,4,3,3,6,0,1,1,0,0,0,0,0.0,Pankow,Accident with minor injuries,Collision with a vehicle traveling laterally in the same direction,Collision involving vehicles going in the same way,Daylight,Dry,1219,409335.0
12601,12601,201904,11,Landsberger Allee,2019,12,13,6,2,6,4,0,0,1,1,0,0,0,1.0,Lichtenberg,Accident with serious injuries,Collision between vehicle and pedestrian,Pedestrian crossing accident,Daylight,Wet/moist/slippery,679,294201.0
12602,12602,201905,6,Dahlem,2019,12,13,6,3,2,6,0,0,1,0,0,0,0,1.0,Steglitz-Zehlendorf,Accident with minor injuries,Collision with the vehicle in front/waiting vehicle,Collision involving vehicles going in the same way,Daylight,Wet/moist/slippery,851,310071.0
12603,12603,201906,10,Biesdorf Süd,2019,11,13,4,3,2,6,0,0,1,0,0,0,1,0.0,Marzahn-Hellersdorf,Accident with minor injuries,Collision with the vehicle in front/waiting vehicle,Collision involving vehicles going in the same way,Daylight,Dry,586,269967.0
12604,12604,201907,2,Weberwiese,2019,11,12,4,3,0,1,0,0,0,0,0,0,1,0.0,Friedrichshain-Kreuzberg,Accident with minor injuries,Others,Driving accident,Daylight,Dry,1381,290386.0
12605,12605,201908,9,Baumschulenstraße,2019,11,12,4,3,2,6,0,0,1,0,0,0,0,1.0,Treptow-Köpenick,Accident with minor injuries,Collision with the vehicle in front/waiting vehicle,Collision involving vehicles going in the same way,Daylight,Wet/moist/slippery,892,273689.0
12606,12606,201909,11,Fennpfuhl Ost,2019,12,12,6,3,5,7,0,0,1,0,0,0,1,1.0,Lichtenberg,Accident with minor injuries,Collision with a turning/crossing vehicle,Others,Daylight,Wet/moist/slippery,679,294201.0
12607,12607,201910,7,Neu-Tempelhof,2019,11,12,4,3,3,6,0,1,0,0,0,1,0,0.0,Tempelhof-Schöneberg,Accident with minor injuries,Collision with a vehicle traveling laterally in the same direction,Collision involving vehicles going in the same way,Daylight,Dry,1241,350984.0
12608,12608,201911,4,Kaiserin-Augusta-Allee,2019,12,12,6,3,0,1,0,0,0,0,1,0,0,1.0,Charlottenburg-Wilmersdorf,Accident with minor injuries,Others,Driving accident,Daylight,Wet/moist/slippery,1727,343592.0
12609,12609,201912,8,Graefekiez,2019,11,11,4,3,2,6,0,0,1,0,0,0,1,0.0,Neukölln,Accident with minor injuries,Collision with the vehicle in front/waiting vehicle,Collision involving vehicles going in the same way,Daylight,Dry,934,329917.0
12610,12610,201913,3,Hansastraße,2019,11,11,4,3,5,3,0,0,1,0,0,0,0,0.0,Pankow,Accident with minor injuries,Collision with a turning/crossing vehicle,Turning/Crossing accident,Daylight,Dry,1219,409335.0
12611,12611,201914,2,Askanischer Platz,2019,12,12,6,3,0,1,0,0,0,0,1,0,0,1.0,Friedrichshain-Kreuzberg,Accident with minor injuries,Others,Driving accident,Daylight,Wet/moist/slippery,1381,290386.0
12612,12612,201915,6,Südende,2019,11,10,4,3,2,7,0,0,1,0,0,0,0,0.0,Steglitz-Zehlendorf,Accident with minor injuries,Collision with the vehicle in front/waiting vehicle,Others,Daylight,Dry,851,310071.0
12613,12613,201916,10,Helle Mitte,2019,11,16,4,3,6,4,2,0,0,1,0,0,1,1.0,Marzahn-Hellersdorf,Accident with minor injuries,Collision between vehicle and pedestrian,Pedestrian crossing accident,Dark,Wet/moist/slippery,586,269967.0
12614,12614,201917,1,Charitéviertel,2019,11,9,4,2,5,3,0,1,1,0,0,0,0,0.0,Mitte,Accident with serious injuries,Collision with a turning/crossing vehicle,Turning/Crossing accident,Daylight,Dry,2215,385748.0
12615,12615,201918,1,Westliche Müllerstraße,2019,12,11,6,3,6,2,0,0,0,1,0,0,1,0.0,Mitte,Accident with minor injuries,Collision between vehicle and pedestrian,Turning accident,Daylight,Dry,2215,385748.0
12616,12616,201919,12,Reinickes Hof,2019,12,11,6,3,0,3,0,0,1,0,1,0,0,1.0,Reinickendorf,Accident with minor injuries,Others,Turning/Crossing accident,Daylight,Wet/moist/slippery,867,266408.0
12617,12617,201920,12,Lübarser Straße,2019,11,7,4,3,5,3,0,0,1,0,0,0,0,0.0,Reinickendorf,Accident with minor injuries,Collision with a turning/crossing vehicle,Turning/Crossing accident,Daylight,Dry,867,266408.0
12618,12618,201921,1,Heine-Viertel Ost,2019,11,16,4,3,6,2,2,0,1,1,0,0,0,1.0,Mitte,Accident with minor injuries,Collision between vehicle and pedestrian,Turning accident,Dark,Wet/moist/slippery,2215,385748.0
12619,12619,201922,11,Rosenfelder Ring,2019,12,10,6,3,3,6,0,0,1,0,0,0,0,1.0,Lichtenberg,Accident with minor injuries,Collision with a vehicle traveling laterally in the same direction,Collision involving vehicles going in the same way,Daylight,Wet/moist/slippery,679,294201.0
12620,12620,201923,6,Lankwitz Kirche,2019,12,18,6,1,6,2,2,0,1,1,0,0,0,1.0,Steglitz-Zehlendorf,Accident with fatalities,Collision between vehicle and pedestrian,Turning accident,Dark,Wet/moist/slippery,851,310071.0
12621,12621,201924,5,Carl-Schurz-Straße,2019,11,7,4,2,5,2,0,0,0,0,0,0,1,0.0,Spandau,Accident with serious injuries,Collision with a turning/crossing vehicle,Turning accident,Daylight,Dry,798,245197.0
12622,12622,201925,11,Weitlingstraße,2019,11,16,4,3,6,2,1,0,1,1,0,0,0,1.0,Lichtenberg,Accident with minor injuries,Collision between vehicle and pedestrian,Turning accident,Twilight,Wet/moist/slippery,679,294201.0
12623,12623,201926,6,Fischtal,2019,12,17,6,1,6,2,2,0,1,1,0,0,0,1.0,Steglitz-Zehlendorf,Accident with fatalities,Collision between vehicle and pedestrian,Turning accident,Dark,Wet/moist/slippery,851,310071.0
12624,12624,201927,2,Moritzplatz,2019,11,16,4,3,5,3,2,1,1,0,0,0,0,1.0,Friedrichshain-Kreuzberg,Accident with minor injuries,Collision with a turning/crossing vehicle,Turning/Crossing accident,Dark,Wet/moist/slippery,1381,290386.0
12625,12625,201928,10,Springpfuhl,2019,11,5,4,3,5,3,2,0,1,0,1,0,0,0.0,Marzahn-Hellersdorf,Accident with minor injuries,Collision with a turning/crossing vehicle,Turning/Crossing accident,Dark,Dry,586,269967.0
12626,12626,201929,1,Lübecker Straße,2019,12,17,5,3,1,5,2,1,1,0,0,0,0,1.0,Mitte,Accident with minor injuries,Collision with a moving/standing/parked vehicle,Accident involving parked vehicles,Dark,Wet/moist/slippery,2215,385748.0
12627,12627,201930,10,Adele-Sandrock-Straße,2019,12,13,5,3,0,4,0,0,0,1,0,0,1,0.0,Marzahn-Hellersdorf,Accident with minor injuries,Others,Pedestrian crossing accident,Daylight,Dry,586,269967.0
12628,12628,201931,4,Karl-August-Platz,2019,11,15,4,3,2,6,0,0,1,0,0,0,0,1.0,Charlottenburg-Wilmersdorf,Accident with minor injuries,Collision with the vehicle in front/waiting vehicle,Collision involving vehicles going in the same way,Daylight,Wet/moist/slippery,1727,343592.0
12629,12629,201932,3,Heinersdorf,2019,11,15,4,3,6,4,1,0,1,1,0,0,0,1.0,Pankow,Accident with minor injuries,Collision between vehicle and pedestrian,Pedestrian crossing accident,Twilight,Wet/moist/slippery,1219,409335.0
12630,12630,201933,2,Stralauer Kiez,2019,11,15,4,3,6,4,0,0,1,1,0,0,0,1.0,Friedrichshain-Kreuzberg,Accident with minor injuries,Collision between vehicle and pedestrian,Pedestrian crossing accident,Daylight,Wet/moist/slippery,1381,290386.0
12631,12631,201934,3,Alt-Karow,2019,12,12,5,3,5,3,0,0,1,0,0,0,0,0.0,Pankow,Accident with minor injuries,Collision with a turning/crossing vehicle,Turning/Crossing accident,Daylight,Dry,1219,409335.0
12632,12632,201935,1,Lüneburger Straße,2019,11,15,4,3,2,1,0,1,0,0,0,0,1,1.0,Mitte,Accident with minor injuries,Collision with the vehicle in front/waiting vehicle,Driving accident,Daylight,Wet/moist/slippery,2215,385748.0
12633,12633,201936,10,Havemannstraße,2019,12,12,5,3,0,3,0,0,0,0,0,0,1,0.0,Marzahn-Hellersdorf,Accident with minor injuries,Others,Turning/Crossing accident,Daylight,Dry,586,269967.0
12634,12634,201937,11,Rüdigerstraße,2019,11,7,4,3,0,1,1,1,0,0,0,0,0,0.0,Lichtenberg,Accident with minor injuries,Others,Driving accident,Twilight,Dry,679,294201.0
12635,12635,201938,8,Wissmannstraße,2019,11,17,4,3,4,5,2,0,1,0,1,0,0,0.0,Neukölln,Accident with minor injuries,Collision with oncoming vehicle,Accident involving parked vehicles,Dark,Dry,934,329917.0
12636,12636,201939,12,Tegel Süd,2019,12,9,5,3,6,4,0,0,1,1,0,0,0,0.0,Reinickendorf,Accident with minor injuries,Collision between vehicle and pedestrian,Pedestrian crossing accident,Daylight,Dry,867,266408.0
12637,12637,201940,4,George-Grosz-Platz,2019,12,9,5,2,2,6,0,0,1,0,1,0,0,1.0,Charlottenburg-Wilmersdorf,Accident with serious injuries,Collision with the vehicle in front/waiting vehicle,Collision involving vehicles going in the same way,Daylight,Wet/moist/slippery,1727,343592.0
12638,12638,201941,3,Niederschönhausen,2019,11,7,3,3,6,4,1,0,1,1,0,0,0,0.0,Pankow,Accident with minor injuries,Collision between vehicle and pedestrian,Pedestrian crossing accident,Twilight,Dry,1219,409335.0
12639,12639,201942,3,Weißenseer Spitze,2019,12,9,5,3,2,6,0,1,1,0,0,0,0,0.0,Pankow,Accident with minor injuries,Collision with the vehicle in front/waiting vehicle,Collision involving vehicles going in the same way,Daylight,Dry,1219,409335.0
12640,12640,201943,8,Flughafenstraße,2019,11,19,3,2,0,1,2,1,0,0,0,0,0,0.0,Neukölln,Accident with serious injuries,Others,Driving accident,Dark,Dry,934,329917.0
12641,12641,201944,10,Alt-Marzahn,2019,11,18,3,2,6,4,2,0,0,1,0,0,1,0.0,Marzahn-Hellersdorf,Accident with serious injuries,Collision between vehicle and pedestrian,Pedestrian crossing accident,Dark,Dry,586,269967.0
12642,12642,201945,8,Rixdorf,2019,12,23,5,2,6,4,2,0,1,1,0,0,0,0.0,Neukölln,Accident with serious injuries,Collision between vehicle and pedestrian,Pedestrian crossing accident,Dark,Dry,934,329917.0
12643,12643,201946,8,Reuterkiez,2019,12,8,5,3,2,6,0,0,1,0,0,0,0,0.0,Neukölln,Accident with minor injuries,Collision with the vehicle in front/waiting vehicle,Collision involving vehicles going in the same way,Daylight,Dry,934,329917.0
12644,12644,201947,12,Waldidyll/Flughafensee,2019,11,17,3,3,5,3,2,0,1,0,1,0,0,0.0,Reinickendorf,Accident with minor injuries,Collision with a turning/crossing vehicle,Turning/Crossing accident,Dark,Dry,867,266408.0
12645,12645,201948,8,Glasower Straße,2019,11,16,3,3,5,3,2,0,1,0,0,0,0,0.0,Neukölln,Accident with minor injuries,Collision with a turning/crossing vehicle,Turning/Crossing accident,Dark,Dry,934,329917.0
12646,12646,201949,6,Schweizer Viertel,2019,12,7,5,3,1,5,0,1,1,0,0,0,0,0.0,Steglitz-Zehlendorf,Accident with minor injuries,Collision with a moving/standing/parked vehicle,Accident involving parked vehicles,Daylight,Dry,851,310071.0
12647,12647,201950,4,Prager Platz,2019,12,21,5,3,5,2,2,1,1,0,0,0,0,0.0,Charlottenburg-Wilmersdorf,Accident with minor injuries,Collision with a turning/crossing vehicle,Turning accident,Dark,Dry,1727,343592.0
12648,12648,201951,4,Kranzallee,2019,11,16,3,3,2,6,2,0,1,0,0,0,0,0.0,Charlottenburg-Wilmersdorf,Accident with minor injuries,Collision with the vehicle in front/waiting vehicle,Collision involving vehicles going in the same way,Dark,Dry,1727,343592.0
12649,12649,201952,1,Humboldthain Nordwest,2019,11,16,3,3,2,6,1,0,1,0,0,0,0,0.0,Mitte,Accident with minor injuries,Collision with the vehicle in front/waiting vehicle,Collision involving vehicles going in the same way,Twilight,Dry,2215,385748.0
12650,12650,201953,11,Sewanstraße,2019,12,7,5,3,5,3,2,1,1,0,0,0,0,1.0,Lichtenberg,Accident with minor injuries,Collision with a turning/crossing vehicle,Turning/Crossing accident,Dark,Wet/moist/slippery,679,294201.0
12651,12651,201954,6,Fichtenberg,2019,11,16,3,2,6,4,2,0,1,1,0,0,0,0.0,Steglitz-Zehlendorf,Accident with serious injuries,Collision between vehicle and pedestrian,Pedestrian crossing accident,Dark,Dry,851,310071.0
12652,12652,201955,11,Landsberger Allee,2019,12,7,5,3,5,3,2,1,1,0,0,0,0,1.0,Lichtenberg,Accident with minor injuries,Collision with a turning/crossing vehicle,Turning/Crossing accident,Dark,Wet/moist/slippery,679,294201.0
12653,12653,201956,12,Letteplatz,2019,11,16,3,3,2,6,2,0,1,0,0,0,0,0.0,Reinickendorf,Accident with minor injuries,Collision with the vehicle in front/waiting vehicle,Collision involving vehicles going in the same way,Dark,Dry,867,266408.0
12654,12654,201957,9,Hirschgarten,2019,11,16,3,3,0,5,1,0,1,0,0,0,0,0.0,Treptow-Köpenick,Accident with minor injuries,Others,Accident involving parked vehicles,Twilight,Dry,892,273689.0
12655,12655,201958,4,Breitscheidplatz,2019,12,21,5,3,1,5,2,0,1,0,0,0,0,0.0,Charlottenburg-Wilmersdorf,Accident with minor injuries,Collision with a moving/standing/parked vehicle,Accident involving parked vehicles,Dark,Dry,1727,343592.0
12656,12656,201959,4,Amtsgerichtsplatz,2019,12,0,5,2,0,7,2,0,0,0,0,0,1,0.0,Charlottenburg-Wilmersdorf,Accident with serious injuries,Others,Others,Dark,Dry,1727,343592.0
12657,12657,201960,8,Reuterkiez,2019,11,15,3,3,3,6,1,1,0,0,0,0,1,0.0,Neukölln,Accident with minor injuries,Collision with a vehicle traveling laterally in the same direction,Collision involving vehicles going in the same way,Twilight,Dry,934,329917.0
12658,12658,201961,6,Fichtenberg,2019,11,20,3,3,5,3,2,1,1,0,0,0,0,1.0,Steglitz-Zehlendorf,Accident with minor injuries,Collision with a turning/crossing vehicle,Turning/Crossing accident,Dark,Wet/moist/slippery,851,310071.0
12659,12659,201962,7,Lindenhofsiedlung,2019,12,10,5,2,5,3,0,1,0,0,0,1,0,0.0,Tempelhof-Schöneberg,Accident with serious injuries,Collision with a turning/crossing vehicle,Turning/Crossing accident,Daylight,Dry,1241,350984.0
12660,12660,201963,6,Berlepschstraße,2019,12,19,5,3,1,1,2,0,1,0,1,0,0,1.0,Steglitz-Zehlendorf,Accident with minor injuries,Collision with a moving/standing/parked vehicle,Driving accident,Dark,Wet/moist/slippery,851,310071.0
12661,12661,201964,2,Moritzplatz,2019,11,19,3,3,5,2,2,1,1,0,0,0,0,0.0,Friedrichshain-Kreuzberg,Accident with minor injuries,Collision with a turning/crossing vehicle,Turning accident,Dark,Dry,1381,290386.0
12662,12662,201965,4,Kaiserin-Augusta-Allee,2019,11,19,3,3,5,3,1,0,1,0,0,0,0,0.0,Charlottenburg-Wilmersdorf,Accident with minor injuries,Collision with a turning/crossing vehicle,Turning/Crossing accident,Twilight,Dry,1727,343592.0
12663,12663,201966,12,Wittenau Nord,2019,12,17,5,3,6,4,2,0,1,1,0,0,0,0.0,Reinickendorf,Accident with minor injuries,Collision between vehicle and pedestrian,Pedestrian crossing accident,Dark,Dry,867,266408.0
12664,12664,201967,2,Urbanstraße,2019,12,18,5,3,0,1,2,0,0,0,1,0,0,0.0,Friedrichshain-Kreuzberg,Accident with minor injuries,Others,Driving accident,Dark,Dry,1381,290386.0
12665,12665,201968,12,Waldidyll/Flughafensee,2019,11,19,3,3,2,6,2,0,1,0,1,0,0,0.0,Reinickendorf,Accident with minor injuries,Collision with the vehicle in front/waiting vehicle,Collision involving vehicles going in the same way,Dark,Dry,867,266408.0
12666,12666,201969,7,Friedenau,2019,11,19,3,3,1,5,2,1,1,0,0,0,0,0.0,Tempelhof-Schöneberg,Accident with minor injuries,Collision with a moving/standing/parked vehicle,Accident involving parked vehicles,Dark,Dry,1241,350984.0
12667,12667,201970,5,Borkumer Straße,2019,11,19,3,3,5,2,2,0,1,0,0,0,0,0.0,Spandau,Accident with minor injuries,Collision with a turning/crossing vehicle,Turning accident,Dark,Dry,798,245197.0
12668,12668,201971,2,Lausitzer Platz,2019,12,17,5,3,6,4,2,0,1,1,0,0,0,0.0,Friedrichshain-Kreuzberg,Accident with minor injuries,Collision between vehicle and pedestrian,Pedestrian crossing accident,Dark,Dry,1381,290386.0
12669,12669,201972,3,Humannplatz,2019,12,17,5,3,3,6,2,0,1,0,0,0,1,0.0,Pankow,Accident with minor injuries,Collision with a vehicle traveling laterally in the same direction,Collision involving vehicles going in the same way,Dark,Dry,1219,409335.0
12670,12670,201973,6,Königsberger Straße,2019,11,18,3,3,2,6,2,0,1,0,0,0,0,0.0,Steglitz-Zehlendorf,Accident with minor injuries,Collision with the vehicle in front/waiting vehicle,Collision involving vehicles going in the same way,Dark,Dry,851,310071.0
12671,12671,201974,12,Ziekowstraße/Freie Scholle,2019,11,15,3,3,5,3,1,0,1,0,0,0,0,0.0,Reinickendorf,Accident with minor injuries,Collision with a turning/crossing vehicle,Turning/Crossing accident,Twilight,Dry,867,266408.0
12672,12672,201975,4,Schloßstraße,2019,12,18,5,3,1,5,2,1,0,0,0,0,1,0.0,Charlottenburg-Wilmersdorf,Accident with minor injuries,Collision with a moving/standing/parked vehicle,Accident involving parked vehicles,Dark,Dry,1727,343592.0
12673,12673,201976,2,Traveplatz,2019,12,17,5,3,6,6,1,0,1,1,0,0,0,0.0,Friedrichshain-Kreuzberg,Accident with minor injuries,Collision between vehicle and pedestrian,Collision involving vehicles going in the same way,Twilight,Dry,1381,290386.0
12674,12674,201977,2,Wassertorplatz,2019,11,14,3,3,5,2,0,0,1,0,0,1,0,0.0,Friedrichshain-Kreuzberg,Accident with minor injuries,Collision with a turning/crossing vehicle,Turning accident,Daylight,Dry,1381,290386.0
12675,12675,201978,1,Stephankiez,2019,11,15,3,3,0,1,0,0,0,0,1,0,0,0.0,Mitte,Accident with minor injuries,Others,Driving accident,Daylight,Dry,2215,385748.0
12676,12676,201979,6,Düppel,2019,12,18,5,3,5,3,2,1,1,0,0,0,0,0.0,Steglitz-Zehlendorf,Accident with minor injuries,Collision with a turning/crossing vehicle,Turning/Crossing accident,Dark,Dry,851,310071.0
12677,12677,201980,4,Park Ruhwald,2019,11,14,3,3,1,5,0,0,1,0,0,0,0,0.0,Charlottenburg-Wilmersdorf,Accident with minor injuries,Collision with a moving/standing/parked vehicle,Accident involving parked vehicles,Daylight,Dry,1727,343592.0
12678,12678,201981,4,George-Grosz-Platz,2019,12,16,5,3,0,3,2,1,0,0,1,0,0,1.0,Charlottenburg-Wilmersdorf,Accident with minor injuries,Others,Turning/Crossing accident,Dark,Wet/moist/slippery,1727,343592.0
12679,12679,201982,7,Manteuffelstraße,2019,11,14,3,3,5,3,0,1,1,0,0,0,0,0.0,Tempelhof-Schöneberg,Accident with minor injuries,Collision with a turning/crossing vehicle,Turning/Crossing accident,Daylight,Dry,1241,350984.0
12680,12680,201983,2,Moritzplatz,2019,11,13,3,3,5,2,0,1,0,0,0,0,1,0.0,Friedrichshain-Kreuzberg,Accident with minor injuries,Collision with a turning/crossing vehicle,Turning accident,Daylight,Dry,1381,290386.0
12681,12681,201984,7,Kaiser-Wilhelm-Platz,2019,12,16,5,3,5,2,2,0,1,0,1,0,0,1.0,Tempelhof-Schöneberg,Accident with minor injuries,Collision with a turning/crossing vehicle,Turning accident,Dark,Wet/moist/slippery,1241,350984.0
12682,12682,201985,3,Bötzowstraße,2019,12,16,5,3,1,5,2,1,1,0,0,0,0,0.0,Pankow,Accident with minor injuries,Collision with a moving/standing/parked vehicle,Accident involving parked vehicles,Dark,Dry,1219,409335.0
12683,12683,201986,9,Adlershof West,2019,11,13,3,3,5,2,0,0,1,0,0,0,0,0.0,Treptow-Köpenick,Accident with minor injuries,Collision with a turning/crossing vehicle,Turning accident,Daylight,Dry,892,273689.0
12684,12684,201987,11,Weitlingstraße,2019,11,10,3,3,5,3,0,0,1,0,0,0,0,0.0,Lichtenberg,Accident with minor injuries,Collision with a turning/crossing vehicle,Turning/Crossing accident,Daylight,Dry,679,294201.0
12685,12685,201988,11,Wartenberg Nord,2019,12,16,5,3,6,4,2,0,1,1,0,0,0,1.0,Lichtenberg,Accident with minor injuries,Collision between vehicle and pedestrian,Pedestrian crossing accident,Dark,Wet/moist/slippery,679,294201.0