,Unnamed: 0,object id,district,street,year,month,hour of day,weekday,category,accident type,accident type 2,light situation,bike involved,car involved,pedestrian involved,motor bike involved,big track involved,other vehicle involved,road condition,district name,category name,accident detail,accident type detail,light condition,road condition detail,accident count by district,est. population
12686,12686,201989,3,Buch,2019,12,14,5,3,5,3,0,1,1,0,0,0,0,0.0,Pankow,Accident with minor injuries,Collision with a turning/crossing vehicle,Turning/Crossing accident,Daylight,Dry,1219,409335.0
12687,12687,201990,7,John-Locke-Straße,2019,11,10,3,3,0,7,0,0,1,0,0,0,1,0.0,Tempelhof-Schöneberg,Accident with minor injuries,Others,Others,Daylight,Dry,1241,350984.0
12688,12688,201991,1,Elberfelder Straße,2019,11,12,3,3,0,7,0,0,0,0,1,0,1,0.0,Mitte,Accident with minor injuries,Others,Others,Daylight,Dry,2215,385748.0
12689,12689,201992,1,Wilhelmstraße,2019,12,15,5,3,2,2,0,1,1,0,0,0,0,0.0,Mitte,Accident with minor injuries,Collision with the vehicle in front/waiting vehicle,Turning accident,Daylight,Dry,2215,385748.0
12690,12690,201993,4,Lietzensee,2019,11,9,3,3,3,6,0,0,1,0,1,0,0,0.0,Charlottenburg-Wilmersdorf,Accident with minor injuries,Collision with a vehicle traveling laterally in the same direction,Collision involving vehicles going in the same way,Daylight,Dry,1727,343592.0
12691,12691,201994,5,Zitadellenweg,2019,12,14,5,3,2,6,0,0,1,0,0,0,0,0.0,Spandau,Accident with minor injuries,Collision with the vehicle in front/waiting vehicle,Collision involving vehicles going in the same way,Daylight,Dry,798,245197.0
12692,12692,201995,9,Oberschöneweide West,2019,12,14,5,2,6,4,0,0,1,1,0,0,0,0.0,Treptow-Köpenick,Accident with serious injuries,Collision between vehicle and pedestrian,Pedestrian crossing accident,Daylight,Dry,892,273689.0
12693,12693,201996,1,Soldiner Straße,2019,11,9,3,3,5,2,0,0,1,0,0,0,1,0.0,Mitte,Accident with minor injuries,Collision with a turning/crossing vehicle,Turning accident,Daylight,Dry,2215,385748.0
12694,12694,201997,12,Borsigwalde,2019,12,14,5,3,0,6,0,0,1,0,1,0,0,0.0,Reinickendorf,Accident with minor injuries,Others,Collision involving vehicles going in the same way,Daylight,Dry,867,266408.0
12695,12695,201998,2,Chamissokiez,2019,11,7,3,3,0,3,0,1,0,0,1,0,0,0.0,Friedrichshain-Kreuzberg,Accident with minor injuries,Others,Turning/Crossing accident,Daylight,Dry,1381,290386.0
12696,12696,201999,6,Schweizer Viertel,2019,12,14,5,2,5,3,0,1,1,0,0,0,0,0.0,Steglitz-Zehlendorf,Accident with serious injuries,Collision with a turning/crossing vehicle,Turning/Crossing accident,Daylight,Dry,851,310071.0
12697,12697,202000,12,Wittenau Süd,2019,12,13,5,3,2,7,0,0,1,0,0,0,0,0.0,Reinickendorf,Accident with minor injuries,Collision with the vehicle in front/waiting vehicle,Others,Daylight,Dry,867,266408.0
12698,12698,202001,5,Rohrdamm,2019,11,7,3,3,2,6,1,0,1,0,0,0,0,0.0,Spandau,Accident with minor injuries,Collision with the vehicle in front/waiting vehicle,Collision involving vehicles going in the same way,Twilight,Dry,798,245197.0
12699,12699,202002,4,Halensee,2019,11,7,3,3,5,3,0,1,1,0,0,0,0,0.0,Charlottenburg-Wilmersdorf,Accident with minor injuries,Collision with a turning/crossing vehicle,Turning/Crossing accident,Daylight,Dry,1727,343592.0
12700,12700,202003,8,Tempelhofer Weg,2019,12,13,5,3,5,7,0,1,1,0,0,0,0,0.0,Neukölln,Accident with minor injuries,Collision with a turning/crossing vehicle,Others,Daylight,Dry,934,329917.0
12701,12701,202004,6,Dahlem,2019,11,7,3,3,1,5,1,0,0,0,0,0,1,0.0,Steglitz-Zehlendorf,Accident with minor injuries,Collision with a moving/standing/parked vehicle,Accident involving parked vehicles,Twilight,Dry,851,310071.0
12702,12702,202005,8,Buckow Ost,2019,11,12,3,3,6,4,0,0,1,1,0,0,1,0.0,Neukölln,Accident with minor injuries,Collision between vehicle and pedestrian,Pedestrian crossing accident,Daylight,Dry,934,329917.0
12703,12703,202006,8,Rixdorf,2019,11,10,3,3,3,6,0,1,1,0,0,0,0,0.0,Neukölln,Accident with minor injuries,Collision with a vehicle traveling laterally in the same direction,Collision involving vehicles going in the same way,Daylight,Dry,934,329917.0
12704,12704,202007,1,Lützowstraße,2019,11,11,3,3,1,5,0,1,1,0,0,0,0,0.0,Mitte,Accident with minor injuries,Collision with a moving/standing/parked vehicle,Accident involving parked vehicles,Daylight,Dry,2215,385748.0
12705,12705,202008,11,Mühlengrund,2019,11,10,3,3,6,4,0,0,0,1,0,0,1,0.0,Lichtenberg,Accident with minor injuries,Collision between vehicle and pedestrian,Pedestrian crossing accident,Daylight,Dry,679,294201.0
12706,12706,202009,2,Askanischer Platz,2019,12,13,5,3,1,5,0,0,1,0,0,0,0,0.0,Friedrichshain-Kreuzberg,Accident with minor injuries,Collision with a moving/standing/parked vehicle,Accident involving parked vehicles,Daylight,Dry,1381,290386.0
12707,12707,202010,5,Graetschelsteig,2019,12,18,4,3,5,2,1,0,1,0,0,0,1,0.0,Spandau,Accident with minor injuries,Collision with a turning/crossing vehicle,Turning accident,Twilight,Dry,798,245197.0
12708,12708,202011,3,Buchholz,2019,11,10,3,3,5,2,0,0,1,0,0,0,1,0.0,Pankow,Accident with minor injuries,Collision with a turning/crossing vehicle,Turning accident,Daylight,Dry,1219,409335.0
12709,12709,202012,11,Karlshorst Süd,2019,11,13,2,3,5,2,0,1,0,0,0,0,1,0.0,Lichtenberg,Accident with minor injuries,Collision with a turning/crossing vehicle,Turning accident,Daylight,Dry,679,294201.0
12710,12710,202013,1,Rehberge,2019,11,8,2,3,5,3,0,0,1,0,0,0,0,0.0,Mitte,Accident with minor injuries,Collision with a turning/crossing vehicle,Turning/Crossing accident,Daylight,Dry,2215,385748.0
12711,12711,202014,4,Flinsberger Platz,2019,12,7,4,3,6,2,1,0,1,1,0,0,0,0.0,Charlottenburg-Wilmersdorf,Accident with minor injuries,Collision between vehicle and pedestrian,Turning accident,Twilight,Dry,1727,343592.0
12712,12712,202015,1,Unter den Linden Nord,2019,11,8,2,3,6,4,0,1,0,1,0,0,0,0.0,Mitte,Accident with minor injuries,Collision between vehicle and pedestrian,Pedestrian crossing accident,Daylight,Dry,2215,385748.0
12713,12713,202016,1,Sparrplatz,2019,12,14,4,3,6,4,0,0,1,1,0,0,0,0.0,Mitte,Accident with minor injuries,Collision between vehicle and pedestrian,Pedestrian crossing accident,Daylight,Dry,2215,385748.0
12714,12714,202017,11,Malchower Weg,2019,11,15,2,2,6,7,0,0,1,1,0,0,0,0.0,Lichtenberg,Accident with serious injuries,Collision between vehicle and pedestrian,Others,Daylight,Dry,679,294201.0
12715,12715,202018,8,Rixdorf,2019,11,21,2,3,6,4,2,0,1,1,0,0,0,0.0,Neukölln,Accident with minor injuries,Collision between vehicle and pedestrian,Pedestrian crossing accident,Dark,Dry,934,329917.0
12716,12716,202019,6,Lichterfelde Süd,2019,12,19,4,2,5,2,2,0,1,0,1,0,0,0.0,Steglitz-Zehlendorf,Accident with serious injuries,Collision with a turning/crossing vehicle,Turning accident,Dark,Dry,851,310071.0
12717,12717,202020,10,Alt-Marzahn,2019,11,20,2,2,5,2,2,1,1,0,0,0,0,0.0,Marzahn-Hellersdorf,Accident with serious injuries,Collision with a turning/crossing vehicle,Turning accident,Dark,Dry,586,269967.0
12718,12718,202021,2,Wrangelkiez,2019,11,19,2,3,0,1,2,1,1,0,0,0,0,0.0,Friedrichshain-Kreuzberg,Accident with minor injuries,Others,Driving accident,Dark,Dry,1381,290386.0
12719,12719,202022,5,Jägerallee,2019,11,17,2,3,5,3,2,1,1,0,0,0,0,0.0,Spandau,Accident with minor injuries,Collision with a turning/crossing vehicle,Turning/Crossing accident,Dark,Dry,798,245197.0
12720,12720,202023,7,Rathausstraße,2019,12,18,4,3,5,2,2,0,1,0,1,0,0,0.0,Tempelhof-Schöneberg,Accident with minor injuries,Collision with a turning/crossing vehicle,Turning accident,Dark,Dry,1241,350984.0
12721,12721,202024,8,Gewerbegebiet Köllnische Heide,2019,11,16,2,3,2,6,2,0,1,0,0,0,0,0.0,Neukölln,Accident with minor injuries,Collision with the vehicle in front/waiting vehicle,Collision involving vehicles going in the same way,Dark,Dry,934,329917.0
12722,12722,202025,8,Buschkrugallee Nord,2019,11,16,2,3,5,3,2,0,1,0,1,0,0,0.0,Neukölln,Accident with minor injuries,Collision with a turning/crossing vehicle,Turning/Crossing accident,Dark,Dry,934,329917.0
12723,12723,202026,12,Tegeler Forst,2019,12,18,4,3,9,1,2,0,1,0,0,0,0,0.0,Reinickendorf,Accident with minor injuries,Departure from the roadway to the left,Driving accident,Dark,Dry,867,266408.0
12724,12724,202027,4,Amtsgerichtsplatz,2019,11,16,2,3,2,3,2,1,1,0,0,0,0,0.0,Charlottenburg-Wilmersdorf,Accident with minor injuries,Collision with the vehicle in front/waiting vehicle,Turning/Crossing accident,Dark,Dry,1727,343592.0
12725,12725,202028,7,Manteuffelstraße,2019,12,18,4,2,6,4,2,0,0,1,1,0,0,1.0,Tempelhof-Schöneberg,Accident with serious injuries,Collision between vehicle and pedestrian,Pedestrian crossing accident,Dark,Wet/moist/slippery,1241,350984.0
12726,12726,202029,2,Urbanstraße,2019,11,15,2,3,1,1,0,0,1,0,0,0,0,0.0,Friedrichshain-Kreuzberg,Accident with minor injuries,Collision with a moving/standing/parked vehicle,Driving accident,Daylight,Dry,1381,290386.0
12727,12727,202030,8,Flughafenstraße,2019,11,18,2,3,0,1,2,1,0,0,0,0,0,0.0,Neukölln,Accident with minor injuries,Others,Driving accident,Dark,Dry,934,329917.0
12728,12728,202031,4,George-Grosz-Platz,2019,12,17,4,3,1,5,2,1,1,0,0,0,1,0.0,Charlottenburg-Wilmersdorf,Accident with minor injuries,Collision with a moving/standing/parked vehicle,Accident involving parked vehicles,Dark,Dry,1727,343592.0
12729,12729,202032,8,Donaustraße,2019,12,17,4,3,6,4,2,1,0,1,0,0,0,0.0,Neukölln,Accident with minor injuries,Collision between vehicle and pedestrian,Pedestrian crossing accident,Dark,Dry,934,329917.0
12730,12730,202033,2,Viktoriapark,2019,11,11,2,3,5,3,0,1,1,0,0,0,0,0.0,Friedrichshain-Kreuzberg,Accident with minor injuries,Collision with a turning/crossing vehicle,Turning/Crossing accident,Daylight,Dry,1381,290386.0
12731,12731,202034,7,Friedenau,2019,11,14,2,3,0,4,0,1,0,1,0,0,0,0.0,Tempelhof-Schöneberg,Accident with minor injuries,Others,Pedestrian crossing accident,Daylight,Dry,1241,350984.0
12732,12732,202035,4,Amtsgerichtsplatz,2019,12,17,4,3,0,7,2,0,0,0,1,0,0,0.0,Charlottenburg-Wilmersdorf,Accident with minor injuries,Others,Others,Dark,Dry,1727,343592.0
12733,12733,202036,2,Friedenstraße,2019,12,16,4,3,5,3,2,1,1,0,0,0,0,0.0,Friedrichshain-Kreuzberg,Accident with minor injuries,Collision with a turning/crossing vehicle,Turning/Crossing accident,Dark,Dry,1381,290386.0
12734,12734,202037,9,Dorf Altglienicke,2019,11,15,2,3,7,7,0,0,1,0,0,0,1,0.0,Treptow-Köpenick,Accident with minor injuries,Collision with a road obstacle,Others,Daylight,Dry,892,273689.0
12735,12735,202038,12,Waldidyll/Flughafensee,2019,11,15,2,3,4,6,0,0,1,0,0,0,0,0.0,Reinickendorf,Accident with minor injuries,Collision with oncoming vehicle,Collision involving vehicles going in the same way,Daylight,Dry,867,266408.0
12736,12736,202039,9,Dammvorstadt,2019,11,15,2,3,2,6,0,0,1,0,0,0,0,0.0,Treptow-Köpenick,Accident with minor injuries,Collision with the vehicle in front/waiting vehicle,Collision involving vehicles going in the same way,Daylight,Dry,892,273689.0
12737,12737,202040,1,Nördlicher Landwehrkanal,2019,12,18,4,3,5,2,2,1,1,0,0,0,0,0.0,Mitte,Accident with minor injuries,Collision with a turning/crossing vehicle,Turning accident,Dark,Dry,2215,385748.0
12738,12738,202041,10,Marzahner Promenade,2019,11,15,2,3,2,6,0,0,1,0,0,0,0,0.0,Marzahn-Hellersdorf,Accident with minor injuries,Collision with the vehicle in front/waiting vehicle,Collision involving vehicles going in the same way,Daylight,Dry,586,269967.0
12739,12739,202042,1,Alexanderplatzviertel,2019,12,15,4,3,5,3,1,0,1,0,0,0,0,0.0,Mitte,Accident with minor injuries,Collision with a turning/crossing vehicle,Turning/Crossing accident,Twilight,Dry,2215,385748.0
12740,12740,202043,3,Alt-Karow,2019,11,13,2,3,6,2,0,0,1,1,0,0,0,0.0,Pankow,Accident with minor injuries,Collision between vehicle and pedestrian,Turning accident,Daylight,Dry,1219,409335.0
12741,12741,202044,2,Chamissokiez,2019,11,11,2,3,5,3,0,1,1,0,0,0,0,0.0,Friedrichshain-Kreuzberg,Accident with minor injuries,Collision with a turning/crossing vehicle,Turning/Crossing accident,Daylight,Dry,1381,290386.0
12742,12742,202045,9,Köllnische Vorstadt,2019,12,23,4,3,6,2,2,0,1,1,0,0,0,0.0,Treptow-Köpenick,Accident with minor injuries,Collision between vehicle and pedestrian,Turning accident,Dark,Dry,892,273689.0
12743,12743,202046,11,Mühlengrund,2019,11,9,2,3,0,6,0,0,1,0,1,0,0,0.0,Lichtenberg,Accident with minor injuries,Others,Collision involving vehicles going in the same way,Daylight,Dry,679,294201.0
12744,12744,202047,1,Sparrplatz,2019,11,8,2,3,6,4,0,1,0,1,0,0,0,0.0,Mitte,Accident with minor injuries,Collision between vehicle and pedestrian,Pedestrian crossing accident,Daylight,Dry,2215,385748.0
12745,12745,202048,4,Paul-Hertz-Siedlung,2019,11,8,2,3,9,1,0,0,0,0,0,0,1,0.0,Charlottenburg-Wilmersdorf,Accident with minor injuries,Departure from the roadway to the left,Driving accident,Daylight,Dry,1727,343592.0
12746,12746,202049,2,Lausitzer Platz,2019,12,23,4,3,2,6,2,0,1,0,0,0,0,1.0,Friedrichshain-Kreuzberg,Accident with minor injuries,Collision with the vehicle in front/waiting vehicle,Collision involving vehicles going in the same way,Dark,Wet/moist/slippery,1381,290386.0
12747,12747,202050,2,Samariterviertel,2019,12,22,4,3,2,6,2,0,1,0,0,0,0,0.0,Friedrichshain-Kreuzberg,Accident with minor injuries,Collision with the vehicle in front/waiting vehicle,Collision involving vehicles going in the same way,Dark,Dry,1381,290386.0
12748,12748,202051,12,Tegel Süd,2019,11,6,2,2,5,3,2,1,1,0,0,0,0,0.0,Reinickendorf,Accident with serious injuries,Collision with a turning/crossing vehicle,Turning/Crossing accident,Dark,Dry,867,266408.0
12749,12749,202052,8,Reuterkiez,2019,11,0,2,3,1,5,2,1,1,0,0,0,0,0.0,Neukölln,Accident with minor injuries,Collision with a moving/standing/parked vehicle,Accident involving parked vehicles,Dark,Dry,934,329917.0
12750,12750,202053,3,Humannplatz,2019,12,14,7,3,2,1,0,1,1,0,0,0,0,1.0,Pankow,Accident with minor injuries,Collision with the vehicle in front/waiting vehicle,Driving accident,Daylight,Wet/moist/slippery,1219,409335.0
12751,12751,202054,4,Schaperstraße,2019,12,14,7,3,0,1,0,1,0,0,0,0,0,1.0,Charlottenburg-Wilmersdorf,Accident with minor injuries,Others,Driving accident,Daylight,Wet/moist/slippery,1727,343592.0
12752,12752,202055,8,Reuterkiez,2019,12,13,7,3,4,2,0,1,1,0,0,0,0,1.0,Neukölln,Accident with minor injuries,Collision with oncoming vehicle,Turning accident,Daylight,Wet/moist/slippery,934,329917.0
12753,12753,202056,10,Gut Hellersdorf,2019,12,13,7,3,5,2,0,0,1,0,0,0,0,1.0,Marzahn-Hellersdorf,Accident with minor injuries,Collision with a turning/crossing vehicle,Turning accident,Daylight,Wet/moist/slippery,586,269967.0
12754,12754,202057,5,Staakener Straße,2019,12,13,7,3,0,1,0,1,0,0,0,0,0,1.0,Spandau,Accident with minor injuries,Others,Driving accident,Daylight,Wet/moist/slippery,798,245197.0
12755,12755,202058,6,Lichterfelde Süd,2019,12,12,7,3,5,3,0,0,1,0,0,0,0,1.0,Steglitz-Zehlendorf,Accident with minor injuries,Collision with a turning/crossing vehicle,Turning/Crossing accident,Daylight,Wet/moist/slippery,851,310071.0
12756,12756,202059,6,Lichterfelde Süd,2019,12,12,7,3,5,7,0,0,1,0,0,0,0,1.0,Steglitz-Zehlendorf,Accident with minor injuries,Collision with a turning/crossing vehicle,Others,Daylight,Wet/moist/slippery,851,310071.0
12757,12757,202060,6,Feuerbachstraße,2019,12,11,7,3,5,2,0,1,1,0,0,0,0,1.0,Steglitz-Zehlendorf,Accident with minor injuries,Collision with a turning/crossing vehicle,Turning accident,Daylight,Wet/moist/slippery,851,310071.0
12758,12758,202061,1,Humboldthain Süd,2019,12,11,7,3,2,6,0,0,1,0,1,0,0,1.0,Mitte,Accident with minor injuries,Collision with the vehicle in front/waiting vehicle,Collision involving vehicles going in the same way,Daylight,Wet/moist/slippery,2215,385748.0
12759,12759,202062,3,Falkplatz,2019,12,10,7,3,5,3,0,1,1,0,0,0,0,1.0,Pankow,Accident with minor injuries,Collision with a turning/crossing vehicle,Turning/Crossing accident,Daylight,Wet/moist/slippery,1219,409335.0
12760,12760,202063,2,Stralauer Kiez,2019,12,5,7,3,6,2,2,0,1,1,0,0,0,1.0,Friedrichshain-Kreuzberg,Accident with minor injuries,Collision between vehicle and pedestrian,Turning accident,Dark,Wet/moist/slippery,1381,290386.0
12761,12761,202064,2,Traveplatz,2019,12,3,7,3,0,1,2,0,0,0,0,0,1,1.0,Friedrichshain-Kreuzberg,Accident with minor injuries,Others,Driving accident,Dark,Wet/moist/slippery,1381,290386.0
12762,12762,202065,8,Reuterkiez,2019,12,23,7,3,5,2,2,0,1,0,0,0,0,1.0,Neukölln,Accident with minor injuries,Collision with a turning/crossing vehicle,Turning accident,Dark,Wet/moist/slippery,934,329917.0
12763,12763,202066,2,Oranienplatz,2019,12,23,7,3,2,6,2,0,1,0,0,0,0,1.0,Friedrichshain-Kreuzberg,Accident with minor injuries,Collision with the vehicle in front/waiting vehicle,Collision involving vehicles going in the same way,Dark,Wet/moist/slippery,1381,290386.0
12764,12764,202067,11,Herzbergstraße,2019,12,21,7,2,6,4,2,0,1,1,0,0,0,1.0,Lichtenberg,Accident with serious injuries,Collision between vehicle and pedestrian,Pedestrian crossing accident,Dark,Wet/moist/slippery,679,294201.0
12765,12765,202068,7,Kettinger Straße/Schillerstraße,2019,12,20,7,2,5,2,2,0,1,0,0,0,0,1.0,Tempelhof-Schöneberg,Accident with serious injuries,Collision with a turning/crossing vehicle,Turning accident,Dark,Wet/moist/slippery,1241,350984.0
12766,12766,202069,4,Leon-Jessel-Platz,2019,12,19,7,3,6,6,2,1,0,1,0,0,0,1.0,Charlottenburg-Wilmersdorf,Accident with minor injuries,Collision between vehicle and pedestrian,Collision involving vehicles going in the same way,Dark,Wet/moist/slippery,1727,343592.0
12767,12767,202070,8,Vogelviertel Süd,2019,12,16,7,3,2,6,2,0,1,0,0,0,0,1.0,Neukölln,Accident with minor injuries,Collision with the vehicle in front/waiting vehicle,Collision involving vehicles going in the same way,Dark,Wet/moist/slippery,934,329917.0
12768,12768,202071,11,Orankesee,2019,12,17,7,3,0,7,2,0,1,0,0,0,1,0.0,Lichtenberg,Accident with minor injuries,Others,Others,Dark,Dry,679,294201.0
12769,12769,202072,10,Helle Mitte,2019,12,17,7,3,6,2,2,0,1,1,0,0,0,1.0,Marzahn-Hellersdorf,Accident with minor injuries,Collision between vehicle and pedestrian,Turning accident,Dark,Wet/moist/slippery,586,269967.0
12770,12770,202073,1,Soldiner Straße,2019,12,15,7,3,0,1,1,0,0,0,1,0,0,1.0,Mitte,Accident with minor injuries,Others,Driving accident,Twilight,Wet/moist/slippery,2215,385748.0
12771,12771,202074,2,Askanischer Platz,2019,12,15,7,3,5,3,0,0,1,0,0,0,0,1.0,Friedrichshain-Kreuzberg,Accident with minor injuries,Collision with a turning/crossing vehicle,Turning/Crossing accident,Daylight,Wet/moist/slippery,1381,290386.0
12772,12772,202075,5,Kurstraße,2019,12,22,6,3,6,2,2,0,1,1,0,0,0,0.0,Spandau,Accident with minor injuries,Collision between vehicle and pedestrian,Turning accident,Dark,Dry,798,245197.0
12773,12773,202076,9,Altstadt Kietz,2019,12,21,6,3,1,5,2,1,0,0,0,0,1,1.0,Treptow-Köpenick,Accident with minor injuries,Collision with a moving/standing/parked vehicle,Accident involving parked vehicles,Dark,Wet/moist/slippery,892,273689.0
12774,12774,202077,9,Kietzer Feld/Nachtheide,2019,12,13,6,3,6,4,0,0,1,1,0,0,0,0.0,Treptow-Köpenick,Accident with minor injuries,Collision between vehicle and pedestrian,Pedestrian crossing accident,Daylight,Dry,892,273689.0
12775,12775,202078,1,Arkonaplatz,2019,12,13,6,3,5,3,0,0,1,0,0,0,0,0.0,Mitte,Accident with minor injuries,Collision with a turning/crossing vehicle,Turning/Crossing accident,Daylight,Dry,2215,385748.0
12776,12776,202079,9,Dammvorstadt,2019,12,13,6,3,0,6,0,0,1,0,0,0,1,0.0,Treptow-Köpenick,Accident with minor injuries,Others,Collision involving vehicles going in the same way,Daylight,Dry,892,273689.0
12777,12777,202080,12,Scharnweberstraße,2019,12,12,6,3,6,4,0,0,1,1,0,0,0,0.0,Reinickendorf,Accident with minor injuries,Collision between vehicle and pedestrian,Pedestrian crossing accident,Daylight,Dry,867,266408.0
12778,12778,202081,7,Grazer Platz,2019,12,11,6,3,5,3,0,0,1,0,0,0,1,0.0,Tempelhof-Schöneberg,Accident with minor injuries,Collision with a turning/crossing vehicle,Turning/Crossing accident,Daylight,Dry,1241,350984.0
12779,12779,202082,6,Augustaplatz,2019,12,7,6,3,6,2,1,0,1,1,0,0,0,1.0,Steglitz-Zehlendorf,Accident with minor injuries,Collision between vehicle and pedestrian,Turning accident,Twilight,Wet/moist/slippery,851,310071.0
12780,12780,202083,7,Nollendorfplatz,2019,12,10,6,3,5,3,0,1,1,0,0,0,0,0.0,Tempelhof-Schöneberg,Accident with minor injuries,Collision with a turning/crossing vehicle,Turning/Crossing accident,Daylight,Dry,1241,350984.0
12781,12781,202084,4,George-Grosz-Platz,2019,12,10,6,3,5,2,0,0,1,0,1,0,0,0.0,Charlottenburg-Wilmersdorf,Accident with minor injuries,Collision with a turning/crossing vehicle,Turning accident,Daylight,Dry,1727,343592.0
12782,12782,202085,7,John-Locke-Straße,2019,12,10,6,3,0,1,0,1,0,0,0,0,0,2.0,Tempelhof-Schöneberg,Accident with minor injuries,Others,Driving accident,Daylight,Snowy,1241,350984.0
12783,12783,202086,10,Alt-Marzahn,2019,12,10,6,3,0,1,0,0,0,0,1,0,0,2.0,Marzahn-Hellersdorf,Accident with minor injuries,Others,Driving accident,Daylight,Snowy,586,269967.0
12784,12784,202087,4,Preußenpark,2019,12,9,6,2,6,2,0,0,1,1,0,0,0,0.0,Charlottenburg-Wilmersdorf,Accident with serious injuries,Collision between vehicle and pedestrian,Turning accident,Daylight,Dry,1727,343592.0
12785,12785,202088,9,Adlershof West,2019,12,9,6,3,4,1,0,0,1,0,0,0,0,2.0,Treptow-Köpenick,Accident with minor injuries,Collision with oncoming vehicle,Driving accident,Daylight,Snowy,892,273689.0
12786,12786,202089,6,Oberhofer Platz,2019,12,8,6,3,5,3,0,0,0,0,1,1,0,1.0,Steglitz-Zehlendorf,Accident with minor injuries,Collision with a turning/crossing vehicle,Turning/Crossing accident,Daylight,Wet/moist/slippery,851,310071.0
12787,12787,202090,4,Prager Platz,2019,12,8,6,3,5,2,0,1,1,0,0,0,0,0.0,Charlottenburg-Wilmersdorf,Accident with minor injuries,Collision with a turning/crossing vehicle,Turning accident,Daylight,Dry,1727,343592.0
12788,12788,202091,1,Hansaviertel,2019,12,8,6,2,0,1,1,0,0,0,1,0,0,2.0,Mitte,Accident with serious injuries,Others,Driving accident,Twilight,Snowy,2215,385748.0
12789,12789,202092,12,Lübarser Straße,2019,12,8,6,3,3,6,0,1,1,0,0,0,0,0.0,Reinickendorf,Accident with minor injuries,Collision with a vehicle traveling laterally in the same direction,Collision involving vehicles going in the same way,Daylight,Dry,867,266408.0
12790,12790,202093,4,Stadion Wilmersdorf,2019,12,7,6,3,5,2,1,1,0,0,0,0,1,0.0,Charlottenburg-Wilmersdorf,Accident with minor injuries,Collision with a turning/crossing vehicle,Turning accident,Twilight,Dry,1727,343592.0
12791,12791,202094,7,Germaniagarten,2019,12,7,6,3,5,2,0,1,1,0,0,0,0,1.0,Tempelhof-Schöneberg,Accident with minor injuries,Collision with a turning/crossing vehicle,Turning accident,Daylight,Wet/moist/slippery,1241,350984.0
12792,12792,202095,11,Karlshorst West,2019,12,7,6,3,5,7,2,1,1,0,0,0,0,1.0,Lichtenberg,Accident with minor injuries,Collision with a turning/crossing vehicle,Others,Dark,Wet/moist/slippery,679,294201.0
12793,12793,202096,4,Breitscheidplatz,2019,12,14,6,2,6,4,0,0,1,1,0,0,0,0.0,Charlottenburg-Wilmersdorf,Accident with serious injuries,Collision between vehicle and pedestrian,Pedestrian crossing accident,Daylight,Dry,1727,343592.0
12794,12794,202097,1,Unter den Linden Nord,2019,12,19,6,3,5,3,2,0,1,0,0,0,0,0.0,Mitte,Accident with minor injuries,Collision with a turning/crossing vehicle,Turning/Crossing accident,Dark,Dry,2215,385748.0
12795,12795,202098,3,Falkplatz,2019,12,19,6,2,0,1,2,1,0,0,0,0,0,0.0,Pankow,Accident with serious injuries,Others,Driving accident,Dark,Dry,1219,409335.0
12796,12796,202099,5,Darbystraße,2019,12,19,6,3,2,6,2,0,1,0,0,0,0,0.0,Spandau,Accident with minor injuries,Collision with the vehicle in front/waiting vehicle,Collision involving vehicles going in the same way,Dark,Dry,798,245197.0
12797,12797,202100,9,Elsenstraße,2019,12,18,6,3,1,5,2,1,1,0,0,0,0,0.0,Treptow-Köpenick,Accident with minor injuries,Collision with a moving/standing/parked vehicle,Accident involving parked vehicles,Dark,Dry,892,273689.0
12798,12798,202101,1,Rehberge,2019,12,18,6,2,5,3,2,1,1,0,0,0,0,0.0,Mitte,Accident with serious injuries,Collision with a turning/crossing vehicle,Turning/Crossing accident,Dark,Dry,2215,385748.0
12799,12799,202102,7,Hundsteinweg,2019,12,17,6,3,2,6,2,0,1,0,0,0,0,0.0,Tempelhof-Schöneberg,Accident with minor injuries,Collision with the vehicle in front/waiting vehicle,Collision involving vehicles going in the same way,Dark,Dry,1241,350984.0
12800,12800,202103,11,Mühlengrund,2019,12,17,6,3,2,6,2,0,1,0,0,0,0,1.0,Lichtenberg,Accident with minor injuries,Collision with the vehicle in front/waiting vehicle,Collision involving vehicles going in the same way,Dark,Wet/moist/slippery,679,294201.0
12801,12801,202104,5,Carl-Schurz-Straße,2019,12,16,6,3,0,6,2,0,1,0,0,0,1,0.0,Spandau,Accident with minor injuries,Others,Collision involving vehicles going in the same way,Dark,Dry,798,245197.0
12802,12802,202105,6,Südende,2019,12,16,6,3,2,2,1,0,1,0,0,0,0,0.0,Steglitz-Zehlendorf,Accident with minor injuries,Collision with the vehicle in front/waiting vehicle,Turning accident,Twilight,Dry,851,310071.0
12803,12803,202106,1,Thomasiusstraße,2019,12,16,6,3,0,1,0,1,0,0,0,0,0,0.0,Mitte,Accident with minor injuries,Others,Driving accident,Daylight,Dry,2215,385748.0
12804,12804,202107,3,Wilhelmsruh,2019,12,16,6,3,8,1,2,0,1,0,0,0,0,0.0,Pankow,Accident with minor injuries,Departure from the roadway to the right,Driving accident,Dark,Dry,1219,409335.0
12805,12805,202108,5,Carl-Schurz-Straße,2019,12,15,6,3,5,3,0,0,1,0,0,0,1,0.0,Spandau,Accident with minor injuries,Collision with a turning/crossing vehicle,Turning/Crossing accident,Daylight,Dry,798,245197.0