,Unnamed: 0,object id,district,street,year,month,hour of day,weekday,category,accident type,accident type 2,light situation,bike involved,car involved,pedestrian involved,motor bike involved,big track involved,other vehicle involved,road condition,district name,category name,accident detail,accident type detail,light condition,road condition detail,accident count by district,est. population
12806,12806,202109,1,Unter den Linden Nord,2019,12,15,6,3,2,2,2,0,0,0,0,0,1,1.0,Mitte,Accident with minor injuries,Collision with the vehicle in front/waiting vehicle,Turning accident,Dark,Wet/moist/slippery,2215,385748.0
12807,12807,202110,2,Richard-Sorge-Viertel,2019,12,15,6,3,2,7,0,1,1,0,0,0,0,0.0,Friedrichshain-Kreuzberg,Accident with minor injuries,Collision with the vehicle in front/waiting vehicle,Others,Daylight,Dry,1381,290386.0
12808,12808,202111,3,Niederschönhausen,2019,12,14,6,3,6,4,0,0,1,1,0,0,0,0.0,Pankow,Accident with minor injuries,Collision between vehicle and pedestrian,Pedestrian crossing accident,Daylight,Dry,1219,409335.0
12809,12809,202112,3,Pankow Zentrum,2019,12,6,5,3,6,7,2,1,0,1,0,0,0,0.0,Pankow,Accident with minor injuries,Collision between vehicle and pedestrian,Others,Dark,Dry,1219,409335.0
12810,12810,202113,4,Halensee,2019,12,13,5,2,6,4,0,0,1,1,0,0,0,0.0,Charlottenburg-Wilmersdorf,Accident with serious injuries,Collision between vehicle and pedestrian,Pedestrian crossing accident,Daylight,Dry,1727,343592.0
12811,12811,202114,2,Wrangelkiez,2019,12,11,5,3,5,2,0,1,1,0,0,0,0,0.0,Friedrichshain-Kreuzberg,Accident with minor injuries,Collision with a turning/crossing vehicle,Turning accident,Daylight,Dry,1381,290386.0
12812,12812,202115,1,Charitéviertel,2019,12,16,5,3,3,6,2,1,0,0,0,0,1,0.0,Mitte,Accident with minor injuries,Collision with a vehicle traveling laterally in the same direction,Collision involving vehicles going in the same way,Dark,Dry,2215,385748.0
12813,12813,202116,8,Donaustraße,2019,12,16,5,3,5,3,2,1,1,0,0,0,0,0.0,Neukölln,Accident with minor injuries,Collision with a turning/crossing vehicle,Turning/Crossing accident,Dark,Dry,934,329917.0
12814,12814,202117,12,Märkisches Zentrum,2019,12,16,5,3,6,4,1,0,1,1,0,0,0,1.0,Reinickendorf,Accident with minor injuries,Collision between vehicle and pedestrian,Pedestrian crossing accident,Twilight,Wet/moist/slippery,867,266408.0
12815,12815,202118,6,Thielallee,2019,12,15,5,3,3,6,2,0,1,0,0,0,0,1.0,Steglitz-Zehlendorf,Accident with minor injuries,Collision with a vehicle traveling laterally in the same direction,Collision involving vehicles going in the same way,Dark,Wet/moist/slippery,851,310071.0
12816,12816,202119,7,Birnhornweg,2019,12,15,5,3,5,3,1,0,1,0,0,0,0,1.0,Tempelhof-Schöneberg,Accident with minor injuries,Collision with a turning/crossing vehicle,Turning/Crossing accident,Twilight,Wet/moist/slippery,1241,350984.0
12817,12817,202120,9,Johannisthal West,2019,12,15,5,3,5,3,2,0,1,0,0,0,0,1.0,Treptow-Köpenick,Accident with minor injuries,Collision with a turning/crossing vehicle,Turning/Crossing accident,Dark,Wet/moist/slippery,892,273689.0
12818,12818,202121,1,Wilhelmstraße,2019,12,14,5,3,1,5,0,0,1,0,0,0,0,0.0,Mitte,Accident with minor injuries,Collision with a moving/standing/parked vehicle,Accident involving parked vehicles,Daylight,Dry,2215,385748.0
12819,12819,202122,8,Rixdorf,2019,12,20,5,3,6,7,2,0,0,1,0,0,1,1.0,Neukölln,Accident with minor injuries,Collision between vehicle and pedestrian,Others,Dark,Wet/moist/slippery,934,329917.0
12820,12820,202123,1,Brunnenstraße,2019,12,13,5,3,0,5,0,0,1,0,1,0,0,1.0,Mitte,Accident with minor injuries,Others,Accident involving parked vehicles,Daylight,Wet/moist/slippery,2215,385748.0
12821,12821,202124,6,Goerzwerke,2019,12,13,5,3,2,2,0,0,1,0,0,0,0,1.0,Steglitz-Zehlendorf,Accident with minor injuries,Collision with the vehicle in front/waiting vehicle,Turning accident,Daylight,Wet/moist/slippery,851,310071.0
12822,12822,202125,1,Reinickendorfer Straße,2019,12,12,5,3,5,3,0,1,1,0,0,0,0,1.0,Mitte,Accident with minor injuries,Collision with a turning/crossing vehicle,Turning/Crossing accident,Daylight,Wet/moist/slippery,2215,385748.0
12823,12823,202126,10,Mahlsdorf Nord,2019,12,12,5,3,5,3,0,1,1,0,0,0,0,1.0,Marzahn-Hellersdorf,Accident with minor injuries,Collision with a turning/crossing vehicle,Turning/Crossing accident,Daylight,Wet/moist/slippery,586,269967.0
12824,12824,202127,11,Victoriastadt,2019,12,12,5,3,0,1,0,0,0,0,1,0,0,1.0,Lichtenberg,Accident with minor injuries,Others,Driving accident,Daylight,Wet/moist/slippery,679,294201.0
12825,12825,202128,9,Johannisthal West,2019,12,12,5,2,5,2,1,1,0,0,0,1,0,0.0,Treptow-Köpenick,Accident with serious injuries,Collision with a turning/crossing vehicle,Turning accident,Twilight,Dry,892,273689.0
12826,12826,202129,9,Johannisthal West,2019,12,11,5,3,8,1,0,0,1,0,0,0,0,1.0,Treptow-Köpenick,Accident with minor injuries,Departure from the roadway to the right,Driving accident,Daylight,Wet/moist/slippery,892,273689.0
12827,12827,202130,1,Oranienburger Straße,2019,12,11,5,3,5,3,0,0,1,0,1,0,0,1.0,Mitte,Accident with minor injuries,Collision with a turning/crossing vehicle,Turning/Crossing accident,Daylight,Wet/moist/slippery,2215,385748.0
12828,12828,202131,2,Mehringplatz,2019,12,10,5,3,0,5,0,0,1,0,0,0,0,0.0,Friedrichshain-Kreuzberg,Accident with minor injuries,Others,Accident involving parked vehicles,Daylight,Dry,1381,290386.0
12829,12829,202132,8,Buckow Mitte,2019,12,10,5,2,2,6,0,0,1,0,0,1,0,0.0,Neukölln,Accident with serious injuries,Collision with the vehicle in front/waiting vehicle,Collision involving vehicles going in the same way,Daylight,Dry,934,329917.0
12830,12830,202133,9,Dammvorstadt,2019,12,9,5,3,3,6,0,0,1,0,0,0,1,1.0,Treptow-Köpenick,Accident with minor injuries,Collision with a vehicle traveling laterally in the same direction,Collision involving vehicles going in the same way,Daylight,Wet/moist/slippery,892,273689.0
12831,12831,202134,2,Viktoriapark,2019,12,21,5,2,5,3,2,1,0,0,0,0,0,1.0,Friedrichshain-Kreuzberg,Accident with serious injuries,Collision with a turning/crossing vehicle,Turning/Crossing accident,Dark,Wet/moist/slippery,1381,290386.0
12832,12832,202135,1,Invalidenstraße,2019,12,20,5,3,1,5,0,1,1,0,0,0,0,0.0,Mitte,Accident with minor injuries,Collision with a moving/standing/parked vehicle,Accident involving parked vehicles,Daylight,Dry,2215,385748.0
12833,12833,202136,8,Buschkrugallee Nord,2019,12,19,5,2,6,1,2,0,1,1,0,0,0,0.0,Neukölln,Accident with serious injuries,Collision between vehicle and pedestrian,Driving accident,Dark,Dry,934,329917.0
12834,12834,202137,5,Zitadellenweg,2019,12,19,5,3,2,6,2,0,1,0,0,0,0,0.0,Spandau,Accident with minor injuries,Collision with the vehicle in front/waiting vehicle,Collision involving vehicles going in the same way,Dark,Dry,798,245197.0
12835,12835,202138,6,Zehlendorf Mitte,2019,12,18,5,3,5,3,2,1,1,0,0,0,0,1.0,Steglitz-Zehlendorf,Accident with minor injuries,Collision with a turning/crossing vehicle,Turning/Crossing accident,Dark,Wet/moist/slippery,851,310071.0
12836,12836,202139,2,Oranienplatz,2019,12,18,5,3,2,2,2,1,1,0,0,0,0,0.0,Friedrichshain-Kreuzberg,Accident with minor injuries,Collision with the vehicle in front/waiting vehicle,Turning accident,Dark,Dry,1381,290386.0
12837,12837,202140,3,Heinersdorf,2019,12,17,5,2,5,3,2,0,1,0,0,0,0,1.0,Pankow,Accident with serious injuries,Collision with a turning/crossing vehicle,Turning/Crossing accident,Dark,Wet/moist/slippery,1219,409335.0
12838,12838,202141,3,Rennbahnstraße,2019,12,17,5,2,6,4,2,0,1,1,0,0,0,1.0,Pankow,Accident with serious injuries,Collision between vehicle and pedestrian,Pedestrian crossing accident,Dark,Wet/moist/slippery,1219,409335.0
12839,12839,202142,4,Plötzensee,2019,12,16,5,3,5,2,2,0,1,0,0,0,0,0.0,Charlottenburg-Wilmersdorf,Accident with minor injuries,Collision with a turning/crossing vehicle,Turning accident,Dark,Dry,1727,343592.0
12840,12840,202143,1,Unter den Linden Süd,2019,12,8,5,3,5,3,0,0,1,0,0,0,1,1.0,Mitte,Accident with minor injuries,Collision with a turning/crossing vehicle,Turning/Crossing accident,Daylight,Wet/moist/slippery,2215,385748.0
12841,12841,202144,9,Köpenicker Landstraße,2019,12,7,5,3,3,5,0,0,0,0,1,0,1,1.0,Treptow-Köpenick,Accident with minor injuries,Collision with a vehicle traveling laterally in the same direction,Accident involving parked vehicles,Daylight,Wet/moist/slippery,892,273689.0
12842,12842,202145,3,Pankow Süd,2019,12,7,5,3,5,2,0,0,1,0,0,0,0,1.0,Pankow,Accident with minor injuries,Collision with a turning/crossing vehicle,Turning accident,Daylight,Wet/moist/slippery,1219,409335.0
12843,12843,202146,3,Volkspark Prenzlauer Berg,2019,12,7,5,3,2,6,1,0,1,0,0,0,0,1.0,Pankow,Accident with minor injuries,Collision with the vehicle in front/waiting vehicle,Collision involving vehicles going in the same way,Twilight,Wet/moist/slippery,1219,409335.0
12844,12844,202147,6,Teltower Damm,2019,12,7,5,2,6,4,0,0,1,1,0,0,0,1.0,Steglitz-Zehlendorf,Accident with serious injuries,Collision between vehicle and pedestrian,Pedestrian crossing accident,Daylight,Wet/moist/slippery,851,310071.0
12845,12845,202148,1,Brunnenstraße,2019,12,7,5,3,5,2,2,0,1,0,0,0,0,1.0,Mitte,Accident with minor injuries,Collision with a turning/crossing vehicle,Turning accident,Dark,Wet/moist/slippery,2215,385748.0
12846,12846,202149,9,Dammvorstadt,2019,12,6,5,3,4,6,2,1,0,0,0,0,0,1.0,Treptow-Köpenick,Accident with minor injuries,Collision with oncoming vehicle,Collision involving vehicles going in the same way,Dark,Wet/moist/slippery,892,273689.0
12847,12847,202150,8,Alt-Rudow,2019,12,6,5,3,6,2,1,0,0,1,0,0,1,1.0,Neukölln,Accident with minor injuries,Collision between vehicle and pedestrian,Turning accident,Twilight,Wet/moist/slippery,934,329917.0
12848,12848,202151,12,Hermsdorf,2019,12,6,5,3,2,6,2,0,1,0,0,0,0,1.0,Reinickendorf,Accident with minor injuries,Collision with the vehicle in front/waiting vehicle,Collision involving vehicles going in the same way,Dark,Wet/moist/slippery,867,266408.0
12849,12849,202152,5,Magistratsweg,2019,12,5,5,3,6,2,2,0,0,1,0,0,1,1.0,Spandau,Accident with minor injuries,Collision between vehicle and pedestrian,Turning accident,Dark,Wet/moist/slippery,798,245197.0
12850,12850,202153,9,Baumschulenstraße,2019,12,7,4,3,4,5,0,1,1,0,0,0,0,0.0,Treptow-Köpenick,Accident with minor injuries,Collision with oncoming vehicle,Accident involving parked vehicles,Daylight,Dry,892,273689.0
12851,12851,202154,3,Helmholtzplatz,2019,12,16,4,3,0,6,1,1,1,0,0,0,0,0.0,Pankow,Accident with minor injuries,Others,Collision involving vehicles going in the same way,Twilight,Dry,1219,409335.0
12852,12852,202155,8,Donaustraße,2019,12,20,4,3,0,2,2,1,0,0,0,0,1,0.0,Neukölln,Accident with minor injuries,Others,Turning accident,Dark,Dry,934,329917.0
12853,12853,202156,12,Wittenau Nord,2019,12,20,4,3,1,1,2,0,1,0,0,0,0,2.0,Reinickendorf,Accident with minor injuries,Collision with a moving/standing/parked vehicle,Driving accident,Dark,Snowy,867,266408.0
12854,12854,202157,3,Rennbahnstraße,2019,12,17,4,3,4,6,1,0,1,0,1,0,0,0.0,Pankow,Accident with minor injuries,Collision with oncoming vehicle,Collision involving vehicles going in the same way,Twilight,Dry,1219,409335.0
12855,12855,202158,1,Emdener Straße,2019,12,17,4,3,5,2,2,1,1,0,0,0,0,0.0,Mitte,Accident with minor injuries,Collision with a turning/crossing vehicle,Turning accident,Dark,Dry,2215,385748.0
12856,12856,202159,6,Oberhofer Platz,2019,12,16,4,3,5,3,0,0,1,0,0,0,0,0.0,Steglitz-Zehlendorf,Accident with minor injuries,Collision with a turning/crossing vehicle,Turning/Crossing accident,Daylight,Dry,851,310071.0
12857,12857,202160,9,Adlershof Ost,2019,12,16,4,3,6,4,2,0,1,1,0,0,0,0.0,Treptow-Köpenick,Accident with minor injuries,Collision between vehicle and pedestrian,Pedestrian crossing accident,Dark,Dry,892,273689.0
12858,12858,202161,11,Falkenberg West,2019,12,16,4,3,5,2,2,0,1,0,0,0,0,0.0,Lichtenberg,Accident with minor injuries,Collision with a turning/crossing vehicle,Turning accident,Dark,Dry,679,294201.0
12859,12859,202162,1,Humboldthain Nordwest,2019,12,15,4,3,5,3,0,0,1,0,0,0,0,1.0,Mitte,Accident with minor injuries,Collision with a turning/crossing vehicle,Turning/Crossing accident,Daylight,Wet/moist/slippery,2215,385748.0
12860,12860,202163,10,Alt-Marzahn,2019,12,15,4,3,2,2,1,0,1,0,0,0,0,0.0,Marzahn-Hellersdorf,Accident with minor injuries,Collision with the vehicle in front/waiting vehicle,Turning accident,Twilight,Dry,586,269967.0
12861,12861,202164,4,George-Grosz-Platz,2019,12,15,4,3,0,6,0,0,1,0,0,0,1,0.0,Charlottenburg-Wilmersdorf,Accident with minor injuries,Others,Collision involving vehicles going in the same way,Daylight,Dry,1727,343592.0
12862,12862,202165,5,Zitadellenweg,2019,12,15,4,2,9,1,0,0,1,0,0,0,0,0.0,Spandau,Accident with serious injuries,Departure from the roadway to the left,Driving accident,Daylight,Dry,798,245197.0
12863,12863,202166,5,Maulbeerallee,2019,12,14,4,2,5,2,0,0,1,0,0,0,0,0.0,Spandau,Accident with serious injuries,Collision with a turning/crossing vehicle,Turning accident,Daylight,Dry,798,245197.0
12864,12864,202167,7,Marienhöhe,2019,12,13,4,3,6,4,0,0,1,1,0,0,0,0.0,Tempelhof-Schöneberg,Accident with minor injuries,Collision between vehicle and pedestrian,Pedestrian crossing accident,Daylight,Dry,1241,350984.0
12865,12865,202168,4,Schloßstraße,2019,12,13,4,3,0,4,0,1,0,1,0,0,0,0.0,Charlottenburg-Wilmersdorf,Accident with minor injuries,Others,Pedestrian crossing accident,Daylight,Dry,1727,343592.0
12866,12866,202169,1,Heine-Viertel West,2019,12,12,4,3,5,2,0,1,1,0,0,0,0,0.0,Mitte,Accident with minor injuries,Collision with a turning/crossing vehicle,Turning accident,Daylight,Dry,2215,385748.0
12867,12867,202170,8,Parchimer Allee,2019,12,12,4,3,0,2,0,0,1,0,0,0,1,0.0,Neukölln,Accident with minor injuries,Others,Turning accident,Daylight,Dry,934,329917.0
12868,12868,202171,3,Heinersdorf,2019,12,7,4,3,0,6,1,0,1,0,0,0,1,0.0,Pankow,Accident with minor injuries,Others,Collision involving vehicles going in the same way,Twilight,Dry,1219,409335.0
12869,12869,202172,9,Adlershof West,2019,12,7,4,3,2,2,1,0,1,0,0,0,0,0.0,Treptow-Köpenick,Accident with minor injuries,Collision with the vehicle in front/waiting vehicle,Turning accident,Twilight,Dry,892,273689.0
12870,12870,202173,4,Babelsberger Straße,2019,12,6,4,3,6,2,2,0,1,1,0,0,0,0.0,Charlottenburg-Wilmersdorf,Accident with minor injuries,Collision between vehicle and pedestrian,Turning accident,Dark,Dry,1727,343592.0
12871,12871,202174,12,Schorfheidestraße,2019,12,22,4,2,6,4,2,0,0,1,1,0,0,0.0,Reinickendorf,Accident with serious injuries,Collision between vehicle and pedestrian,Pedestrian crossing accident,Dark,Dry,867,266408.0
12872,12872,202175,1,Reinickendorfer Straße,2019,12,19,4,3,2,6,2,0,1,0,0,0,0,0.0,Mitte,Accident with minor injuries,Collision with the vehicle in front/waiting vehicle,Collision involving vehicles going in the same way,Dark,Dry,2215,385748.0
12873,12873,202176,1,Leipziger Straße,2019,12,17,4,3,6,2,2,1,0,1,0,0,0,0.0,Mitte,Accident with minor injuries,Collision between vehicle and pedestrian,Turning accident,Dark,Dry,2215,385748.0
12874,12874,202177,4,Schloßgarten,2019,12,15,4,1,5,3,0,1,1,0,0,0,0,0.0,Charlottenburg-Wilmersdorf,Accident with fatalities,Collision with a turning/crossing vehicle,Turning/Crossing accident,Daylight,Dry,1727,343592.0
12875,12875,202178,9,Bohnsdorf,2019,12,17,3,3,6,6,2,0,1,1,0,0,0,0.0,Treptow-Köpenick,Accident with minor injuries,Collision between vehicle and pedestrian,Collision involving vehicles going in the same way,Dark,Dry,892,273689.0
12876,12876,202179,12,Waldidyll/Flughafensee,2019,12,7,3,3,2,6,0,0,1,0,0,0,0,0.0,Reinickendorf,Accident with minor injuries,Collision with the vehicle in front/waiting vehicle,Collision involving vehicles going in the same way,Daylight,Dry,867,266408.0
12877,12877,202180,1,Unter den Linden Süd,2019,12,14,3,3,3,2,0,1,0,0,0,0,1,0.0,Mitte,Accident with minor injuries,Collision with a vehicle traveling laterally in the same direction,Turning accident,Daylight,Dry,2215,385748.0
12878,12878,202181,12,Waldidyll/Flughafensee,2019,12,11,3,2,6,7,0,0,1,1,0,1,1,0.0,Reinickendorf,Accident with serious injuries,Collision between vehicle and pedestrian,Others,Daylight,Dry,867,266408.0
12879,12879,202182,7,Marienfelder Allee Nordwest,2019,12,16,3,3,6,7,2,0,0,1,0,0,1,0.0,Tempelhof-Schöneberg,Accident with minor injuries,Collision between vehicle and pedestrian,Others,Dark,Dry,1241,350984.0
12880,12880,202183,4,Bismarckallee,2019,12,15,3,3,2,6,1,0,1,0,0,0,1,0.0,Charlottenburg-Wilmersdorf,Accident with minor injuries,Collision with the vehicle in front/waiting vehicle,Collision involving vehicles going in the same way,Twilight,Dry,1727,343592.0
12881,12881,202184,12,Hermsdorf,2019,12,15,3,3,2,2,1,0,1,0,0,0,0,0.0,Reinickendorf,Accident with minor injuries,Collision with the vehicle in front/waiting vehicle,Turning accident,Twilight,Dry,867,266408.0
12882,12882,202185,1,Stephankiez,2019,12,23,3,3,5,2,2,0,1,0,1,0,0,0.0,Mitte,Accident with minor injuries,Collision with a turning/crossing vehicle,Turning accident,Dark,Dry,2215,385748.0
12883,12883,202186,7,Franziusweg/Rohrbachstraße,2019,12,14,3,3,5,3,0,1,1,0,0,0,0,0.0,Tempelhof-Schöneberg,Accident with minor injuries,Collision with a turning/crossing vehicle,Turning/Crossing accident,Daylight,Dry,1241,350984.0
12884,12884,202187,4,Flinsberger Platz,2019,12,13,3,3,5,3,0,0,1,0,0,0,0,0.0,Charlottenburg-Wilmersdorf,Accident with minor injuries,Collision with a turning/crossing vehicle,Turning/Crossing accident,Daylight,Dry,1727,343592.0
12885,12885,202188,7,Manteuffelstraße,2019,12,13,3,3,6,2,0,0,1,1,0,0,0,0.0,Tempelhof-Schöneberg,Accident with minor injuries,Collision between vehicle and pedestrian,Turning accident,Daylight,Dry,1241,350984.0
12886,12886,202189,11,Herzbergstraße,2019,12,13,3,3,2,6,0,0,1,0,0,0,0,0.0,Lichtenberg,Accident with minor injuries,Collision with the vehicle in front/waiting vehicle,Collision involving vehicles going in the same way,Daylight,Dry,679,294201.0
12887,12887,202190,11,Hauptstraße,2019,12,12,3,3,1,5,0,1,1,0,0,0,0,1.0,Lichtenberg,Accident with minor injuries,Collision with a moving/standing/parked vehicle,Accident involving parked vehicles,Daylight,Wet/moist/slippery,679,294201.0
12888,12888,202191,9,Adlershof West,2019,12,12,3,3,5,2,0,1,1,0,0,0,0,1.0,Treptow-Köpenick,Accident with minor injuries,Collision with a turning/crossing vehicle,Turning accident,Daylight,Wet/moist/slippery,892,273689.0
12889,12889,202192,1,Emdener Straße,2019,12,12,3,3,5,2,0,1,1,0,0,0,0,2.0,Mitte,Accident with minor injuries,Collision with a turning/crossing vehicle,Turning accident,Daylight,Snowy,2215,385748.0
12890,12890,202193,5,Adamstraße,2019,12,11,3,3,1,5,0,0,1,0,1,0,0,0.0,Spandau,Accident with minor injuries,Collision with a moving/standing/parked vehicle,Accident involving parked vehicles,Daylight,Dry,798,245197.0
12891,12891,202194,2,Chamissokiez,2019,12,10,3,3,1,5,0,0,1,0,0,0,0,1.0,Friedrichshain-Kreuzberg,Accident with minor injuries,Collision with a moving/standing/parked vehicle,Accident involving parked vehicles,Daylight,Wet/moist/slippery,1381,290386.0
12892,12892,202195,2,Wrangelkiez,2019,12,10,3,3,6,7,0,0,1,1,0,0,0,0.0,Friedrichshain-Kreuzberg,Accident with minor injuries,Collision between vehicle and pedestrian,Others,Daylight,Dry,1381,290386.0
12893,12893,202196,4,Preußenpark,2019,12,9,3,2,5,2,0,1,1,0,0,0,0,0.0,Charlottenburg-Wilmersdorf,Accident with serious injuries,Collision with a turning/crossing vehicle,Turning accident,Daylight,Dry,1727,343592.0
12894,12894,202197,5,Carl-Schurz-Straße,2019,12,10,3,3,2,6,0,0,1,0,0,0,0,1.0,Spandau,Accident with minor injuries,Collision with the vehicle in front/waiting vehicle,Collision involving vehicles going in the same way,Daylight,Wet/moist/slippery,798,245197.0
12895,12895,202198,3,Schönholz,2019,12,9,3,3,1,5,0,0,1,0,0,0,1,0.0,Pankow,Accident with minor injuries,Collision with a moving/standing/parked vehicle,Accident involving parked vehicles,Daylight,Dry,1219,409335.0
12896,12896,202199,10,Alt-Mahlsdorf,2019,12,8,3,3,7,7,0,1,0,0,0,0,0,0.0,Marzahn-Hellersdorf,Accident with minor injuries,Collision with a road obstacle,Others,Daylight,Dry,586,269967.0
12897,12897,202200,2,Viktoriapark,2019,12,22,3,3,5,3,2,1,1,0,0,0,0,1.0,Friedrichshain-Kreuzberg,Accident with minor injuries,Collision with a turning/crossing vehicle,Turning/Crossing accident,Dark,Wet/moist/slippery,1381,290386.0
12898,12898,202201,1,Huttenkiez,2019,12,20,3,3,5,2,2,0,1,0,0,0,0,0.0,Mitte,Accident with minor injuries,Collision with a turning/crossing vehicle,Turning accident,Dark,Dry,2215,385748.0
12899,12899,202202,9,Adlershof Ost,2019,12,20,3,3,5,2,2,0,1,0,0,0,0,1.0,Treptow-Köpenick,Accident with minor injuries,Collision with a turning/crossing vehicle,Turning accident,Dark,Wet/moist/slippery,892,273689.0
12900,12900,202203,2,Urbanstraße,2019,12,19,3,3,6,4,2,0,1,1,0,0,0,0.0,Friedrichshain-Kreuzberg,Accident with minor injuries,Collision between vehicle and pedestrian,Pedestrian crossing accident,Dark,Dry,1381,290386.0
12901,12901,202204,5,Kurstraße,2019,12,19,3,3,1,5,2,0,1,0,0,0,0,0.0,Spandau,Accident with minor injuries,Collision with a moving/standing/parked vehicle,Accident involving parked vehicles,Dark,Dry,798,245197.0
12902,12902,202205,7,Neu-Tempelhof,2019,12,19,3,3,1,5,2,0,1,0,0,0,0,0.0,Tempelhof-Schöneberg,Accident with minor injuries,Collision with a moving/standing/parked vehicle,Accident involving parked vehicles,Dark,Dry,1241,350984.0
12903,12903,202206,1,Nördlicher Landwehrkanal,2019,12,19,3,3,5,3,2,0,1,0,1,0,0,0.0,Mitte,Accident with minor injuries,Collision with a turning/crossing vehicle,Turning/Crossing accident,Dark,Dry,2215,385748.0
12904,12904,202207,3,Pankow Süd,2019,12,18,3,3,2,6,2,0,1,0,0,0,0,0.0,Pankow,Accident with minor injuries,Collision with the vehicle in front/waiting vehicle,Collision involving vehicles going in the same way,Dark,Dry,1219,409335.0
12905,12905,202208,4,Breitscheidplatz,2019,12,17,3,3,1,5,2,1,1,0,0,0,0,1.0,Charlottenburg-Wilmersdorf,Accident with minor injuries,Collision with a moving/standing/parked vehicle,Accident involving parked vehicles,Dark,Wet/moist/slippery,1727,343592.0
12906,12906,202209,6,Zehlendorf Süd,2019,12,17,3,3,6,2,2,0,1,1,0,0,0,0.0,Steglitz-Zehlendorf,Accident with minor injuries,Collision between vehicle and pedestrian,Turning accident,Dark,Dry,851,310071.0
12907,12907,202210,1,Emdener Straße,2019,12,17,3,3,1,5,2,1,1,0,0,0,1,0.0,Mitte,Accident with minor injuries,Collision with a moving/standing/parked vehicle,Accident involving parked vehicles,Dark,Dry,2215,385748.0
12908,12908,202211,8,Gropiusstadt Nord,2019,12,16,3,2,5,3,2,0,1,0,0,0,0,0.0,Neukölln,Accident with serious injuries,Collision with a turning/crossing vehicle,Turning/Crossing accident,Dark,Dry,934,329917.0
12909,12909,202212,6,Alt-Lankwitz,2019,12,16,3,3,5,3,1,1,1,0,0,0,0,0.0,Steglitz-Zehlendorf,Accident with minor injuries,Collision with a turning/crossing vehicle,Turning/Crossing accident,Twilight,Dry,851,310071.0
12910,12910,202213,4,Kranzallee,2019,12,7,3,2,0,1,2,1,0,0,0,0,0,2.0,Charlottenburg-Wilmersdorf,Accident with serious injuries,Others,Driving accident,Dark,Snowy,1727,343592.0
12911,12911,202214,7,Friedenau,2019,12,6,3,3,5,2,2,0,1,0,0,0,0,1.0,Tempelhof-Schöneberg,Accident with minor injuries,Collision with a turning/crossing vehicle,Turning accident,Dark,Wet/moist/slippery,1241,350984.0
12912,12912,202215,11,Hauptstraße,2019,12,4,3,3,0,2,2,1,0,0,0,0,1,1.0,Lichtenberg,Accident with minor injuries,Others,Turning accident,Dark,Wet/moist/slippery,679,294201.0
12913,12913,202216,2,Richard-Sorge-Viertel,2019,12,16,3,3,6,4,2,0,1,1,0,0,0,0.0,Friedrichshain-Kreuzberg,Accident with minor injuries,Collision between vehicle and pedestrian,Pedestrian crossing accident,Dark,Dry,1381,290386.0
12914,12914,202217,11,Fennpfuhl West,2019,12,0,3,2,9,1,2,0,1,0,0,0,0,1.0,Lichtenberg,Accident with serious injuries,Departure from the roadway to the left,Driving accident,Dark,Wet/moist/slippery,679,294201.0
12915,12915,202218,1,Emdener Straße,2019,12,8,3,3,0,2,0,0,0,1,0,0,1,0.0,Mitte,Accident with minor injuries,Others,Turning accident,Daylight,Dry,2215,385748.0
12916,12916,202219,6,Dahlem,2019,12,8,3,3,0,1,0,1,0,0,0,0,0,2.0,Steglitz-Zehlendorf,Accident with minor injuries,Others,Driving accident,Daylight,Snowy,851,310071.0
12917,12917,202220,4,Flinsberger Platz,2019,12,7,3,3,5,2,0,0,1,0,0,0,0,1.0,Charlottenburg-Wilmersdorf,Accident with minor injuries,Collision with a turning/crossing vehicle,Turning accident,Daylight,Wet/moist/slippery,1727,343592.0
12918,12918,202221,3,Alt-Karow,2019,12,7,3,3,6,7,0,1,0,1,0,0,0,0.0,Pankow,Accident with minor injuries,Collision between vehicle and pedestrian,Others,Daylight,Dry,1219,409335.0
12919,12919,202222,4,Schloßgarten,2019,12,7,3,3,5,2,1,0,1,0,0,0,0,0.0,Charlottenburg-Wilmersdorf,Accident with minor injuries,Collision with a turning/crossing vehicle,Turning accident,Twilight,Dry,1727,343592.0
12920,12920,202223,12,Waldidyll/Flughafensee,2019,12,7,3,2,5,3,2,0,1,0,0,1,0,1.0,Reinickendorf,Accident with serious injuries,Collision with a turning/crossing vehicle,Turning/Crossing accident,Dark,Wet/moist/slippery,867,266408.0
12921,12921,202224,12,Wittenau Süd,2019,12,20,2,3,2,6,2,0,1,0,0,0,0,1.0,Reinickendorf,Accident with minor injuries,Collision with the vehicle in front/waiting vehicle,Collision involving vehicles going in the same way,Dark,Wet/moist/slippery,867,266408.0
12922,12922,202225,9,Siedlung Kämmereiheide,2019,12,17,2,3,6,6,0,1,0,1,0,0,0,0.0,Treptow-Köpenick,Accident with minor injuries,Collision between vehicle and pedestrian,Collision involving vehicles going in the same way,Daylight,Dry,892,273689.0
12923,12923,202226,1,Wilhelmstraße,2019,12,9,2,3,5,3,0,1,1,0,0,0,0,1.0,Mitte,Accident with minor injuries,Collision with a turning/crossing vehicle,Turning/Crossing accident,Daylight,Wet/moist/slippery,2215,385748.0