,Unnamed: 0,object id,district,street,year,month,hour of day,weekday,category,accident type,accident type 2,light situation,bike involved,car involved,pedestrian involved,motor bike involved,big track involved,other vehicle involved,road condition,district name,category name,accident detail,accident type detail,light condition,road condition detail,accident count by district,est. population
12924,12924,202227,8,Parchimer Allee,2019,12,12,2,3,5,3,0,1,1,0,0,0,0,0.0,Neukölln,Accident with minor injuries,Collision with a turning/crossing vehicle,Turning/Crossing accident,Daylight,Dry,934,329917.0
12925,12925,202228,5,Jägerallee,2019,12,15,2,3,2,6,1,0,1,0,0,0,0,1.0,Spandau,Accident with minor injuries,Collision with the vehicle in front/waiting vehicle,Collision involving vehicles going in the same way,Twilight,Wet/moist/slippery,798,245197.0
12926,12926,202229,12,Alt-Tegel,2019,12,21,2,3,6,4,2,0,1,1,0,0,0,1.0,Reinickendorf,Accident with minor injuries,Collision between vehicle and pedestrian,Pedestrian crossing accident,Dark,Wet/moist/slippery,867,266408.0
12927,12927,202230,6,Munsterdamm,2019,12,20,2,3,0,7,2,1,1,0,0,0,0,1.0,Steglitz-Zehlendorf,Accident with minor injuries,Others,Others,Dark,Wet/moist/slippery,851,310071.0
12928,12928,202231,11,Herzbergstraße,2019,12,19,2,3,3,6,2,0,1,0,0,0,0,1.0,Lichtenberg,Accident with minor injuries,Collision with a vehicle traveling laterally in the same direction,Collision involving vehicles going in the same way,Dark,Wet/moist/slippery,679,294201.0
12929,12929,202232,2,Viktoriapark,2019,12,19,2,3,6,2,2,0,1,1,0,0,0,1.0,Friedrichshain-Kreuzberg,Accident with minor injuries,Collision between vehicle and pedestrian,Turning accident,Dark,Wet/moist/slippery,1381,290386.0
12930,12930,202233,7,Manteuffelstraße,2019,12,19,2,3,6,2,2,0,1,1,0,0,0,1.0,Tempelhof-Schöneberg,Accident with minor injuries,Collision between vehicle and pedestrian,Turning accident,Dark,Wet/moist/slippery,1241,350984.0
12931,12931,202234,5,Zitadellenweg,2019,12,20,2,3,2,6,0,0,1,0,0,0,0,1.0,Spandau,Accident with minor injuries,Collision with the vehicle in front/waiting vehicle,Collision involving vehicles going in the same way,Daylight,Wet/moist/slippery,798,245197.0
12932,12932,202235,9,Oberschöneweide Ost,2019,12,19,2,3,5,2,2,0,1,0,1,0,0,1.0,Treptow-Köpenick,Accident with minor injuries,Collision with a turning/crossing vehicle,Turning accident,Dark,Wet/moist/slippery,892,273689.0
12933,12933,202236,2,Samariterviertel,2019,12,5,2,3,0,6,2,0,1,0,1,0,0,1.0,Friedrichshain-Kreuzberg,Accident with minor injuries,Others,Collision involving vehicles going in the same way,Dark,Wet/moist/slippery,1381,290386.0
12934,12934,202237,3,Kollwitzplatz,2019,12,18,4,3,5,3,2,1,1,0,0,0,0,0.0,Pankow,Accident with minor injuries,Collision with a turning/crossing vehicle,Turning/Crossing accident,Dark,Dry,1219,409335.0
12935,12935,202238,7,Marienfelder Allee Nordwest,2019,12,18,2,3,6,2,2,0,1,1,0,0,0,1.0,Tempelhof-Schöneberg,Accident with minor injuries,Collision between vehicle and pedestrian,Turning accident,Dark,Wet/moist/slippery,1241,350984.0
12936,12936,202239,12,Reinickes Hof,2019,12,18,2,2,6,2,2,0,0,1,0,0,1,1.0,Reinickendorf,Accident with serious injuries,Collision between vehicle and pedestrian,Turning accident,Dark,Wet/moist/slippery,867,266408.0
12937,12937,202240,6,Südende,2019,12,17,4,3,5,2,2,0,1,0,0,0,0,0.0,Steglitz-Zehlendorf,Accident with minor injuries,Collision with a turning/crossing vehicle,Turning accident,Dark,Dry,851,310071.0
12938,12938,202241,8,Reuterkiez,2019,12,17,4,3,5,2,2,1,1,0,0,0,0,0.0,Neukölln,Accident with minor injuries,Collision with a turning/crossing vehicle,Turning accident,Dark,Dry,934,329917.0
12939,12939,202242,12,Märkisches Zentrum,2019,12,18,2,2,6,2,2,0,1,1,0,0,0,1.0,Reinickendorf,Accident with serious injuries,Collision between vehicle and pedestrian,Turning accident,Dark,Wet/moist/slippery,867,266408.0
12940,12940,202243,8,Reuterkiez,2019,12,18,2,3,6,4,2,0,1,1,0,0,0,1.0,Neukölln,Accident with minor injuries,Collision between vehicle and pedestrian,Pedestrian crossing accident,Dark,Wet/moist/slippery,934,329917.0
12941,12941,202244,3,Teutoburger Platz,2019,12,17,4,2,9,1,2,0,1,0,0,0,0,0.0,Pankow,Accident with serious injuries,Departure from the roadway to the left,Driving accident,Dark,Dry,1219,409335.0
12942,12942,202245,7,Grazer Platz,2019,12,17,4,3,5,2,2,1,1,0,0,0,0,0.0,Tempelhof-Schöneberg,Accident with minor injuries,Collision with a turning/crossing vehicle,Turning accident,Dark,Dry,1241,350984.0
12943,12943,202246,6,Königsberger Straße,2019,12,17,2,3,5,2,2,0,1,0,0,0,0,1.0,Steglitz-Zehlendorf,Accident with minor injuries,Collision with a turning/crossing vehicle,Turning accident,Dark,Wet/moist/slippery,851,310071.0
12944,12944,202247,4,Breitscheidplatz,2019,12,13,4,3,2,6,0,1,1,0,0,0,1,0.0,Charlottenburg-Wilmersdorf,Accident with minor injuries,Collision with the vehicle in front/waiting vehicle,Collision involving vehicles going in the same way,Daylight,Dry,1727,343592.0
12945,12945,202248,8,Gropiusstadt Süd,2019,12,17,2,3,5,2,2,0,1,0,0,0,1,1.0,Neukölln,Accident with minor injuries,Collision with a turning/crossing vehicle,Turning accident,Dark,Wet/moist/slippery,934,329917.0
12946,12946,202249,4,Reichsstraße,2019,12,11,4,3,2,6,0,0,1,0,0,0,0,0.0,Charlottenburg-Wilmersdorf,Accident with minor injuries,Collision with the vehicle in front/waiting vehicle,Collision involving vehicles going in the same way,Daylight,Dry,1727,343592.0
12947,12947,202250,9,Wohngebiet II,2019,12,10,4,3,5,3,0,0,1,0,0,0,0,0.0,Treptow-Köpenick,Accident with minor injuries,Collision with a turning/crossing vehicle,Turning/Crossing accident,Daylight,Dry,892,273689.0
12948,12948,202251,7,Marienfelde Nordost,2019,12,17,2,2,2,2,2,0,1,0,0,1,0,1.0,Tempelhof-Schöneberg,Accident with serious injuries,Collision with the vehicle in front/waiting vehicle,Turning accident,Dark,Wet/moist/slippery,1241,350984.0
12949,12949,202252,7,Nollendorfplatz,2019,12,17,2,3,5,3,2,0,1,0,0,0,1,1.0,Tempelhof-Schöneberg,Accident with minor injuries,Collision with a turning/crossing vehicle,Turning/Crossing accident,Dark,Wet/moist/slippery,1241,350984.0
12950,12950,202253,9,Dammvorstadt,2019,12,10,4,3,6,7,0,0,1,1,0,0,0,1.0,Treptow-Köpenick,Accident with minor injuries,Collision between vehicle and pedestrian,Others,Daylight,Wet/moist/slippery,892,273689.0
12951,12951,202254,5,Magistratsweg,2019,12,9,4,3,0,1,0,0,0,0,1,0,0,0.0,Spandau,Accident with minor injuries,Others,Driving accident,Daylight,Dry,798,245197.0
12952,12952,202255,6,Königsberger Straße,2019,12,17,2,3,2,6,2,0,1,0,0,0,0,1.0,Steglitz-Zehlendorf,Accident with minor injuries,Collision with the vehicle in front/waiting vehicle,Collision involving vehicles going in the same way,Dark,Wet/moist/slippery,851,310071.0
12953,12953,202256,1,Stülerstraße,2019,12,23,3,3,2,6,2,0,1,0,0,0,0,0.0,Mitte,Accident with minor injuries,Collision with the vehicle in front/waiting vehicle,Collision involving vehicles going in the same way,Dark,Dry,2215,385748.0
12954,12954,202257,8,Reuterkiez,2019,12,23,3,2,6,4,2,0,1,1,0,0,0,0.0,Neukölln,Accident with serious injuries,Collision between vehicle and pedestrian,Pedestrian crossing accident,Dark,Dry,934,329917.0
12955,12955,202258,3,Hansastraße,2019,12,16,2,2,5,2,2,0,1,0,1,0,0,1.0,Pankow,Accident with serious injuries,Collision with a turning/crossing vehicle,Turning accident,Dark,Wet/moist/slippery,1219,409335.0
12956,12956,202259,3,Buchholz,2019,12,16,2,3,5,3,2,0,1,0,0,0,1,1.0,Pankow,Accident with minor injuries,Collision with a turning/crossing vehicle,Turning/Crossing accident,Dark,Wet/moist/slippery,1219,409335.0
12957,12957,202260,9,Johannisthal West,2019,12,20,3,3,5,2,2,1,1,0,0,0,0,0.0,Treptow-Köpenick,Accident with minor injuries,Collision with a turning/crossing vehicle,Turning accident,Dark,Dry,892,273689.0
12958,12958,202261,6,Hüttenweg,2019,12,19,3,3,2,2,2,0,1,0,0,0,0,0.0,Steglitz-Zehlendorf,Accident with minor injuries,Collision with the vehicle in front/waiting vehicle,Turning accident,Dark,Dry,851,310071.0
12959,12959,202262,5,Maulbeerallee,2019,12,19,3,3,5,2,2,1,1,0,0,0,0,0.0,Spandau,Accident with minor injuries,Collision with a turning/crossing vehicle,Turning accident,Dark,Dry,798,245197.0
12960,12960,202263,10,Kaulsdorf Nord I,2019,12,17,3,3,2,6,2,1,1,0,0,0,0,0.0,Marzahn-Hellersdorf,Accident with minor injuries,Collision with the vehicle in front/waiting vehicle,Collision involving vehicles going in the same way,Dark,Dry,586,269967.0
12961,12961,202264,4,Flinsberger Platz,2019,12,16,3,3,2,6,2,0,1,0,0,0,0,0.0,Charlottenburg-Wilmersdorf,Accident with minor injuries,Collision with the vehicle in front/waiting vehicle,Collision involving vehicles going in the same way,Dark,Dry,1727,343592.0
12962,12962,202265,4,Richard-Wagner-Straße,2019,12,15,2,3,1,5,1,1,1,0,0,0,0,1.0,Charlottenburg-Wilmersdorf,Accident with minor injuries,Collision with a moving/standing/parked vehicle,Accident involving parked vehicles,Twilight,Wet/moist/slippery,1727,343592.0
12963,12963,202266,8,Zittauer Straße,2019,12,16,2,3,6,2,2,0,1,1,0,0,0,1.0,Neukölln,Accident with minor injuries,Collision between vehicle and pedestrian,Turning accident,Dark,Wet/moist/slippery,934,329917.0
12964,12964,202267,1,Heine-Viertel West,2019,12,16,3,3,5,3,2,1,1,0,0,0,0,0.0,Mitte,Accident with minor injuries,Collision with a turning/crossing vehicle,Turning/Crossing accident,Dark,Dry,2215,385748.0
12965,12965,202268,10,Kaulsdorf Nord I,2019,12,16,2,3,2,6,2,0,1,0,0,0,0,1.0,Marzahn-Hellersdorf,Accident with minor injuries,Collision with the vehicle in front/waiting vehicle,Collision involving vehicles going in the same way,Dark,Wet/moist/slippery,586,269967.0
12966,12966,202269,6,Lankwitz Süd,2019,12,16,3,3,5,3,2,0,1,0,0,0,0,1.0,Steglitz-Zehlendorf,Accident with minor injuries,Collision with a turning/crossing vehicle,Turning/Crossing accident,Dark,Wet/moist/slippery,851,310071.0
12967,12967,202270,4,Amtsgerichtsplatz,2019,12,15,2,3,5,3,1,1,1,0,0,0,0,1.0,Charlottenburg-Wilmersdorf,Accident with minor injuries,Collision with a turning/crossing vehicle,Turning/Crossing accident,Twilight,Wet/moist/slippery,1727,343592.0
12968,12968,202271,4,Ludwigkirchplatz,2019,12,15,2,3,5,3,0,0,1,0,0,0,0,0.0,Charlottenburg-Wilmersdorf,Accident with minor injuries,Collision with a turning/crossing vehicle,Turning/Crossing accident,Daylight,Dry,1727,343592.0
12969,12969,202272,5,Germersheimer Platz,2019,12,16,3,2,6,4,2,0,1,1,0,0,0,0.0,Spandau,Accident with serious injuries,Collision between vehicle and pedestrian,Pedestrian crossing accident,Dark,Dry,798,245197.0
12970,12970,202273,2,Traveplatz,2019,12,13,2,3,5,2,0,0,1,0,1,0,0,0.0,Friedrichshain-Kreuzberg,Accident with minor injuries,Collision with a turning/crossing vehicle,Turning accident,Daylight,Dry,1381,290386.0
12971,12971,202274,1,Oranienburger Straße,2019,12,13,2,3,1,5,0,1,0,0,0,1,0,0.0,Mitte,Accident with minor injuries,Collision with a moving/standing/parked vehicle,Accident involving parked vehicles,Daylight,Dry,2215,385748.0
12972,12972,202275,1,Westhafen,2019,12,12,2,3,2,6,0,0,1,0,0,0,1,0.0,Mitte,Accident with minor injuries,Collision with the vehicle in front/waiting vehicle,Collision involving vehicles going in the same way,Daylight,Dry,2215,385748.0
12973,12973,202276,10,Marzahner Chaussee,2019,12,10,3,2,0,7,1,1,0,0,0,0,0,0.0,Marzahn-Hellersdorf,Accident with serious injuries,Others,Others,Twilight,Dry,586,269967.0
12974,12974,202277,12,Teichstraße,2019,12,5,3,3,6,2,2,0,1,1,0,0,0,0.0,Reinickendorf,Accident with minor injuries,Collision between vehicle and pedestrian,Turning accident,Dark,Dry,867,266408.0
12975,12975,202278,8,Gropiusstadt Ost,2019,12,11,2,3,0,3,0,0,1,0,1,0,0,1.0,Neukölln,Accident with minor injuries,Others,Turning/Crossing accident,Daylight,Wet/moist/slippery,934,329917.0
12976,12976,202279,4,Brabanter Platz,2019,12,11,2,3,2,6,0,0,1,0,1,0,0,0.0,Charlottenburg-Wilmersdorf,Accident with minor injuries,Collision with the vehicle in front/waiting vehicle,Collision involving vehicles going in the same way,Daylight,Dry,1727,343592.0
12977,12977,202280,7,Bayerischer Platz,2019,12,15,3,3,5,2,0,1,1,0,0,0,0,0.0,Tempelhof-Schöneberg,Accident with minor injuries,Collision with a turning/crossing vehicle,Turning accident,Daylight,Dry,1241,350984.0
12978,12978,202281,10,Alt-Mahlsdorf,2019,12,11,2,2,5,3,0,0,1,0,0,0,0,0.0,Marzahn-Hellersdorf,Accident with serious injuries,Collision with a turning/crossing vehicle,Turning/Crossing accident,Daylight,Dry,586,269967.0
12979,12979,202282,3,Rosenthal,2019,12,9,2,2,4,6,0,0,1,0,0,0,0,0.0,Pankow,Accident with serious injuries,Collision with oncoming vehicle,Collision involving vehicles going in the same way,Daylight,Dry,1219,409335.0
12980,12980,202283,7,Nahariyastraße,2019,12,15,3,3,5,2,0,1,1,0,0,0,0,0.0,Tempelhof-Schöneberg,Accident with minor injuries,Collision with a turning/crossing vehicle,Turning accident,Daylight,Dry,1241,350984.0
12981,12981,202284,7,Franziusweg/Rohrbachstraße,2019,12,13,3,3,5,3,0,1,1,0,0,0,0,1.0,Tempelhof-Schöneberg,Accident with minor injuries,Collision with a turning/crossing vehicle,Turning/Crossing accident,Daylight,Wet/moist/slippery,1241,350984.0
12982,12982,202285,2,Mehringplatz,2019,12,9,2,3,5,2,0,1,1,0,0,0,0,0.0,Friedrichshain-Kreuzberg,Accident with minor injuries,Collision with a turning/crossing vehicle,Turning accident,Daylight,Dry,1381,290386.0
12983,12983,202286,9,Wendenschloß,2019,12,9,2,3,1,5,0,0,1,0,0,0,0,0.0,Treptow-Köpenick,Accident with minor injuries,Collision with a moving/standing/parked vehicle,Accident involving parked vehicles,Daylight,Dry,892,273689.0
12984,12984,202287,6,Nikolassee,2019,12,13,3,3,0,1,0,1,0,0,0,0,0,1.0,Steglitz-Zehlendorf,Accident with minor injuries,Others,Driving accident,Daylight,Wet/moist/slippery,851,310071.0
12985,12985,202288,10,Gut Hellersdorf,2019,12,13,3,3,5,3,0,1,1,0,0,0,0,0.0,Marzahn-Hellersdorf,Accident with minor injuries,Collision with a turning/crossing vehicle,Turning/Crossing accident,Daylight,Dry,586,269967.0
12986,12986,202289,3,Heinersdorf,2019,12,7,2,2,5,3,1,1,0,0,0,0,1,1.0,Pankow,Accident with serious injuries,Collision with a turning/crossing vehicle,Turning/Crossing accident,Twilight,Wet/moist/slippery,1219,409335.0
12987,12987,202290,4,Rüdesheimer Platz,2019,12,7,2,3,5,3,2,1,1,0,0,0,0,0.0,Charlottenburg-Wilmersdorf,Accident with minor injuries,Collision with a turning/crossing vehicle,Turning/Crossing accident,Dark,Dry,1727,343592.0
12988,12988,202291,8,Bouchéstraße,2019,12,6,2,3,5,3,1,1,0,0,0,0,1,0.0,Neukölln,Accident with minor injuries,Collision with a turning/crossing vehicle,Turning/Crossing accident,Twilight,Dry,934,329917.0
12989,12989,202292,4,Leon-Jessel-Platz,2019,12,13,3,3,5,3,0,1,0,0,0,0,0,0.0,Charlottenburg-Wilmersdorf,Accident with minor injuries,Collision with a turning/crossing vehicle,Turning/Crossing accident,Daylight,Dry,1727,343592.0
12990,12990,202293,8,Hertzbergplatz,2019,12,6,2,3,5,3,2,1,1,0,0,0,0,0.0,Neukölln,Accident with minor injuries,Collision with a turning/crossing vehicle,Turning/Crossing accident,Dark,Dry,934,329917.0
12991,12991,202294,4,Halensee,2019,12,12,3,3,5,2,0,0,1,0,0,0,0,0.0,Charlottenburg-Wilmersdorf,Accident with minor injuries,Collision with a turning/crossing vehicle,Turning accident,Daylight,Dry,1727,343592.0
12992,12992,202295,9,Dammvorstadt,2019,12,6,2,3,5,2,2,1,0,0,0,0,1,1.0,Treptow-Köpenick,Accident with minor injuries,Collision with a turning/crossing vehicle,Turning accident,Dark,Wet/moist/slippery,892,273689.0
12993,12993,202296,11,Hauptstraße,2019,12,6,2,3,5,3,2,0,1,0,0,0,0,0.0,Lichtenberg,Accident with minor injuries,Collision with a turning/crossing vehicle,Turning/Crossing accident,Dark,Dry,679,294201.0
12994,12994,202297,2,Askanischer Platz,2019,12,12,3,3,0,2,0,1,1,0,0,0,0,0.0,Friedrichshain-Kreuzberg,Accident with minor injuries,Others,Turning accident,Daylight,Dry,1381,290386.0
12995,12995,202298,3,Blankenburg,2019,12,15,2,3,5,3,1,0,1,0,0,0,1,1.0,Pankow,Accident with minor injuries,Collision with a turning/crossing vehicle,Turning/Crossing accident,Twilight,Wet/moist/slippery,1219,409335.0
12996,12996,202299,1,Leopoldplatz,2019,12,20,1,3,2,6,2,0,1,0,0,0,1,1.0,Mitte,Accident with minor injuries,Collision with the vehicle in front/waiting vehicle,Collision involving vehicles going in the same way,Dark,Wet/moist/slippery,2215,385748.0
12997,12997,202300,1,Reinickendorfer Straße,2019,12,18,1,3,3,6,2,0,1,0,0,0,0,1.0,Mitte,Accident with minor injuries,Collision with a vehicle traveling laterally in the same direction,Collision involving vehicles going in the same way,Dark,Wet/moist/slippery,2215,385748.0
12998,12998,202301,5,Rohrdamm,2019,12,11,3,2,6,7,0,0,1,1,0,0,0,0.0,Spandau,Accident with serious injuries,Collision between vehicle and pedestrian,Others,Daylight,Dry,798,245197.0
12999,12999,202302,11,Weitlingstraße,2019,12,11,3,3,5,3,0,1,1,0,0,0,0,0.0,Lichtenberg,Accident with minor injuries,Collision with a turning/crossing vehicle,Turning/Crossing accident,Daylight,Dry,679,294201.0
13000,13000,202303,7,Nollendorfplatz,2019,12,18,1,3,2,6,2,0,1,0,0,0,0,1.0,Tempelhof-Schöneberg,Accident with minor injuries,Collision with the vehicle in front/waiting vehicle,Collision involving vehicles going in the same way,Dark,Wet/moist/slippery,1241,350984.0
13001,13001,202304,8,Flughafenstraße,2019,12,18,1,3,5,7,2,0,1,0,0,0,1,0.0,Neukölln,Accident with minor injuries,Collision with a turning/crossing vehicle,Others,Dark,Dry,934,329917.0
13002,13002,202305,4,Branitzer Platz,2019,12,9,3,3,5,3,0,0,1,0,0,0,0,1.0,Charlottenburg-Wilmersdorf,Accident with minor injuries,Collision with a turning/crossing vehicle,Turning/Crossing accident,Daylight,Wet/moist/slippery,1727,343592.0
13003,13003,202306,8,Buckow Mitte,2019,12,9,3,3,5,2,0,0,1,0,0,0,0,1.0,Neukölln,Accident with minor injuries,Collision with a turning/crossing vehicle,Turning accident,Daylight,Wet/moist/slippery,934,329917.0
13004,13004,202307,3,Pankow Zentrum,2019,12,17,1,3,6,4,2,0,1,1,0,0,0,1.0,Pankow,Accident with minor injuries,Collision between vehicle and pedestrian,Pedestrian crossing accident,Dark,Wet/moist/slippery,1219,409335.0
13005,13005,202308,1,Körnerstraße,2019,12,16,1,3,5,3,2,0,1,0,0,0,0,1.0,Mitte,Accident with minor injuries,Collision with a turning/crossing vehicle,Turning/Crossing accident,Dark,Wet/moist/slippery,2215,385748.0
13006,13006,202309,9,Dorf Altglienicke,2019,12,9,3,3,5,3,0,1,1,0,0,0,0,1.0,Treptow-Köpenick,Accident with minor injuries,Collision with a turning/crossing vehicle,Turning/Crossing accident,Daylight,Wet/moist/slippery,892,273689.0
13007,13007,202310,5,Carl-Schurz-Straße,2019,12,16,1,3,3,6,2,0,1,0,0,0,0,1.0,Spandau,Accident with minor injuries,Collision with a vehicle traveling laterally in the same direction,Collision involving vehicles going in the same way,Dark,Wet/moist/slippery,798,245197.0
13008,13008,202311,6,Krumme Lanke,2019,12,16,1,3,1,5,2,0,1,0,0,0,0,1.0,Steglitz-Zehlendorf,Accident with minor injuries,Collision with a moving/standing/parked vehicle,Accident involving parked vehicles,Dark,Wet/moist/slippery,851,310071.0
13009,13009,202312,4,Hindemithplatz,2019,12,8,3,3,0,2,0,0,1,0,1,0,0,1.0,Charlottenburg-Wilmersdorf,Accident with minor injuries,Others,Turning accident,Daylight,Wet/moist/slippery,1727,343592.0
13010,13010,202313,8,Rixdorf,2019,12,7,3,3,6,2,2,0,1,1,0,0,0,1.0,Neukölln,Accident with minor injuries,Collision between vehicle and pedestrian,Turning accident,Dark,Wet/moist/slippery,934,329917.0
13011,13011,202314,3,Alt-Karow,2019,12,15,1,3,5,3,1,0,1,0,0,0,0,1.0,Pankow,Accident with minor injuries,Collision with a turning/crossing vehicle,Turning/Crossing accident,Twilight,Wet/moist/slippery,1219,409335.0
13012,13012,202315,6,Nikolassee,2019,12,15,1,3,3,6,0,0,1,0,0,0,0,1.0,Steglitz-Zehlendorf,Accident with minor injuries,Collision with a vehicle traveling laterally in the same direction,Collision involving vehicles going in the same way,Daylight,Wet/moist/slippery,851,310071.0
13013,13013,202316,4,Schloßgarten,2019,12,13,1,3,5,5,0,0,1,0,0,0,0,1.0,Charlottenburg-Wilmersdorf,Accident with minor injuries,Collision with a turning/crossing vehicle,Accident involving parked vehicles,Daylight,Wet/moist/slippery,1727,343592.0
13014,13014,202317,8,Buckow Mitte,2019,12,8,3,3,6,4,0,0,1,1,0,0,0,1.0,Neukölln,Accident with minor injuries,Collision between vehicle and pedestrian,Pedestrian crossing accident,Daylight,Wet/moist/slippery,934,329917.0
13015,13015,202318,7,Germaniagarten,2019,12,14,1,3,3,6,0,0,1,0,0,0,0,1.0,Tempelhof-Schöneberg,Accident with minor injuries,Collision with a vehicle traveling laterally in the same direction,Collision involving vehicles going in the same way,Daylight,Wet/moist/slippery,1241,350984.0
13016,13016,202319,12,Treuenbrietzener Straße,2019,12,7,3,3,2,2,0,0,1,0,1,0,0,1.0,Reinickendorf,Accident with minor injuries,Collision with the vehicle in front/waiting vehicle,Turning accident,Daylight,Wet/moist/slippery,867,266408.0
13017,13017,202320,5,Adamstraße,2019,12,3,1,2,9,1,2,0,1,0,0,0,0,1.0,Spandau,Accident with serious injuries,Departure from the roadway to the left,Driving accident,Dark,Wet/moist/slippery,798,245197.0
13018,13018,202321,8,Silbersteinstraße,2019,12,3,1,3,9,1,2,0,1,0,0,0,0,0.0,Neukölln,Accident with minor injuries,Departure from the roadway to the left,Driving accident,Dark,Dry,934,329917.0
13019,13019,202322,10,Mahlsdorf Süd,2019,12,7,3,3,5,2,0,0,1,0,0,0,1,1.0,Marzahn-Hellersdorf,Accident with minor injuries,Collision with a turning/crossing vehicle,Turning accident,Daylight,Wet/moist/slippery,586,269967.0
13020,13020,202323,9,Johannisthal Ost,2019,12,7,3,3,6,4,2,0,1,1,0,0,0,1.0,Treptow-Köpenick,Accident with minor injuries,Collision between vehicle and pedestrian,Pedestrian crossing accident,Dark,Wet/moist/slippery,892,273689.0
13021,13021,202324,3,Winsstraße,2019,12,7,1,3,0,7,0,0,0,0,1,0,1,1.0,Pankow,Accident with minor injuries,Others,Others,Daylight,Wet/moist/slippery,1219,409335.0
13022,13022,202325,10,Kaulsdorf Nord,2019,12,6,3,3,4,6,2,1,1,0,0,0,0,1.0,Marzahn-Hellersdorf,Accident with minor injuries,Collision with oncoming vehicle,Collision involving vehicles going in the same way,Dark,Wet/moist/slippery,586,269967.0
13023,13023,202326,12,Hermsdorf,2019,12,0,1,2,6,4,2,0,1,1,0,0,0,1.0,Reinickendorf,Accident with serious injuries,Collision between vehicle and pedestrian,Pedestrian crossing accident,Dark,Wet/moist/slippery,867,266408.0
13024,13024,202327,7,Marienfelde Süd,2019,12,17,7,2,5,2,2,0,1,0,0,0,0,0.0,Tempelhof-Schöneberg,Accident with serious injuries,Collision with a turning/crossing vehicle,Turning accident,Dark,Dry,1241,350984.0
13025,13025,202328,7,Neu-Tempelhof,2019,12,9,3,2,6,3,0,0,0,1,0,0,1,0.0,Tempelhof-Schöneberg,Accident with serious injuries,Collision between vehicle and pedestrian,Turning/Crossing accident,Daylight,Dry,1241,350984.0
13026,13026,202329,11,Fennpfuhl Ost,2019,12,16,3,1,6,4,2,0,1,1,0,0,0,0.0,Lichtenberg,Accident with fatalities,Collision between vehicle and pedestrian,Pedestrian crossing accident,Dark,Dry,679,294201.0
13027,13027,202330,5,Zitadellenweg,2019,12,17,7,2,1,5,2,0,1,0,0,0,0,1.0,Spandau,Accident with serious injuries,Collision with a moving/standing/parked vehicle,Accident involving parked vehicles,Dark,Wet/moist/slippery,798,245197.0
13028,13028,202331,7,John-Locke-Straße,2019,12,17,7,3,6,4,2,0,1,1,0,0,0,1.0,Tempelhof-Schöneberg,Accident with minor injuries,Collision between vehicle and pedestrian,Pedestrian crossing accident,Dark,Wet/moist/slippery,1241,350984.0
13029,13029,202332,12,Heiligensee,2019,12,11,3,1,9,1,0,0,1,0,0,0,0,0.0,Reinickendorf,Accident with fatalities,Departure from the roadway to the left,Driving accident,Daylight,Dry,867,266408.0
13030,13030,202333,3,Pankow Zentrum,2019,12,17,2,3,4,5,0,0,1,0,0,0,1,0.0,Pankow,Accident with minor injuries,Collision with oncoming vehicle,Accident involving parked vehicles,Daylight,Dry,1219,409335.0
13031,13031,202334,10,Gewerbegebiet Bitterfelder Straße,2019,12,17,7,3,6,4,2,0,0,1,0,0,1,1.0,Marzahn-Hellersdorf,Accident with minor injuries,Collision between vehicle and pedestrian,Pedestrian crossing accident,Dark,Wet/moist/slippery,586,269967.0
13032,13032,202335,12,Hermsdorf,2019,12,17,7,2,5,2,2,0,1,0,1,0,0,1.0,Reinickendorf,Accident with serious injuries,Collision with a turning/crossing vehicle,Turning accident,Dark,Wet/moist/slippery,867,266408.0
13033,13033,202336,3,Blankenburg,2019,12,6,2,3,2,6,2,0,1,0,0,0,0,0.0,Pankow,Accident with minor injuries,Collision with the vehicle in front/waiting vehicle,Collision involving vehicles going in the same way,Dark,Dry,1219,409335.0
13034,13034,202337,5,Zitadellenweg,2019,12,16,7,3,2,6,2,0,1,0,0,0,0,0.0,Spandau,Accident with minor injuries,Collision with the vehicle in front/waiting vehicle,Collision involving vehicles going in the same way,Dark,Dry,798,245197.0
13035,13035,202338,1,Beusselkiez,2019,12,23,2,3,2,6,2,0,1,0,0,0,0,1.0,Mitte,Accident with minor injuries,Collision with the vehicle in front/waiting vehicle,Collision involving vehicles going in the same way,Dark,Wet/moist/slippery,2215,385748.0
13036,13036,202339,7,Kettinger Straße/Schillerstraße,2019,12,15,7,3,5,3,0,0,1,0,0,0,0,0.0,Tempelhof-Schöneberg,Accident with minor injuries,Collision with a turning/crossing vehicle,Turning/Crossing accident,Daylight,Dry,1241,350984.0
13037,13037,202340,10,Biesdorf Süd,2019,12,21,7,3,2,6,2,0,1,0,0,0,0,1.0,Marzahn-Hellersdorf,Accident with minor injuries,Collision with the vehicle in front/waiting vehicle,Collision involving vehicles going in the same way,Dark,Wet/moist/slippery,586,269967.0
13038,13038,202341,4,Reichsstraße,2019,12,21,2,2,0,1,2,1,0,0,0,0,0,1.0,Charlottenburg-Wilmersdorf,Accident with serious injuries,Others,Driving accident,Dark,Wet/moist/slippery,1727,343592.0
13039,13039,202342,1,Sparrplatz,2019,12,21,2,3,5,3,2,0,1,0,0,0,0,1.0,Mitte,Accident with minor injuries,Collision with a turning/crossing vehicle,Turning/Crossing accident,Dark,Wet/moist/slippery,2215,385748.0