,Unnamed: 0,object id,district,street,year,month,hour of day,weekday,category,accident type,accident type 2,light situation,bike involved,car involved,pedestrian involved,motor bike involved,big track involved,other vehicle involved,road condition,district name,category name,accident detail,accident type detail,light condition,road condition detail,accident count by district,est. population
13040,13040,202343,4,Babelsberger Straße,2019,12,20,7,2,6,4,2,0,1,1,0,0,0,1.0,Charlottenburg-Wilmersdorf,Accident with serious injuries,Collision between vehicle and pedestrian,Pedestrian crossing accident,Dark,Wet/moist/slippery,1727,343592.0
13041,13041,202344,3,Herthaplatz,2019,12,12,7,3,0,5,0,0,1,0,0,0,1,1.0,Pankow,Accident with minor injuries,Others,Accident involving parked vehicles,Daylight,Wet/moist/slippery,1219,409335.0
13042,13042,202345,12,Borsigwalde,2019,12,21,2,3,6,2,2,0,1,1,0,0,0,1.0,Reinickendorf,Accident with minor injuries,Collision between vehicle and pedestrian,Turning accident,Dark,Wet/moist/slippery,867,266408.0
13043,13043,202346,2,Chamissokiez,2019,12,20,2,3,0,1,2,1,0,0,0,0,0,1.0,Friedrichshain-Kreuzberg,Accident with minor injuries,Others,Driving accident,Dark,Wet/moist/slippery,1381,290386.0
13044,13044,202347,4,Breitscheidplatz,2019,12,11,7,3,6,4,0,0,1,1,0,0,0,1.0,Charlottenburg-Wilmersdorf,Accident with minor injuries,Collision between vehicle and pedestrian,Pedestrian crossing accident,Daylight,Wet/moist/slippery,1727,343592.0
13045,13045,202348,12,Alt-Tegel,2019,12,11,7,3,5,2,0,0,1,0,0,0,0,0.0,Reinickendorf,Accident with minor injuries,Collision with a turning/crossing vehicle,Turning accident,Daylight,Dry,867,266408.0
13046,13046,202349,4,Breitscheidplatz,2019,12,19,2,3,5,7,2,1,1,0,0,0,0,1.0,Charlottenburg-Wilmersdorf,Accident with minor injuries,Collision with a turning/crossing vehicle,Others,Dark,Wet/moist/slippery,1727,343592.0
13047,13047,202350,1,Brunnenstraße,2019,12,19,2,3,6,2,2,0,1,1,0,0,0,1.0,Mitte,Accident with minor injuries,Collision between vehicle and pedestrian,Turning accident,Dark,Wet/moist/slippery,2215,385748.0
13048,13048,202351,4,Breitscheidplatz,2019,12,11,7,3,2,6,0,0,1,0,0,0,0,1.0,Charlottenburg-Wilmersdorf,Accident with minor injuries,Collision with the vehicle in front/waiting vehicle,Collision involving vehicles going in the same way,Daylight,Wet/moist/slippery,1727,343592.0
13049,13049,202352,8,Rixdorf,2019,12,6,7,3,6,2,2,0,1,1,0,0,0,1.0,Neukölln,Accident with minor injuries,Collision between vehicle and pedestrian,Turning accident,Dark,Wet/moist/slippery,934,329917.0
13050,13050,202353,5,Weinmeisterhornweg,2019,12,4,7,3,5,3,2,0,1,0,0,0,0,1.0,Spandau,Accident with minor injuries,Collision with a turning/crossing vehicle,Turning/Crossing accident,Dark,Wet/moist/slippery,798,245197.0
13051,13051,202354,4,Ernst-Reuter-Platz,2019,12,16,2,3,3,6,2,1,1,0,0,0,0,0.0,Charlottenburg-Wilmersdorf,Accident with minor injuries,Collision with a vehicle traveling laterally in the same direction,Collision involving vehicles going in the same way,Dark,Dry,1727,343592.0
13052,13052,202355,6,Lichterfelde West,2019,12,7,2,3,5,2,1,0,1,0,0,0,1,0.0,Steglitz-Zehlendorf,Accident with minor injuries,Collision with a turning/crossing vehicle,Turning accident,Twilight,Dry,851,310071.0
13053,13053,202356,4,Binger Straße,2019,12,9,7,3,5,2,0,1,1,0,0,0,0,1.0,Charlottenburg-Wilmersdorf,Accident with minor injuries,Collision with a turning/crossing vehicle,Turning accident,Daylight,Wet/moist/slippery,1727,343592.0
13054,13054,202357,1,Wilhelmstraße,2019,12,1,7,3,8,1,2,0,1,0,0,0,0,1.0,Mitte,Accident with minor injuries,Departure from the roadway to the right,Driving accident,Dark,Wet/moist/slippery,2215,385748.0
13055,13055,202358,1,Reinickendorfer Straße,2019,12,9,2,3,0,3,0,0,1,0,1,0,0,0.0,Mitte,Accident with minor injuries,Others,Turning/Crossing accident,Daylight,Dry,2215,385748.0
13056,13056,202359,2,Mehringplatz,2019,12,6,2,3,5,3,2,0,1,0,0,0,1,0.0,Friedrichshain-Kreuzberg,Accident with minor injuries,Collision with a turning/crossing vehicle,Turning/Crossing accident,Dark,Dry,1381,290386.0
13057,13057,202360,11,Gensinger Straße,2019,12,19,7,2,6,4,2,0,1,1,0,0,0,1.0,Lichtenberg,Accident with serious injuries,Collision between vehicle and pedestrian,Pedestrian crossing accident,Dark,Wet/moist/slippery,679,294201.0
13058,13058,202361,8,Silbersteinstraße,2019,12,19,7,3,5,3,2,0,1,0,0,0,1,1.0,Neukölln,Accident with minor injuries,Collision with a turning/crossing vehicle,Turning/Crossing accident,Dark,Wet/moist/slippery,934,329917.0
13059,13059,202362,9,Adlershof West,2019,12,5,2,3,5,3,2,1,1,0,0,0,0,1.0,Treptow-Köpenick,Accident with minor injuries,Collision with a turning/crossing vehicle,Turning/Crossing accident,Dark,Wet/moist/slippery,892,273689.0
13060,13060,202363,1,Reinickendorfer Straße,2019,12,19,7,3,5,2,2,0,1,0,0,0,0,1.0,Mitte,Accident with minor injuries,Collision with a turning/crossing vehicle,Turning accident,Dark,Wet/moist/slippery,2215,385748.0
13061,13061,202364,1,Rehberge,2019,12,18,2,3,3,6,2,1,1,0,0,0,0,1.0,Mitte,Accident with minor injuries,Collision with a vehicle traveling laterally in the same direction,Collision involving vehicles going in the same way,Dark,Wet/moist/slippery,2215,385748.0
13062,13062,202365,2,Mehringplatz,2019,12,18,7,3,2,6,2,0,1,0,1,0,0,1.0,Friedrichshain-Kreuzberg,Accident with minor injuries,Collision with the vehicle in front/waiting vehicle,Collision involving vehicles going in the same way,Dark,Wet/moist/slippery,1381,290386.0
13063,13063,202366,8,Rixdorf,2019,12,18,7,3,1,5,2,1,1,0,0,0,0,1.0,Neukölln,Accident with minor injuries,Collision with a moving/standing/parked vehicle,Accident involving parked vehicles,Dark,Wet/moist/slippery,934,329917.0
13064,13064,202367,6,Gemeindepark Lankwitz,2019,12,18,2,3,2,6,2,0,1,0,1,0,0,0.0,Steglitz-Zehlendorf,Accident with minor injuries,Collision with the vehicle in front/waiting vehicle,Collision involving vehicles going in the same way,Dark,Dry,851,310071.0
13065,13065,202368,12,Scharnweberstraße,2019,12,17,2,3,5,3,2,1,1,0,0,0,0,1.0,Reinickendorf,Accident with minor injuries,Collision with a turning/crossing vehicle,Turning/Crossing accident,Dark,Wet/moist/slippery,867,266408.0
13066,13066,202369,11,Weitlingstraße,2019,12,18,7,3,2,6,2,0,1,0,0,0,0,1.0,Lichtenberg,Accident with minor injuries,Collision with the vehicle in front/waiting vehicle,Collision involving vehicles going in the same way,Dark,Wet/moist/slippery,679,294201.0
13067,13067,202370,8,Flughafenstraße,2019,12,18,7,3,2,6,2,0,1,0,0,0,0,0.0,Neukölln,Accident with minor injuries,Collision with the vehicle in front/waiting vehicle,Collision involving vehicles going in the same way,Dark,Dry,934,329917.0
13068,13068,202371,1,Schillerpark,2019,12,17,2,3,5,7,2,0,1,0,1,0,0,1.0,Mitte,Accident with minor injuries,Collision with a turning/crossing vehicle,Others,Dark,Wet/moist/slippery,2215,385748.0
13069,13069,202372,11,Mühlengrund,2019,12,17,2,3,2,6,2,0,1,0,0,0,0,1.0,Lichtenberg,Accident with minor injuries,Collision with the vehicle in front/waiting vehicle,Collision involving vehicles going in the same way,Dark,Wet/moist/slippery,679,294201.0
13070,13070,202373,5,Freiheit,2019,12,18,7,3,5,2,2,1,1,0,0,0,0,1.0,Spandau,Accident with minor injuries,Collision with a turning/crossing vehicle,Turning accident,Dark,Wet/moist/slippery,798,245197.0
13071,13071,202374,2,Viktoriapark,2019,12,20,6,3,6,4,2,0,0,1,0,0,1,0.0,Friedrichshain-Kreuzberg,Accident with minor injuries,Collision between vehicle and pedestrian,Pedestrian crossing accident,Dark,Dry,1381,290386.0
13072,13072,202375,10,Landsberger Tor,2019,12,16,2,3,2,6,2,0,1,0,0,0,0,2.0,Marzahn-Hellersdorf,Accident with minor injuries,Collision with the vehicle in front/waiting vehicle,Collision involving vehicles going in the same way,Dark,Snowy,586,269967.0
13073,13073,202376,9,Dorf Altglienicke,2019,12,20,6,3,6,4,2,0,0,1,0,0,1,1.0,Treptow-Köpenick,Accident with minor injuries,Collision between vehicle and pedestrian,Pedestrian crossing accident,Dark,Wet/moist/slippery,892,273689.0
13074,13074,202377,8,Alt-Rudow,2019,12,14,2,2,0,3,0,0,0,0,1,0,1,1.0,Neukölln,Accident with serious injuries,Others,Turning/Crossing accident,Daylight,Wet/moist/slippery,934,329917.0
13075,13075,202378,2,Urbanstraße,2019,12,13,2,3,2,6,0,0,1,0,0,0,0,0.0,Friedrichshain-Kreuzberg,Accident with minor injuries,Collision with the vehicle in front/waiting vehicle,Collision involving vehicles going in the same way,Daylight,Dry,1381,290386.0
13076,13076,202379,12,Heiligensee,2019,12,20,6,2,4,6,2,1,0,0,0,0,0,0.0,Reinickendorf,Accident with serious injuries,Collision with oncoming vehicle,Collision involving vehicles going in the same way,Dark,Dry,867,266408.0
13077,13077,202380,3,Bötzowstraße,2019,12,12,2,3,9,1,0,0,1,0,0,0,1,1.0,Pankow,Accident with minor injuries,Departure from the roadway to the left,Driving accident,Daylight,Wet/moist/slippery,1219,409335.0
13078,13078,202381,7,Nollendorfplatz,2019,12,16,6,3,6,4,2,1,0,1,0,0,0,1.0,Tempelhof-Schöneberg,Accident with minor injuries,Collision between vehicle and pedestrian,Pedestrian crossing accident,Dark,Wet/moist/slippery,1241,350984.0
13079,13079,202382,4,Rathaus Wilmersdorf,2019,12,9,2,3,2,6,0,0,1,0,0,0,0,0.0,Charlottenburg-Wilmersdorf,Accident with minor injuries,Collision with the vehicle in front/waiting vehicle,Collision involving vehicles going in the same way,Daylight,Dry,1727,343592.0
13080,13080,202383,10,Marzahner Chaussee,2019,12,18,1,3,5,3,2,0,1,0,0,0,1,1.0,Marzahn-Hellersdorf,Accident with minor injuries,Collision with a turning/crossing vehicle,Turning/Crossing accident,Dark,Wet/moist/slippery,586,269967.0
13081,13081,202384,6,Augustaplatz,2019,12,17,6,3,6,2,2,0,1,1,0,0,0,1.0,Steglitz-Zehlendorf,Accident with minor injuries,Collision between vehicle and pedestrian,Turning accident,Dark,Wet/moist/slippery,851,310071.0
13082,13082,202385,12,Rollbergesiedlung,2019,12,17,6,3,6,4,2,0,1,1,0,0,0,1.0,Reinickendorf,Accident with minor injuries,Collision between vehicle and pedestrian,Pedestrian crossing accident,Dark,Wet/moist/slippery,867,266408.0
13083,13083,202386,4,Preußenpark,2019,12,2,1,3,5,3,2,0,1,0,0,0,0,1.0,Charlottenburg-Wilmersdorf,Accident with minor injuries,Collision with a turning/crossing vehicle,Turning/Crossing accident,Dark,Wet/moist/slippery,1727,343592.0
13084,13084,202387,9,Köpenick Nord,2019,12,17,6,3,6,4,2,0,1,1,0,0,0,1.0,Treptow-Köpenick,Accident with minor injuries,Collision between vehicle and pedestrian,Pedestrian crossing accident,Dark,Wet/moist/slippery,892,273689.0
13085,13085,202388,1,Arkonaplatz,2019,12,17,6,3,0,2,2,0,1,1,0,0,0,1.0,Mitte,Accident with minor injuries,Others,Turning accident,Dark,Wet/moist/slippery,2215,385748.0
13086,13086,202389,12,Schäfersee,2019,12,17,6,3,6,2,2,0,1,1,0,0,0,1.0,Reinickendorf,Accident with minor injuries,Collision between vehicle and pedestrian,Turning accident,Dark,Wet/moist/slippery,867,266408.0
13087,13087,202390,3,Behaimstraße,2019,12,17,6,3,6,4,2,0,1,1,0,0,0,1.0,Pankow,Accident with minor injuries,Collision between vehicle and pedestrian,Pedestrian crossing accident,Dark,Wet/moist/slippery,1219,409335.0
13088,13088,202391,4,Brabanter Platz,2019,12,15,6,3,5,2,1,1,1,0,0,0,0,1.0,Charlottenburg-Wilmersdorf,Accident with minor injuries,Collision with a turning/crossing vehicle,Turning accident,Twilight,Wet/moist/slippery,1727,343592.0
13089,13089,202392,8,Waltersdorfer Chaussee Ost,2019,12,17,1,2,1,5,2,0,1,0,0,1,0,1.0,Neukölln,Accident with serious injuries,Collision with a moving/standing/parked vehicle,Accident involving parked vehicles,Dark,Wet/moist/slippery,934,329917.0
13090,13090,202393,4,Rüdesheimer Platz,2019,12,19,1,3,5,3,2,1,1,0,0,0,0,1.0,Charlottenburg-Wilmersdorf,Accident with minor injuries,Collision with a turning/crossing vehicle,Turning/Crossing accident,Dark,Wet/moist/slippery,1727,343592.0
13091,13091,202394,10,Alt-Marzahn,2019,12,16,6,3,5,3,2,1,1,0,0,0,0,1.0,Marzahn-Hellersdorf,Accident with minor injuries,Collision with a turning/crossing vehicle,Turning/Crossing accident,Dark,Wet/moist/slippery,586,269967.0
13092,13092,202395,8,Buckow Mitte,2019,12,16,6,3,2,6,2,0,1,0,0,0,0,1.0,Neukölln,Accident with minor injuries,Collision with the vehicle in front/waiting vehicle,Collision involving vehicles going in the same way,Dark,Wet/moist/slippery,934,329917.0
13093,13093,202396,6,Augustaplatz,2019,12,16,6,3,8,1,2,0,1,0,0,0,0,1.0,Steglitz-Zehlendorf,Accident with minor injuries,Departure from the roadway to the right,Driving accident,Dark,Wet/moist/slippery,851,310071.0
13094,13094,202397,12,Waldidyll/Flughafensee,2019,12,19,1,3,2,6,2,0,1,0,0,0,0,0.0,Reinickendorf,Accident with minor injuries,Collision with the vehicle in front/waiting vehicle,Collision involving vehicles going in the same way,Dark,Dry,867,266408.0
13095,13095,202398,1,Reinickendorfer Straße,2019,12,16,6,3,2,6,2,0,1,0,0,0,1,1.0,Mitte,Accident with minor injuries,Collision with the vehicle in front/waiting vehicle,Collision involving vehicles going in the same way,Dark,Wet/moist/slippery,2215,385748.0
13096,13096,202399,6,Zehlendorf Eiche,2019,12,17,1,3,5,3,2,0,1,0,0,0,0,1.0,Steglitz-Zehlendorf,Accident with minor injuries,Collision with a turning/crossing vehicle,Turning/Crossing accident,Dark,Wet/moist/slippery,851,310071.0
13097,13097,202400,6,Zehlendorf Mitte,2019,12,12,6,2,2,7,0,0,1,0,0,0,0,1.0,Steglitz-Zehlendorf,Accident with serious injuries,Collision with the vehicle in front/waiting vehicle,Others,Daylight,Wet/moist/slippery,851,310071.0
13098,13098,202401,9,Dammvorstadt,2019,12,22,6,3,6,2,2,0,1,1,0,0,0,1.0,Treptow-Köpenick,Accident with minor injuries,Collision between vehicle and pedestrian,Turning accident,Dark,Wet/moist/slippery,892,273689.0
13099,13099,202402,6,Krumme Lanke,2019,12,17,1,3,6,7,2,1,0,1,0,0,0,1.0,Steglitz-Zehlendorf,Accident with minor injuries,Collision between vehicle and pedestrian,Others,Dark,Wet/moist/slippery,851,310071.0
13100,13100,202403,2,Moritzplatz,2019,12,21,6,3,6,2,2,0,1,1,0,0,0,1.0,Friedrichshain-Kreuzberg,Accident with minor injuries,Collision between vehicle and pedestrian,Turning accident,Dark,Wet/moist/slippery,1381,290386.0
13101,13101,202404,4,Kaiserin-Augusta-Allee,2019,12,20,6,3,5,7,2,0,1,0,0,0,1,1.0,Charlottenburg-Wilmersdorf,Accident with minor injuries,Collision with a turning/crossing vehicle,Others,Dark,Wet/moist/slippery,1727,343592.0
13102,13102,202405,10,Alt-Marzahn,2019,12,19,6,3,2,6,2,0,1,0,0,0,0,1.0,Marzahn-Hellersdorf,Accident with minor injuries,Collision with the vehicle in front/waiting vehicle,Collision involving vehicles going in the same way,Dark,Wet/moist/slippery,586,269967.0
13103,13103,202406,4,Jungfernheide,2019,12,16,1,3,5,3,2,0,1,0,0,0,0,0.0,Charlottenburg-Wilmersdorf,Accident with minor injuries,Collision with a turning/crossing vehicle,Turning/Crossing accident,Dark,Dry,1727,343592.0
13104,13104,202407,9,Adlershof West,2019,12,19,6,3,5,3,2,0,1,0,0,0,0,1.0,Treptow-Köpenick,Accident with minor injuries,Collision with a turning/crossing vehicle,Turning/Crossing accident,Dark,Wet/moist/slippery,892,273689.0
13105,13105,202408,6,Mittelstraße,2019,12,19,6,3,5,3,2,0,1,0,0,0,0,1.0,Steglitz-Zehlendorf,Accident with minor injuries,Collision with a turning/crossing vehicle,Turning/Crossing accident,Dark,Wet/moist/slippery,851,310071.0
13106,13106,202409,8,Reuterkiez,2019,12,14,1,3,5,3,0,1,1,0,0,0,0,1.0,Neukölln,Accident with minor injuries,Collision with a turning/crossing vehicle,Turning/Crossing accident,Daylight,Wet/moist/slippery,934,329917.0
13107,13107,202410,8,Glasower Straße,2019,12,19,6,3,2,6,2,0,1,0,0,0,0,1.0,Neukölln,Accident with minor injuries,Collision with the vehicle in front/waiting vehicle,Collision involving vehicles going in the same way,Dark,Wet/moist/slippery,934,329917.0
13108,13108,202411,8,Waßmannsdorfer Chaussee,2019,12,14,1,2,5,2,0,0,1,0,0,0,0,1.0,Neukölln,Accident with serious injuries,Collision with a turning/crossing vehicle,Turning accident,Daylight,Wet/moist/slippery,934,329917.0
13109,13109,202412,7,Kaiser-Wilhelm-Platz,2019,12,19,6,3,0,4,2,1,0,1,0,0,0,1.0,Tempelhof-Schöneberg,Accident with minor injuries,Others,Pedestrian crossing accident,Dark,Wet/moist/slippery,1241,350984.0
13110,13110,202413,4,Park Ruhwald,2019,12,18,6,3,2,6,2,0,1,0,0,0,0,1.0,Charlottenburg-Wilmersdorf,Accident with minor injuries,Collision with the vehicle in front/waiting vehicle,Collision involving vehicles going in the same way,Dark,Wet/moist/slippery,1727,343592.0
13111,13111,202414,4,Motardstraße,2019,12,13,1,3,2,6,0,0,1,0,0,0,0,1.0,Charlottenburg-Wilmersdorf,Accident with minor injuries,Collision with the vehicle in front/waiting vehicle,Collision involving vehicles going in the same way,Daylight,Wet/moist/slippery,1727,343592.0
13112,13112,202415,12,Waldidyll/Flughafensee,2019,12,11,1,3,5,2,0,0,1,0,0,0,0,1.0,Reinickendorf,Accident with minor injuries,Collision with a turning/crossing vehicle,Turning accident,Daylight,Wet/moist/slippery,867,266408.0
13113,13113,202416,12,Ziekowstraße/Freie Scholle,2019,12,18,6,3,6,4,2,0,1,1,0,0,0,1.0,Reinickendorf,Accident with minor injuries,Collision between vehicle and pedestrian,Pedestrian crossing accident,Dark,Wet/moist/slippery,867,266408.0
13114,13114,202417,4,Halensee,2019,12,18,6,3,0,7,2,0,1,0,0,0,0,1.0,Charlottenburg-Wilmersdorf,Accident with minor injuries,Others,Others,Dark,Wet/moist/slippery,1727,343592.0
13115,13115,202418,9,Johannisthal West,2019,12,6,1,3,8,1,2,0,1,0,0,0,0,2.0,Treptow-Köpenick,Accident with minor injuries,Departure from the roadway to the right,Driving accident,Dark,Snowy,892,273689.0
13116,13116,202419,4,Ernst-Reuter-Platz,2019,12,5,1,3,9,1,2,0,1,0,0,0,0,1.0,Charlottenburg-Wilmersdorf,Accident with minor injuries,Departure from the roadway to the left,Driving accident,Dark,Wet/moist/slippery,1727,343592.0
13117,13117,202420,4,Breite Straße,2019,12,18,6,2,6,4,2,1,0,1,0,0,0,1.0,Charlottenburg-Wilmersdorf,Accident with serious injuries,Collision between vehicle and pedestrian,Pedestrian crossing accident,Dark,Wet/moist/slippery,1727,343592.0
13118,13118,202421,5,Motardstraße,2019,12,16,6,2,6,2,2,0,1,1,0,0,0,1.0,Spandau,Accident with serious injuries,Collision between vehicle and pedestrian,Turning accident,Dark,Wet/moist/slippery,798,245197.0
13119,13119,202422,4,Hindemithplatz,2019,12,16,6,2,0,7,2,1,0,0,0,0,0,1.0,Charlottenburg-Wilmersdorf,Accident with serious injuries,Others,Others,Dark,Wet/moist/slippery,1727,343592.0
13120,13120,202423,9,Kietzer Feld/Nachtheide,2019,12,5,1,3,9,1,2,0,1,0,0,0,0,1.0,Treptow-Köpenick,Accident with minor injuries,Departure from the roadway to the left,Driving accident,Dark,Wet/moist/slippery,892,273689.0
13121,13121,202424,2,Traveplatz,2019,12,14,6,3,5,3,0,0,1,0,0,0,0,1.0,Friedrichshain-Kreuzberg,Accident with minor injuries,Collision with a turning/crossing vehicle,Turning/Crossing accident,Daylight,Wet/moist/slippery,1381,290386.0
13122,13122,202425,1,Karl-Marx-Allee,2019,12,1,1,2,5,3,2,1,1,0,0,0,0,1.0,Mitte,Accident with serious injuries,Collision with a turning/crossing vehicle,Turning/Crossing accident,Dark,Wet/moist/slippery,2215,385748.0
13123,13123,202426,9,Wohngebiet II,2019,12,14,6,3,5,2,0,1,1,0,0,0,0,1.0,Treptow-Köpenick,Accident with minor injuries,Collision with a turning/crossing vehicle,Turning accident,Daylight,Wet/moist/slippery,892,273689.0
13124,13124,202427,4,Bismarckallee,2019,12,10,6,3,5,3,0,1,1,0,0,0,0,1.0,Charlottenburg-Wilmersdorf,Accident with minor injuries,Collision with a turning/crossing vehicle,Turning/Crossing accident,Daylight,Wet/moist/slippery,1727,343592.0
13125,13125,202428,3,Heinersdorf,2019,12,12,1,3,2,6,0,0,1,0,0,0,0,0.0,Pankow,Accident with minor injuries,Collision with the vehicle in front/waiting vehicle,Collision involving vehicles going in the same way,Daylight,Dry,1219,409335.0
13126,13126,202429,11,Weitlingstraße,2019,12,9,6,3,5,3,0,0,1,0,0,0,0,1.0,Lichtenberg,Accident with minor injuries,Collision with a turning/crossing vehicle,Turning/Crossing accident,Daylight,Wet/moist/slippery,679,294201.0
13127,13127,202430,4,Hagenplatz,2019,12,9,6,3,6,4,0,0,1,1,0,0,0,1.0,Charlottenburg-Wilmersdorf,Accident with minor injuries,Collision between vehicle and pedestrian,Pedestrian crossing accident,Daylight,Wet/moist/slippery,1727,343592.0
13128,13128,202431,8,Körnerpark,2019,12,8,6,3,5,7,0,1,1,0,0,0,0,0.0,Neukölln,Accident with minor injuries,Collision with a turning/crossing vehicle,Others,Daylight,Dry,934,329917.0
13129,13129,202432,11,Herzbergstraße,2019,12,0,1,1,6,4,2,0,1,1,0,0,0,1.0,Lichtenberg,Accident with fatalities,Collision between vehicle and pedestrian,Pedestrian crossing accident,Dark,Wet/moist/slippery,679,294201.0
13130,13130,202433,8,Bouchéstraße,2019,12,14,7,2,5,7,0,0,1,0,1,0,0,1.0,Neukölln,Accident with serious injuries,Collision with a turning/crossing vehicle,Others,Daylight,Wet/moist/slippery,934,329917.0
13131,13131,202434,2,Graefekiez,2019,12,8,6,3,0,1,0,1,0,0,0,0,0,0.0,Friedrichshain-Kreuzberg,Accident with minor injuries,Others,Driving accident,Daylight,Dry,1381,290386.0
13132,13132,202435,8,Zittauer Straße,2019,12,14,2,3,5,3,0,0,1,0,0,0,0,0.0,Neukölln,Accident with minor injuries,Collision with a turning/crossing vehicle,Turning/Crossing accident,Daylight,Dry,934,329917.0
13133,13133,202436,8,Flughafenstraße,2019,12,13,2,3,1,5,0,1,1,0,0,0,0,0.0,Neukölln,Accident with minor injuries,Collision with a moving/standing/parked vehicle,Accident involving parked vehicles,Daylight,Dry,934,329917.0
13134,13134,202437,12,Letteplatz,2019,12,11,2,3,5,3,0,0,1,0,0,0,0,0.0,Reinickendorf,Accident with minor injuries,Collision with a turning/crossing vehicle,Turning/Crossing accident,Daylight,Dry,867,266408.0
13135,13135,202438,8,Donaustraße,2019,12,10,2,3,5,2,0,0,1,0,1,0,0,0.0,Neukölln,Accident with minor injuries,Collision with a turning/crossing vehicle,Turning accident,Daylight,Dry,934,329917.0
13136,13136,202439,4,Plötzensee,2019,12,8,2,3,6,4,0,0,0,1,1,0,0,0.0,Charlottenburg-Wilmersdorf,Accident with minor injuries,Collision between vehicle and pedestrian,Pedestrian crossing accident,Daylight,Dry,1727,343592.0
13137,13137,202440,6,Oberhofer Platz,2019,12,21,2,2,5,3,2,0,1,0,0,1,0,0.0,Steglitz-Zehlendorf,Accident with serious injuries,Collision with a turning/crossing vehicle,Turning/Crossing accident,Dark,Dry,851,310071.0
13138,13138,202441,9,Oberschöneweide West,2019,12,6,2,2,0,1,2,1,0,0,0,0,0,0.0,Treptow-Köpenick,Accident with serious injuries,Others,Driving accident,Dark,Dry,892,273689.0
13139,13139,202442,8,Gropiusstadt Ost,2019,12,16,1,3,6,7,2,0,1,1,0,0,0,0.0,Neukölln,Accident with minor injuries,Collision between vehicle and pedestrian,Others,Dark,Dry,934,329917.0
13140,13140,202443,11,Victoriastadt,2019,12,15,1,3,5,3,0,0,1,0,0,0,0,0.0,Lichtenberg,Accident with minor injuries,Collision with a turning/crossing vehicle,Turning/Crossing accident,Daylight,Dry,679,294201.0
13141,13141,202444,4,Kissinger Straße,2019,12,14,1,3,2,6,0,0,1,0,0,0,0,0.0,Charlottenburg-Wilmersdorf,Accident with minor injuries,Collision with the vehicle in front/waiting vehicle,Collision involving vehicles going in the same way,Daylight,Dry,1727,343592.0
13142,13142,202445,6,Lankwitz Kirche,2019,12,4,1,3,5,3,2,0,1,0,0,0,0,0.0,Steglitz-Zehlendorf,Accident with minor injuries,Collision with a turning/crossing vehicle,Turning/Crossing accident,Dark,Dry,851,310071.0
13143,13143,202446,4,Karl-August-Platz,2019,12,2,1,3,1,5,2,0,1,0,0,0,0,0.0,Charlottenburg-Wilmersdorf,Accident with minor injuries,Collision with a moving/standing/parked vehicle,Accident involving parked vehicles,Dark,Dry,1727,343592.0
13144,13144,202447,11,Falkenberg West,2019,12,21,7,2,6,4,2,0,1,1,0,0,0,0.0,Lichtenberg,Accident with serious injuries,Collision between vehicle and pedestrian,Pedestrian crossing accident,Dark,Dry,679,294201.0
13145,13145,202448,1,Oranienburger Straße,2019,12,21,7,3,1,5,2,0,1,0,0,0,1,0.0,Mitte,Accident with minor injuries,Collision with a moving/standing/parked vehicle,Accident involving parked vehicles,Dark,Dry,2215,385748.0
13146,13146,202449,8,Gewerbegebiet Köllnische Heide,2019,12,20,7,3,2,2,2,0,1,0,0,0,0,1.0,Neukölln,Accident with minor injuries,Collision with the vehicle in front/waiting vehicle,Turning accident,Dark,Wet/moist/slippery,934,329917.0
13147,13147,202450,1,Reinickendorfer Straße,2019,12,17,7,3,6,7,2,0,1,1,0,0,0,0.0,Mitte,Accident with minor injuries,Collision between vehicle and pedestrian,Others,Dark,Dry,2215,385748.0
13148,13148,202451,1,Zillesiedlung,2019,12,16,7,3,0,1,2,1,0,0,0,0,0,0.0,Mitte,Accident with minor injuries,Others,Driving accident,Dark,Dry,2215,385748.0
13149,13149,202452,7,Rathaus Tempelhof,2019,12,17,7,3,6,4,2,0,1,1,0,0,0,0.0,Tempelhof-Schöneberg,Accident with minor injuries,Collision between vehicle and pedestrian,Pedestrian crossing accident,Dark,Dry,1241,350984.0
13150,13150,202453,2,Friedenstraße,2019,12,15,7,3,6,3,0,1,0,1,0,0,0,0.0,Friedrichshain-Kreuzberg,Accident with minor injuries,Collision between vehicle and pedestrian,Turning/Crossing accident,Daylight,Dry,1381,290386.0
13151,13151,202454,6,Südende,2019,12,14,7,3,6,4,0,0,1,1,0,0,0,0.0,Steglitz-Zehlendorf,Accident with minor injuries,Collision between vehicle and pedestrian,Pedestrian crossing accident,Daylight,Dry,851,310071.0
13152,13152,202455,8,Ortolanweg,2019,12,13,7,3,5,3,0,0,1,0,0,0,1,0.0,Neukölln,Accident with minor injuries,Collision with a turning/crossing vehicle,Turning/Crossing accident,Daylight,Dry,934,329917.0
13153,13153,202456,1,Alexanderplatzviertel,2019,12,12,7,3,5,3,0,0,0,0,0,0,1,0.0,Mitte,Accident with minor injuries,Collision with a turning/crossing vehicle,Turning/Crossing accident,Daylight,Dry,2215,385748.0
13154,13154,202457,4,Schloßstraße,2019,12,12,7,3,5,7,0,0,1,0,1,0,0,0.0,Charlottenburg-Wilmersdorf,Accident with minor injuries,Collision with a turning/crossing vehicle,Others,Daylight,Dry,1727,343592.0