,Unnamed: 0,object id,district,street,year,month,hour of day,weekday,category,accident type,accident type 2,light situation,bike involved,car involved,pedestrian involved,motor bike involved,big track involved,other vehicle involved,road condition,district name,category name,accident detail,accident type detail,light condition,road condition detail,accident count by district,est. population
13155,13155,202458,8,Reuterkiez,2019,12,12,7,3,6,4,0,0,1,1,0,0,0,0.0,Neukölln,Accident with minor injuries,Collision between vehicle and pedestrian,Pedestrian crossing accident,Daylight,Dry,934,329917.0
13156,13156,202459,2,Lausitzer Platz,2019,12,7,7,3,5,3,2,1,1,0,0,0,0,0.0,Friedrichshain-Kreuzberg,Accident with minor injuries,Collision with a turning/crossing vehicle,Turning/Crossing accident,Dark,Dry,1381,290386.0
13157,13157,202460,8,Reuterkiez,2019,12,23,7,2,0,1,2,1,0,0,0,0,0,0.0,Neukölln,Accident with serious injuries,Others,Driving accident,Dark,Dry,934,329917.0
13158,13158,202461,1,Heine-Viertel West,2019,12,0,7,2,5,3,2,0,1,0,0,0,1,0.0,Mitte,Accident with serious injuries,Collision with a turning/crossing vehicle,Turning/Crossing accident,Dark,Dry,2215,385748.0
13159,13159,202462,4,Alt-Lietzow,2019,12,0,6,2,8,1,2,0,1,0,0,0,0,1.0,Charlottenburg-Wilmersdorf,Accident with serious injuries,Departure from the roadway to the right,Driving accident,Dark,Wet/moist/slippery,1727,343592.0
13160,13160,202463,1,Westhafen,2019,12,16,6,3,5,3,2,1,1,0,0,0,0,0.0,Mitte,Accident with minor injuries,Collision with a turning/crossing vehicle,Turning/Crossing accident,Dark,Dry,2215,385748.0
13161,13161,202464,2,Graefekiez,2019,12,13,6,3,0,7,0,0,1,0,0,0,0,0.0,Friedrichshain-Kreuzberg,Accident with minor injuries,Others,Others,Daylight,Dry,1381,290386.0
13162,13162,202465,9,Köpenick Nord,2019,12,10,6,3,3,6,0,1,1,0,0,0,0,1.0,Treptow-Köpenick,Accident with minor injuries,Collision with a vehicle traveling laterally in the same direction,Collision involving vehicles going in the same way,Daylight,Wet/moist/slippery,892,273689.0
13163,13163,202466,7,Grazer Platz,2019,12,10,6,3,0,3,0,0,0,0,1,0,1,1.0,Tempelhof-Schöneberg,Accident with minor injuries,Others,Turning/Crossing accident,Daylight,Wet/moist/slippery,1241,350984.0
13164,13164,202467,2,Urbanstraße,2019,12,9,6,3,8,1,0,0,1,0,0,0,0,1.0,Friedrichshain-Kreuzberg,Accident with minor injuries,Departure from the roadway to the right,Driving accident,Daylight,Wet/moist/slippery,1381,290386.0
13165,13165,202468,4,Bismarckallee,2019,12,7,6,3,5,3,1,1,0,0,0,0,1,0.0,Charlottenburg-Wilmersdorf,Accident with minor injuries,Collision with a turning/crossing vehicle,Turning/Crossing accident,Twilight,Dry,1727,343592.0
13166,13166,202469,1,Lützowstraße,2019,12,21,6,3,2,6,2,0,1,0,0,0,0,1.0,Mitte,Accident with minor injuries,Collision with the vehicle in front/waiting vehicle,Collision involving vehicles going in the same way,Dark,Wet/moist/slippery,2215,385748.0
13167,13167,202470,5,Eiswerder,2019,12,20,6,3,6,2,2,0,1,1,0,0,0,1.0,Spandau,Accident with minor injuries,Collision between vehicle and pedestrian,Turning accident,Dark,Wet/moist/slippery,798,245197.0
13168,13168,202471,4,Rüdesheimer Platz,2019,12,19,6,3,1,5,2,1,1,0,0,0,0,0.0,Charlottenburg-Wilmersdorf,Accident with minor injuries,Collision with a moving/standing/parked vehicle,Accident involving parked vehicles,Dark,Dry,1727,343592.0
13169,13169,202472,8,Parchimer Allee,2019,12,17,6,3,2,6,2,0,1,0,0,0,0,1.0,Neukölln,Accident with minor injuries,Collision with the vehicle in front/waiting vehicle,Collision involving vehicles going in the same way,Dark,Wet/moist/slippery,934,329917.0
13170,13170,202473,7,Schöneberger Insel,2019,12,17,6,3,5,3,2,1,1,0,0,0,0,1.0,Tempelhof-Schöneberg,Accident with minor injuries,Collision with a turning/crossing vehicle,Turning/Crossing accident,Dark,Wet/moist/slippery,1241,350984.0
13171,13171,202474,11,Herzbergstraße,2019,12,16,6,3,5,3,2,0,1,0,0,0,0,1.0,Lichtenberg,Accident with minor injuries,Collision with a turning/crossing vehicle,Turning/Crossing accident,Dark,Wet/moist/slippery,679,294201.0
13172,13172,202475,9,Bölschestraße,2019,12,19,6,2,6,4,2,0,1,1,0,0,0,1.0,Treptow-Köpenick,Accident with serious injuries,Collision between vehicle and pedestrian,Pedestrian crossing accident,Dark,Wet/moist/slippery,892,273689.0
13173,13173,202476,3,Schönholz,2019,12,14,6,2,0,1,0,1,0,0,0,0,0,1.0,Pankow,Accident with serious injuries,Others,Driving accident,Daylight,Wet/moist/slippery,1219,409335.0
13174,13174,202477,6,Zehlendorf Eiche,2019,12,9,6,2,5,3,0,1,1,0,0,0,0,1.0,Steglitz-Zehlendorf,Accident with serious injuries,Collision with a turning/crossing vehicle,Turning/Crossing accident,Daylight,Wet/moist/slippery,851,310071.0
13175,13175,202478,12,Hausotterplatz,2019,12,17,5,3,2,2,2,1,1,0,0,0,0,1.0,Reinickendorf,Accident with minor injuries,Collision with the vehicle in front/waiting vehicle,Turning accident,Dark,Wet/moist/slippery,867,266408.0
13176,13176,202479,8,Rixdorf,2019,12,20,5,3,5,3,2,0,1,0,0,0,0,1.0,Neukölln,Accident with minor injuries,Collision with a turning/crossing vehicle,Turning/Crossing accident,Dark,Wet/moist/slippery,934,329917.0
13177,13177,202480,10,Kaulsdorf Nord I,2019,12,17,5,3,5,2,2,0,1,0,0,0,0,1.0,Marzahn-Hellersdorf,Accident with minor injuries,Collision with a turning/crossing vehicle,Turning accident,Dark,Wet/moist/slippery,586,269967.0
13178,13178,202481,11,Große-Leege-Straße,2019,12,17,5,3,5,3,2,0,1,0,0,0,0,1.0,Lichtenberg,Accident with minor injuries,Collision with a turning/crossing vehicle,Turning/Crossing accident,Dark,Wet/moist/slippery,679,294201.0
13179,13179,202482,11,Rummelsburg,2019,12,17,5,3,2,6,2,0,1,0,1,0,0,1.0,Lichtenberg,Accident with minor injuries,Collision with the vehicle in front/waiting vehicle,Collision involving vehicles going in the same way,Dark,Wet/moist/slippery,679,294201.0
13180,13180,202483,8,Donaustraße,2019,12,16,5,3,5,3,2,0,1,0,0,0,0,1.0,Neukölln,Accident with minor injuries,Collision with a turning/crossing vehicle,Turning/Crossing accident,Dark,Wet/moist/slippery,934,329917.0
13181,13181,202484,1,Brunnenstraße,2019,12,11,5,3,0,1,0,0,1,0,1,0,0,1.0,Mitte,Accident with minor injuries,Others,Driving accident,Daylight,Wet/moist/slippery,2215,385748.0
13182,13182,202485,9,Bölschestraße,2019,12,9,5,3,0,1,0,1,0,0,0,0,0,1.0,Treptow-Köpenick,Accident with minor injuries,Others,Driving accident,Daylight,Wet/moist/slippery,892,273689.0
13183,13183,202486,5,Borkumer Straße,2019,12,2,5,3,8,1,2,0,1,0,0,0,0,1.0,Spandau,Accident with minor injuries,Departure from the roadway to the right,Driving accident,Dark,Wet/moist/slippery,798,245197.0
13184,13184,202487,4,Tegeler Weg,2019,12,0,5,3,0,1,2,0,0,0,0,0,1,1.0,Charlottenburg-Wilmersdorf,Accident with minor injuries,Others,Driving accident,Dark,Wet/moist/slippery,1727,343592.0
13185,13185,202488,11,Herzbergstraße,2019,12,15,5,2,5,1,0,0,1,0,0,0,0,1.0,Lichtenberg,Accident with serious injuries,Collision with a turning/crossing vehicle,Driving accident,Daylight,Wet/moist/slippery,679,294201.0
13186,13186,202489,9,Baumschulenstraße,2019,12,14,5,2,5,2,0,0,1,0,0,0,0,1.0,Treptow-Köpenick,Accident with serious injuries,Collision with a turning/crossing vehicle,Turning accident,Daylight,Wet/moist/slippery,892,273689.0
13187,13187,202490,1,Humboldthain Nordwest,2019,12,6,5,2,3,6,2,1,1,0,0,0,0,1.0,Mitte,Accident with serious injuries,Collision with a vehicle traveling laterally in the same direction,Collision involving vehicles going in the same way,Dark,Wet/moist/slippery,2215,385748.0
13188,13188,202491,4,Babelsberger Straße,2019,12,12,4,3,5,2,0,0,1,0,0,0,0,1.0,Charlottenburg-Wilmersdorf,Accident with minor injuries,Collision with a turning/crossing vehicle,Turning accident,Daylight,Wet/moist/slippery,1727,343592.0
13189,13189,202492,1,Brunnenstraße,2019,12,23,4,3,5,7,2,0,1,0,1,0,0,1.0,Mitte,Accident with minor injuries,Collision with a turning/crossing vehicle,Others,Dark,Wet/moist/slippery,2215,385748.0
13190,13190,202493,4,Hindemithplatz,2019,12,19,4,3,2,7,2,0,1,0,0,0,0,1.0,Charlottenburg-Wilmersdorf,Accident with minor injuries,Collision with the vehicle in front/waiting vehicle,Others,Dark,Wet/moist/slippery,1727,343592.0
13191,13191,202494,7,Grazer Platz,2019,12,16,4,3,1,1,2,0,1,0,0,0,1,1.0,Tempelhof-Schöneberg,Accident with minor injuries,Collision with a moving/standing/parked vehicle,Driving accident,Dark,Wet/moist/slippery,1241,350984.0
13192,13192,202495,8,Buckow Ost,2019,12,13,4,3,5,3,0,0,1,0,0,0,1,1.0,Neukölln,Accident with minor injuries,Collision with a turning/crossing vehicle,Turning/Crossing accident,Daylight,Wet/moist/slippery,934,329917.0
13193,13193,202496,4,Kranzallee,2019,12,23,3,3,6,2,2,0,1,1,0,0,0,1.0,Charlottenburg-Wilmersdorf,Accident with minor injuries,Collision between vehicle and pedestrian,Turning accident,Dark,Wet/moist/slippery,1727,343592.0
13194,13194,202497,9,Baumschulenstraße,2019,12,21,3,3,5,2,2,0,1,0,0,0,0,1.0,Treptow-Köpenick,Accident with minor injuries,Collision with a turning/crossing vehicle,Turning accident,Dark,Wet/moist/slippery,892,273689.0
13195,13195,202498,5,Hakenfelde Nord,2019,12,20,3,3,6,2,2,0,1,1,0,0,0,1.0,Spandau,Accident with minor injuries,Collision between vehicle and pedestrian,Turning accident,Dark,Wet/moist/slippery,798,245197.0
13196,13196,202499,10,Mahlsdorf Nord,2019,12,19,3,3,5,3,2,0,1,0,0,0,0,1.0,Marzahn-Hellersdorf,Accident with minor injuries,Collision with a turning/crossing vehicle,Turning/Crossing accident,Dark,Wet/moist/slippery,586,269967.0
13197,13197,202500,11,Zingster Straße Ost,2019,12,18,3,3,1,5,2,0,1,0,0,0,0,1.0,Lichtenberg,Accident with minor injuries,Collision with a moving/standing/parked vehicle,Accident involving parked vehicles,Dark,Wet/moist/slippery,679,294201.0
13198,13198,202501,6,Kaiser-Wilhelm-Straße,2019,12,18,3,3,8,1,2,0,1,0,0,0,0,1.0,Steglitz-Zehlendorf,Accident with minor injuries,Departure from the roadway to the right,Driving accident,Dark,Wet/moist/slippery,851,310071.0
13199,13199,202502,1,Stephankiez,2019,12,14,3,3,0,1,0,0,1,0,1,0,0,0.0,Mitte,Accident with minor injuries,Others,Driving accident,Daylight,Dry,2215,385748.0
13200,13200,202503,5,Freiheit,2019,12,13,3,3,0,6,0,0,1,0,0,0,1,1.0,Spandau,Accident with minor injuries,Others,Collision involving vehicles going in the same way,Daylight,Wet/moist/slippery,798,245197.0
13201,13201,202504,8,Rixdorf,2019,12,13,3,3,6,4,0,0,1,1,0,0,0,0.0,Neukölln,Accident with minor injuries,Collision between vehicle and pedestrian,Pedestrian crossing accident,Daylight,Dry,934,329917.0
13202,13202,202505,3,Pankow Süd,2019,12,11,3,3,5,2,0,1,1,0,0,0,0,0.0,Pankow,Accident with minor injuries,Collision with a turning/crossing vehicle,Turning accident,Daylight,Dry,1219,409335.0
13203,13203,202506,2,Friedenstraße,2019,12,10,3,3,5,3,0,1,0,0,0,0,0,0.0,Friedrichshain-Kreuzberg,Accident with minor injuries,Collision with a turning/crossing vehicle,Turning/Crossing accident,Daylight,Dry,1381,290386.0
13204,13204,202507,10,Wuhletalstraße,2019,12,9,3,3,2,2,0,0,1,0,0,0,0,0.0,Marzahn-Hellersdorf,Accident with minor injuries,Collision with the vehicle in front/waiting vehicle,Turning accident,Daylight,Dry,586,269967.0
13205,13205,202508,3,Weißenseer Spitze,2019,12,20,2,3,6,4,2,0,1,1,0,0,0,0.0,Pankow,Accident with minor injuries,Collision between vehicle and pedestrian,Pedestrian crossing accident,Dark,Dry,1219,409335.0
13206,13206,202509,2,Wassertorplatz,2019,12,17,2,3,2,2,1,0,1,0,1,0,0,0.0,Friedrichshain-Kreuzberg,Accident with minor injuries,Collision with the vehicle in front/waiting vehicle,Turning accident,Twilight,Dry,1381,290386.0
13207,13207,202510,10,Ringkolonnaden,2019,12,7,2,3,6,7,2,1,0,1,0,0,0,0.0,Marzahn-Hellersdorf,Accident with minor injuries,Collision between vehicle and pedestrian,Others,Dark,Dry,586,269967.0
13208,13208,202511,10,Oberfeldstraße,2019,12,13,2,3,2,6,0,0,1,0,0,0,1,1.0,Marzahn-Hellersdorf,Accident with minor injuries,Collision with the vehicle in front/waiting vehicle,Collision involving vehicles going in the same way,Daylight,Wet/moist/slippery,586,269967.0
13209,13209,202512,4,Reichsstraße,2019,12,12,2,3,6,7,0,0,1,1,0,0,0,1.0,Charlottenburg-Wilmersdorf,Accident with minor injuries,Collision between vehicle and pedestrian,Others,Daylight,Wet/moist/slippery,1727,343592.0
13210,13210,202513,9,Köpenick Nord,2019,12,12,2,3,1,5,0,0,1,0,0,0,0,0.0,Treptow-Köpenick,Accident with minor injuries,Collision with a moving/standing/parked vehicle,Accident involving parked vehicles,Daylight,Dry,892,273689.0
13211,13211,202514,2,Lausitzer Platz,2019,12,19,2,3,1,5,2,1,1,0,0,0,0,0.0,Friedrichshain-Kreuzberg,Accident with minor injuries,Collision with a moving/standing/parked vehicle,Accident involving parked vehicles,Dark,Dry,1381,290386.0
13212,13212,202515,4,Breitscheidplatz,2019,12,20,2,3,6,4,2,0,1,1,0,0,0,0.0,Charlottenburg-Wilmersdorf,Accident with minor injuries,Collision between vehicle and pedestrian,Pedestrian crossing accident,Dark,Dry,1727,343592.0
13213,13213,202516,2,Stralauer Kiez,2019,12,18,2,3,5,7,2,0,1,0,0,0,0,0.0,Friedrichshain-Kreuzberg,Accident with minor injuries,Collision with a turning/crossing vehicle,Others,Dark,Dry,1381,290386.0
13214,13214,202517,11,Große-Leege-Straße,2019,12,12,2,2,6,4,0,0,1,1,0,0,0,1.0,Lichtenberg,Accident with serious injuries,Collision between vehicle and pedestrian,Pedestrian crossing accident,Daylight,Wet/moist/slippery,679,294201.0
13215,13215,202518,9,Späthsfelde,2019,12,17,2,3,2,6,2,0,1,0,0,0,0,0.0,Treptow-Köpenick,Accident with minor injuries,Collision with the vehicle in front/waiting vehicle,Collision involving vehicles going in the same way,Dark,Dry,892,273689.0
13216,13216,202519,6,Lankwitz Süd,2019,12,16,2,2,9,1,2,0,1,0,0,0,0,0.0,Steglitz-Zehlendorf,Accident with serious injuries,Departure from the roadway to the left,Driving accident,Dark,Dry,851,310071.0
13217,13217,202520,12,Alt-Tegel,2019,12,16,2,3,2,6,1,0,1,0,0,0,0,0.0,Reinickendorf,Accident with minor injuries,Collision with the vehicle in front/waiting vehicle,Collision involving vehicles going in the same way,Twilight,Dry,867,266408.0
13218,13218,202521,6,Alt-Lankwitz,2019,12,16,2,3,5,3,2,0,1,0,0,0,0,1.0,Steglitz-Zehlendorf,Accident with minor injuries,Collision with a turning/crossing vehicle,Turning/Crossing accident,Dark,Wet/moist/slippery,851,310071.0
13219,13219,202522,8,Gropiusstadt Ost,2019,12,16,2,3,0,5,1,1,1,0,0,0,0,1.0,Neukölln,Accident with minor injuries,Others,Accident involving parked vehicles,Twilight,Wet/moist/slippery,934,329917.0
13220,13220,202523,12,Waldidyll/Flughafensee,2019,12,15,2,2,5,2,0,1,1,0,0,0,0,0.0,Reinickendorf,Accident with serious injuries,Collision with a turning/crossing vehicle,Turning accident,Daylight,Dry,867,266408.0
13221,13221,202524,4,Hagenplatz,2019,12,11,2,2,9,7,0,0,1,0,0,0,0,1.0,Charlottenburg-Wilmersdorf,Accident with serious injuries,Departure from the roadway to the left,Others,Daylight,Wet/moist/slippery,1727,343592.0
13222,13222,202525,8,Tempelhofer Weg,2019,12,11,2,3,5,3,0,1,1,0,0,0,0,1.0,Neukölln,Accident with minor injuries,Collision with a turning/crossing vehicle,Turning/Crossing accident,Daylight,Wet/moist/slippery,934,329917.0
13223,13223,202526,6,Bismarckstraße,2019,12,9,2,3,6,4,0,1,0,1,0,0,0,1.0,Steglitz-Zehlendorf,Accident with minor injuries,Collision between vehicle and pedestrian,Pedestrian crossing accident,Daylight,Wet/moist/slippery,851,310071.0
13224,13224,202527,4,Breitscheidplatz,2019,12,9,2,2,6,2,0,0,1,1,0,0,0,1.0,Charlottenburg-Wilmersdorf,Accident with serious injuries,Collision between vehicle and pedestrian,Turning accident,Daylight,Wet/moist/slippery,1727,343592.0
13225,13225,202528,2,Wrangelkiez,2019,12,8,2,3,1,5,0,1,0,0,0,0,1,1.0,Friedrichshain-Kreuzberg,Accident with minor injuries,Collision with a moving/standing/parked vehicle,Accident involving parked vehicles,Daylight,Wet/moist/slippery,1381,290386.0
13226,13226,202529,1,Rehberge,2019,12,7,2,3,5,3,1,0,1,0,0,0,0,1.0,Mitte,Accident with minor injuries,Collision with a turning/crossing vehicle,Turning/Crossing accident,Twilight,Wet/moist/slippery,2215,385748.0
13227,13227,202530,8,Rixdorf,2019,12,7,2,3,6,2,2,0,1,1,0,0,0,1.0,Neukölln,Accident with minor injuries,Collision between vehicle and pedestrian,Turning accident,Dark,Wet/moist/slippery,934,329917.0
13228,13228,202531,5,Borkumer Straße,2019,12,18,2,3,5,3,2,0,1,0,0,0,1,0.0,Spandau,Accident with minor injuries,Collision with a turning/crossing vehicle,Turning/Crossing accident,Dark,Dry,798,245197.0
13229,13229,202532,2,Chamissokiez,2019,12,14,1,3,0,1,0,1,0,0,0,0,0,1.0,Friedrichshain-Kreuzberg,Accident with minor injuries,Others,Driving accident,Daylight,Wet/moist/slippery,1381,290386.0
13230,13230,202533,3,Bötzowstraße,2019,12,14,1,3,0,5,0,0,1,0,0,0,0,0.0,Pankow,Accident with minor injuries,Others,Accident involving parked vehicles,Daylight,Dry,1219,409335.0
13231,13231,202534,12,Teichstraße,2019,12,12,1,2,5,2,0,1,1,0,0,0,0,0.0,Reinickendorf,Accident with serious injuries,Collision with a turning/crossing vehicle,Turning accident,Daylight,Dry,867,266408.0
13232,13232,202535,8,Buschkrugallee Nord,2019,12,12,1,3,5,2,0,0,1,0,0,0,0,1.0,Neukölln,Accident with minor injuries,Collision with a turning/crossing vehicle,Turning accident,Daylight,Wet/moist/slippery,934,329917.0
13233,13233,202536,12,Klixstraße,2019,12,9,1,3,2,2,0,0,1,0,1,0,0,1.0,Reinickendorf,Accident with minor injuries,Collision with the vehicle in front/waiting vehicle,Turning accident,Daylight,Wet/moist/slippery,867,266408.0
13234,13234,202537,4,Breitscheidplatz,2019,12,8,1,3,5,3,0,0,1,0,0,0,0,1.0,Charlottenburg-Wilmersdorf,Accident with minor injuries,Collision with a turning/crossing vehicle,Turning/Crossing accident,Daylight,Wet/moist/slippery,1727,343592.0
13235,13235,202538,2,Graefekiez,2019,12,7,1,3,5,3,2,0,1,0,0,0,0,1.0,Friedrichshain-Kreuzberg,Accident with minor injuries,Collision with a turning/crossing vehicle,Turning/Crossing accident,Dark,Wet/moist/slippery,1381,290386.0
13236,13236,202539,11,Sewanstraße,2019,12,18,1,3,1,5,2,0,1,0,0,0,0,1.0,Lichtenberg,Accident with minor injuries,Collision with a moving/standing/parked vehicle,Accident involving parked vehicles,Dark,Wet/moist/slippery,679,294201.0
13237,13237,202540,12,Scharnweberstraße,2019,12,21,1,3,2,6,2,0,1,0,0,0,0,0.0,Reinickendorf,Accident with minor injuries,Collision with the vehicle in front/waiting vehicle,Collision involving vehicles going in the same way,Dark,Dry,867,266408.0
13238,13238,202541,4,George-Grosz-Platz,2019,12,18,1,3,5,3,2,0,1,0,1,0,0,0.0,Charlottenburg-Wilmersdorf,Accident with minor injuries,Collision with a turning/crossing vehicle,Turning/Crossing accident,Dark,Dry,1727,343592.0
13239,13239,202542,1,Arkonaplatz,2019,12,16,1,3,3,6,2,1,0,0,0,0,0,1.0,Mitte,Accident with minor injuries,Collision with a vehicle traveling laterally in the same direction,Collision involving vehicles going in the same way,Dark,Wet/moist/slippery,2215,385748.0
13240,13240,202543,8,Gropiusstadt Ost,2019,12,14,1,3,1,5,0,0,1,0,0,0,0,0.0,Neukölln,Accident with minor injuries,Collision with a moving/standing/parked vehicle,Accident involving parked vehicles,Daylight,Dry,934,329917.0
13241,13241,202544,6,Nikolassee,2019,12,13,1,3,5,3,0,0,1,0,0,0,0,0.0,Steglitz-Zehlendorf,Accident with minor injuries,Collision with a turning/crossing vehicle,Turning/Crossing accident,Daylight,Dry,851,310071.0
13242,13242,202545,7,Manteuffelstraße,2019,12,21,7,3,2,2,2,0,1,0,0,0,0,0.0,Tempelhof-Schöneberg,Accident with minor injuries,Collision with the vehicle in front/waiting vehicle,Turning accident,Dark,Dry,1241,350984.0
13243,13243,202546,2,Reichenberger Straße,2019,12,20,7,2,0,3,2,0,1,0,0,0,0,1.0,Friedrichshain-Kreuzberg,Accident with serious injuries,Others,Turning/Crossing accident,Dark,Wet/moist/slippery,1381,290386.0
13244,13244,202547,5,Magistratsweg,2019,12,19,7,3,2,6,2,0,1,0,0,0,1,1.0,Spandau,Accident with minor injuries,Collision with the vehicle in front/waiting vehicle,Collision involving vehicles going in the same way,Dark,Wet/moist/slippery,798,245197.0
13245,13245,202548,12,Letteplatz,2019,12,17,7,2,0,4,2,0,0,1,0,0,1,0.0,Reinickendorf,Accident with serious injuries,Others,Pedestrian crossing accident,Dark,Dry,867,266408.0
13246,13246,202549,8,Rixdorf,2019,12,16,7,3,0,1,2,0,0,0,1,0,0,1.0,Neukölln,Accident with minor injuries,Others,Driving accident,Dark,Wet/moist/slippery,934,329917.0
13247,13247,202550,6,Zehlendorf Eiche,2019,12,14,7,3,2,2,0,0,1,0,0,0,0,1.0,Steglitz-Zehlendorf,Accident with minor injuries,Collision with the vehicle in front/waiting vehicle,Turning accident,Daylight,Wet/moist/slippery,851,310071.0
13248,13248,202551,5,Borkumer Straße,2019,12,13,7,3,2,7,0,0,1,0,0,0,0,0.0,Spandau,Accident with minor injuries,Collision with the vehicle in front/waiting vehicle,Others,Daylight,Dry,798,245197.0
13249,13249,202552,9,Bölschestraße,2019,12,13,7,3,6,4,0,0,1,1,0,0,0,0.0,Treptow-Köpenick,Accident with minor injuries,Collision between vehicle and pedestrian,Pedestrian crossing accident,Daylight,Dry,892,273689.0
13250,13250,202553,8,Zittauer Straße,2019,12,13,7,2,5,2,0,0,1,0,0,0,0,0.0,Neukölln,Accident with serious injuries,Collision with a turning/crossing vehicle,Turning accident,Daylight,Dry,934,329917.0
13251,13251,202554,6,Goerzwerke,2019,12,12,7,3,1,1,0,0,1,0,0,0,1,1.0,Steglitz-Zehlendorf,Accident with minor injuries,Collision with a moving/standing/parked vehicle,Driving accident,Daylight,Wet/moist/slippery,851,310071.0
13252,13252,202555,7,Marienfelder Allee Nordwest,2019,12,12,7,3,0,3,0,1,1,0,0,0,0,1.0,Tempelhof-Schöneberg,Accident with minor injuries,Others,Turning/Crossing accident,Daylight,Wet/moist/slippery,1241,350984.0
13253,13253,202556,7,Marienfelde Süd,2019,12,11,7,2,8,1,0,0,1,0,0,0,0,1.0,Tempelhof-Schöneberg,Accident with serious injuries,Departure from the roadway to the right,Driving accident,Daylight,Wet/moist/slippery,1241,350984.0
13254,13254,202557,12,Klixstraße,2019,12,11,7,3,5,7,0,0,1,0,0,0,0,1.0,Reinickendorf,Accident with minor injuries,Collision with a turning/crossing vehicle,Others,Daylight,Wet/moist/slippery,867,266408.0
13255,13255,202558,12,Ziekowstraße/Freie Scholle,2019,12,10,7,3,2,6,0,0,1,0,0,0,0,1.0,Reinickendorf,Accident with minor injuries,Collision with the vehicle in front/waiting vehicle,Collision involving vehicles going in the same way,Daylight,Wet/moist/slippery,867,266408.0
13256,13256,202559,1,Charitéviertel,2019,12,10,7,3,2,6,0,0,1,0,0,0,0,0.0,Mitte,Accident with minor injuries,Collision with the vehicle in front/waiting vehicle,Collision involving vehicles going in the same way,Daylight,Dry,2215,385748.0
13257,13257,202560,2,Traveplatz,2019,12,9,7,3,2,6,0,0,1,0,0,0,1,1.0,Friedrichshain-Kreuzberg,Accident with minor injuries,Collision with the vehicle in front/waiting vehicle,Collision involving vehicles going in the same way,Daylight,Wet/moist/slippery,1381,290386.0
13258,13258,202561,8,Reuterkiez,2019,12,8,7,3,0,3,0,0,1,0,0,0,1,1.0,Neukölln,Accident with minor injuries,Others,Turning/Crossing accident,Daylight,Wet/moist/slippery,934,329917.0
13259,13259,202562,2,Wassertorplatz,2019,12,3,7,3,5,2,2,0,1,0,0,0,0,1.0,Friedrichshain-Kreuzberg,Accident with minor injuries,Collision with a turning/crossing vehicle,Turning accident,Dark,Wet/moist/slippery,1381,290386.0
13260,13260,202563,10,Wuhletalstraße,2019,12,16,6,3,2,6,1,0,1,0,0,0,0,1.0,Marzahn-Hellersdorf,Accident with minor injuries,Collision with the vehicle in front/waiting vehicle,Collision involving vehicles going in the same way,Twilight,Wet/moist/slippery,586,269967.0
13261,13261,202564,1,Gesundbrunnen,2019,12,15,6,3,0,3,0,1,1,0,0,0,0,1.0,Mitte,Accident with minor injuries,Others,Turning/Crossing accident,Daylight,Wet/moist/slippery,2215,385748.0
13262,13262,202565,6,Markelstraße,2019,12,17,6,3,0,7,2,0,1,1,0,0,0,1.0,Steglitz-Zehlendorf,Accident with minor injuries,Others,Others,Dark,Wet/moist/slippery,851,310071.0
13263,13263,202566,4,Schloßgarten,2019,12,16,6,3,5,3,2,0,1,0,0,0,0,0.0,Charlottenburg-Wilmersdorf,Accident with minor injuries,Collision with a turning/crossing vehicle,Turning/Crossing accident,Dark,Dry,1727,343592.0
13264,13264,202567,8,Reuterkiez,2019,12,16,6,3,1,5,2,1,1,0,0,0,0,1.0,Neukölln,Accident with minor injuries,Collision with a moving/standing/parked vehicle,Accident involving parked vehicles,Dark,Wet/moist/slippery,934,329917.0
13265,13265,202568,7,Manteuffelstraße,2019,12,20,6,3,5,2,2,0,1,0,0,0,0,1.0,Tempelhof-Schöneberg,Accident with minor injuries,Collision with a turning/crossing vehicle,Turning accident,Dark,Wet/moist/slippery,1241,350984.0
13266,13266,202569,3,Alt-Karow,2019,12,19,6,2,5,2,2,0,1,0,1,0,0,1.0,Pankow,Accident with serious injuries,Collision with a turning/crossing vehicle,Turning accident,Dark,Wet/moist/slippery,1219,409335.0
13267,13267,202570,4,Hindemithplatz,2019,12,19,6,3,2,6,2,0,1,0,0,0,0,0.0,Charlottenburg-Wilmersdorf,Accident with minor injuries,Collision with the vehicle in front/waiting vehicle,Collision involving vehicles going in the same way,Dark,Dry,1727,343592.0
13268,13268,202571,11,Weitlingstraße,2019,12,19,6,3,6,2,2,0,1,1,0,0,0,0.0,Lichtenberg,Accident with minor injuries,Collision between vehicle and pedestrian,Turning accident,Dark,Dry,679,294201.0
13269,13269,202572,12,Frohnau,2019,12,18,6,3,5,3,2,0,1,0,0,0,0,1.0,Reinickendorf,Accident with minor injuries,Collision with a turning/crossing vehicle,Turning/Crossing accident,Dark,Wet/moist/slippery,867,266408.0
13270,13270,202573,1,Großer Tiergarten,2019,12,18,6,3,5,3,2,0,1,0,0,0,0,0.0,Mitte,Accident with minor injuries,Collision with a turning/crossing vehicle,Turning/Crossing accident,Dark,Dry,2215,385748.0
13271,13271,202574,7,Neu-Tempelhof,2019,12,17,6,2,6,4,2,0,1,1,0,0,0,1.0,Tempelhof-Schöneberg,Accident with serious injuries,Collision between vehicle and pedestrian,Pedestrian crossing accident,Dark,Wet/moist/slippery,1241,350984.0