,Unnamed: 0,object id,district,street,year,month,hour of day,weekday,category,accident type,accident type 2,light situation,bike involved,car involved,pedestrian involved,motor bike involved,big track involved,other vehicle involved,road condition,district name,category name,accident detail,accident type detail,light condition,road condition detail,accident count by district,est. population
13272,13272,202575,10,Buckower Ring,2019,12,10,6,2,6,4,0,0,1,1,0,0,0,1.0,Marzahn-Hellersdorf,Accident with serious injuries,Collision between vehicle and pedestrian,Pedestrian crossing accident,Daylight,Wet/moist/slippery,586,269967.0
13273,13273,202576,1,Lüneburger Straße,2019,12,16,6,3,6,2,2,0,1,1,0,0,0,1.0,Mitte,Accident with minor injuries,Collision between vehicle and pedestrian,Turning accident,Dark,Wet/moist/slippery,2215,385748.0
13274,13274,202577,5,Gütersloher Weg,2019,12,17,6,3,6,4,2,0,1,1,0,0,0,0.0,Spandau,Accident with minor injuries,Collision between vehicle and pedestrian,Pedestrian crossing accident,Dark,Dry,798,245197.0
13275,13275,202578,12,Waldidyll/Flughafensee,2019,12,10,6,3,0,5,0,1,1,0,0,0,0,1.0,Reinickendorf,Accident with minor injuries,Others,Accident involving parked vehicles,Daylight,Wet/moist/slippery,867,266408.0
13276,13276,202579,4,Hindemithplatz,2019,12,9,6,3,5,3,0,1,1,0,0,0,0,1.0,Charlottenburg-Wilmersdorf,Accident with minor injuries,Collision with a turning/crossing vehicle,Turning/Crossing accident,Daylight,Wet/moist/slippery,1727,343592.0
13277,13277,202580,4,Kaiserin-Augusta-Allee,2019,12,9,6,3,5,3,0,0,1,0,0,0,0,0.0,Charlottenburg-Wilmersdorf,Accident with minor injuries,Collision with a turning/crossing vehicle,Turning/Crossing accident,Daylight,Dry,1727,343592.0
13278,13278,202581,10,Alte Hellersdorfer Straße,2019,12,8,6,2,6,4,0,0,1,1,0,0,0,1.0,Marzahn-Hellersdorf,Accident with serious injuries,Collision between vehicle and pedestrian,Pedestrian crossing accident,Daylight,Wet/moist/slippery,586,269967.0
13279,13279,202582,1,Leipziger Straße,2019,12,7,6,3,2,2,1,1,1,0,0,0,0,0.0,Mitte,Accident with minor injuries,Collision with the vehicle in front/waiting vehicle,Turning accident,Twilight,Dry,2215,385748.0
13280,13280,202583,11,Gensinger Straße,2019,12,7,6,3,6,4,2,0,1,1,0,0,0,1.0,Lichtenberg,Accident with minor injuries,Collision between vehicle and pedestrian,Pedestrian crossing accident,Dark,Wet/moist/slippery,679,294201.0
13281,13281,202586,2,Mehringplatz,2019,12,6,6,3,1,5,2,1,1,0,0,0,0,1.0,Friedrichshain-Kreuzberg,Accident with minor injuries,Collision with a moving/standing/parked vehicle,Accident involving parked vehicles,Dark,Wet/moist/slippery,1381,290386.0
13282,13282,202587,11,Rüdigerstraße,2019,12,6,6,3,6,2,2,0,1,1,0,0,0,0.0,Lichtenberg,Accident with minor injuries,Collision between vehicle and pedestrian,Turning accident,Dark,Dry,679,294201.0
13283,13283,202590,12,Teichstraße,2019,12,16,6,3,5,2,1,1,1,0,0,0,0,0.0,Reinickendorf,Accident with minor injuries,Collision with a turning/crossing vehicle,Turning accident,Twilight,Dry,867,266408.0
13284,13284,202591,2,Lausitzer Platz,2019,12,15,6,3,0,3,1,1,1,0,0,0,0,1.0,Friedrichshain-Kreuzberg,Accident with minor injuries,Others,Turning/Crossing accident,Twilight,Wet/moist/slippery,1381,290386.0
13285,13285,202593,6,Krumme Lanke,2019,12,15,6,3,6,4,1,0,1,1,0,0,0,1.0,Steglitz-Zehlendorf,Accident with minor injuries,Collision between vehicle and pedestrian,Pedestrian crossing accident,Twilight,Wet/moist/slippery,851,310071.0
13286,13286,202595,8,Zittauer Straße,2019,12,14,6,2,6,4,0,0,1,1,0,0,0,1.0,Neukölln,Accident with serious injuries,Collision between vehicle and pedestrian,Pedestrian crossing accident,Daylight,Wet/moist/slippery,934,329917.0
13287,13287,202596,7,Rathausstraße,2019,12,14,6,3,5,3,0,1,0,0,0,1,0,0.0,Tempelhof-Schöneberg,Accident with minor injuries,Collision with a turning/crossing vehicle,Turning/Crossing accident,Daylight,Dry,1241,350984.0
13288,13288,202599,4,Breitscheidplatz,2019,12,14,6,3,0,6,0,0,1,0,0,0,1,0.0,Charlottenburg-Wilmersdorf,Accident with minor injuries,Others,Collision involving vehicles going in the same way,Daylight,Dry,1727,343592.0
13289,13289,202600,2,Boxhagener Platz,2019,12,23,6,3,5,3,2,0,1,0,0,0,0,1.0,Friedrichshain-Kreuzberg,Accident with minor injuries,Collision with a turning/crossing vehicle,Turning/Crossing accident,Dark,Wet/moist/slippery,1381,290386.0
13290,13290,202602,10,Landsberger Tor,2019,12,22,6,2,0,1,2,1,0,0,0,0,0,1.0,Marzahn-Hellersdorf,Accident with serious injuries,Others,Driving accident,Dark,Wet/moist/slippery,586,269967.0
13291,13291,202603,3,Humannplatz,2019,12,22,6,3,0,5,2,0,1,1,0,0,0,0.0,Pankow,Accident with minor injuries,Others,Accident involving parked vehicles,Dark,Dry,1219,409335.0
13292,13292,202606,4,Schloßstraße,2019,12,21,6,3,5,3,2,0,1,0,0,0,1,0.0,Charlottenburg-Wilmersdorf,Accident with minor injuries,Collision with a turning/crossing vehicle,Turning/Crossing accident,Dark,Dry,1727,343592.0
13293,13293,202607,10,Biesdorf Süd,2019,12,14,6,3,5,2,0,1,0,0,0,0,1,0.0,Marzahn-Hellersdorf,Accident with minor injuries,Collision with a turning/crossing vehicle,Turning accident,Daylight,Dry,586,269967.0
13294,13294,202608,7,Wittenbergplatz/Viktoria-Luise-Platz,2019,12,14,6,3,3,6,0,1,0,0,0,0,0,0.0,Tempelhof-Schöneberg,Accident with minor injuries,Collision with a vehicle traveling laterally in the same direction,Collision involving vehicles going in the same way,Daylight,Dry,1241,350984.0
13295,13295,202609,10,Helle Mitte,2019,12,17,6,2,5,2,2,1,1,0,0,0,0,1.0,Marzahn-Hellersdorf,Accident with serious injuries,Collision with a turning/crossing vehicle,Turning accident,Dark,Wet/moist/slippery,586,269967.0
13296,13296,202610,10,Alt-Marzahn,2019,12,16,6,3,5,2,2,1,1,0,0,0,0,0.0,Marzahn-Hellersdorf,Accident with minor injuries,Collision with a turning/crossing vehicle,Turning accident,Dark,Dry,586,269967.0
13297,13297,202613,6,Krumme Lanke,2019,12,14,6,3,3,6,0,0,1,0,0,0,0,0.0,Steglitz-Zehlendorf,Accident with minor injuries,Collision with a vehicle traveling laterally in the same direction,Collision involving vehicles going in the same way,Daylight,Dry,851,310071.0
13298,13298,202615,6,Alt-Lankwitz,2019,12,16,6,2,6,2,2,0,1,1,0,0,0,0.0,Steglitz-Zehlendorf,Accident with serious injuries,Collision between vehicle and pedestrian,Turning accident,Dark,Dry,851,310071.0
13299,13299,202618,8,Flughafenstraße,2019,12,13,6,3,5,7,0,0,1,0,0,0,0,0.0,Neukölln,Accident with minor injuries,Collision with a turning/crossing vehicle,Others,Daylight,Dry,934,329917.0
13300,13300,202622,6,Augustaplatz,2019,12,7,6,3,5,2,0,1,1,0,0,0,0,0.0,Steglitz-Zehlendorf,Accident with minor injuries,Collision with a turning/crossing vehicle,Turning accident,Daylight,Dry,851,310071.0
13301,13301,202623,1,Brunnenstraße,2019,12,21,6,3,5,2,2,1,1,0,0,0,0,1.0,Mitte,Accident with minor injuries,Collision with a turning/crossing vehicle,Turning accident,Dark,Wet/moist/slippery,2215,385748.0
13302,13302,202626,5,Motardstraße,2019,12,20,6,3,6,2,2,0,1,1,0,0,0,1.0,Spandau,Accident with minor injuries,Collision between vehicle and pedestrian,Turning accident,Dark,Wet/moist/slippery,798,245197.0
13303,13303,202629,1,Stephankiez,2019,12,13,6,3,5,3,0,1,1,0,0,0,0,1.0,Mitte,Accident with minor injuries,Collision with a turning/crossing vehicle,Turning/Crossing accident,Daylight,Wet/moist/slippery,2215,385748.0
13304,13304,202630,3,Buchholz,2019,12,20,6,3,6,2,2,0,1,1,0,0,0,0.0,Pankow,Accident with minor injuries,Collision between vehicle and pedestrian,Turning accident,Dark,Dry,1219,409335.0
13305,13305,202633,5,Eiswerder,2019,12,13,6,3,5,7,0,0,1,0,1,0,0,1.0,Spandau,Accident with minor injuries,Collision with a turning/crossing vehicle,Others,Daylight,Wet/moist/slippery,798,245197.0
13306,13306,202634,6,Schloßstraße,2019,12,13,6,3,3,6,0,1,1,0,0,0,0,0.0,Steglitz-Zehlendorf,Accident with minor injuries,Collision with a vehicle traveling laterally in the same direction,Collision involving vehicles going in the same way,Daylight,Dry,851,310071.0
13307,13307,202638,5,Goltzstraße,2019,12,12,6,3,6,4,0,0,1,1,0,0,0,0.0,Spandau,Accident with minor injuries,Collision between vehicle and pedestrian,Pedestrian crossing accident,Daylight,Dry,798,245197.0
13308,13308,202640,7,Neu-Tempelhof,2019,12,12,6,3,6,7,0,0,1,1,0,0,0,0.0,Tempelhof-Schöneberg,Accident with minor injuries,Collision between vehicle and pedestrian,Others,Daylight,Dry,1241,350984.0
13309,13309,202643,1,Stülerstraße,2019,12,12,6,3,0,7,0,1,1,0,0,0,0,1.0,Mitte,Accident with minor injuries,Others,Others,Daylight,Wet/moist/slippery,2215,385748.0
13310,13310,202647,11,Sewanstraße,2019,12,10,6,3,6,4,0,0,1,1,0,0,0,0.0,Lichtenberg,Accident with minor injuries,Collision between vehicle and pedestrian,Pedestrian crossing accident,Daylight,Dry,679,294201.0
13311,13311,202648,1,Leopoldplatz,2019,12,12,5,3,0,2,0,1,1,0,0,0,0,0.0,Mitte,Accident with minor injuries,Others,Turning accident,Daylight,Dry,2215,385748.0
13312,13312,202651,7,Kettinger Straße/Schillerstraße,2019,12,18,5,3,6,2,2,0,1,1,0,0,0,0.0,Tempelhof-Schöneberg,Accident with minor injuries,Collision between vehicle and pedestrian,Turning accident,Dark,Dry,1241,350984.0
13313,13313,202652,8,Reuterkiez,2019,12,17,5,3,0,7,2,0,0,1,0,0,1,0.0,Neukölln,Accident with minor injuries,Others,Others,Dark,Dry,934,329917.0
13314,13314,202655,7,Eisenacher Straße,2019,12,17,5,2,6,4,2,0,1,1,0,0,0,0.0,Tempelhof-Schöneberg,Accident with serious injuries,Collision between vehicle and pedestrian,Pedestrian crossing accident,Dark,Dry,1241,350984.0
13315,13315,202658,7,John-Locke-Straße,2019,12,17,5,2,6,4,2,0,1,1,0,0,0,1.0,Tempelhof-Schöneberg,Accident with serious injuries,Collision between vehicle and pedestrian,Pedestrian crossing accident,Dark,Wet/moist/slippery,1241,350984.0
13316,13316,202659,4,Babelsberger Straße,2019,12,17,5,3,5,2,2,1,1,0,0,0,0,0.0,Charlottenburg-Wilmersdorf,Accident with minor injuries,Collision with a turning/crossing vehicle,Turning accident,Dark,Dry,1727,343592.0
13317,13317,202663,3,Buchholz,2019,12,17,5,2,6,2,2,0,1,1,0,0,0,1.0,Pankow,Accident with serious injuries,Collision between vehicle and pedestrian,Turning accident,Dark,Wet/moist/slippery,1219,409335.0
13318,13318,202665,5,Carl-Schurz-Straße,2019,12,16,5,3,3,6,2,0,1,0,0,0,0,0.0,Spandau,Accident with minor injuries,Collision with a vehicle traveling laterally in the same direction,Collision involving vehicles going in the same way,Dark,Dry,798,245197.0
13319,13319,202668,10,Mahlsdorf Nord,2019,12,16,5,3,0,3,2,0,1,0,1,0,0,1.0,Marzahn-Hellersdorf,Accident with minor injuries,Others,Turning/Crossing accident,Dark,Wet/moist/slippery,586,269967.0
13320,13320,202669,4,Schloßstraße,2019,12,22,5,3,5,2,2,0,1,0,0,0,0,0.0,Charlottenburg-Wilmersdorf,Accident with minor injuries,Collision with a turning/crossing vehicle,Turning accident,Dark,Dry,1727,343592.0
13321,13321,202671,6,Zehlendorf Süd,2019,12,21,5,3,5,3,2,0,1,0,1,0,0,1.0,Steglitz-Zehlendorf,Accident with minor injuries,Collision with a turning/crossing vehicle,Turning/Crossing accident,Dark,Wet/moist/slippery,851,310071.0
13322,13322,202674,7,Nollendorfplatz,2019,12,22,5,3,5,3,2,1,1,0,0,0,0,0.0,Tempelhof-Schöneberg,Accident with minor injuries,Collision with a turning/crossing vehicle,Turning/Crossing accident,Dark,Dry,1241,350984.0
13323,13323,202675,2,Viktoriapark,2019,12,20,5,3,5,3,2,0,1,0,0,0,1,0.0,Friedrichshain-Kreuzberg,Accident with minor injuries,Collision with a turning/crossing vehicle,Turning/Crossing accident,Dark,Dry,1381,290386.0
13324,13324,202678,2,Oranienplatz,2019,12,18,5,3,5,3,2,1,0,0,0,0,0,1.0,Friedrichshain-Kreuzberg,Accident with minor injuries,Collision with a turning/crossing vehicle,Turning/Crossing accident,Dark,Wet/moist/slippery,1381,290386.0
13325,13325,202679,7,Volkspark (Rudolf-Wilde-Park),2019,12,18,5,3,2,6,2,0,1,0,0,0,1,1.0,Tempelhof-Schöneberg,Accident with minor injuries,Collision with the vehicle in front/waiting vehicle,Collision involving vehicles going in the same way,Dark,Wet/moist/slippery,1241,350984.0
13326,13326,202682,6,Teltower Damm,2019,12,17,5,3,0,2,2,1,1,0,0,0,0,1.0,Steglitz-Zehlendorf,Accident with minor injuries,Others,Turning accident,Dark,Wet/moist/slippery,851,310071.0
13327,13327,202684,4,Breitscheidplatz,2019,12,15,5,3,6,4,0,0,1,1,0,0,0,0.0,Charlottenburg-Wilmersdorf,Accident with minor injuries,Collision between vehicle and pedestrian,Pedestrian crossing accident,Daylight,Dry,1727,343592.0
13328,13328,202687,8,Alt-Rudow,2019,12,13,5,3,5,3,0,0,1,0,0,0,0,0.0,Neukölln,Accident with minor injuries,Collision with a turning/crossing vehicle,Turning/Crossing accident,Daylight,Dry,934,329917.0
13329,13329,202688,11,Weitlingstraße,2019,12,12,5,3,5,3,0,1,0,0,0,0,0,0.0,Lichtenberg,Accident with minor injuries,Collision with a turning/crossing vehicle,Turning/Crossing accident,Daylight,Dry,679,294201.0
13330,13330,202691,4,Schloßstraße,2019,12,12,5,3,5,2,0,1,1,0,0,0,0,0.0,Charlottenburg-Wilmersdorf,Accident with minor injuries,Collision with a turning/crossing vehicle,Turning accident,Daylight,Dry,1727,343592.0
13331,13331,202692,11,Malchower Weg,2019,12,9,5,3,2,7,0,0,1,0,0,0,1,0.0,Lichtenberg,Accident with minor injuries,Collision with the vehicle in front/waiting vehicle,Others,Daylight,Dry,679,294201.0
13332,13332,202695,7,Fritz-Werner-Straße,2019,12,8,5,3,2,6,0,0,1,0,0,0,1,1.0,Tempelhof-Schöneberg,Accident with minor injuries,Collision with the vehicle in front/waiting vehicle,Collision involving vehicles going in the same way,Daylight,Wet/moist/slippery,1241,350984.0
13333,13333,202696,1,Heine-Viertel West,2019,12,8,5,3,5,7,0,1,1,0,0,0,0,0.0,Mitte,Accident with minor injuries,Collision with a turning/crossing vehicle,Others,Daylight,Dry,2215,385748.0
13334,13334,202700,12,Ziekowstraße/Freie Scholle,2019,12,8,5,3,0,2,0,0,1,0,0,0,1,0.0,Reinickendorf,Accident with minor injuries,Others,Turning accident,Daylight,Dry,867,266408.0
13335,13335,202701,6,Zehlendorf Mitte,2019,12,8,5,3,2,6,0,0,1,0,0,0,0,0.0,Steglitz-Zehlendorf,Accident with minor injuries,Collision with the vehicle in front/waiting vehicle,Collision involving vehicles going in the same way,Daylight,Dry,851,310071.0
13336,13336,202704,12,Waldidyll/Flughafensee,2019,12,16,5,3,5,3,2,1,1,0,0,0,0,0.0,Reinickendorf,Accident with minor injuries,Collision with a turning/crossing vehicle,Turning/Crossing accident,Dark,Dry,867,266408.0
13337,13337,202705,11,Hauptstraße,2019,12,6,5,3,5,3,2,0,1,0,0,0,0,0.0,Lichtenberg,Accident with minor injuries,Collision with a turning/crossing vehicle,Turning/Crossing accident,Dark,Dry,679,294201.0
13338,13338,202708,2,Moritzplatz,2019,12,14,5,3,2,6,0,0,1,0,0,0,0,0.0,Friedrichshain-Kreuzberg,Accident with minor injuries,Collision with the vehicle in front/waiting vehicle,Collision involving vehicles going in the same way,Daylight,Dry,1381,290386.0
13339,13339,202710,8,Gewerbegebiet Köllnische Heide,2019,12,14,5,3,1,5,0,1,1,0,0,0,0,0.0,Neukölln,Accident with minor injuries,Collision with a moving/standing/parked vehicle,Accident involving parked vehicles,Daylight,Dry,934,329917.0
13340,13340,202713,9,Johannisthal Ost,2019,12,15,5,3,2,6,0,0,1,0,0,0,0,0.0,Treptow-Köpenick,Accident with minor injuries,Collision with the vehicle in front/waiting vehicle,Collision involving vehicles going in the same way,Daylight,Dry,892,273689.0
13341,13341,202714,1,Alexanderplatzviertel,2019,12,15,5,3,6,2,0,0,1,1,0,0,0,0.0,Mitte,Accident with minor injuries,Collision between vehicle and pedestrian,Turning accident,Daylight,Dry,2215,385748.0
13342,13342,202717,11,Landsberger Allee,2019,12,15,5,3,5,3,0,1,1,0,0,0,0,1.0,Lichtenberg,Accident with minor injuries,Collision with a turning/crossing vehicle,Turning/Crossing accident,Daylight,Wet/moist/slippery,679,294201.0
13343,13343,202718,7,Kettinger Straße/Schillerstraße,2019,12,13,5,3,2,2,0,0,1,0,0,0,1,0.0,Tempelhof-Schöneberg,Accident with minor injuries,Collision with the vehicle in front/waiting vehicle,Turning accident,Daylight,Dry,1241,350984.0
13344,13344,202721,5,Carl-Schurz-Straße,2019,12,12,4,3,2,6,0,0,1,0,0,0,0,0.0,Spandau,Accident with minor injuries,Collision with the vehicle in front/waiting vehicle,Collision involving vehicles going in the same way,Daylight,Dry,798,245197.0
13345,13345,202723,10,Hellersdorfer Promenade,2019,12,18,4,3,1,6,2,1,1,0,0,0,0,0.0,Marzahn-Hellersdorf,Accident with minor injuries,Collision with a moving/standing/parked vehicle,Collision involving vehicles going in the same way,Dark,Dry,586,269967.0
13346,13346,202724,10,Alt-Marzahn,2019,12,4,4,3,0,6,2,0,1,0,1,0,0,1.0,Marzahn-Hellersdorf,Accident with minor injuries,Others,Collision involving vehicles going in the same way,Dark,Wet/moist/slippery,586,269967.0
13347,13347,202726,7,Nollendorfplatz,2019,12,18,4,3,1,7,2,0,1,0,0,0,0,0.0,Tempelhof-Schöneberg,Accident with minor injuries,Collision with a moving/standing/parked vehicle,Others,Dark,Dry,1241,350984.0
13348,13348,202728,4,Plötzensee,2019,12,6,4,3,5,7,2,0,1,0,0,1,0,0.0,Charlottenburg-Wilmersdorf,Accident with minor injuries,Collision with a turning/crossing vehicle,Others,Dark,Dry,1727,343592.0
13349,13349,202729,12,Klixstraße,2019,12,9,4,3,5,3,0,0,1,0,0,0,0,0.0,Reinickendorf,Accident with minor injuries,Collision with a turning/crossing vehicle,Turning/Crossing accident,Daylight,Dry,867,266408.0
13350,13350,202732,6,Schweizer Viertel,2019,12,8,4,2,5,2,0,1,1,0,0,0,0,0.0,Steglitz-Zehlendorf,Accident with serious injuries,Collision with a turning/crossing vehicle,Turning accident,Daylight,Dry,851,310071.0
13351,13351,202738,3,Weißenseer Spitze,2019,12,8,4,3,5,3,0,1,1,0,0,0,0,0.0,Pankow,Accident with minor injuries,Collision with a turning/crossing vehicle,Turning/Crossing accident,Daylight,Dry,1219,409335.0
13352,13352,202739,8,Alt-Rudow,2019,12,7,4,3,6,4,2,0,1,1,0,0,0,0.0,Neukölln,Accident with minor injuries,Collision between vehicle and pedestrian,Pedestrian crossing accident,Dark,Dry,934,329917.0
13353,13353,202743,3,Bucher Forst,2019,12,23,4,3,8,1,2,0,1,0,0,0,0,0.0,Pankow,Accident with minor injuries,Departure from the roadway to the right,Driving accident,Dark,Dry,1219,409335.0
13354,13354,202744,2,Boxhagener Platz,2019,12,21,3,3,6,4,2,0,1,1,0,0,0,0.0,Friedrichshain-Kreuzberg,Accident with minor injuries,Collision between vehicle and pedestrian,Pedestrian crossing accident,Dark,Dry,1381,290386.0
13355,13355,202745,12,Rollbergesiedlung,2019,12,21,4,3,1,5,2,1,1,0,0,0,0,0.0,Reinickendorf,Accident with minor injuries,Collision with a moving/standing/parked vehicle,Accident involving parked vehicles,Dark,Dry,867,266408.0
13356,13356,202746,4,Amtsgerichtsplatz,2019,12,15,3,3,5,5,0,0,1,0,0,0,0,0.0,Charlottenburg-Wilmersdorf,Accident with minor injuries,Collision with a turning/crossing vehicle,Accident involving parked vehicles,Daylight,Dry,1727,343592.0
13357,13357,202747,12,Wittenau Nord,2019,12,15,3,3,1,7,1,0,1,0,0,0,0,0.0,Reinickendorf,Accident with minor injuries,Collision with a moving/standing/parked vehicle,Others,Twilight,Dry,867,266408.0
13358,13358,202748,9,Elsenstraße,2019,12,17,4,3,5,3,2,1,1,0,0,0,0,0.0,Treptow-Köpenick,Accident with minor injuries,Collision with a turning/crossing vehicle,Turning/Crossing accident,Dark,Dry,892,273689.0
13359,13359,202749,1,Rehberge,2019,12,13,3,3,5,3,0,1,1,0,0,0,0,0.0,Mitte,Accident with minor injuries,Collision with a turning/crossing vehicle,Turning/Crossing accident,Daylight,Dry,2215,385748.0
13360,13360,202750,6,Mittelstraße,2019,12,12,3,3,0,6,0,0,1,0,0,0,1,0.0,Steglitz-Zehlendorf,Accident with minor injuries,Others,Collision involving vehicles going in the same way,Daylight,Dry,851,310071.0
13361,13361,202751,4,Breitscheidplatz,2019,12,12,3,3,1,5,0,1,1,0,0,0,0,0.0,Charlottenburg-Wilmersdorf,Accident with minor injuries,Collision with a moving/standing/parked vehicle,Accident involving parked vehicles,Daylight,Dry,1727,343592.0
13362,13362,202752,8,Tempelhofer Weg,2019,12,21,4,3,3,6,2,1,1,0,0,0,0,0.0,Neukölln,Accident with minor injuries,Collision with a vehicle traveling laterally in the same direction,Collision involving vehicles going in the same way,Dark,Dry,934,329917.0
13363,13363,202753,1,Heine-Viertel Ost,2019,12,2,3,3,2,7,2,1,1,0,0,0,0,1.0,Mitte,Accident with minor injuries,Collision with the vehicle in front/waiting vehicle,Others,Dark,Wet/moist/slippery,2215,385748.0
13364,13364,202754,8,Treptower Straße Nord,2019,12,18,3,2,5,2,2,0,1,0,0,0,0,0.0,Neukölln,Accident with serious injuries,Collision with a turning/crossing vehicle,Turning accident,Dark,Dry,934,329917.0
13365,13365,202755,1,Soldiner Straße,2019,12,21,4,3,5,2,2,0,1,0,0,0,0,0.0,Mitte,Accident with minor injuries,Collision with a turning/crossing vehicle,Turning accident,Dark,Dry,2215,385748.0
13366,13366,202756,3,Weißenseer Spitze,2019,12,15,3,2,5,2,0,0,1,0,0,0,0,0.0,Pankow,Accident with serious injuries,Collision with a turning/crossing vehicle,Turning accident,Daylight,Dry,1219,409335.0
13367,13367,202757,7,Nollendorfplatz,2019,12,14,4,3,3,6,0,0,1,0,0,0,0,0.0,Tempelhof-Schöneberg,Accident with minor injuries,Collision with a vehicle traveling laterally in the same direction,Collision involving vehicles going in the same way,Daylight,Dry,1241,350984.0
13368,13368,202758,11,Dorf Falkenberg,2019,12,11,3,2,6,4,0,0,1,1,0,0,0,0.0,Lichtenberg,Accident with serious injuries,Collision between vehicle and pedestrian,Pedestrian crossing accident,Daylight,Dry,679,294201.0
13369,13369,202759,2,Viktoriapark,2019,12,19,2,3,6,7,2,1,0,1,0,0,0,0.0,Friedrichshain-Kreuzberg,Accident with minor injuries,Collision between vehicle and pedestrian,Others,Dark,Dry,1381,290386.0
13370,13370,202760,4,Amtsgerichtsplatz,2019,12,8,4,3,2,6,0,1,1,0,0,0,0,0.0,Charlottenburg-Wilmersdorf,Accident with minor injuries,Collision with the vehicle in front/waiting vehicle,Collision involving vehicles going in the same way,Daylight,Dry,1727,343592.0
13371,13371,202761,10,Kaulsdorf Nord,2019,12,16,4,3,5,3,2,0,1,0,0,0,0,0.0,Marzahn-Hellersdorf,Accident with minor injuries,Collision with a turning/crossing vehicle,Turning/Crossing accident,Dark,Dry,586,269967.0
13372,13372,202762,6,Schütte-Lanz-Straße,2019,12,22,2,3,0,3,2,0,0,0,0,0,1,0.0,Steglitz-Zehlendorf,Accident with minor injuries,Others,Turning/Crossing accident,Dark,Dry,851,310071.0
13373,13373,202763,4,Breitscheidplatz,2019,12,19,2,3,2,2,2,0,1,0,0,0,0,0.0,Charlottenburg-Wilmersdorf,Accident with minor injuries,Collision with the vehicle in front/waiting vehicle,Turning accident,Dark,Dry,1727,343592.0
13374,13374,202764,6,Kaiser-Wilhelm-Straße,2019,12,18,4,3,0,7,2,0,1,0,0,0,0,0.0,Steglitz-Zehlendorf,Accident with minor injuries,Others,Others,Dark,Dry,851,310071.0
13375,13375,202765,11,Rüdigerstraße,2019,12,15,4,3,2,6,1,0,1,0,0,0,0,0.0,Lichtenberg,Accident with minor injuries,Collision with the vehicle in front/waiting vehicle,Collision involving vehicles going in the same way,Twilight,Dry,679,294201.0
13376,13376,202766,1,Leopoldplatz,2019,12,18,2,3,5,2,2,0,1,0,0,0,0,0.0,Mitte,Accident with minor injuries,Collision with a turning/crossing vehicle,Turning accident,Dark,Dry,2215,385748.0
13377,13377,202767,1,Karl-Marx-Allee,2019,12,18,2,3,6,7,2,1,1,1,0,0,0,0.0,Mitte,Accident with minor injuries,Collision between vehicle and pedestrian,Others,Dark,Dry,2215,385748.0
13378,13378,202768,1,Lüneburger Straße,2019,12,17,2,3,5,3,2,0,1,0,1,0,0,0.0,Mitte,Accident with minor injuries,Collision with a turning/crossing vehicle,Turning/Crossing accident,Dark,Dry,2215,385748.0
13379,13379,202769,1,Sparrplatz,2019,12,15,4,3,5,2,0,0,1,0,0,0,0,0.0,Mitte,Accident with minor injuries,Collision with a turning/crossing vehicle,Turning accident,Daylight,Dry,2215,385748.0
13380,13380,202770,3,Volkspark Prenzlauer Berg,2019,12,17,2,3,2,6,2,0,1,0,0,0,0,0.0,Pankow,Accident with minor injuries,Collision with the vehicle in front/waiting vehicle,Collision involving vehicles going in the same way,Dark,Dry,1219,409335.0
13381,13381,202771,7,Rathaus Tempelhof,2019,12,18,4,3,0,7,2,1,0,0,0,0,0,1.0,Tempelhof-Schöneberg,Accident with minor injuries,Others,Others,Dark,Wet/moist/slippery,1241,350984.0
13382,13382,202772,11,Herzbergstraße,2019,12,16,2,3,5,3,2,1,1,0,0,0,0,0.0,Lichtenberg,Accident with minor injuries,Collision with a turning/crossing vehicle,Turning/Crossing accident,Dark,Dry,679,294201.0
13383,13383,202773,10,Biesdorf Süd,2019,12,16,2,3,2,6,1,0,1,0,1,0,0,0.0,Marzahn-Hellersdorf,Accident with minor injuries,Collision with the vehicle in front/waiting vehicle,Collision involving vehicles going in the same way,Twilight,Dry,586,269967.0
13384,13384,202774,2,Urbanstraße,2019,12,18,4,3,1,5,2,1,1,0,0,0,0,1.0,Friedrichshain-Kreuzberg,Accident with minor injuries,Collision with a moving/standing/parked vehicle,Accident involving parked vehicles,Dark,Wet/moist/slippery,1381,290386.0
13385,13385,202775,1,Alexanderplatzviertel,2019,12,15,2,3,3,6,0,0,1,1,0,0,0,0.0,Mitte,Accident with minor injuries,Collision with a vehicle traveling laterally in the same direction,Collision involving vehicles going in the same way,Daylight,Dry,2215,385748.0
13386,13386,202776,1,Wilhelmstraße,2019,12,14,2,3,1,5,0,1,1,0,0,0,0,0.0,Mitte,Accident with minor injuries,Collision with a moving/standing/parked vehicle,Accident involving parked vehicles,Daylight,Dry,2215,385748.0
13387,13387,202777,1,Karl-Marx-Allee,2019,12,14,2,3,2,2,0,0,1,0,0,0,1,0.0,Mitte,Accident with minor injuries,Collision with the vehicle in front/waiting vehicle,Turning accident,Daylight,Dry,2215,385748.0
13388,13388,202778,11,Rüdigerstraße,2019,12,18,4,2,5,2,2,0,1,0,1,0,0,0.0,Lichtenberg,Accident with serious injuries,Collision with a turning/crossing vehicle,Turning accident,Dark,Dry,679,294201.0
13389,13389,202779,1,Unter den Linden Nord,2019,12,14,4,3,2,2,0,1,1,0,0,0,0,0.0,Mitte,Accident with minor injuries,Collision with the vehicle in front/waiting vehicle,Turning accident,Daylight,Dry,2215,385748.0